key,year,venue,pub_type,title,authors
conf/isdmci/BezsmertnyiPSID20,2020,ISDMCI,inproceedings,Information Technology for Processing the Parameters of the Rolling Spectra at Various Positions of the Human Body.,Yurii Bezsmertnyi|Sergii Pavlov|Victor Shevchuk|Stanislav Iaremyn|Viktoria Dumenko
conf/isdmci/ZosimovBP20,2020,ISDMCI,inproceedings,Complex Internet Data Management System.,Viacheslav V. Zosimov|Oleksandra S. Bulgakova|Valeriy Pozdeev
conf/isdmci/ManziukBKPJR24,2024,ISDMCI (1),inproceedings,Explainable Deep Learning for Interpretable Brain Tumor Diagnosis from MRI Images.,Eduard Manziuk|Olexander Barmak|Iurii Krak|Nataliia Petliak|Zhenzhen Jin|Pavlo Radiuk
conf/isdmci/RakytyanskaD19,2019,ISDMCI,inproceedings,Football Predictions Based on Time Series with Granular Event Segmentation.,Hanna Rakytyanska|Mykola Demchuk
conf/isdmci/KirichenkoZR20,2020,ISDMCI,inproceedings,Classification of Time Realizations Using Machine Learning Recognition of Recurrence Plots.,Lyudmyla Kirichenko|Petro Zinchenko|Tamara Radivilova
conf/isdmci/VynokurovaPPKS24,2024,ISDMCI (2),inproceedings,Audio Deep Watermarking and Algebraic Transform.,Olena Vynokurova|Dmytro Peleshko|Marta Peleshko|Maksym Kapys|Serhii Shatilo
conf/isdmci/PopereshnyakY20,2020,ISDMCI,inproceedings,Car Parking Data Processing Technique for Smart Parking System as Part of Smart City.,Svitlana Popereshnyak|Iryna Yurchuk
conf/isdmci/BerezskyPLDB22,2022,ISDMCI,inproceedings,Computational Intelligence in Medicine.,Oleh Berezsky|Oleh Pitsun|Petro Liashchynskyi|Bohdan Derysh|Natalia Batryn
conf/isdmci/KolomiietsK20,2020,ISDMCI,inproceedings,Integral Criterion of Environmental Safety as an Indicator of the Effectiveness of a Motor Transport Enterprise Management.,Serhii Kolomiiets|Anna Kolomiiets
conf/isdmci/BabichevKDS20,2020,ISDMCI,inproceedings,Technique of Gene Expression Profiles Selection Based on SOTA Clustering Algorithm Using Statistical Criteria and Shannon Entropy.,Sergii Babichev|Orest Khamula|Bohdan Durnyak|Jir
conf/isdmci/BurakKZRD24,2024,ISDMCI (2),inproceedings,Determination of Fire Evacuation Parameters in Higher Education Institutions with Inclusive Groups Using Machine Learning Methods.,Nazarii Burak|Oleksandr Khlevnoi|Nataliia Zhezlo-Khlevna|Diana Raita|Oleksandr Dotsenko
conf/isdmci/PerederyiBO20,2020,ISDMCI,inproceedings,Information Technology for Decision Making Support and Monitoring in Man-Machine Systems for Managing Complex Technical Objects of Critical Application.,Viktor Perederyi|Eugene Borchik|Oksana Ohnieva
conf/isdmci/KirichenkoPRP22,2022,ISDMCI,inproceedings,Application of Wavelet Transform for Machine Learning Classification of Time Series.,Lyudmyla Kirichenko|Oksana Pichugina|Tamara Radivilova|Kyrylo Pavlenko
conf/isdmci/SikoraLMM24,2024,ISDMCI (1),inproceedings,Multi-criteria Components for the Formation of Emergency Management Strategies for Potentially Dangerous Hierarchical Objects.,Lubomyr Sikora|Natalya Lysa|Roman Martsyshyn|Yuliya Miyushkovych
conf/isdmci/KorobchynskyiRD22,2022,ISDMCI,inproceedings,Optimization of Data Preprocessing Procedure in the Systems of High Dimensional Data Clustering.,Maksym Korobchynskyi|Myhailo Rudenko|Vladyslav Dereko|Oleksandr Kovtun|Oleksandr Zaitsev
conf/isdmci/RoskladkaRRTS22,2022,ISDMCI,inproceedings,System Analysis of the Internal and External Migration Processes in Ukraine.,Andrii Roskladka|Nataliia Roskladka|Olexander Romanyuk|Tetiana Troianovska-Korobeinikova|Liudmyla Savytska
conf/isdmci/BabichevSSM19,2019,ISDMCI,inproceedings,Soft Filtering of Acoustic Emission Signals Based on the Complex Use of Huang Transform and Wavelet Analysis.,Sergii Babichev|Oleksandr Sharko|Artem Sharko|Oleksandr Mikhalyov
conf/isdmci/KalininaG22,2022,ISDMCI,inproceedings,Methodology for Solving Forecasting Problems Based on Machine Learning Methods.,Irina Kalinina|Aleksandr Gozhyj
conf/isdmci/KarabynSKMK22,2022,ISDMCI,inproceedings,Mathematical and Computer Model of the Tree Crown Ignition Process from a Mobile Grassroots Fire.,Oksana Karabyn|Olga Smotr|Andrij Kuzyk|Igor Malets|Vasy Karabyn
conf/isdmci/KiselevaPP20,2020,ISDMCI,inproceedings,An Algorithm for Constructing Additive and Multiplicative Voronoi Diagrams Under Uncertainty.,Elena Kiseleva|Olga Prytomanova|Vadim Padalko
conf/isdmci/BoiarskyiP21,2021,ISDMCI,inproceedings,Automated System and Domain-Specific Language for Medical Data Collection and Processing.,Oleksii Boiarskyi|Svitlana Popereshnyak
conf/isdmci/SenkivskyyPHB19,2019,ISDMCI,inproceedings,A Model of Logical Inference and Membership Functions of Factors for the Printing Process Quality Formation.,Vsevolod Senkivskyy|Iryna Pikh|Svitlana Havenko|Sergii Babichev
conf/isdmci/MamenkoZKNP21,2021,ISDMCI,inproceedings,Solution of the Problem of Optimizing Route with Using the Risk Criterion.,Pavlo Mamenko|Serhii Zinchenko|Vitaliy Kobets|Pavlo Nosov|Ihor Popovych
conf/isdmci/BodyanskiySKP21,2021,ISDMCI,inproceedings,Robust Recurrent Credibilistic Modification of the Gustafson - Kessel Algorithm.,Yevgeniy V. Bodyanskiy|Alina Shafronenko|Iryna Klymova|Vladyslav Polyvoda
conf/isdmci/KhlevnoiBBR22,2022,ISDMCI,inproceedings,Neural Network Analysis of Evacuation Flows According to Video Surveillance Cameras.,Oleksandr Khlevnoi|Nazarii Burak|Yurii Borzov|Diana Raita
conf/isdmci/NadragaBPBK22,2022,ISDMCI,inproceedings,Computer Simulation of Joule-Thomson Effect Based on the Use of Real Gases.,Vasiliy Nadraga|Anatolii Balanda|Mariana Polodiuk|Yuliia Bobyr|Tetiana Kochura
conf/isdmci/SoldatenkoH24,2024,ISDMCI (2),inproceedings,Improving Satellite Imagery Recognition Performance with Initial Dataset Limitation by Augmenting Training Data.,Dmytro Soldatenko|Victoriia Hnatushenko
conf/isdmci/GorokhovatskyiP21,2021,ISDMCI,inproceedings,Fine-Tuning of the Measure for Full Reference Image Quality Assessment.,Oleksii Gorokhovatskyi|Olena Peredrii
conf/isdmci/MatsukiGKB22,2022,ISDMCI,inproceedings,Method to Find the Original Source of COVID-19 by Genome Sequence and Probability of Electron Capture.,Yoshio Matsuki|Aleksandr Gozhyj|Irina Kalinina|Peter Bidyuk
conf/isdmci/SokolovaZMO22,2022,ISDMCI,inproceedings,Real-Time Information Technology Human Detection Using Cloud Services.,Natalya Sokolova|Yuliia Zhuravlova|Oleksandr Mushtat|Yevhen Obydennyi
conf/isdmci/AzarovKR20,2020,ISDMCI,inproceedings,Sound Field Reconstruction from Incomplete Data by Solving Fuzzy Relational Equations.,Olexiy Azarov|Leonid Krupelnitskyi|Hanna Rakytyanska
conf/isdmci/GorokhovatskyiP19,2019,ISDMCI,inproceedings,Investigation of Random Neighborhood Features for Interpretation of MLP Classification Results.,Oleksii Gorokhovatskyi|Olena Peredrii|Volodymyr Zatkhei|Oleh Teslenko
conf/isdmci/SikoraLMM22,2022,ISDMCI,inproceedings,Cognitive and Information Decision Support Technologies for Operational Management of Energy-Active Objects in Boundary Modes.,Lubomyr Sikora|Natalya Lysa|Roman Martsyshyn|Yuliya Miyushkovych
conf/isdmci/VynokurovaPZPK20,2020,ISDMCI,inproceedings,Solving Fraud Detection Tasks Based on Wavelet-Neuro Autoencoder.,Olena Vynokurova|Dmytro Peleshko|Polina Zhernova|Iryna Perova|Andrii Kovalenko
conf/isdmci/BilonohBKM21,2021,ISDMCI,inproceedings,Tunable Activation Functions for Deep Neural Networks.,Bohdan Bilonoh|Yevgeniy V. Bodyanskiy|Bohdan Kolchygin|Sergii Mashtalir
conf/isdmci/BurovVLC22,2022,ISDMCI,inproceedings,Software Based on Ontological Tasks Models.,Yevhen Burov|Victoria Vysotska|Vasyl Lytvyn|Lyubomyr Chyrun
conf/isdmci/NadragaSBD20,2020,ISDMCI,inproceedings,Comparison of Missing Values Handling Techniques Using MICE Package Tools of R Software and Logistic Regression Model.,Vasiliy Nadraga|Volodymyr Smirnov|Oleksandra Boiko|Vladyslav Dereko
conf/isdmci/ArsiriiPBN21,2021,ISDMCI,inproceedings,Method of Transfer Deap Learning Convolutional Neural Networks for Automated Recognition Facial Expression Systems.,Olena Arsirii|Denys Petrosiuk|Oksana Babilunha|Anatolii Nikolenko
conf/isdmci/YarmolenkoBA20,2020,ISDMCI,inproceedings,SEE-Management by the Force of the Process Functioning System Based on the Output-Input Ratio: The Energy Aspect.,Viktor Yarmolenko|Nataliia Burennikova|Roman Akselrod
conf/isdmci/RiznykTMMK21,2021,ISDMCI,inproceedings,Synthesis of Barker-Like Codes with Adaptation to Interference.,Oleg Riznyk|Ivan Tsmots|Roman Martsyshyn|Yuliya Miyushkovych|Yurii Kynash
conf/isdmci/UzunLGK21,2021,ISDMCI,inproceedings,Agile Architectural Model for Development of Time-Series Forecasting as a Service Applications.,Illia Uzun|Ivan Lobachev|Luke Gall|Vyacheslav Kharchenko
conf/isdmci/ZaytsevaKTY21,2021,ISDMCI,inproceedings,Simulation Modeling as a Means of Solving Professionally-Oriented Problems in Maritime Industry.,Tatyana Zaytseva|Lyudmyla V. Kravtsova|Oksana Tereshchenkova|Alona Yurzhenko
conf/isdmci/FefelovaFLOS21,2021,ISDMCI,inproceedings,Prediction of Native Protein Conformation by a Hybrid Algorithm of Clonal Selection and Differential Evolution.,Iryna Fefelova|Andrey Fefelov|Volodymyr Lytvynenko|Oksana Ohnieva|Saule Smailova
conf/isdmci/HnatushenkoSS22,2022,ISDMCI,inproceedings,Processing Technology of Thematic Identification and Classification of Objects in the Multispectral Remote Sensing Imagery.,Volodymyr V. Hnatushenko|Yana I. Shedlovska|Igor Shedlovsky
conf/isdmci/AntoshchukB24,2024,ISDMCI (1),inproceedings,Models of Information Analysis in Automated Online Proctoring Systems.,Svitlana Antoshchuk|Anastasiia Breskina
conf/isdmci/SharkoGP19,2019,ISDMCI,inproceedings,Information-Entropy Model of Making Management Decisions in the Economic Development of the Enterprises.,Marharyta Sharko|Nataliya Gusarina|Nataliya Petrushenko
conf/isdmci/VysotskaBLO19,2019,ISDMCI,inproceedings,Automated Monitoring of Changes in Web Resources.,Victoria Vysotska|Yevhen Burov|Vasyl Lytvyn|Oleg Oleshek
conf/isdmci/MochuradS19,2019,ISDMCI,inproceedings,Optimizing the Computational Modeling of Modern Electronic Optical Systems.,Lesia I. Mochurad|Albota Solomiia
conf/isdmci/SoldatenkoH22,2022,ISDMCI,inproceedings,Investigation of the Impact of Primary Data Processing on the Results of Neural Network Training for Satellite Imagery Recognition.,Dmytro Soldatenko|Victoriia Hnatushenko
conf/isdmci/KotelovychBM24,2024,ISDMCI (1),inproceedings,Stabilization of a Quintuple Inverted Pendulum System in Isaac Sim.,Denys Kotelovych|Yurii Borzov|Ihor Malets
conf/isdmci/PolyvodaRKRL19,2019,ISDMCI,inproceedings,Digital Acoustic Signal Processing Methods for Diagnosing Electromechanical Systems.,Oksana Polyvoda|Hanna Rudakova|Inna Kondratieva|Yuriy Rozov|Yurii Lebedenko
conf/isdmci/PashkoKSW21,2021,ISDMCI,inproceedings,Baseline Wander Correction of the Electrocardiogram Signals for Effective Preprocessing.,Anatolii Pashko|Iurii Krak|Oleg Stelia|Waldemar W
conf/isdmci/GorokhovatskyiG19,2019,ISDMCI,inproceedings,Recognition of Visual Objects Based on Statistical Distributions for Blocks of Structural Description of Image.,Volodymyr Gorokhovatskyi|Svitlana Gadetska|Roman Ponomarenko
conf/isdmci/KotsovskyGB19,2019,ISDMCI,inproceedings,On the Computational Complexity of Learning Bithreshold Neural Units and Networks.,Vladyslav Kotsovsky|Fedir Geche|Anatoliy Batyuk
conf/isdmci/KirichenkoPCR24,2024,ISDMCI (1),inproceedings,Exploring Stochastic Time Series Structure Through Wavelet Entropy.,Lyudmyla Kirichenko|Oksana Pichugina|Larysa Chala|Tamara Radivilova
conf/isdmci/MirnenkoMBNH21,2021,ISDMCI,inproceedings,Assessment of the Influencing Factors Significance in Non-destructive Testing Systems of Metals Mechanical Characteristics Based on the Bayesian Network.,Volodymyr Mirnenko|Oleksandr Mishkov|Anatolii Balanda|Vasiliy Nadraga|Oleksandr Hryhorenko
conf/isdmci/ChyrunCKR19,2019,ISDMCI,inproceedings,Information System for Connection to the Access Point with Encryption WPA2 Enterprise.,Lyubomyr Chyrun|Liliya Chyrun|Yaroslav Kis|Lev Rybak
conf/isdmci/MashkovBBV19,2019,ISDMCI,inproceedings,Unconventional Approach to Unit Self-diagnosis.,Viktor Mashkov|Josef Bicanek|Yuriy Bardachov|Mariia Voronenko
conf/isdmci/ZrazhevskaZ20,2020,ISDMCI,inproceedings,Generalized Approach for Estimatingand Forecasting of Dynamical VaRand CVaR Based on Metalog Distribution.,Vira Zrazhevska|Grigoriy Zrazhevsky
conf/isdmci/PolyvodaP22,2022,ISDMCI,inproceedings,Mathematical Model of Preparing Process of Bulk Cargo for Transportation by Vessel.,Oksana Polyvoda|Vladyslav Polyvoda
conf/isdmci/KordunovaPSG22,2022,ISDMCI,inproceedings,Expert Decision Support System Modeling in Lifecycle Management of Specialized Software.,Yuliia Kordunova|Oleksandr Prydatko|Olga Smotr|Roman Golovatyi
conf/isdmci/TurbalBTTS24,2024,ISDMCI (2),inproceedings,Forecasting Algorithm Based on Intellectual Analysis of Polynomial Extrapolation.,Yurii Turbal|Andrii Bomba|Mariana Turbal|Bogdan Turbal|Denys Smirnov
conf/isdmci/BarmakKMPSW19,2019,ISDMCI,inproceedings,Research of Efficiency of Information Technology for Creation of Semantic Structure of Educational Materials.,Olexander Barmak|Iurii Krak|Olexander Mazurets|Sergey Pavlov|Andrzej Smolarz|Waldemar W
conf/isdmci/MarasanovRSSSK21,2021,ISDMCI,inproceedings,Analysis of Digital Processing of the Acoustic Emission Diagnostics Informative Parameters Under Deformation Impact Conditions.,Volodymyr Marasanov|Hanna Rudakova|Dmitry Stepanchikov|Oleksandr Sharko|Artem Sharko|Tetiana Kiryushatova
conf/isdmci/PovoroznyukFPS22,2022,ISDMCI,inproceedings,Associative Information Retrieval in Medical Databases.,Anatoliy Povoroznyuk|Anna E. Filatova|Oksana Povoroznyuk|Iryna Shakhina
conf/isdmci/BodyanskiyCPP24,2024,ISDMCI (2),inproceedings,Adaptive Bagging of Hybrid Systems of Computational Intelligence Using Metamodel Online Optimal Learning.,Yevgeniy V. Bodyanskiy|Olha Chala|Iryna Pliss|Sergiy Popov
conf/isdmci/HodovychenkoALS22,2022,ISDMCI,inproceedings,Approaches and Techniques to Improve Machine Learning Performance in Distributed Transducer Networks.,Mykola Hodovychenko|Svitlana Antoshchuk|Ivan Lobachev|Thorsten Sch|Mykhaylo Lobachev
conf/isdmci/BerezskyMLP24,2024,ISDMCI (2),inproceedings,Biomedical Image Datasets.,Oleh Berezsky|Grygoriy Melnyk|Petro Liashchynskyi|Oleh Pitsun
conf/isdmci/HnatushenkoZ19,2019,ISDMCI,inproceedings,Complex Approach of High-Resolution Multispectral Data Engineering for Deep Neural Network Processing.,Volodymyr V. Hnatushenko|Vadym Zhernovyi
conf/isdmci/SineglazovL24,2024,ISDMCI (2),inproceedings,Airborne Mine Detection Using Synthetic Aperture Radar.,Victor Sineglazov|Kyrylo Lesohorskyi
conf/isdmci/HnatushenkoKU20,2020,ISDMCI,inproceedings,On Flexible Co-registration of Optical and SAR Satellite Images.,Volodymyr V. Hnatushenko|Peter I. Kogut|Mykola V. Uvarov
conf/isdmci/VoronenkoKLVK21,2021,ISDMCI,inproceedings,An Expert System Prototype for the Early Diagnosis of Pneumonia.,Mariia Voronenko|Olena Kovalchuk|Luidmyla Lytvynenko|Svitlana Vyshemyrska|Iurii Krak
conf/isdmci/RudakovaPKPRR21,2021,ISDMCI,inproceedings,Research of Acoustic Signals Digital Processing Methods Application Efficiency for the Electromechanical System Functional Diagnostics.,Hanna Rudakova|Oksana Polyvoda|Inna Kondratieva|Vladyslav Polyvoda|Antonina Rudakova|Yuriy Rozov
conf/isdmci/SafonykM22,2022,ISDMCI,inproceedings,Optimization of Coagulant Dosing Process for Water Purification Based on Artificial Neural Networks.,Andrii Safonyk|Myroslav Matviichuk
conf/isdmci/HrytsykN21,2021,ISDMCI,inproceedings,"Real-Time Sensing, Reasoning and Adaptation for Computer Vision Systems.",Volodymyr V. Hrytsyk|Mariia Nazarkevych
conf/isdmci/DurnyakLSN19,2019,ISDMCI,inproceedings,Simulation of a Combined Robust System with a P-Fuzzy Controller.,Bohdan Durnyak|Mikola Lutskiv|Petro Shepita|Vitalii Nechepurenko
conf/isdmci/KonokhOI19,2019,ISDMCI,inproceedings,Automatic Search Method of Efficiency Extremum for a Multi-stage Processing of Raw Materials.,Igor Konokh|Iryna Oksanych|Nataliia Istomina
conf/isdmci/SafonykTRH20,2020,ISDMCI,inproceedings,"Modeling, Analysis and Automation of Wastewater Treatment by Electrocoagulation Method.",Andrii Safonyk|Ivan Tarhonii|Andrii Rudyk|Ivanna Hrytsiuk
conf/isdmci/KashtanIH24,2024,ISDMCI (1),inproceedings,Geoinformation Technology for Modeling and Mapping Flooding Territory in the Event of the Dnipro Hydroelectric Power Station Dam Failure.,Vita Kashtan|Denys Ivanov|Volodymyr V. Hnatushenko
conf/isdmci/MorozovMP20,2020,ISDMCI,inproceedings,Application of Game Theory for Decisions Making on the Development of IT Products.,Viktor V. Morozov|Olga O. Mezentseva|Maksym Proskurin
conf/isdmci/BidyukKG21,2021,ISDMCI,inproceedings,An Approach to Identifying and Filling Data Gaps in Machine Learning Procedures.,Peter Bidyuk|Irina Kalinina|Aleksandr Gozhyj
conf/isdmci/BodyanskiySM19,2019,ISDMCI,inproceedings,Online Robust Fuzzy Clustering of Data with Omissions Using Similarity Measure of Special Type.,Yevgeniy V. Bodyanskiy|Alina Shafronenko|Sergii Mashtalir
conf/isdmci/ZosimovB19,2019,ISDMCI,inproceedings,Calculation the Measure of Expert Opinions Consistency Based on Social Profile Using Inductive Algorithms.,Viacheslav V. Zosimov|Oleksandra S. Bulgakova
conf/isdmci/PerovaZDBV19,2019,ISDMCI,inproceedings,Recognition of Human Primitive Motions for the Fitness Trackers.,Iryna Perova|Polina Zhernova|Oleh Datsok|Yevgeniy V. Bodyanskiy|Olha Velychko
conf/isdmci/TkachenkoIT21,2021,ISDMCI,inproceedings,Neuro-Fuzzy Diagnostics Systems Based on SGTM Neural-Like Structure and T-Controller.,Roman Tkachenko|Ivan Izonin|Pavlo Tkachenko
conf/isdmci/OcheretianyiB21,2021,ISDMCI,inproceedings,Assesment Model for Domain Specific Programming Language Design.,Oleksandr Ocheretianyi|Igor Baklan
conf/isdmci/KrakBMK19,2019,ISDMCI,inproceedings,Approach to Piecewise-Linear Classification in a Multi-dimensional Space of Features Based on Plane Visualization.,Iurii Krak|Olexander Barmak|Eduard Manziuk|Hrygorii Kudin
conf/isdmci/ZhernovyiHS22,2022,ISDMCI,inproceedings,IaaS-Application Development for Paralleled Remote Sensing Data Stream Processing.,Vadym Zhernovyi|Volodymyr V. Hnatushenko|Olga Shevtsova
conf/isdmci/KozlovaSSA21,2021,ISDMCI,inproceedings,Quantitative Assessment of Forest Disturbance with C-Band SAR Data for Decision Making Support in Forest Management.,Anna A. Kozlova|Sergey Stankevich|Mykhailo Svideniuk|Artem Andreiev
conf/isdmci/HovorushchenkoH20,2020,ISDMCI,inproceedings,Supporting the Decision-Making About the Possibility of Donation and Transplantation Based on Civil Law Grounds.,Tetiana Hovorushchenko|Alla Herts|Yelyzaveta Hnatchuk|Oleg Sachenko
conf/isdmci/MishkovZKDM21,2021,ISDMCI,inproceedings,Comparative Analysis of Normalizing Techniques Based on the Use of Classification Quality Criteria.,Oleksandr Mishkov|Kostiantyn Zorin|Denys Kovtoniuk|Vladyslav Dereko|Igor Morgun
conf/isdmci/KorobchynskyiSR20,2020,ISDMCI,inproceedings,Method of Structural Functional-Value Modeling of a Complex Hierarchic System.,Maksym Korobchynskyi|Mykhailo Slonov|Myhailo Rudenko|Oleksandr Maryliv
conf/isdmci/SteliaKP19,2019,ISDMCI,inproceedings,Controlled Spline of Third Degree: Approximation Properties and Practical Application.,Oleg Stelia|Iurii Krak|Leonid Potapenko
conf/isdmci/ArsiriiLNAB024,2024,ISDMCI (1),inproceedings,Development of the Evolutionary Relay Rider Optimization Algorithm for a Robust Solution Over Time in Dynamic Optimization Problems.,Olena Arsirii|Yelyzaveta Lavrenova|Anatolii Nikolenko|Svitlana Antoshchuk|Oksana Babilunha|Oleksii Ivanov 0003
conf/isdmci/PovodSZ21,2021,ISDMCI,inproceedings,Reduction of Training Samples in Solar Insolation Prediction Under Weather and Climatic Changes.,Yakiv Povod|Volodymyr Sherstjuk|Maryna Zharikova
conf/isdmci/TrofymchukBKG21,2021,ISDMCI,inproceedings,Financial Risk Estimation in Conditions of Stochastic Uncertainties.,Oleksandr Trofymchuk|Peter Bidyuk|Irina Kalinina|Aleksandr Gozhyj
conf/isdmci/SharkoSGVLB20,2020,ISDMCI,inproceedings,Methodological Basis of Causal Forecasting of the Economic Systems Development Management Processes Under the Uncertainty.,Marharyta Sharko|Nestor Shpak|Olga Gonchar|Kateryna Vorobyova|Olena Lepokhina|Juliya Burenko
conf/isdmci/DemchukLVD19,2019,ISDMCI,inproceedings,Methods and Means of Web Content Personalization for Commercial Information Products Distribution.,Andriy Demchuk|Vasyl Lytvyn|Victoria Vysotska|Marianna P. Dilai
conf/isdmci/MorozovMKP21,2021,ISDMCI,inproceedings,Predicting Customer Churn Using Machine Learning in IT Startups.,Viktor V. Morozov|Olga O. Mezentseva|Anna Kolomiiets|Maksym Proskurin
conf/isdmci/TerletskyiY21,2021,ISDMCI,inproceedings,Union of Fuzzy Homogeneous Classes of Objects.,Dmytro Terletskyi|Sergey Yershov
conf/isdmci/VolkovK20,2020,ISDMCI,inproceedings,Transition of Combustion to Explosion and Decision Support Systems for Explosion Protection.,Victor Volkov|Yuri Kryvchenko
conf/isdmci/SafonykMH21,2021,ISDMCI,inproceedings,Spectrophotometric Method for Coagulant Determining in a Stream Based on an Artificial Neural Network.,Andrii Safonyk|Maksym Mishchanchuk|Ivanna Hrytsiuk
conf/isdmci/SharkoSSY24,2024,ISDMCI (1),inproceedings,Multicriteria Approach to the Selection of Optimal Diagnostic Characteristics of Ship Bearings Monitoring.,Oleksandr Sharko|Dmitry Stepanchikov|Artem Sharko|Artem Yanenko
conf/isdmci/PichuginaY19,2019,ISDMCI,inproceedings,Euclidean Combinatorial Configurations: Continuous Representations and Convex Extensions.,Oksana Pichugina|Sergiy Yakovlev
conf/isdmci/BidyukGK19,2019,ISDMCI,inproceedings,Probabilistic Inference Based on LS-Method Modifications in Decision Making Problems.,Peter Bidyuk|Aleksandr Gozhyj|Irina Kalinina
conf/isdmci/SharkoLPZKY20,2020,ISDMCI,inproceedings,Management of Tourists' Enterprises Adaptation Strategies for Identifying and Predicting Multidimensional Non-stationary Data Flows in the Case of Uncertainties.,Marharyta Sharko|Ivan Lopushynskyi|Natalia Petrushenko|Olena Zaitseva|Volodymyr Kliutsevskyi|Yuliia Yarchenko
conf/isdmci/ArsiriiABMN19,2019,ISDMCI,inproceedings,Intellectual Information Technology of Analysis of Weakly-Structured Multi-Dimensional Data of Sociological Research.,Olena Arsirii|Svitlana Antoshchuk|Oksana Babilunha|Olha Manikaeva|Anatolii Nikolenko
conf/isdmci/BarmakKKMK20,2020,ISDMCI,inproceedings,Model of the Facial Emotions Expressions Based on Grouping Classes of Feature Vectors.,Olexander Barmak|Oleg Kalyta|Iurii Krak|Eduard Manziuk|Vladyslav A. Kuznetsov
conf/isdmci/KvyetnyySB22,2022,ISDMCI,inproceedings,Ecology Objects Recognition by Optimized Inverse Filtration of Textured Background.,Roman Kvyetnyy|Olga Sofina|Yuriy Bunyak
conf/isdmci/YaremkoKSYKA21,2021,ISDMCI,inproceedings,Development of a Smart Education System for Analysis and Prediction of Students' Academic Performance.,Svetlana Yaremko|Elena Kuzmina|Nataliia Savina|Dmitriy Yaremko|Vladyslav Kuzmin|Oksana Adler
conf/isdmci/ArsiriiAMBN22,2022,ISDMCI,inproceedings,Classification Methods of Heterogeneous Data in Intellectual Systems of Medical and Social Monitoring.,Olena Arsirii|Svitlana Antoshchuk|Olha Manikaeva|Oksana Babilunha|Anatolii Nikolenko
conf/isdmci/SenkivskyyPSHLP20,2020,ISDMCI,inproceedings,Forecasting Assessment of Printing Process Quality.,Vsevolod Senkivskyy|Iryna Pikh|Nataliia Senkivska|Ivan Hileta|Oleh Lytovchenko|Yuriy Petyak
conf/isdmci/KisCTC19,2019,ISDMCI,inproceedings,Development of System for Managers Relationship Management with Customers.,Yaroslav Kis|Liliya Chyrun|Tanya Tsymbaliak|Lyubomyr Chyrun
conf/isdmci/DurnyakSPK24,2024,ISDMCI (1),inproceedings,Modelling of Post-printing Processes and Book Interest Level.,Bohdan Durnyak|Vsevolod Senkivskyy|Iryna Pikh|Alona Kudriashova
conf/isdmci/SherstjukZDS20,2020,ISDMCI,inproceedings,Assessing Forest Fire Dynamicsin UAV-Based Tactical Monitoring System.,Volodymyr Sherstjuk|Maryna Zharikova|Irina Dorovskaja|Vasyl Sheketa
conf/isdmci/ChandRV22,2022,ISDMCI,inproceedings,Leader-Follower Strategy of Fixed-Wing Unmanned Aerial Vehicles via Split Rejoin Maneuvers.,Roneel Chand|Krishna Raghuwaiya|Jito Vanualailai
conf/isdmci/UalkhanovaDK19,2019,ISDMCI,inproceedings,Development of Information Technology for Virtualization of Geotourism Objects on the Example of Tarkhany Geological Section.,Ainur Ualkhanova|Natalya Denissova|Iurii Krak
conf/isdmci/KalininaBGGN24,2024,ISDMCI (2),inproceedings,Approach to Identification of Anomalous Values in Analysis Tasks and Data Pre-processing.,Irina Kalinina|Peter Bidyuk|Aleksandr Gozhyj|Victor Gozhyi|Vladyslav Nechakhin
conf/isdmci/MashkovKSRRV19,2019,ISDMCI,inproceedings,Information Technologies for Environmental Monitoring of Plankton Algae Distribution Based on Satellite Image Data.,Oleg Mashkov|Victoria Kosenko|Nataliia Savina|Yuriy Rozov|Svitlana Radetska|Mariia Voronenko
conf/isdmci/KravetsVLC22,2022,ISDMCI,inproceedings,Adaptive Decision-Making Strategies in the Game with Environment.,Petro Kravets|Victoria Vysotska|Vasyl Lytvyn|Lyubomyr Chyrun
conf/isdmci/RumiantsevOO24,2024,ISDMCI (2),inproceedings,Damage Detection Based on Satellite Image Analysis.,Oleksii Rumiantsev|Yurii Oliinyk|Leonid Oliinyk
conf/isdmci/SavenkoBGB24,2024,ISDMCI (1),inproceedings,Simulating Physical Processes in Education with Python's Tools.,Valeriia Savenko|Sergii Babichev|Tetiana Goncharenko|Hanna Batenko
conf/isdmci/BabichevDPS19,2019,ISDMCI,inproceedings,An Evaluation of the Objective Clustering Inductive Technology Effectiveness Implemented Using Density-Based and Agglomerative Hierarchical Clustering Algorithms.,Sergii Babichev|Bohdan Durnyak|Iryna Pikh|Vsevolod Senkivskyy
conf/isdmci/BidyukGMKK20,2020,ISDMCI,inproceedings,Modeling and Forecasting Economic and Financial Processes Using Combined Adaptive Models.,Peter Bidyuk|Aleksandr Gozhyj|Yoshio Matsuki|Nataliia Kuznietsova
conf/isdmci/SemibalamutMLTZ21,2021,ISDMCI,inproceedings,A Method of Analytical Calculation of Dynamic Characteristics of Digital Adaptive Filters with Parallel-Sequential Weight Summation.,Kostiantyn Semibalamut|Volodymyr Moldovan|Svitlana Lysenko|Maksym V. Topolnytskyi|Sergiy Zhuk
conf/isdmci/ShelevytskySSB19,2019,ISDMCI,inproceedings,Regression Spline-Model in Machine Learning for Signal Prediction and Parameterization.,Ihor Shelevytsky|Victoriya Shelevytska|Kseniia Semenova|Ievgen Bykov
conf/isdmci/PankratovaGP20,2020,ISDMCI,inproceedings,Study of the Plot Suitability for Underground Construction: Cognitive Modelling.,Nataliya D. Pankratova|Galina Gorelova|Vladimir Pankratov
conf/isdmci/Yasinska-DamriL21,2021,ISDMCI,inproceedings,"Current State of Methods, Models, and Information Technologies of Genes Expression Profiling Extraction: A Review.",Lyudmyla Yasinska-Damri|Ihor Liakh|Sergii Babichev|Bohdan Durnyak
conf/isdmci/PerederyiBO19,2019,ISDMCI,inproceedings,Information Technology of Control and Support for Functional Sustainability of Distributed Man-Machine Systems of Critical Application.,Viktor Perederyi|Eugene Borchik|Oksana Ohnieva
conf/isdmci/KondratiukKKK20,2020,ISDMCI,inproceedings,Fingerspelling Alphabet Recognition Using CNNs with 3D Convolutions for Cross Platform Applications.,Serhii Kondratiuk|Iurii Krak|Anatolii Kylias|Veda Kasianiuk
conf/isdmci/MarasanovSS19,2019,ISDMCI,inproceedings,Model of the Operator Dynamic Process of Acoustic Emission Occurrence While of Materials Deforming.,Volodymyr Marasanov|Artem Sharko|Dmitry Stepanchikov
conf/isdmci/KorobchynskyiSK21,2021,ISDMCI,inproceedings,Method of Functional-Value Calculations of Complex Systems with Mixed Subsystems Connections.,Maksym Korobchynskyi|Mykhailo Slonov|Pavlo Krysiak|Myhailo Rudenko|Oleksandr Maryliv
conf/isdmci/KolomiietsM20,2020,ISDMCI,inproceedings,Investigation of Optimization Models in Decisions Making on Integration of Innovative Projects.,Anna Kolomiiets|Viktor V. Morozov
conf/isdmci/GorokhovatskyiP24,2024,ISDMCI (1),inproceedings,Recursive Division Explainability as a Factor of CNN Quality.,Oleksii Gorokhovatskyi|Olena Peredrii
conf/isdmci/KashtanH22,2022,ISDMCI,inproceedings,Deep Learning Technology for Automatic Burned Area Extraction Using Satellite High Spatial Resolution Images.,Vita Kashtan|Volodymyr V. Hnatushenko
conf/isdmci/YurchukK21,2021,ISDMCI,inproceedings,An Intelligent System for Providing Recommendations on the Web Development Learning.,Iryna Yurchuk|Mykyta Kutsenko
conf/isdmci/SikoraLMM21,2021,ISDMCI,inproceedings,Information Technology for Assessing the Situation in Energy-Active Facilities by the Operator of an Automated Control System During Data Sampling.,Lubomyr Sikora|Natalya Lysa|Roman Martsyshyn|Yuliya Miyushkovych
conf/isdmci/TsmotsRRKKL19,2019,ISDMCI,inproceedings,Implementation of FPGA-Based Barker's-Like Codes.,Ivan Tsmots|Oleg Riznyk|Vasyl Rabyk|Yurii Kynash|Natalya Kustra|Mykola Logoida
conf/isdmci/PashkoP20,2020,ISDMCI,inproceedings,Methods of Classifying Foreign Language Communicative Competence Using the Example of Intending Primary School Teachers.,Anatolii Pashko|Iryna Pinchuk
conf/isdmci/KuznietsovaBK21,2021,ISDMCI,inproceedings,"Data Mining Methods, Models and Solutions for Big Data Cases in Telecommunication Industry.",Nataliia Kuznietsova|Peter Bidyuk|Maryna Kuznietsova
conf/isdmci/PikhSKS22,2022,ISDMCI,inproceedings,Prognostic Assessment of COVID-19 Vaccination Levels.,Iryna Pikh|Vsevolod Senkivskyy|Alona Kudriashova|Nataliia Senkivska
conf/isdmci/RakytyanskaP24,2024,ISDMCI (1),inproceedings,Constructing Prototype-Based Granular Fuzzy Rules for Scene Classification on Mobile Devices.,Hanna Rakytyanska|Bohdan Prus
conf/isdmci/GolovkoKKS19,2019,ISDMCI,inproceedings,Neural Network Approach for Semantic Coding of Words.,Vladimir A. Golovko|Alexander Kroshchanka|Myroslav Komar|Anatoliy Sachenko
conf/isdmci/KirichenkoRR21,2021,ISDMCI,inproceedings,Applying Visibility Graphs to Classify Time Series.,Lyudmyla Kirichenko|Tamara Radivilova|Vitalii Ryzhanov
conf/isdmci/PolyvodaLP19,2019,ISDMCI,inproceedings,Monitoring Subsystem Design Method in the Information Control System.,Oksana Polyvoda|Dmytro Lytvynchuk|Vladyslav Polyvoda
conf/isdmci/LiakhBDG22,2022,ISDMCI,inproceedings,"Formation of Subsets of Co-expressed Gene Expression Profiles Based on Joint Use of Fuzzy Inference System, Statistical Criteria and Shannon Entropy.",Igor Liakh|Sergii Babichev|Bohdan Durnyak|Iryna Gado
conf/isdmci/ZinchenkoTKNP24,2024,ISDMCI (1),inproceedings,Analytical Model of a Ship's Stability on a Regular Wave.,Serhii Zinchenko|Oleh Tovstokoryi|Kostiantyn Kyrychenko|Pavlo Nosov|Ihor Popovych
conf/isdmci/MashkovBKSV22,2022,ISDMCI,inproceedings,Application of the Theory of Functional Stability in the Problems of Covering Territories by Sensory Networks.,Oleh Mashkov|Alexey Bychkov|Ganna Kalahnik|Victor Shevchenko|Svitlana Vyshemyrska
conf/isdmci/GoncharenkoIG21,2021,ISDMCI,inproceedings,Computer Simulation of Physical Processes Using Euler-Cromer Method.,Tatiana Goncharenko|Yuri Ivashina|Nataliya Golovko
conf/isdmci/KalininaGBGKN24,2024,ISDMCI (2),inproceedings,A Systematic Approach to Data Normalization and Standardization in Machine Learning Problems.,Irina Kalinina|Aleksandr Gozhyj|Peter Bidyuk|Victor Gozhyi|Maksym Korobchynskyi|Vasiliy Nadraga
conf/isdmci/BabichevSOK21,2021,ISDMCI,inproceedings,A Model for Assessing the Rating of Higher Education School Academic Staff Members Based on the Fuzzy Inference System.,Sergii Babichev|Aleksander Spivakovsky|Serhii Omelchuk|Vitaliy Kobets
conf/isdmci/KhomenkoB24,2024,ISDMCI (2),inproceedings,"Contemporary Methods, Models, and Software for Implementation and Optimization of IoT (Internet of Things) Systems: A Review.",Yevheniy Khomenko|Sergii Babichev
conf/isdmci/KirichenkoRB19,2019,ISDMCI,inproceedings,Binary Classification of Fractal Time Series by Machine Learning Methods.,Lyudmyla Kirichenko|Tamara Radivilova|Vitalii Bulakh
conf/isdmci/HovorushchenkoP19,2019,ISDMCI,inproceedings,Ontology-Based Intelligent Agent for Determination of Sufficiency of Metric Information in the Software Requirements.,Tetiana Hovorushchenko|Olga Pavlova|Dmytro Medzatyi
conf/isdmci/VelychkoDP21,2021,ISDMCI,inproceedings,Essential R Peak Detector Based on the Polynomial Fitting.,Olha Velychko|Oleh Datsok|Iryna Perova
conf/isdmci/YakovlevPK20,2020,ISDMCI,inproceedings,A Lower Bound for Optimization of Arbitrary Function on Permutations.,Sergiy Yakovlev|Oksana Pichugina|Liudmyla Koliechkina
conf/isdmci/SarnatskyiB22,2022,ISDMCI,inproceedings,CTrace: Language for Definition of Epidemiological Models with Contact-Tracing Transmission.,Vladyslav Sarnatskyi|Igor Baklan
conf/isdmci/BabichevSZK20,2020,ISDMCI,inproceedings,Development of a Fuzzy Inference Model for the Management of a Marine Engine.,Sergii Babichev|Liliya Strielkovskaya|Oleksandr Zaitsev|Orest Khamula
conf/isdmci/YarovyiSSS24,2024,ISDMCI (1),inproceedings,Ontological Modeling of the Training Recommender System Knowledge Base.,Andrii Yarovyi|Oleksiy Silagin|Maksym Shelestiuk|Bohdan Shelestiuk
conf/isdmci/MazuretsBKMB21,2021,ISDMCI,inproceedings,Method for Adaptive Semantic Testing of Educational Materials Level of Knowledge.,Olexander Mazurets|Olexander Barmak|Iurii Krak|Eduard Manziuk|Ruslan Bahrii
conf/isdmci/HuLHTK22,2022,ISDMCI,inproceedings,A Noise Resistant Credibilistic Fuzzy Clustering Algorithm on a Unit Hypersphere with Illustrations Using Expression Data.,Zhengbing Hu|Mark Last|Tzung-Pei Hong|Oleksii K. Tyshchenko|Esha Kashyap
conf/isdmci/SarnatskyiB21,2021,ISDMCI,inproceedings,Markov-Chain-Based Agents for k-Armed Bandit Problem.,Vladyslav Sarnatskyi|Igor Baklan
conf/isdmci/ZinchenkoTBNPN21,2021,ISDMCI,inproceedings,Automatic Optimal Control of a Vessel with Redundant Structure of Executive Devices.,Serhii Zinchenko|Oleh Tovstokoryi|Andrii Ben|Pavlo Nosov|Ihor Popovych|Yaroslav Nahrybelnyi
conf/isdmci/LoudaSSS22,2022,ISDMCI,inproceedings,Features of the Application of the Principal Component Method to the Study of Acoustic Emission Signals Under Loading of Multilayer Structures.,Petr Louda|Oleksandr Sharko|Dmitry Stepanchikov|Artem Sharko
conf/isdmci/ChumachenkoC19,2019,ISDMCI,inproceedings,Intelligent Agent-Based Simulation of HIV Epidemic Process.,Dmytro Chumachenko|Tetyana Chumachenko
conf/isdmci/ZavgorodniiLPZK21,2021,ISDMCI,inproceedings,Early Revealing of Professional Burnout Predictors in Emergency Care Workers.,Igor Zavgorodnii|Olha Lalymenko|Iryna Perova|Polina Zhernova|Anastasiia Kiriak|Oleksandr Novytskyy
conf/isdmci/VladovYYVLR24,2024,ISDMCI (2),inproceedings,Hybrid Networks Training Method Based on Distributed and Parallel Computing Technology.,Serhii Vladov|Ruslan Yakovliev|Alexey Yurko|Victoria Vysotska|Vasyl Lytvyn|Roman Romanchuk
conf/isdmci/MashkovLMV24,2024,ISDMCI (1),inproceedings,Probabilistic Algorithm for System Level Self-diagnosis.,Viktor Mashkov|Volodymyr Lytvynenko|Oleh Mashkov|Svitlana Vyshemyrska
conf/isdmci/StepanchenkoSMK22,2022,ISDMCI,inproceedings,Simulating Soil Organic Carbon Turnover with a Layered Model and Improved Moisture and Temperature Impacts.,Olha Stepanchenko|Liubov Shostak|Viktor Moshynskyi|Olena Kozhushko|Petro Martyniuk
conf/isdmci/PerovaDZVB20,2020,ISDMCI,inproceedings,The Approach for the Definition of Hemodynamic State in Pregnant Women with Extragenital Malformations.,Iryna Perova|Oleh Datsok|Polina Zhernova|Olha Velychko|Svitlana Bahan
conf/isdmci/KyrylashchukHVZ24,2024,ISDMCI (1),inproceedings,Order Forecasting System for Vehicles Based on Previous Statistics Requests.,Svitlana Kyrylashchuk|Oksana Horodetska|Olena Voitsekhovska|Serhii Zakharchenko
conf/isdmci/KravetsLVRVS20,2020,ISDMCI,inproceedings,Dynamic Coordination of Strategies for Multi-agent Systems.,Petro Kravets|Vasyl Lytvyn|Victoria Vysotska|Yuriy Ryshkovets|Svitlana Vyshemyrska|Saule Smailova
conf/isdmci/SafonykPP24,2024,ISDMCI (2),inproceedings,Development and Implementation of a Software Information System for Biological Wastewater Treatment.,Andrii Safonyk|Serhii Poliukhovych|Olena Poliukhovych
conf/isdmci/KulyniakOR20,2020,ISDMCI,inproceedings,Scientific and Methodological Approach to Assessing the Level of Banks' Financial Security.,Ihor Kulyniak|Solomiya Ohinok|Halyna Rachynska
conf/isdmci/MashkovIWBK21,2021,ISDMCI,inproceedings,Method of Mathematical and Geoinformation Models Integration Based On Unification of the Ecological Data Formalization.,Oleg Mashkov|Taras Ivashchenko|Waldemar W|Yuriy Bardachov|Viktor Kozel
conf/isdmci/BoykoKA21,2021,ISDMCI,inproceedings,Application of Ensemble Methods of Strengthening in Search of Legal Information.,Nataliya Boyko|Khrystyna Kmetyk-Podubinska|Iryna Andrusiak
conf/isdmci/AkhmetshinaY19,2019,ISDMCI,inproceedings,Low-Contrast Image Segmentation by Using of the Type-2 Fuzzy Clustering Based on the Membership Function Statistical Characteristics.,Lyudmila Akhmetshina|Artyom Yegorov
conf/isdmci/SenkivskyyPKST21,2021,ISDMCI,inproceedings,Models of Factors of the Design Process of Reference and Encyclopedic Book Editions.,Vsevolod Senkivskyy|Iryna Pikh|Alona Kudriashova|Nataliia Senkivska|Lyubov Tupychak
conf/isdmci/SerdechnyiBRAK19,2019,ISDMCI,inproceedings,Model of the Internet Traffic Filtering System to Ensure Safe Web Surfing.,Vitaliy Serdechnyi|Olesia Barkovska|Dmytro Rosinskiy|Natalia Axak|Mykola Korablyov
conf/isdmci/TymoshchukKD19,2019,ISDMCI,inproceedings,Comparative Analysis of the Methods for Assessing the Probability of Bankruptcy for Ukrainian Enterprises.,Oksana Tymoshchuk 0001|Olena Kirik|Kseniia Dorundiak
conf/isdmci/Yasinska-DamriB22,2022,ISDMCI,inproceedings,Application of Convolutional Neural Network for Gene Expression Data Classification.,Lyudmyla Yasinska-Damri|Sergii Babichev|Bohdan Durnyak|Tatiana Goncharenko
conf/isdmci/TatsijKCMS21,2021,ISDMCI,inproceedings,General Scheme of Modeling of Longitudinal Oscillations in Horizontal Rods.,Roman Tatsij|Oksana Karabyn|Oksana Chmyr|Igor Malets|Olga Smotr
conf/isdmci/KrakKKABR22,2022,ISDMCI,inproceedings,Analysis of Deep Learning Methods in Adaptation to the Small Data Problem Solving.,Iurii Krak|Vladyslav A. Kuznetsov|Serhii Kondratiuk|Larisa E. Azarova|Olexander Barmak|Pavlo Radiuk
conf/isdmci/MarasanovSSS20,2020,ISDMCI,inproceedings,Technique of System Operator Determination Based on Acoustic Emission Method.,Volodymyr Marasanov|Dmitry Stepanchikov|Artem Sharko|Alexander Sharko
conf/isdmci/PashkoKSK20,2020,ISDMCI,inproceedings,Isolation of Informative Features for the Analysis of QRS Complex in ECG Signals.,Anatolii Pashko|Iurii Krak|Oleg Stelia|Oleg Khorozov
conf/isdmci/KotsovskyB20,2020,ISDMCI,inproceedings,Representational Capabilities and Learning of Bithreshold Neural Networks.,Vladyslav Kotsovsky|Anatoliy Batyuk
conf/isdmci/MashkovIMBO22,2022,ISDMCI,inproceedings,Features of Complex Application of the Formal Method of EVENT-B for Development of Environmental Management Systems.,Oleh Mashkov|Oleh Ilyin|Viktor Mashkov|Oleh Boskin|Oksana Ohnieva
conf/isdmci/MinukhinBS20,2020,ISDMCI,inproceedings,Analyzing Performance of Apache Spark MLlib with Multinode Clusters on Azure HDInsight: Spark-Perf Case Study.,Sergii Minukhin|Natalia Brynza|Dmytro Sitnikov
conf/isdmci/SineglazovS24,2024,ISDMCI (2),inproceedings,Hyperspectral Image Classification for Landmine Detection.,Victor Sineglazov|Oleksii Shabo
conf/isdmci/LytvynVMRS19,2019,ISDMCI,inproceedings,System Development for Video Stream Data Analyzing.,Vasyl Lytvyn|Victoria Vysotska|Vladyslav Mykhailyshyn|Antonii Rzheuskyi|Sofiia Semianchuk
conf/isdmci/BabichevYLH24,2024,ISDMCI (1),inproceedings,Integrative Approach to Gene Expression Data Analysis: Combining Biclustering Techniques with Gene Ontology.,Sergii Babichev|Oleg Yarema|Ihor Liakh|Andrii Honcharuk
conf/isdmci/MorozovKPM19,2019,ISDMCI,inproceedings,Investigation of Forecasting Methods of the State of Complex IT-Projects with the Use of Deep Learning Neural Networks.,Viktor V. Morozov|Olena V. Kalnichenko|Maksym Proskurin|Olga O. Mezentseva
conf/sdm/PelissierNT19,2019,SDM,inproceedings,Feature selection as Monte-Carlo Search in Growing Single Rooted Directed Acyclic Graph by Best Leaf Identification.,Aur|Atsuyoshi Nakamura|Koji Tabata
conf/sdm/WangZMY21,2021,SDM,inproceedings,MT-STNets: Multi-Task Spatial-Temporal Networks for Multi-Scale Traffic Prediction.,Senzhang Wang|Meiyue Zhang|Hao Miao 0001|Philip S. Yu
conf/sdm/YamaguchiMMU20,2020,SDM,inproceedings,LTSpAUC: Learning Time-series Shapelets for Optimizing Partial AUC.,Akihiro Yamaguchi|Shigeru Maya|Kohei Maruchi|Ken Ueno
conf/sdm/LiGS21,2021,SDM,inproceedings,"""Misc""-Aware Weakly Supervised Aspect Classification.",Peiran Li|Fang Guo|Jingbo Shang
conf/sdm/DengHDLM22,2022,SDM,inproceedings,IB-GAN: A Unified Approach for Multivariate Time Series Classification under Class Imbalance.,Grace Deng|Cuize Han|Tommaso Dreossi|Clarence Lee|David S. Matteson
conf/sdm/GolshanTT19,2019,SDM,inproceedings,Recommendations for optimizing the collective user experience.,Behzad Golshan|Evimaria Terzi|Panayiotis Tsaparas
conf/sdm/ForouzeshT24,2024,SDM,inproceedings,Differences Between Hard and Noisy-labeled Samples: An Empirical Study.,Mahsa Forouzesh|Patrick Thiran
conf/sdm/KaltenpothV19,2019,SDM,inproceedings,We Are Not Your Real Parents: Telling Causal from Confounded using MDL.,David Kaltenpoth|Jilles Vreeken
conf/sdm/DawTCRAK20,2020,SDM,inproceedings,Physics-Guided Architecture (PGA) of Neural Networks for Quantifying Uncertainty in Lake Temperature Modeling.,Arka Daw|R. Quinn Thomas|Cayelan C. Carey|Jordan S. Read|Alison P. Appling|Anuj Karpatne
conf/sdm/VercruyssenMD20,2020,SDM,inproceedings,"""Now you see it, now you don't!"" Detecting Suspicious Pattern Absences in Continuous Time Series.",Vincent Vercruyssen|Wannes Meert|Jesse Davis
conf/sdm/LiuLWT19,2019,SDM,inproceedings,Spherical Principal Component Analysis.,Kai Liu 0018|Qiuwei Li|Hua Wang 0007|Gongguo Tang
conf/sdm/MengLZ0K23,2023,SDM,inproceedings,Meta-Learning with Motif-based Task Augmentation for Few-Shot Molecular Property Prediction.,Ziqiao Meng|Yaoman Li|Peilin Zhao|Yang Yu 0010|Irwin King
conf/sdm/ChoudharyHS18,2018,SDM,inproceedings,Sparse Decomposition for Time Series Forecasting and Anomaly Detection.,Sunav Choudhary|Gaurush Hiranandani|Shiv Kumar Saini
conf/sdm/LuNKL24,2024,SDM,inproceedings,HyperFLoRA: Federated Learning with Instantaneous Personalization.,Qikai Lu|Di Niu|Mohammadamin Samadi Khoshkho|Baochun Li
conf/sdm/000300ZS024,2024,SDM,inproceedings,Robust Sparse Online Learning for Data Streams with Streaming Features.,Zhong Chen 0003|Yi He 0007|Di Wu 0056|Huixin Zhan|Victor S. Sheng|Kun Zhang 0012
conf/sdm/LinWMC20,2020,SDM,inproceedings,Filling Missing Values on Wearable-Sensory Time Series Data.,Suwen Lin|Xian Wu 0003|Gonzalo J. Mart|Nitesh V. Chawla
conf/sdm/MedyaSSBS18,2018,SDM,inproceedings,Group Centrality Maximization via Network Design.,Sourav Medya|Arlei Silva|Ambuj K. Singh|Prithwish Basu|Ananthram Swami
conf/sdm/AnandCHVP24,2024,SDM,inproceedings,H,Vivek Anand|Jiaming Cui|Jack Heavey|Anil Vullikanti|B. Aditya Prakash
conf/sdm/WangLTZX21,2021,SDM,inproceedings,Adaptive Holding for Online Bottleneck Matching with Delays.,Kaixin Wang|Cheng Long 0001|Yongxin Tong|Jie Zhang 0002|Yi Xu 0013
conf/sdm/YamaguchiUK22,2022,SDM,inproceedings,Learning Time-series Shapelets Enhancing Discriminability.,Akihiro Yamaguchi|Ken Ueno|Hisashi Kashima
conf/sdm/CostaO20,2020,SDM,inproceedings,Document Clustering Meets Topic Modeling with Word Embeddings.,Gianni Costa|Riccardo Ortale
conf/sdm/PinxterenC21,2021,SDM,inproceedings,Efficient Permutation Testing for Significant Sequential Patterns.,Sam Pinxteren|Toon Calders
conf/sdm/GuptaLCA22,2022,SDM,inproceedings,BRNet: Branched Residual Network for Fast and Accurate Predictive Modeling of Materials Properties.,Vishu Gupta|Wei-keng Liao|Alok N. Choudhary|Ankit Agrawal 0001
conf/sdm/0001O21,2021,SDM,inproceedings,Predictive Optimization with Zero-Shot Domain Adaptation.,Tomoya Sakai 0001|Naoto Ohsaka
conf/sdm/OettershagenM23,2023,SDM,inproceedings,An Index For Temporal Closeness Computation in Evolving Graphs.,Lutz Oettershagen|Petra Mutzel
conf/sdm/GujralPP18,2018,SDM,inproceedings,SamBaTen: Sampling-based Batch Incremental Tensor Decomposition.,Ekta Gujral|Ravdeep Pasricha|Evangelos E. Papalexakis
conf/sdm/JiaLKNKK19,2019,SDM,inproceedings,Spatial Context-Aware Networks for Mining Temporal Discriminative Period in Land Cover Detection.,Xiaowei Jia|Sheng Li 0001|Ankush Khandelwal|Guruprasad Nayak|Anuj Karpatne|Vipin Kumar 0001
conf/sdm/MrabahBK23,2023,SDM,inproceedings,Beyond The Evidence Lower Bound: Dual Variational Graph Auto-Encoders For Node Clustering.,Nairouz Mrabah|Mohamed Bouguessa|Riadh Ksantini
conf/sdm/LiIASGK20,2020,SDM,inproceedings,Dissecting Ethereum Blockchain Analytics: What We Learn from Topology and Geometry of the Ethereum Graph?,Yitao Li|Umar Islambekov|Cuneyt Gurcan Akcora|Ekaterina Smirnova|Yulia R. Gel|Murat Kantarcioglu
conf/sdm/DonyaviSB23,2023,SDM,inproceedings,MC-SQ: A Highly Accurate Ensemble for Multi-class Quantification.,Zahra Donyavi|Adriane Serapio|Gustavo Batista
conf/sdm/ZhangWLY22,2022,SDM,inproceedings,On Predicting and Generating a Good Break Shot in Billiards Sports.,Qianru Zhang|Zheng Wang 0046|Cheng Long 0001|Siu-Ming Yiu
conf/sdm/JiaNKKK19,2019,SDM,inproceedings,Classifying Heterogeneous Sequential Data by Cyclic Domain Adaptation: An Application in Land Cover Detection.,Xiaowei Jia|Guruprasad Nayak|Ankush Khandelwal|Anuj Karpatne|Vipin Kumar 0001
conf/sdm/RandelAH23,2023,SDM,inproceedings,A Lagrangian-based approach to learn distance metrics for clustering with minimal data transformation.,Rodrigo Randel|Daniel Aloise|Alain Hertz
conf/sdm/ZhangSZ022,2022,SDM,inproceedings,Explainable Concept Graph Completion by Bridging Open-Domain Relations and Concepts.,Yue Zhang 0086|Mingming Sun 0001|Jingyuan Zhang|Ping Li 0001
conf/sdm/MengJFLLC22,2022,SDM,inproceedings,Early Forecasting of the Impact of Traffic Accidents Using a Single Shot Observation.,Guangyu Meng|Qisheng Jiang 0001|Kaiqun Fu|Beiyu Lin|Chang-Tien Lu|Zhqian Chen
conf/sdm/LiuWLBO024,2024,SDM,inproceedings,Time-Transformer: Integrating Local and Global Features for Better Time Series Generation.,Yuansan Liu|Sudanthi N. R. Wijewickrema|Ang Li|Christofer Bester|Stephen J. O'Leary|James Bailey 0001
conf/sdm/ZhangB19,2019,SDM,inproceedings,DSL: Discriminative Subgraph Learning via Sparse Self-Representation.,Lin Zhang|Petko Bogdanov
conf/sdm/KuoCC18,2018,SDM,inproceedings,Personalized Ranking on Poisson Factorization.,Li-Yen Kuo|Chung-Kuang Chou|Ming-Syan Chen
conf/sdm/LiLCOW18,2018,SDM,inproceedings,Black-box Expectation Propagation for Bayesian Models.,Ximing Li 0002|Changchun Li|Jinjin Chi|Jihong Ouyang|Wenting Wang
conf/sdm/LiEZ23,2023,SDM,inproceedings,Optimal Intervention on Weighted Networks via Edge Centrality.,Dongyue Li|Tina Eliassi-Rad|Hongyang R. Zhang
conf/sdm/KuboD24,2024,SDM,inproceedings,XGExplainer: Robust Evaluation-based Explanation for Graph Neural Networks.,Ryoji Kubo|Djellel Eddine Difallah
conf/sdm/HassenC20,2020,SDM,inproceedings,Learning a Neural-network-based Representation for Open Set Recognition.,Mehadi Hassen|Philip K. Chan
conf/sdm/ZhaLZH22,2022,SDM,inproceedings,Towards Similarity-Aware Time-Series Classification.,Daochen Zha|Kwei-Herng Lai|Kaixiong Zhou|Xia Hu 0001
conf/sdm/YangY0Y023,2023,SDM,inproceedings,Causal Discovery by Graph Attention Reinforcement Learning.,Dezhi Yang|Guoxian Yu|Jun Wang 0035|Zhongmin Yan|Maozu Guo 0001
conf/sdm/ZhangZWBSY20,2020,SDM,inproceedings,Fisher Deep Domain Adaptation.,Yinghua Zhang|Yu Zhang 0006|Ying Wei 0001|Kun Bai|Yangqiu Song|Qiang Yang 0001
conf/sdm/Grosse021,2021,SDM,inproceedings,Do winning tickets exist before DNN training?,Kathrin Grosse|Michael Backes 0001
conf/sdm/DuXWT21,2021,SDM,inproceedings,Fairness-aware Agnostic Federated Learning.,Wei Du 0009|Depeng Xu 0001|Xintao Wu|Hanghang Tong
conf/sdm/RenL024,2024,SDM,inproceedings,Word Embedding with Neural Probabilistic Prior.,Shaogang Ren|Dingcheng Li|Ping Li 0001
conf/sdm/LiL19,2019,SDM,inproceedings,Linear Time Motif Discovery in Time Series.,Xiaosheng Li|Jessica Lin 0001
conf/sdm/XuRM20,2020,SDM,inproceedings,Second-order Optimization for Non-convex Machine Learning: an Empirical Study.,Peng Xu|Fred Roosta|Michael W. Mahoney
conf/sdm/ManiDG21,2021,SDM,inproceedings,Unsupervised Selective Manifold Regularized Matrix Factorization.,Priya Mani|Carlotta Domeniconi|Igor Griva
conf/sdm/LiuLCWSH21,2021,SDM,inproceedings,Discrete Listwise Collaborative Filtering for Fast Recommendation.,Chenghao Liu|Tao Lu|Zhiyong Cheng 0001|Xin Wang 0019|Jianling Sun|Steven C. H. Hoi
conf/sdm/YangZZ24,2024,SDM,inproceedings,Variational Invariant Representation Learning for Multimodal Recommendation.,Wei Yang|Haoran Zhang|Li Zhang
conf/sdm/BaiTW0AV23,2023,SDM,inproceedings,Sign-Regularized Multi-Task Learning.,Guangji Bai|Johnny Torres|Junxiang Wang|Liang Zhao 0002|Cristina L. Abad|Carmen Vaca
conf/sdm/YamaguchiU21,2021,SDM,inproceedings,Learning Time-series Shapelets via Supervised Feature Selection.,Akihiro Yamaguchi|Ken Ueno
conf/sdm/0001LPT22,2022,SDM,inproceedings,Fine-grained Attributed Graph Clustering.,Zhao Kang 0001|Zhanyu Liu|Shirui Pan|Ling Tian
conf/sdm/00010B0X24,2024,SDM,inproceedings,CaMU: Disentangling Causal Effects in Deep Model Unlearning.,Shaofei Shen 0001|Chenhao Zhang 0004|Alina Bialkowski|Weitong Chen 0001|Miao Xu 0001
conf/sdm/StolmanL0S22,2022,SDM,inproceedings,Classic Graph Structural Features Outperform Factorization-Based Graph Embedding Methods on Community Labeling.,Andrew Stolman|Caleb C. Levy|C. Seshadhri 0001|Aneesh Sharma
conf/sdm/Shen0KJ18,2018,SDM,inproceedings,Accelerating Time Series Searching with Large Uniform Scaling.,Yilin Shen|Yanping Chen 0005|Eamonn J. Keogh|Hongxia Jin
conf/sdm/ThejaswiG20,2020,SDM,inproceedings,Pattern detection in large temporal graphs using algebraic fingerprints.,Suhas Thejaswi|Aristides Gionis
conf/sdm/NayakMJK18,2018,SDM,inproceedings,Classifying Multivariate Time Series by Learning Sequence-level Discriminative Patterns.,Guruprasad Nayak|Varun Mithal|Xiaowei Jia|Vipin Kumar 0001
conf/sdm/KalanatXLJ24,2024,SDM,inproceedings,Spatial-Temporal Augmented Adaptation via Cycle-Consistent Adversarial Network: An Application in Streamflow Prediction.,Nasrin Kalanat|Yiqun Xie|Yanhua Li|Xiaowei Jia
conf/sdm/FarhadlooSGLMS24,2024,SDM,inproceedings,Towards Spatially-Lucid AI Classification in Non-Euclidean Space: An Application for MxIF Oncology Data.,Majid Farhadloo|Arun Sharma 0006|Jayant Gupta|Alexey A. Leontovich|Svetomir N. Markovic|Shashi Shekhar 0001
conf/sdm/LiZ0CZ21,2021,SDM,inproceedings,Sign-aware Perturbations Regression.,Zhongnian Li|Tao Zhang 0099|Wei Shao 0005|Songcan Chen|Daoqiang Zhang
conf/sdm/WangZLWXM23,2023,SDM,inproceedings,Knowledge-Enhanced Semi-Supervised Federated Learning for Aggregating Heterogeneous Lightweight Clients in IoT.,Jiaqi Wang 0002|Shenglai Zeng|Zewei Long|Yaqing Wang 0001|Houping Xiao|Fenglong Ma
conf/sdm/CaiGJ19,2019,SDM,inproceedings,Multi-Stage Variational Auto-Encoders for Coarse-to-Fine Image Generation.,Lei Cai|Hongyang Gao|Shuiwang Ji
conf/sdm/AzimW00F24,2024,SDM,inproceedings,Feature Interaction Aware Automated Data Representation Transformation.,Ehtesamul Azim|Dongjie Wang|Kunpeng Liu 0001|Wei Zhang 0076|Yanjie Fu
conf/sdm/BhowmikCXR19,2019,SDM,inproceedings,EstImAgg: A Learning Framework for Groupwise Aggregated Data.,Avradeep Bhowmik|Minmin Chen|Zhengming Xing|Suju Rajan
conf/sdm/EvansN18,2018,SDM,inproceedings,Exploiting Structure for Fast Kernel Learning.,Trefor W. Evans|Prasanth B. Nair
conf/sdm/MaraLB19,2019,EDML@SDM,inproceedings,EvalNE: A Framework for Evaluating Network Embeddings on Link Prediction.,Alexandru Mara|Jefrey Lijffijt|Tijl De Bie
conf/sdm/0002CPW24,2024,SDM,inproceedings,RHINE: A Regime-Switching Model with Nonlinear Representation for Discovering and Forecasting Regimes in Financial Markets.,Kunpeng Xu 0002|Lifei Chen|Jean-Marc Patenaude|Shengrui Wang
conf/sdm/0001TG23,2023,SDM,inproceedings,Ranking with submodular functions on the fly.,Guangyi Zhang 0001|Nikolaj Tatti|Aristides Gionis
conf/sdm/XiaoEHM023,2023,SDM,inproceedings,Taxonomy-Guided Fine-Grained Entity Set Expansion.,Jinfeng Xiao|Mohab Elkaref|Nathan Herr|Geeth De Mel|Jiawei Han 0001
conf/sdm/Fan0LHDF21,2021,SDM,inproceedings,AutoGFS: Automated Group-based Feature Selection via Interactive Reinforcement Learning.,Wei Fan 0010|Kunpeng Liu 0001|Hao Liu 0026|Ahmad Hariri|Dejing Dou|Yanjie Fu
conf/sdm/MayaYNU20,2020,SDM,inproceedings,Lag-Aware Multivariate Time-Series Segmentation.,Shigeru Maya|Akihiro Yamaguchi|Kaneharu Nishino|Ken Ueno
conf/sdm/MarxF22,2022,SDM,inproceedings,Estimating Mutual Information via Geodesic,Alexander Marx 0001|Jonas Fischer
conf/sdm/DavidsonLGWVR24,2024,SDM,inproceedings,An Exemplars-Based Approach for Explainable Clustering: Complexity and Efficient Approximation Algorithms.,Ian Davidson|Michael J. Livanos|Antoine Gourru|Peter B. Walker|Julien Velcin|S. S. Ravi
conf/sdm/YiLGLYZ19,2019,SDM,inproceedings,Fast Unsupervised Location Category Inference from Highly Inaccurate Mobility Data.,Jinfeng Yi|Qi Lei|Wesley M. Gifford|Ji Liu|Junchi Yan|Bowen Zhou 0001
conf/sdm/Cui0Z00M24,2024,SDM,inproceedings,Automated Fusion of Multimodal Electronic Health Records for Better Medical Predictions.,Suhan Cui|Jiaqi Wang 0002|Yuan Zhong 0002|Han Liu 0008|Ting Wang 0006|Fenglong Ma
conf/sdm/Saxena0S23,2023,SDM,inproceedings,Missed Opportunities in Fair AI.,Nripsuta Ani Saxena|Wenbin Zhang 0002|Cyrus Shahabi
conf/sdm/0074PL022,2022,SDM,inproceedings,Joint Time Series Chain: Detecting Unusual Evolving Trend across Time Series.,Li Zhang 0074|Nital Patel|Xiuqi Li|Jessica Lin 0001
conf/sdm/0074DG023,2023,SDM,inproceedings,PMP: Privacy-Aware Matrix Profile against Sensitive Pattern Inference for Time Series.,Li Zhang 0074|Jiahao Ding|Yifeng Gao 0001|Jessica Lin 0001
conf/sdm/SetoWZ21,2021,SDM,inproceedings,HALO: Learning to Prune Neural Networks with Shrinkage.,Skyler Seto|Martin T. Wells|Wenyu Zhang 0003
conf/sdm/NingTRRSR18,2018,SDM,inproceedings,STAPLE: Spatio-Temporal Precursor Learning for Event Forecasting.,Yue Ning 0001|Rongrong Tao|Chandan K. Reddy|Huzefa Rangwala|James C. Starz|Naren Ramakrishnan
conf/sdm/DevosMD21,2021,SDM,inproceedings,Verifying Tree Ensembles by Reasoning about Potential Instances.,Laurens Devos|Wannes Meert|Jesse Davis
conf/sdm/PannatierPF22,2022,SDM,inproceedings,Efficient Wind Speed Nowcasting with GPU-Accelerated Nearest Neighbors Algorithm.,Arnaud Pannatier|Ricardo Picatoste|Fran
conf/sdm/YuanSZZ024,2024,SDM,inproceedings,MultiNetAD: Multiplex Network-Based Anomaly Access Detection Featuring Semantic Hierarchies.,Ziqi Yuan|Qingyun Sun|Haoyi Zhou|Zukun Zhu|Jianxin Li 0002
conf/sdm/BaiTW0Y022,2022,SDM,inproceedings,Collaborative Attention Mechanism for Multi-Modal Time Series Classification.,Yue Bai|Zhiqiang Tao|Lichen Wang|Sheng Li 0001|Yu Yin 0001|Yun Fu 0001
conf/sdm/TsitsikasP20,2020,SDM,inproceedings,,Yorgos Tsitsikas|Evangelos E. Papalexakis
conf/sdm/KlosterSP19,2019,SDM,inproceedings,Mining Maximal Induced Bicliques using Odd Cycle Transversals.,Kyle Kloster|Blair D. Sullivan|Andrew van der Poel
conf/sdm/LiZSX23,2023,SDM,inproceedings,Debiased Imitation Learning for Modulated Temporal Point Processes.,Zhuoqun Li 0001|Zihan Zhou 0003|Mingxuan Sun 0001|Hongteng Xu
conf/sdm/MaWGXZ20,2020,SDM,inproceedings,Rare Disease Prediction by Generating Quality-Assured Electronic Health Records.,Fenglong Ma|Yaqing Wang 0001|Jing Gao 0004|Houping Xiao|Jing Zhou
conf/sdm/SainiZY0P24,2024,SDM,inproceedings,Analysis of Causal and Non-Causal Convolution Networks for Time Series Classification.,Uday Singh Saini|Zhongfang Zhuang|Chin-Chia Michael Yeh|Wei Zhang 0189|Evangelos E. Papalexakis
conf/sdm/HeimannCVK21,2021,SDM,inproceedings,Refining Network Alignment to Improve Matched Neighborhood Consistency.,Mark Heimann|Xiyuan Chen|Fatemeh Vahedian|Danai Koutra
conf/sdm/YangZS18,2018,SDM,inproceedings,ParaSketch: Parallel Tensor Factorization via Sketching.,Bo Yang 0053|Ahmed S. Zamzam|Nicholas D. Sidiropoulos
conf/sdm/BauckhageSW20,2020,SDM,inproceedings,Adiabatic Quantum Computing for Max-Sum Diversification.,Christian Bauckhage|Rafet Sifa|Stefan Wrobel
conf/sdm/ChuR022,2022,SDM,inproceedings,Learning Infomax and Domain-Independent Representations for Causal Effect Inference with Real-World Data.,Zhixuan Chu|Stephen L. Rathbun|Sheng Li 0001
conf/sdm/LiWLB23,2023,SDM,inproceedings,Influence without Authority: Maximizing Information Coverage in Hypergraphs.,Peiyan Li 0002|Honglian Wang|Kai Li|Christian B
conf/sdm/TayalJGWR022,2022,SDM,inproceedings,Invertibility aware Integration of Static and Time-series data: An application to Lake Temperature Modeling.,Kshitij Tayal|Xiaowei Jia|Rahul Ghosh|Jared Willard|Jordan S. Read|Vipin Kumar 0001
conf/sdm/JeongNJTB024,2024,SDM,inproceedings,User Migration across Multiple Social Media Platforms.,Ujun Jeong|Ayushi Nirmal|Kritshekhar Jha|Xu Tang|H. Russell Bernard|Huan Liu 0001
conf/sdm/StraussS24,2024,SDM,inproceedings,Spatial-Aware Deep Reinforcement Learning for the Traveling Officer Problem.,Niklas Strau|Matthias Schubert
conf/sdm/PhanNKR24,2024,SDM,inproceedings,Multi-polytope Machine for Classification.,Dzung T. Phan|Lam M. Nguyen|Jayant Kalagnanam|Chandra Reddy
conf/sdm/DengKLB20,2020,SDM,inproceedings,Explainable Subgraphs with Surprising Densities: A Subgroup Discovery Approach.,Junning Deng|Bo Kang|Jefrey Lijffijt|Tijl De Bie
conf/sdm/BudhathokiBV21,2021,SDM,inproceedings,Discovering Reliable Causal Rules.,Kailash Budhathoki|Mario Boley|Jilles Vreeken
conf/sdm/LeibrandtG18,2018,SDM,inproceedings,Making Kernel Density Estimation Robust towards Missing Values in Highly Incomplete Multivariate Data without Imputation.,Richard Leibrandt|Stephan G
conf/sdm/TuYWDZ20,2020,SDM,inproceedings,Attention-Aware Answers of the Crowd.,Jingzheng Tu|Guoxian Yu|Jun Wang 0035|Carlotta Domeniconi|Xiangliang Zhang 0001
conf/sdm/KosmanKS22,2022,SDM,inproceedings,Mining Logical Arithmetic Expressions From Proper Representations.,Eitan Kosman|Ilya Kolchinsky|Assaf Schuster
conf/sdm/YanHJK18,2018,SDM,inproceedings,Fast Flow-based Random Walk with Restart in a Multi-query Setting.,Yujun Yan|Mark Heimann|Di Jin 0003|Danai Koutra
conf/sdm/JoshiKG18,2018,SDM,inproceedings,Co-regularized Monotone Retargeting for Semi-supervised LeTOR.,Shalmali Joshi|Rajiv Khanna|Joydeep Ghosh
conf/sdm/LandeiroTC19,2019,SDM,inproceedings,Discovering and Controlling for Latent Confounds in Text Classification Using Adversarial Domain Adaptation.,Virgile Landeiro|Tuan Tran|Aron Culotta
conf/sdm/DongZYZWL23,2023,SDM,inproceedings,RELIANT: Fair Knowledge Distillation for Graph Neural Networks.,Yushun Dong|Binchi Zhang|Yiling Yuan|Na Zou 0001|Qi Wang|Jundong Li
conf/sdm/TanHLCZW24,2024,SDM,inproceedings,Towards More Robust and Accurate Sequential Recommendation with Cascade-guided Adversarial Training.,Juntao Tan|Shelby Heinecke|Zhiwei Liu 0001|Yongjun Chen|Yongfeng Zhang 0003|Huan Wang 0016
conf/sdm/YooK21,2021,SDM,inproceedings,Attention-Based Autoregression for Accurate and Efficient Multivariate Time Series Forecasting.,Jaemin Yoo|U Kang
conf/sdm/ZhengSHZ23,2023,SDM,inproceedings,Learning to Learn Task Transformations for Improved Few-Shot Classification.,Guangtao Zheng|Qiuling Suo|Mengdi Huai|Aidong Zhang 0001
conf/sdm/0008GTM021,2021,SDM,inproceedings,SUMDocS: Surrounding-aware Unsupervised Multi-Document Summarization.,Qi Zhu 0008|Fang Guo|Jingjing Tian|Yuning Mao|Jiawei Han 0001
conf/sdm/RoychoudhuryZO22,2022,SDM,inproceedings,Leveraging Dependencies among Learned Temporal Subsequences.,Shoumik Roychoudhury|Fang Zhou|Zoran Obradovic
conf/sdm/ChengGCL20,2020,SDM,inproceedings,Representation Learning for Imbalanced Cross-Domain Classification.,Lu Cheng 0001|Ruocheng Guo|K. Sel|Huan Liu 0001
conf/sdm/Du0S022,2022,SDM,inproceedings,Interpretable Molecular Graph Generation via Monotonic Constraints.,Yuanqi Du|Xiaojie Guo 0002|Amarda Shehu|Liang Zhao 0002
conf/sdm/JohanssonLB19,2019,SDM,inproceedings,Calibrating Probability Estimation Trees using Venn-Abers Predictors.,Ulf Johansson|Tuwe L|Henrik Bostr
conf/sdm/XuKR024,2024,SDM,inproceedings,Message Propagation Through Time: An Algorithm for Sequence Dependency Retention in Time Series Modeling.,Shaoming Xu|Ankush Khandelwal|Arvind Renganathan|Vipin Kumar 0001
conf/sdm/BernsB21,2021,SDM,inproceedings,Stochastic Time Series Representation for Interval Pattern Mining via Gaussian Processes.,Fabian Berns|Christian Beecks
conf/sdm/LiHSSL21,2021,SDM,inproceedings,Sequence-aware Heterogeneous Graph Neural Collaborative Filtering.,Chen Li|Linmei Hu|Chuan Shi 0001|Guojie Song|Yuanfu Lu
conf/sdm/MaYS24,2024,SDM,inproceedings,Pretraining Molecules with Explicit Substructure Information.,Yuting Ma|Shuo Yu 0001|Yanming Shen
conf/sdm/TanHFWP18,2018,SDM,inproceedings,Efficient search of the best warping window for Dynamic Time Warping.,Chang Wei Tan|Matthieu Herrmann|Germain Forestier|Geoffrey I. Webb|Fran
conf/sdm/TorgoMWMB18,2018,COST@SDM,inproceedings,Cost-Sensitive Learning: Preface.,Lu|Stan Matwin|Gary Weiss 0001|Nuno Moniz|Paula Branco
conf/sdm/LeeHL18,2018,SDM,inproceedings,Discovering Hidden Topical Hubs and Authorities in Online Social Networks.,Roy Ka-Wei Lee|Tuan-Anh Hoang|Ee-Peng Lim
conf/sdm/SemwalYMN18,2018,SDM,inproceedings,A Practitioners' Guide to Transfer Learning for Text Classification using Convolutional Neural Networks.,Tushar Semwal|Promod Yenigalla|Gaurav Mathur|Shivashankar B. Nair
conf/sdm/RajasekaranSBMD24,2024,SDM,inproceedings,COMBOOD: A Semiparametric Approach for Detecting Out-of-distribution Data for Image Classification.,Magesh Rajasekaran|Md Saiful Islam Sajol|Frej Berglind|Supratik Mukhopadhyay|Kamalika Das
conf/sdm/XieZL023,2023,SDM,inproceedings,Multimodal Graph Learning for Cross-Modal Retrieval.,Jingyou Xie|Zishuo Zhao 0001|Zhenzhou Lin|Ying Shen 0001
conf/sdm/HouHZ00W22,2022,SDM,inproceedings,Neural Graph Matching for Pre-training Graph Neural Networks.,Yupeng Hou|Binbin Hu|Wayne Xin Zhao|Zhiqiang Zhang 0012|Jun Zhou 0011|Ji-Rong Wen
conf/sdm/WangLYH0S23,2023,SDM,inproceedings,Heterogeneous Graph Contrastive Multi-view Learning.,Zehong Wang|Qi Li|Donghua Yu|Xiaolong Han|Xiao-Zhi Gao 0001|Shigen Shen
conf/sdm/ZhouSDY19,2019,SDM,inproceedings,Incremental Multi-view Support Vector Machine.,Peng Zhou 0006|Yi-Dong Shen|Liang Du 0003|Fan Ye
conf/sdm/LaRockNSCES20,2020,SDM,inproceedings,HYPA: Efficient Detection of Path Anomalies in Time Series Data on Networks.,Timothy LaRock|Vahan Nanumyan|Ingo Scholtes|Giona Casiraghi|Tina Eliassi-Rad|Frank Schweitzer
conf/sdm/ZhuangKR19,2019,SDM,inproceedings,AMAS: Attention Model for Attributed Sequence Classification.,Zhongfang Zhuang|Xiangnan Kong|Elke A. Rundensteiner
conf/sdm/KhoufacheLAGB24,2024,SDM,inproceedings,Distributed Collapsed Gibbs Sampler for Dirichlet Process Mixture Models in Federated Learning.,Reda Khoufache|Mustapha Lebbah|Hanene Azzag|Djamel Bouchaffra
conf/sdm/WangHYZ24,2024,SDM,inproceedings,On Robust Wasserstein Barycenter: The Model and Algorithm.,Xu Wang 0030|Jiawei Huang 0009|Qingyuan Yang|Jinpeng Zhang
conf/sdm/Zhang0DY024,2024,SDM,inproceedings,Deep Efficient Private Neighbor Generation for Subgraph Federated Learning.,Ke Zhang|Lichao Sun 0001|Bolin Ding|Siu Ming Yiu|Carl Yang 0001
conf/sdm/OkajimaS19,2019,SDM,inproceedings,Decision List Optimization based on Continuous Relaxation.,Yuzuru Okajima|Kunihiko Sadamasa
conf/sdm/ZhangM20,2020,SDM,inproceedings,Stacked Mixed-Order Graph Convolutional Networks for Collaborative Filtering.,Hengrui Zhang|Julian J. McAuley
conf/sdm/0006AK23,2023,SDM,inproceedings,Extrinsic-Intrinsic Representation Learning Framework for Drug Discovery.,Tian Xia 0006|Sarp Aykent|Wei-Shinn Ku
conf/sdm/LiuWGAY20,2020,SDM,inproceedings,BasConv: Aggregating Heterogeneous Interactions for Basket Recommendation with Graph Convolutional Neural Network.,Zhiwei Liu 0001|Mengting Wan|Stephen D. Guo|Kannan Achan|Philip S. Yu
conf/sdm/ZhengZH23,2023,SDM,inproceedings,Fairness-aware Multi-view Clustering.,Lecheng Zheng|Yada Zhu|Jingrui He
conf/sdm/ShalabySSG18,2018,SDM,inproceedings,An LSTM Approach to Patent Classification based on Fixed Hierarchy Vectors.,Marawan Shalaby|Jan Stutzki|Matthias Schubert|Stephan G
conf/sdm/BoleyTBW21,2021,SDM,inproceedings,Better Short than Greedy: Interpretable Models through Optimal Rule Boosting.,Mario Boley|Simon Teshuva|Pierre Le Bodic|Geoffrey I. Webb
conf/sdm/LiZL19,2019,SDM,inproceedings,TMSA: A Mutual Learning Model for Topic Discovery and Word Embedding.,Dingcheng Li|Jingyuan Zhang|Ping Li 0001
conf/sdm/GujralP18,2018,SDM,inproceedings,SMACD: Semi-supervised Multi-Aspect Community Detection.,Ekta Gujral|Evangelos E. Papalexakis
conf/sdm/YaoYWWDG19,2019,SDM,inproceedings,Discovering Multiple Co-Clusterings in Subspaces.,Shixin Yao|Guoxian Yu|Xing Wang|Jun Wang 0035|Carlotta Domeniconi|Maozu Guo 0001
conf/sdm/Zhao0CS22,2022,SDM,inproceedings,Measuring disentangled generative spatio-temporal representation.,Sichen Zhao|Wei Shao 0006|Jeffrey Chan|Flora D. Salim
conf/sdm/NtoutsiSZZ19,2019,EDML@SDM,inproceedings,1st Workshop on Evaluation and Experimental Design in Data Mining and Machine Learning (EDML 2019).,Eirini Ntoutsi|Erich Schubert|Arthur Zimek|Albrecht Zimmermann
conf/sdm/EnnajariBB22,2022,SDM,inproceedings,Knowledge-enhanced Spherical Representation Learning for Text Classification.,Hafsa Ennajari|Nizar Bouguila|Jamal Bentahar
conf/sdm/MaME024,2024,SDM,inproceedings,Training Sparse Graph Neural Networks via Pruning and Sprouting.,Xueqi Ma|Xingjun Ma|Sarah M. Erfani|James Bailey 0001
conf/sdm/WilsonTL20,2020,SDM,inproceedings,Convolutional Methods for Predictive Modeling of Geospatial Data.,Tyler Wilson|Pang-Ning Tan|Lifeng Luo
conf/sdm/HuaiMSLGZ18,2018,SDM,inproceedings,Uncorrelated Patient Similarity Learning.,Mengdi Huai|Chenglin Miao|Qiuling Suo|Yaliang Li|Jing Gao 0004|Aidong Zhang 0001
conf/sdm/BuK21,2021,SDM,inproceedings,Quadratic Residual Networks: A New Class of Neural Networks for Solving Forward and Inverse Problems in Physics Involving PDEs.,Jie Bu|Anuj Karpatne
conf/sdm/DingCYW21,2021,SDM,inproceedings,A Data-Dependent Algorithm for Querying Earth Mover's Distance with Low Doubling Dimensions.,Hu Ding 0003|Tan Chen|Fan Yang|Mingyue Wang
conf/sdm/YanMHY20,2020,SDM,inproceedings,Heterogeneous Dual-Task Clustering with Visual-Textual Information.,Xiaoqiang Yan|Yiqiao Mao|Shizhe Hu|Yangdong Ye
conf/sdm/0047024,2024,SDM,inproceedings,Self-Similar Graph Neural Network for Hierarchical Graph Learning.,Zheng Zhang 0047|Liang Zhao 0002
conf/sdm/0001HZHFH21,2021,SDM,inproceedings,Multi-Armed Bandit Based Feature Selection.,Kunpeng Liu 0001|Haibo Huang|Wei Zhang 0076|Ahmad Hariri|Yanjie Fu|Kien A. Hua
conf/sdm/AnjumAXH21,2021,SDM,inproceedings,PhraseScope: An Effective and Unsupervised Framework for Mining High Quality Phrases.,Omer Anjum|Mohammad Almasri|Jinjun Xiong|Wen-Mei W. Hwu
conf/sdm/HeQR19,2019,SDM,inproceedings,Query-Aware Bayesian Committee Machine for Scalable Gaussian Process Regression.,Jiayuan He 0002|Jianzhong Qi 0001|Kotagiri Ramamohanarao
conf/sdm/GaoDZ024,2024,SDM,inproceedings,Decentralized Stochastic Compositional Gradient Descent for AUPRC Maximization.,Hongchang Gao|Yubin Duan|Yihan Zhang|Jie Wu 0001
conf/sdm/YooS22,2022,SDM,inproceedings,Transition Matrix Representation of Trees with Transposed Convolutions.,Jaemin Yoo|Lee Sael
conf/sdm/AhmedBFZ23,2023,SDM,inproceedings,Attention-Based Multi-modal Missing Value Imputation for Time Series Data with High Missing Rate.,Khandakar Tanvir Ahmed|Sudipto Baul|Yanjie Fu|Wei Zhang 0076
conf/sdm/BauerLBP23,2023,SDM,inproceedings,Extension of the Dip-test Repertoire - Efficient and Differentiable p-value Calculation for Clustering.,Lena G. M. Bauer|Collin Leiber|Christian B|Claudia Plant
conf/sdm/NayakGJMK20,2020,SDM,inproceedings,Semi-supervised Classification using Attention-based Regularization on Coarse-resolution Data.,Guruprasad Nayak|Rahul Ghosh|Xiaowei Jia|Varun Mithal|Vipin Kumar 0001
conf/sdm/Zhang0GL23,2023,SDM,inproceedings,CISum: Learning Cross-modality Interaction to Enhance Multimodal Semantic Coverage for Multimodal Summarization.,Litian Zhang|Xiaoming Zhang 0001|Ziming Guo|Zhipeng Liu
conf/sdm/WuDSSC18,2018,SDM,inproceedings,Who will Attend This Event Together? Event Attendance Prediction via Deep LSTM Networks.,Xian Wu 0003|Yuxiao Dong|Baoxu Shi|Ananthram Swami|Nitesh V. Chawla
conf/sdm/ZhouSW19,2019,SDM,inproceedings,Mining Rules Incrementally over Large Knowledge Bases.,Xiaofeng Zhou 0003|Ali Sadeghian|Daisy Zhe Wang
conf/sdm/0001KC23,2023,SDM,inproceedings,On Improving Fairness of AI Models with Synthetic Minority Oversampling Techniques.,Yan Zhou 0001|Murat Kantarcioglu|Chris Clifton
conf/sdm/LavaniaWIB21,2021,SDM,inproceedings,A Practical Online Framework for Extracting Running Video Summaries under a Fixed Memory Budget.,Chandrashekhar Lavania|Kai Wei|Rishabh K. Iyer|Jeff A. Bilmes
conf/sdm/AshfahaniP19,2019,SDM,inproceedings,Autonomous Deep Learning: Continual Learning Approach for Dynamic Environments.,Andri Ashfahani|Mahardhika Pratama
conf/sdm/MarufK21,2021,SDM,inproceedings,Maximizing Cohesion and Separation in Graph Representation Learning: A Distance-aware Negative Sampling Approach.,M. Maruf|Anuj Karpatne
conf/sdm/LiuPY20,2020,SDM,inproceedings,Efficient and Effective Graph Convolution Networks.,Siwu Liu|Ji Hwan Park|Shinjae Yoo
conf/sdm/StradiottiPD24,2024,SDM,inproceedings,Semi-Supervised Isolation Forest for Anomaly Detection.,Luca Stradiotti|Lorenzo Perini|Jesse Davis
conf/sdm/MaMB23,2023,SDM,inproceedings,GIST: Graph Inference for Structured Time Series.,Boya Ma|Maxwell McNeil|Petko Bogdanov
conf/sdm/JinWY21,2021,SDM,inproceedings,Inter-Series Attention Model for COVID-19 Forecasting.,Xiaoyong Jin|Yu-Xiang Wang 0003|Xifeng Yan
conf/sdm/QinWZ23,2023,SDM,inproceedings,Learning Causal Structure on Mixed Data with Tree-Structured Functional Models.,Tian Qin|Tian-Zuo Wang|Zhi-Hua Zhou
conf/sdm/GertheissS23,2023,SDM,inproceedings,"Penalized Non-Linear Canonical Correlation Analysis for Ordinal Data with Application to the International Classification of Functioning, Disability and Health.",Jan Gertheiss|Russell T. Shinohara
conf/sdm/Holznigenkemper23,2023,SDM,inproceedings,Exact and Heuristic Approaches to Speeding Up the MSM Time Series Distance Computation.,Jana Holznigenkemper|Christian Komusiewicz|Bernhard Seeger
conf/sdm/LiuTZ19,2019,SDM,inproceedings,Augmented Multi-Task Learning by Optimal Transport.,Boyang Liu|Pang-Ning Tan|Jiayu Zhou
conf/sdm/JiaCZX0K23,2023,SDM,inproceedings,Physics-guided Graph Diffusion Network for Combining Heterogeneous Simulated Data: An Application in Predicting Stream Water Temperature.,Xiaowei Jia|Shengyu Chen|Can Zheng|Yiqun Xie|Zhe Jiang 0001|Nasrin Kalanat
conf/sdm/LiW22,2022,SDM,inproceedings,Adaptive Principal Component Analysis.,Xiangyu Li|Hua Wang 0007
conf/sdm/ZhangSCMRM23,2023,SDM,inproceedings,Making a Computational Attorney.,Dell Zhang|Frank Schilder|Jack G. Conrad|Masoud Makrehchi|David von Rickenbach|Isabelle Moulinier
conf/sdm/BaiWD18,2018,SDM,inproceedings,Mixtures of Block Models for Brain Networks.,Zilong Bai|Peter B. Walker|Ian Davidson
conf/sdm/ZhaoL0024,2024,SDM,inproceedings,HADT: Human-AI Diagnostic Team via Hierarchical Reinforcement Learning.,Xuehan Zhao|Jiaqi Liu 0002|Zhiwen Yu 0001|Bin Guo 0001
conf/sdm/HessPM18,2018,SDM,inproceedings,The Trustworthy Pal: Controlling the False Discovery Rate in Boolean Matrix Factorization.,Sibylle Hess|Nico Piatkowski|Katharina Morik
conf/sdm/ZhangGM19,2019,SDM,inproceedings,ABACUS: Unsupervised Multivariate Change Detection via Bayesian Source Separation.,Wenyu Zhang 0003|Daniel E. Gilbert|David S. Matteson
conf/sdm/DaiKLLM20,2020,SDM,inproceedings,Dual-Attention Recurrent Networks for Affine Registration of Neuroimaging Data.,Xin Dai|Xiangnan Kong|Xinyue Liu 0003|John Boaz Lee|Constance M. Moore
conf/sdm/Kandanaarachchi19,2019,EDML@SDM,inproceedings,Instance Space Analysis for Unsupervised Outlier Detection.,Sevvandi Kandanaarachchi|Mario A. Mu|Kate Smith-Miles
conf/sdm/VajjalaMPZR24,2024,SDM,inproceedings,Vietoris-Rips Complex: A New Direction for Cross-Domain Cold-Start Recommendation.,Ajay Krishna Vajjala|Dipak Falgun Meher|Shrunal Pothagoni|Ziwei Zhu 0001|David S. Rosenblum
conf/sdm/MinatoKIMK19,2019,SDM,inproceedings,A Fast Algorithm for Combinatorial Hotspot Mining Based on Spatial Scan Statistic.,Shin-ichi Minato|Jun Kawahara|Fumio Ishioka|Masahiro Mizuta|Koji Kurihara
conf/sdm/OktayAJ19,2019,SDM,inproceedings,Identifying When Effect Restoration Will Improve Estimates of Causal Effect.,H|Akanksha Atrey|David D. Jensen
conf/sdm/SrinivasanZK21,2021,SDM,inproceedings,Learning over Families of Sets - Hypergraph Representation Learning for Higher Order Tasks.,Balasubramaniam Srinivasan|Da Zheng 0004|George Karypis
conf/sdm/DingZZLT022,2022,SDM,inproceedings,Multi-class Label Noise Learning via Loss Decomposition and Centroid Estimation.,Yongliang Ding|Tao Zhou 0002|Chuang Zhang|Yijing Luo|Juan Tang|Chen Gong 0002
conf/sdm/TaymouriRE21,2021,SDM,inproceedings,A Deep Adversarial Model for Suffix and Remaining Time Prediction of Event Sequences.,Farbod Taymouri|Marcello La Rosa|Sarah M. Erfani
conf/sdm/WuKID20,2020,SDM,inproceedings,Deep Kernel Learning for Clustering.,Chieh Wu|Zulqarnain Khan|Stratis Ioannidis|Jennifer G. Dy
conf/sdm/Saldias-Fuentes19,2019,SDM,inproceedings,A Full Probabilistic Model for Yes/No Type Crowdsourcing in Multi-Class Classification.,Bel|Pavlos Protopapas|Karim Pichara B.
conf/sdm/FouldsIKP20,2020,SDM,inproceedings,Bayesian Modeling of Intersectional Fairness: The Variance of Bias.,James R. Foulds|Rashidul Islam|Kamrun Naher Keya|Shimei Pan
conf/sdm/Lu0W024,2024,SDM,inproceedings,Towards Optimization and Model Selection for Domain Generalization: A Mixup-guided Solution.,Wang Lu|Jindong Wang 0001|Yidong Wang|Xing Xie 0001
conf/sdm/Pham0022,2022,SDM,inproceedings,FAME: Fragment-based Conditional Molecular Generation for Phenotypic Drug Discovery.,Thai-Hoang Pham|Lei Xie 0006|Ping Zhang 0016
conf/sdm/ItoF22,2022,SDM,inproceedings,DualCast: Friendship-Preference Co-evolution Forecasting for Attributed Networks.,Hiroyoshi Ito|Christos Faloutsos
conf/sdm/WangDZC21,2021,SDM,inproceedings,Session-based Recommendation with Hypergraph Attention Networks.,Jianling Wang|Kaize Ding|Ziwei Zhu 0001|James Caverlee
conf/sdm/0002QYZ22,2022,SDM,inproceedings,Adapting Distilled Knowledge for Few-shot Relation Reasoning over Knowledge Graphs.,Yiming Zhang 0002|Yiyue Qian|Yanfang Ye 0001|Chuxu Zhang
conf/sdm/ZhouZQJWC23,2023,SDM,inproceedings,A Physics-guided NN-based Approach for Tropical Cyclone Intensity Estimation.,Ziheng Zhou|Ying Zhao|Yiyu Qing|Wenming Jiang|Yihan Wu|Wenguang Chen
conf/sdm/WangLISG18,2018,SDM,inproceedings,Online IT Ticket Automation Recommendation Using Hierarchical Multi-armed Bandit Algorithms.,Qing Wang 0016|Tao Li 0001|S. S. Iyengar 0001|Larisa Shwartz|Genady Ya. Grabarnik
conf/sdm/AggarwalLY21,2021,SDM,inproceedings,Signature-Based Anomaly Detection in Networks.,Charu C. Aggarwal|Yao Li|Philip S. Yu
conf/sdm/ChenXLLJ23,2023,SDM,inproceedings,Physics-Guided Meta-Learning Method in Baseflow Prediction over Large Regions.,Shengyu Chen|Yiqun Xie|Xiang Li|Xu Liang|Xiaowei Jia
conf/sdm/JiangH0S20,2020,SDM,inproceedings,Multiplex Memory Network for Collaborative Filtering.,Xunqiang Jiang|Binbin Hu|Yuan Fang 0001|Chuan Shi 0001
conf/sdm/HeRWC22,2022,SDM,inproceedings,SSSNET: Semi-Supervised Signed Network Clustering.,Yixuan He 0001|Gesine Reinert|Songchao Wang|Mihai Cucuringu
conf/sdm/FreitasWCN20,2020,SDM,inproceedings,D,Scott Freitas|Andrew Wicker|Duen Horng (Polo) Chau|Joshua Neil
conf/sdm/XieS19,2019,SDM,inproceedings,A Nondeterministic Normalization based Scan Statistic (NN-scan) towards Robust Hotspot Detection: A Summary of Results.,Yiqun Xie|Shashi Shekhar 0001
conf/sdm/XuPFTJZ21,2021,SDM,inproceedings,Reconstruction-based Anomaly Detection with Completely Random Forest.,Yi-Xuan Xu|Ming Pang|Ji Feng|Kai Ming Ting|Yuan Jiang 0001|Zhi-Hua Zhou
conf/sdm/HuangGB21,2021,SDM,inproceedings,Density of States Graph Kernels.,Leo Huang|Andrew J. Graven|David Bindel
conf/sdm/HagedornH21,2021,SDM,inproceedings,GPU-Accelerated Constraint-Based Causal Structure Learning for Discrete Data.,Christopher Hagedorn|Johannes Huegle
conf/sdm/GuoAS18,2018,SDM,inproceedings,Strongly Hierarchical Factorization Machines and ANOVA Kernel Regression.,Ruocheng Guo|Hamidreza Alvari|Paulo Shakarian
conf/sdm/LiangJS018,2018,SDM,inproceedings,Semi-supervised Embedding in Attributed Networks with Outliers.,Jiongqian Liang|Peter Jacobs|Jiankai Sun|Srinivasan Parthasarathy 0001
conf/sdm/ChiangLLL18,2018,SDM,inproceedings,Limited-memory Common-directions Method for Distributed Ll-regularized Linear Classification.,Wei-Lin Chiang|Yu-Sheng Li 0001|Ching-Pei Lee|Chih-Jen Lin
conf/sdm/ChenTCXZ18,2018,SDM,inproceedings,On2Vec: Embedding-based Relation Prediction for Ontology Population.,Muhao Chen 0001|Yingtao Tian|Xuelu Chen|Zijun Xue|Carlo Zaniolo
conf/sdm/GhiassiBC23,2023,SDM,inproceedings,Robust Learning via Golden Symmetric Loss of (un)Trusted Labels.,Amirmasoud Ghiassi|Robert Birke|Lydia Y. Chen
conf/sdm/AumullerC19,2019,EDML@SDM,inproceedings,Benchmarking Nearest Neighbor Search: Influence of Local Intrinsic Dimensionality and Result Diversity in Real-World Datasets.,Martin Aum|Matteo Ceccarello
conf/sdm/VeldtKG19,2019,SDM,inproceedings,Flow-Based Local Graph Clustering with Better Seed Set Inclusion.,Nate Veldt|Christine Klymko|David F. Gleich
conf/sdm/YangHSX24,2024,SDM,inproceedings,Refining Pre-trained Language Models for Domain Adaptation with Entity-Aware Discriminative and Contrastive Learning.,Jian Yang|Xinyu Hu|Yulong Shen|Gang Xiao
conf/sdm/Li00024,2024,SDM,inproceedings,CausalCDR: Causal Embedding Learning for Cross-domain Recommendation.,Fengxin Li|Hongyan Liu 0002|Jun He 0008|Xiaoyong Du 0001
conf/sdm/ChengW018,2018,SDM,inproceedings,Network Inference from Contrastive Groups Using Discriminative Structural Regularization.,Ruihua Cheng|Zhi Wei 0001|Kai Zhang 0001
conf/sdm/00010ST24,2024,SDM,inproceedings,Feature-Engineered Random Forests.,Saket Sathe 0001|Charu Aggarwal 0001|Horst Samulowitz|Deepak S. Turaga
conf/sdm/00120LTC22,2022,SDM,inproceedings,Unseen Anomaly Detection on Networks via Multi-Hypersphere Learning.,Shuang Zhou 0012|Xiao Huang 0001|Ninghao Liu 0001|Qiaoyu Tan|Fu-Lai Chung
conf/sdm/Hu0WWLF24,2024,SDM,inproceedings,Dual-stage Flows-based Generative Modeling for Traceable Urban Planning.,Xuanming Hu|Wei Fan 0010|Dongjie Wang|Pengyang Wang|Yong Li 0008|Yanjie Fu
conf/sdm/LeeKMS18,2018,SDM,inproceedings,Interpretable Categorization of Heterogeneous Time Series Data.,Ritchie Lee|Mykel J. Kochenderfer|Ole J. Mengshoel|Joshua Silbermann
conf/sdm/0018PYWS21,2021,SDM,inproceedings,LDFeRR: A Fuel-efficient Route Recommendation Approach for Long-distance Driving Based on Historical Trajectories.,Min Liu 0018|Zhaohui Peng|Xiaohui Yu 0001|Senzhang Wang|Qiao Song
conf/sdm/HeXLJZJ24,2024,SDM,inproceedings,"Knowledge Guided Machine Learning for Extracting, Preserving, and Adapting Physics-aware Features.",Erhu He|Yiqun Xie|Licheng Liu|Zhenong Jin|Dajun Zhang 0001|Xiaowei Jia
conf/sdm/MojsilovicU19,2019,SDM,inproceedings,Relative distance comparisons with confidence judgements.,Stefan Mojsilovic|Antti Ukkonen
conf/sdm/BentoI18,2018,SDM,inproceedings,A Family of Tractable Graph Distances.,Jos|Stratis Ioannidis
conf/sdm/SilvaPF18,2018,SDM,inproceedings,A Novel Genetic Algorithm for Feature Selection in Hierarchical Feature Spaces.,Pablo Nascimento da Silva|Alexandre Plastino 0001|Alex Alves Freitas
conf/sdm/SilvaGMH21,2021,SDM,inproceedings,UNIANO: robust and efficient anomaly consensus in time series sensitive to cross-correlated anomaly profiles.,Leonor Silva|Helena Galhardas|Vasco Manquinho|Rui Henriques
conf/sdm/ZhuangH22,2022,SDM,inproceedings,Deperturbation of Online Social Networks via Bayesian Label Transition.,Jun Zhuang 0004|Mohammad Al Hasan
conf/sdm/ZhaoZZX0T23,2023,SDM,inproceedings,Feature Enhanced Zero-Shot Stance Detection via Contrastive Learning.,Xuechen Zhao|Jiaying Zou|Zhong Zhang|Feng Xie 0003|Bin Zhou 0004|Lei Tian
conf/sdm/AggarwalLY20,2020,SDM,inproceedings,On Supervised Change Detection in Graph Streams.,Charu C. Aggarwal|Yao Li|Philip S. Yu
conf/sdm/HanCGMM022,2022,SDM,inproceedings,Leveraging Contextual Graphs for Stochastic Weight Completion in Sparse Road Networks.,Xiaolin Han 0002|Reynold Cheng|Tobias Grubenmann|Silviu Maniu|Chenhao Ma 0001|Xiaodong Li 0009
conf/sdm/LiuY022,2022,SDM,inproceedings,Sensitivity-aware Distance Measurement for Boosting Metric Learning.,Haoliang Liu|Tan Yu|Ping Li 0001
conf/sdm/WeiLZM22,2022,SDM,inproceedings,Flexible Image Captioning via Internal Understanding and External Reasoning.,Jiahui Wei|Zhixin Li 0001|Jianwei Zhu|Huifang Ma
conf/sdm/VombatkereT23,2023,SDM,inproceedings,Balancing Task Coverage and Expert Workload in Team Formation.,Karan Vombatkere|Evimaria Terzi
conf/sdm/BrillFFJNS18,2018,SDM,inproceedings,Exact Mean Computation in Dynamic Time Warping Spaces.,Markus Brill|Till Fluschnik|Vincent Froese|Brijnesh J. Jain|Rolf Niedermeier|David Schultz
conf/sdm/MukherjeeGB22,2022,SDM,inproceedings,DeepGLSTM: Deep Graph Convolutional Network and LSTM based approach for predicting drug-target binding affinity.,Shrimon Mukherjee|Madhusudan Ghosh|Partha Basuchowdhuri
conf/sdm/ChengPZNSY24,2024,SDM,inproceedings,An Image Dataset for Benchmarking Recommender Systems with Raw Pixels.,Yu Cheng 0011|Yunzhu Pan|Jiaqi Zhang|Yongxin Ni|Aixin Sun|Fajie Yuan
conf/sdm/LiYZY18,2018,SDM,inproceedings,Multi-Task Learning based Survival Analysis for Predicting Alzheimer's Disease Progression with Multi-Source Block-wise Missing Data.,Yan Li 0052|Tao Yang 0016|Jiayu Zhou|Jieping Ye
conf/sdm/RezaeiGS21,2021,SDM,inproceedings,Influencers and the Giant Component: The Fundamental Hardness in Privacy Protection for Socially Contagious Attributes.,Aria Rezaei|Jie Gao 0001|Anand D. Sarwate
conf/sdm/TafazoliK23,2023,SDM,inproceedings,Matrix Profile XXVIII: Discovering Multi-Dimensional Time Series Anomalies with,Sadaf Tafazoli|Eamonn J. Keogh
conf/sdm/DaiWPC18,2018,SDM,inproceedings,Brain EEG Time Series Selection: A Novel Graph-Based Approach for Classification.,Chenglong Dai|Jia Wu 0001|Dechang Pi|Lin Cui 0002
conf/sdm/YangJEJNS23,2023,SDM,inproceedings,Data Mining Challenges and Opportunities to Achieve Net Zero Carbon Emissions: Focus on Electrified Vehicles.,Mingzhou Yang 0001|Bharat Jayaprakash|Matthew Eagon|Hyeonjung (Tari) Jung|William F. Northrop|Shashi Shekhar 0001
conf/sdm/ChaudhariMT18,2018,SDM,inproceedings,Markov Chain Monitoring.,Harshal A. Chaudhari|Michael Mathioudakis|Evimaria Terzi
conf/sdm/BelaidBL19,2019,SDM,inproceedings,Constraint Programming for Association Rules.,Mohamed-Bachir Belaid|Christian Bessiere|Nadjib Lazaar
conf/sdm/KummerSRG23,2023,SDM,inproceedings,Adaptive Precision Training (AdaPT): A dynamic quantized training approach for DNNs.,Lorenz Kummer|Kevin Sidak|Tabea Reichmann|Wilfried N. Gansterer
conf/sdm/StanojevicATCFA18,2018,SDM,inproceedings,Robust Road Map Inference through Network Alignment of Trajectories.,Rade Stanojevic|Sofiane Abbar|Saravanan Thirumuruganathan|Sanjay Chawla|Fethi Filali|Ahid Aleimat
conf/sdm/ZhangWYZ022,2022,SDM,inproceedings,HG-Meta: Graph Meta-learning over Heterogeneous Graphs.,Qiannan Zhang|Xiaodong Wu|Qiang Yang 0015|Chuxu Zhang|Xiangliang Zhang 0001
conf/sdm/00010H22,2022,SDM,inproceedings,Improved Knowledge Distillation via Full Kernel Matrix Transfer.,Qi Qian 0001|Hao Li 0030|Juhua Hu
conf/sdm/LiuWZFD18,2018,SDM,inproceedings,Modeling the Interaction Coupling of Multi-View Spatiotemporal Contexts for Destination Prediction.,Kunpeng Liu 0001|Pengyang Wang|Jiawei Zhang 0001|Yanjie Fu|Sajal K. Das 0001
conf/sdm/MalikUHKA21,2021,SDM,inproceedings,Dynamic Graph Convolutional Networks Using the Tensor M-Product.,Osman Asif Malik|Shashanka Ubaru|Lior Horesh|Misha E. Kilmer|Haim Avron
conf/sdm/KaraevHM18,2018,SDM,inproceedings,Latitude: A Model for Mixed Linear-Tropical Matrix Factorization.,Sanjar Karaev|James L. Hook|Pauli Miettinen
conf/sdm/YuAW18,2018,SDM,inproceedings,Modeling Co-Evolution Across Multiple Networks.,Wenchao Yu|Charu C. Aggarwal|Wei Wang 0010
conf/sdm/CarvalhoVF023,2023,SDM,inproceedings,TEM: High Utility Metric Differential Privacy on Text.,Ricardo Silva Carvalho|Theodore Vasiloudis|Oluwaseyi Feyisetan|Ke Wang 0001
conf/sdm/LasserreSKBVS20,2020,SDM,inproceedings,Meta-Learning for Size and Fit Recommendation in Fashion.,Julia Lasserre|Abdul-Saboor Sheikh|Evgenii Koriagin|Urs Bergmann|Roland Vollgraf|Reza Shirvany
conf/sdm/AnYKWK21,2021,SDM,inproceedings,GraphShop: Graph-based Approach for Shop-type Recommendation.,Guoyuan An|Sung Eui Yoon|Jae Yoon Kim|Lin Wang|Myoung Ho Kim
conf/sdm/NguyenC24,2024,SDM,inproceedings,Towards Tuning-Free Minimum-Volume Nonnegative Matrix Factorization.,Duc Toan Nguyen|Eric C. Chi
conf/sdm/RenH24,2024,SDM,inproceedings,EsaCL: An Efficient Continual Learning Algorithm.,Weijieying Ren|Vasant G. Honavar
conf/sdm/Christakopoulou18,2018,SDM,inproceedings,Learning to Interact with Users: A Collaborative-Bandit Approach.,Konstantina Christakopoulou|Arindam Banerjee 0001
conf/sdm/YangSCZD23,2023,SDM,inproceedings,A Linkage-based Doubly Imbalanced Graph Learning Framework for Face Clustering.,Huafeng Yang|Qijie Shen|Xingjian Chen|Fangyi Zhang|Rong Du
conf/sdm/WangZLFA18,2018,SDM,inproceedings,Ensemble-Spotting: Ranking Urban Vibrancy via POI Embedding with Multi-view Spatial Graphs.,Pengyang Wang|Jiawei Zhang 0001|Guannan Liu 0004|Yanjie Fu|Charu C. Aggarwal
conf/sdm/KylasaRMG19,2019,SDM,inproceedings,GPU Accelerated Sub-Sampled Newton's Method for Convex Classification Problems.,Sudhir B. Kylasa|Fred (Farbod) Roosta|Michael W. Mahoney|Ananth Grama
conf/sdm/SaitoSN19,2019,SDM,inproceedings,Doubly Robust Prediction and Evaluation Methods Improve Uplift Modeling for Observational Data.,Yuta Saito|Hayato Sakata|Kazuhide Nakata
conf/sdm/MaWAYT19,2019,SDM,inproceedings,Multi-dimensional Graph Convolutional Networks.,Yao Ma 0001|Suhang Wang|Charu C. Aggarwal|Dawei Yin 0001|Jiliang Tang
conf/sdm/OettershagenK0M20,2020,SDM,inproceedings,Temporal Graph Kernels for Classifying Dissemination Processes.,Lutz Oettershagen|Nils M. Kriege|Christopher Morris 0001|Petra Mutzel
conf/sdm/DiochnosT21,2021,SDM,inproceedings,Learning Reliable Rules under Class Imbalance.,Dimitrios I. Diochnos|Theodore B. Trafalis
conf/sdm/HuangCC18,2018,SDM,inproceedings,A Salient Ensemble of Trees using Cascaded Linear Classifiers with Feature-Cost Constraints.,Chien-Wen Huang|Chung-Kuang Chou|Ming-Syan Chen
conf/sdm/DingLLJ18,2018,SDM,inproceedings,Click versus Share: A Feature-driven Study of Micro-Video Popularity and Virality in Social Media.,Jingtao Ding|Yanghao Li|Yong Li 0008|Depeng Jin
conf/sdm/YangLDZJH20,2020,SDM,inproceedings,Deep Neural Networks with Knowledge Instillation.,Fan Yang 0023|Ninghao Liu 0001|Mengnan Du|Kaixiong Zhou|Shuiwang Ji|Xia Hu 0001
conf/sdm/00080ZF22,2022,SDM,inproceedings,Unifying Human Mobility Forecasting and Trajectory Semantics Augmentation via Hawkes Process Based LSTM.,Pengfei Wang 0008|Kunpeng Liu 0001|Yuanchun Zhou|Yanjie Fu
conf/sdm/SaitoSN20,2020,SDM,inproceedings,Cost-Effective and Stable Policy Optimization Algorithm for Uplift Modeling with Multiple Treatments.,Yuta Saito|Hayato Sakata|Kazuhide Nakata
conf/sdm/CharoenphakdeeS19,2019,SDM,inproceedings,Positive-Unlabeled Classification under Class Prior Shift and Asymmetric Error.,Nontawat Charoenphakdee|Masashi Sugiyama
conf/sdm/SmithHSK18,2018,SDM,inproceedings,Streaming Tensor Factorization for Infinite Data Sources.,Shaden Smith|Kejun Huang|Nicholas D. Sidiropoulos|George Karypis
conf/sdm/ShiGZK018,2018,SDM,inproceedings,AspEm: Embedding Learning by Aspects in Heterogeneous Information Networks.,Yu Shi 0002|Huan Gui|Qi Zhu 0008|Lance M. Kaplan|Jiawei Han 0001
conf/sdm/LezcanoA19,2019,EDML@SDM,inproceedings,Characterizing Transactional Databases for Frequent Itemset Mining.,Christian Lezcano|Marta Arias
conf/sdm/FanJZY22,2022,SDM,inproceedings,Heterogeneous Temporal Graph Neural Network.,Yujie Fan|Mingxuan Ju|Chuxu Zhang|Yanfang Ye 0001
conf/sdm/McNeilMB22,2022,SDM,inproceedings,SAGA: Signal-Aware Graph Aggregation.,Maxwell McNeil|Boya Ma|Petko Bogdanov
conf/sdm/HooiSPJPF18,2018,SDM,inproceedings,StreamCast: Fast and Online Mining of Power Grid Time Sequences.,Bryan Hooi|Hyun Ah Song|Amritanshu Pandey|Marko Jereminov|Larry T. Pileggi|Christos Faloutsos
conf/sdm/WangS22,2022,SDM,inproceedings,Time-aware Multi-interest Capsule Network for Sequential Recommendation.,Zhikai Wang|Yanyan Shen
conf/sdm/BrowneMTVB19,2019,SDM,inproceedings,"Forest Packing: Fast Parallel, Decision Forests.",James Browne|Disa Mhembere|Tyler M. Tomita|Joshua T. Vogelstein|Randal C. Burns
conf/sdm/WangHZ19,2019,SDM,inproceedings,Towards Identifying Causal Relation Between Instances and Labels.,Tian-Zuo Wang|Sheng-Jun Huang|Zhi-Hua Zhou
conf/sdm/WangMWTZG21,2021,SDM,inproceedings,Towards Learning Outcome Prediction via Modeling Question Explanations and Student Responses.,Tianqi Wang|Fenglong Ma|Yaqing Wang 0001|Tang Tang|Longfei Zhang|Jing Gao 0004
conf/sdm/ChouHSCS022,2022,SDM,inproceedings,GRP-FED: Addressing Client Imbalance in Federated Learning via Global-Regularized Personalization.,Yen-hsiu Chou|Shenda Hong|Chenxi Sun|Derun Cai|Moxian Song|Hongyan Li 0002
conf/sdm/0001XCY0W22,2022,SDM,inproceedings,Structure-Enhanced Heterogeneous Graph Contrastive Learning.,Yanqiao Zhu 0001|Yichen Xu 0008|Hejie Cui|Carl Yang 0001|Qiang Liu 0006|Shu Wu
conf/sdm/OehmckeG22,2022,SDM,inproceedings,Input Selection for Bandwidth-Limited Neural Network Inference.,Stefan Oehmcke|Fabian Gieseke
conf/sdm/0001MLF23,2023,SDM,inproceedings,Max-Min Diversification with Fairness Constraints: Exact and Approximation Algorithms.,Yanhao Wang 0001|Michael Mathioudakis|Jia Li|Francesco Fabbri
conf/sdm/PengHYS18,2018,SDM,inproceedings,Global Nonlinear Metric Learning by Gluing Local Linear Metrics.,Yaxin Peng|Lingfang Hu|Shihui Ying|Chaomin Shen 0001
conf/sdm/Guo0LWS24,2024,SDM,inproceedings,DualVAE: Dual Disentangled Variational AutoEncoder for Recommendation.,Zhiqiang Guo|Guohui Li 0001|Jianjun Li 0010|Chaoyang Wang 0002|Si Shi
conf/sdm/0002ZP021,2021,SDM,inproceedings,Disentangled Dynamic Graph Deep Generation.,Wenbin Zhang 0002|Liming Zhang|Dieter Pfoser|Liang Zhao 0002
conf/sdm/LuoH19,2019,SDM,inproceedings,Region-Based Active Learning with Hierarchical and Adaptive Region Construction.,Zhipeng Luo|Milos Hauskrecht
conf/sdm/KeyaIPSF21,2021,SDM,inproceedings,Equitable Allocation of Healthcare Resources with Fair Survival Models.,Kamrun Naher Keya|Rashidul Islam|Shimei Pan|Ian Stockwell|James R. Foulds
conf/sdm/ZhangG20,2020,SDM,inproceedings,Maximizing diversity over clustered data.,Guangyi Zhang 0001|Aristides Gionis
conf/sdm/SchneiderV18,2018,SDM,inproceedings,Topic Modeling based on Keywords and Context.,Johannes Schneider 0002|Michail Vlachos
conf/sdm/JackECRL23,2023,SDM,inproceedings,It's PageRank All The Way Down: Simplifying Deep Graph Networks.,Dominic Jack|Sarah M. Erfani|Jeffrey Chan|Sutharshan Rajasegarar|Christopher Leckie
conf/sdm/RenNR18,2018,SDM,inproceedings,ALE: Additive Latent Effect Models for Grade Prediction.,Zhiyun Ren|Xia Ning|Huzefa Rangwala
conf/sdm/OzcanMI21,2021,SDM,inproceedings,Submodular Maximization via Taylor Series Approximation.,G|Armin Moharrer|Stratis Ioannidis
conf/sdm/GaoH21,2021,SDM,inproceedings,Faster Stochastic Second Order Method for Large-Scale Machine Learning Models.,Hongchang Gao|Heng Huang 0001
conf/sdm/ZhouLLSSC21,2021,SDM,inproceedings,DPGS: Degree-Preserving Graph Summarization.,Houquan Zhou 0002|Shenghua Liu|Kyuhan Lee|Kijung Shin|Huawei Shen|Xueqi Cheng
conf/sdm/YinCFP21,2021,SDM,inproceedings,TedPar: Temporally Dependent PARAFAC2 Factorization for Phenotype-based Disease Progression Modeling.,Kejing Yin|William K. Cheung 0001|Benjamin C. M. Fung|Jonathan Poon
conf/sdm/TobinHZ23,2023,SDM,inproceedings,Reinforced EM Algorithm for Clustering with Gaussian Mixture Models.,Joshua Tobin|Chin Pang Ho|Mimi Zhang
conf/sdm/LaishramSEPS20,2020,SDM,inproceedings,Residual Core Maximization: An Efficient Algorithm for Maximizing the Size of the,Ricky Laishram|Ahmet Erdem Sariy|Tina Eliassi-Rad|Ali Pinar|Sucheta Soundarajan
conf/sdm/FeremansCG18,2018,SDM,inproceedings,Mining Top-,Len Feremans|Boris Cule|Bart Goethals
conf/sdm/PiasMVD23,2023,SDM,inproceedings,A novel reject option applied to sleep stage scoring.,Dries Van der Plas|Wannes Meert|Johan Verbraecken|Jesse Davis
conf/sdm/LiQZL20,2020,SDM,inproceedings,Knowledge guided diagnosis prediction via graph spatial-temporal network.,Yang Li 0139|Buyue Qian|Xianli Zhang|Hui Liu
conf/sdm/ItoTSYI20,2020,SDM,inproceedings,SSNN: Sentiment Shift Neural Network.,Tomoki Ito|Kota Tsubouchi|Hiroki Sakaji|Tatsuo Yamashita|Kiyoshi Izumi
conf/sdm/ChooS22,2022,SDM,inproceedings,On the Persistence of Higher-Order Interactions in Real-World Hypergraphs.,Hyunjin Choo|Kijung Shin
conf/sdm/TanPW19,2019,SDM,inproceedings,Elastic bands across the path: A new framework and method to lower bound DTW.,Chang Wei Tan|Fran|Geoffrey I. Webb
conf/sdm/Gu0022,2022,SDM,inproceedings,Entropy Weight Allocation: Positive-unlabeled Learning via Optimal Transport.,Wen Gu|Teng Zhang 0001|Hai Jin 0001
conf/sdm/HanCSGO19,2019,SDM,inproceedings,Temporal Graph Regression via Structure-Aware Intrinsic Representation Learning.,Chao Han 0003|Xi Hang Cao|Marija Stanojevic|Mohamed F. Ghalwash|Zoran Obradovic
conf/sdm/SyuLY23,2023,SDM,inproceedings,Anomaly Detection Networks and Fuzzy Control Modules for Energy Grid Management with Q-Learning-Based Decision Making.,Jia-Hao Syu|Jerry Chun-Wei Lin|Philip S. Yu
conf/sdm/YangC19,2019,SDM,inproceedings,Relationship Profiling over Social Networks: Reverse Smoothness from Similarity to Closeness.,Carl Yang 0001|Kevin Chang 0001
conf/sdm/MitraVPR20,2020,SDM,inproceedings,A Unified Non-Negative Matrix Factorization Framework for Semi Supervised Learning on Graphs.,Anasua Mitra|Priyesh Vijayan|Srinivasan Parthasarathy 0001|Balaraman Ravindran
conf/sdm/Ng0FLC022,2022,SDM,inproceedings,Masked Gradient-Based Causal Structure Learning.,Ignavier Ng|Shengyu Zhu 0001|Zhuangyan Fang|Haoyang Li 0002|Zhitang Chen|Jun Wang 0012
conf/sdm/FanWCHH19,2019,SDM,inproceedings,SPMM: A Soft Piecewise Mapping Model for Bilingual Lexicon Induction.,Yan Fan|Chengyu Wang 0001|Boxing Chen|Zhongkai Hu|Xiaofeng He
conf/sdm/PoursafaeiZR22,2022,SDM,inproceedings,A Strong Node Classification Baseline for Temporal Graphs.,Farimah Poursafaei|Zeljko Zilic|Reihaneh Rabbany
conf/sdm/YuTAEV21,2021,SDM,inproceedings,POTION : Optimizing Graph Structure for Targeted Diffusion.,Sixie Yu|Leo Torres 0003|Scott Alfeld|Tina Eliassi-Rad|Yevgeniy Vorobeychik
conf/sdm/GrintenAPM21,2021,SDM,inproceedings,New Approximation Algorithms for Forest Closeness Centrality - for Individual Vertices and Vertex Groups.,Alexander van der Grinten|Eugenio Angriman|Maria Predari|Henning Meyerhenke
conf/sdm/00020024,2024,SDM,inproceedings,Ada-VAD: Domain Adaptable Video Anomaly Detection.,Dongliang Guo 0002|Yun Fu 0001|Sheng Li 0001
conf/sdm/WangMTZ022,2022,SDM,inproceedings,Textbook Enhanced Student Learning Outcome Prediction.,Tianqi Wang|Fenglong Ma|Tang Tang|Longfei Zhang|Jing Gao 0004
conf/sdm/0002LNVP18,2018,SDM,inproceedings,Learning Graph Representation via Frequent Subgraphs.,Dang Nguyen 0002|Wei Luo 0001|Tu Dinh Nguyen|Svetha Venkatesh|Dinh Q. Phung
conf/sdm/GuoL020,2020,SDM,inproceedings,Counterfactual Evaluation of Treatment Assignment Functions with Networked Observational Data.,Ruocheng Guo|Jundong Li|Huan Liu 0001
conf/sdm/LeiberMPB22,2022,SDM,inproceedings,Automatic Parameter Selection for Non-Redundant Clustering.,Collin Leiber|Dominik Mautz|Claudia Plant|Christian B
conf/sdm/Dai0JH023,2023,SDM,inproceedings,ML4C: Seeing Causality Through Latent Vicinity.,Haoyue Dai|Rui Ding 0001|Yuanyuan Jiang|Shi Han|Dongmei Zhang 0001
conf/sdm/HeCNW020,2020,SDM,inproceedings,Deep Matrix Tri-Factorization: Mining Vertex-wise Interactions in Multi-Space Attributed Graphs.,Yi He 0007|Sheng Chen 0008|Thu Nguyen 0001|Bruce A. Wade|Xindong Wu 0001
conf/sdm/KriegeFFMW18,2018,COST@SDM,inproceedings,Recognizing Cuneiform Signs Using Graph Based Methods.,Nils M. Kriege|Matthias Fey|Denis Fisseler|Petra Mutzel|Frank Weichert
conf/sdm/0002L23,2023,SDM,inproceedings,Multi-Task Learning with Prior Information.,Mengyuan Zhang 0002|Kai Liu 0028
conf/sdm/ReddyCR19,2019,SDM,inproceedings,Edge Replacement Grammars : A Formal Language Approach for Generating Graphs.,Revanth Reddy|Sarath Chandar|Balaraman Ravindran
conf/sdm/ZhaoNHL19,2019,SDM,inproceedings,LSCP: Locally Selective Combination in Parallel Outlier Ensembles.,Yue Zhao 0016|Zain Nasrullah|Maciej K. Hryniewicki|Zheng Li
conf/sdm/AmsalegCHKRT19,2019,SDM,inproceedings,Intrinsic Dimensionality Estimation within Tight Localities.,Laurent Amsaleg|Oussama Chelly|Michael E. Houle|Ken-ichi Kawarabayashi|Milos Radovanovic 0001|Weeris Treeratanajaru
conf/sdm/ChangKPK20,2020,SDM,inproceedings,Content-Aware Successive Point-of-Interest Recommendation.,Buru Chang|Yookyung Koh|Donghyeon Park|Jaewoo Kang
conf/sdm/LuFR22,2022,SDM,inproceedings,Continuously Generalized Ordinal Regression for Linear and Deep Models.,Fred Lu|Francis Ferraro|Edward Raff
conf/sdm/GhafooriL20,2020,SDM,inproceedings,Deep Multi-sphere Support Vector Data Description.,Zahra Ghafoori|Christopher Leckie
conf/sdm/LavaniaB19,2019,SDM,inproceedings,Auto-Summarization: A Step Towards Unsupervised Learning of a Submodular Mixture.,Chandrashekhar Lavania|Jeff A. Bilmes
conf/sdm/MeertensDHT19,2019,SDM,inproceedings,A Bayesian Approach for Accurate Classification-Based Aggregates.,Q. A. Meertens|C. G. H. Diks|H. Jaap van den Herik|Frank W. Takes
conf/sdm/AnVZSL22,2022,SDM,inproceedings,HintNet: Hierarchical Knowledge Transfer Networks for Traffic Accident Forecasting on Heterogeneous Spatio-Temporal Data.,Bang An 0002|Amin Vahedian|Xun Zhou 0001|W. Nick Street|Yanhua Li
conf/sdm/YaoH24,2024,SDM,inproceedings,Dual-disentangled Deep Multiple Clustering.,Jiawei Yao|Juhua Hu
conf/sdm/BernsB21a,2021,SDM,inproceedings,Complexity-Adaptive Gaussian Process Model Inference for Large-Scale Data.,Fabian Berns|Christian Beecks
conf/sdm/ChiuLL20,2020,SDM,inproceedings,Two-variable Dual Coordinate Descent Methods for Linear SVM with/without the Bias Term.,Chi-Cheng Chiu|Pin-Yen Lin|Chih-Jen Lin
conf/sdm/MaXW18,2018,SDM,inproceedings,Health-ATM: A Deep Architecture for Multifaceted Patient Health Record Representation and Risk Prediction.,Tengfei Ma 0001|Cao Xiao|Fei Wang 0001
conf/sdm/00010X24,2024,SDM,inproceedings,Foundation Models for Spatiotemporal Tasks in the Physical World.,Zhe Jiang 0001|Yu Wang 0044|Zelin Xu 0001
conf/sdm/0003ZZLXJ24,2024,SDM,inproceedings,Lattice Convolutional Networks for Learning Ground States of Quantum Many-Body Systems.,Cong Fu 0003|Xuan Zhang|Huixin Zhang|Hongyi Ling|Shenglong Xu|Shuiwang Ji
conf/sdm/YangYD021,2021,SDM,inproceedings,Deep Multi-type Objects Muli-view Multi-instance Multi-label Learning.,Yuanlin Yang 0001|Guoxian Yu|Carlotta Domeniconi|Xiangliang Zhang 0001
conf/sdm/KalofoliasWV21,2021,SDM,inproceedings,SUSAN: The Structural Similarity Random Walk Kernel.,Janis Kalofolias|Pascal Welke|Jilles Vreeken
conf/sdm/VettoruzzoBR24,2024,SDM,inproceedings,Personalized Federated Learning with Contextual Modulation and Meta-Learning.,Anna Vettoruzzo|Mohamed-Rafik Bouguelia|Thorsteinn S. R
conf/sdm/ChouLL20,2020,SDM,inproceedings,Dual Coordinate-Descent Methods for Linear One-Class SVM and SVDD.,Hung-Yi Chou|Pin-Yen Lin|Chih-Jen Lin
conf/sdm/YuL23,2023,SDM,inproceedings,Heterogeneous Graph Contrastive Learning with Meta-path Contexts and Weighted Negative Samples.,Jianxiang Yu 0001|Xiang Li 0067
conf/sdm/Zhu022,2022,SDM,inproceedings,Self-supervision based Semantic Alignment for Unsupervised Domain Adaptation.,Ronghang Zhu|Sheng Li 0001
conf/sdm/FangCHF19,2019,SDM,inproceedings,Fast Training for Large-Scale One-versus-All Linear Classifiers using Tree-Structured Initialization.,Huang Fang|Minhao Cheng|Cho-Jui Hsieh|Michael P. Friedlander
conf/sdm/EnglhardtTVB20,2020,SDM,inproceedings,Finding the Sweet Spot: Batch Selection for One-Class Active Learning.,Adrian Englhardt|Holger Trittenbach|Dennis Vetter|Klemens B
conf/sdm/YaLCG21,2021,SDM,inproceedings,Heterogeneous Graph Neural Networks for Query-focused Summarization.,Jing Ya|Tingwen Liu|Jiangxia Cao|Li Guo
conf/sdm/004800KJN23,2023,SDM,inproceedings,Optimal Smooth Approximation for Quantile Matrix Factorization.,Peng Liu 0048|Yi Liu 0062|Rui Zhu 0007|Linglong Kong|Bei Jiang|Di Niu
conf/sdm/ZhuangTPS23,2023,SDM,inproceedings,Subgraph Centralization: A Necessary Step for Graph Anomaly Detection.,Zhong Zhuang|Kai Ming Ting|Guansong Pang|Shuaibin Song
conf/sdm/UbaruSS19,2019,SDM,inproceedings,Find the dimension that counts: Fast dimension estimation and Krylov PCA.,Shashanka Ubaru|Abd-Krim Seghouane|Yousef Saad
conf/sdm/AmburgVB22,2022,SDM,inproceedings,Diverse and Experienced Group Discovery via Hypergraph Clustering.,Ilya Amburg|Nate Veldt|Austin R. Benson
conf/sdm/WangYJ19,2019,SDM,inproceedings,Spatial Variational Auto-Encoding via Matrix-Variate Normal Distributions.,Zhengyang Wang|Hao Yuan 0001|Shuiwang Ji
conf/sdm/LivanosD24,2024,SDM,inproceedings,Identification and Uses of Deep Learning Backbones via Pattern Mining.,Michael J. Livanos|Ian Davidson
conf/sdm/OettershagenKJM23,2023,SDM,inproceedings,A Temporal Graphlet Kernel For Classifying Dissemination in Evolving Networks.,Lutz Oettershagen|Nils M. Kriege|Claude Jordan|Petra Mutzel
conf/sdm/Li0TL18,2018,SDM,inproceedings,Multi-Layered Network Embedding.,Jundong Li|Chen Chen 0022|Hanghang Tong|Huan Liu 0001
conf/sdm/BudhathokiV18,2018,SDM,inproceedings,Causal Inference on Event Sequences.,Kailash Budhathoki|Jilles Vreeken
conf/sdm/ShenWLDZY19,2019,SDM,inproceedings,Path-based Attribute-aware Representation Learning for Relation Prediction.,Ying Shen 0001|Desi Wen|Yaliang Li|Nan Du 0001|Haitao Zheng 0002|Min Yang 0007
conf/sdm/DingGYCLH20,2020,SDM,inproceedings,BiGAN: Collaborative Filtering with Bidirectional Generative Adversarial Networks.,Rui Ding 0003|Guibing Guo|Xiaochun Yang 0001|Bowei Chen 0004|Zhirong Liu|Xiuqiang He 0001
conf/sdm/KulkarniSME022,2022,SDM,inproceedings,CPTAM: Constituency Parse Tree Aggregation Method.,Adithya Kulkarni|Nasim Sabetpour|Alexey Markin|Oliver Eulenstein|Qi Li 0012
conf/sdm/MaoSJZ18,2018,SDM,inproceedings,Outlier Detection over Distributed Trajectory Streams.,Jiali Mao|Pengda Sun|Cheqing Jin|Aoying Zhou
conf/sdm/TengTYC18,2018,SDM,inproceedings,Revenue Maximization on the Multi-grade Product.,Ya-Wen Teng|Chih-Hua Tai|Philip S. Yu|Ming-Syan Chen
conf/sdm/TatsuboriWBW18,2018,SDM,inproceedings,A Probabilistic Hough Transform for Opportunistic Crowd-sensing of Moving Traffic Obstacles.,Michiaki Tatsubori|Aisha Walcott-Bryant|Reginald E. Bryant|John Wamburu
conf/sdm/GlantzM18,2018,SDM,inproceedings,Many-to-many Correspondences between Partitions: Introducing a Cut-based Approach.,Roland Glantz|Henning Meyerhenke
conf/sdm/ZhaoZCM22,2022,SDM,inproceedings,A Non-sequential Approach to Deep User Interest Model for CTR Prediction.,Keke Zhao|Xing Zhao|Qi Cao|Linjian Mo
conf/sdm/LiGZCB20,2020,SDM,inproceedings,Hessian based analysis of SGD for Deep Nets: Dynamics and Generalization.,Xinyan Li|Qilong Gu|Yingxue Zhou|Tiancong Chen|Arindam Banerjee 0001
conf/sdm/SunLZ22,2022,SDM,inproceedings,ConLearn: Contextual-knowledge-aware Concept Prerequisite Relation Learning with Graph Neural Network.,Hao Sun 0015|Yuntao Li|Yan Zhang 0117
conf/sdm/SarpeV21,2021,SDM,inproceedings,PRESTO: Simple and Scalable Sampling Techniques for the Rigorous Approximation of Temporal Motif Counts.,Ilie Sarpe|Fabio Vandin
conf/sdm/ZhanDDHW024,2024,SDM,inproceedings,Meta-Adaptive Stock Movement Prediction with Two-Stage Representation Learning.,Donglin Zhan|Yusheng Dai|Yiwei Dong|Jinghai He|Zhenyi Wang 0001|James Anderson 0001
conf/sdm/ZhangZZ022,2022,SDM,inproceedings,GANBLR++: Incorporating Capacity to Generate Numeric Attributes and Leveraging Unrestricted Bayesian Networks.,Yishuo Zhang|Nayyar Abbas Zaidi|Jiahui Zhou|Gang Li 0009
conf/sdm/MaadiKA23,2023,SDM,inproceedings,Uncertainty in Selective Bagging: A Dynamic Bi-objective Optimization Model.,Mansoureh Maadi|Hadi Akbarzadeh Khorshidi|Uwe Aickelin
conf/sdm/ZhangLZZ23,2023,SDM,inproceedings,Domain Disentangled Meta-Learning.,Xin Zhang 0098|Yanhua Li|Ziming Zhang|Zhi-Li Zhang
conf/sdm/MorvanCGA18,2018,SDM,inproceedings,Graph sketching-based Space-efficient Data Clustering.,Anne Morvan|Krzysztof Choromanski|C|Jamal Atif
conf/sdm/ShayestehfardBI23,2023,SDM,inproceedings,AlignGraph: A Group of Generative Models for Graphs.,Kimia Shayestehfard|Dana H. Brooks|Stratis Ioannidis
conf/sdm/LiSPSW24,2024,SDM,inproceedings,Stable Synthetic Control with Anomaly Detection for Causal Inference.,Qiang Li|Yiqiao Sun|Linsey Pang|Liang Sun 0001|Qingsong Wen
conf/sdm/YangZ23,2023,SDM,inproceedings,Estimating Latent Population Flows from Aggregated Data via Inversing Multi-Marginal Optimal Transport.,Sikun Yang|Hongyuan Zha
conf/sdm/BoumberVQ24,2024,SDM,inproceedings,"Blue Sky: Multilingual, Multimodal Domain Independent Deception Detection.",Dainis Boumber|Rakesh M. Verma|Fatima Zahra Qachfar
conf/sdm/WanM18,2018,SDM,inproceedings,One-Class Recommendation with Asymmetric Textual Feedback.,Mengting Wan|Julian J. McAuley
conf/sdm/GhoshRMSD024,2024,SDM,inproceedings,Towards Entity-Aware Conditional Variational Inference for Heterogeneous Time-Series Prediction: An application to Hydrology.,Rahul Ghosh|Arvind Renganathan|Wallace McAliley|Michael S. Steinbach|Christopher J. Duffy|Vipin Kumar 0001
conf/sdm/AltieriPPV21,2021,SDM,inproceedings,Scalable Distributed Approximation of Internal Measures for Clustering Evaluation.,Federico Altieri|Andrea Pietracaprina|Geppino Pucci|Fabio Vandin
conf/sdm/WangLWJ18,2018,SDM,inproceedings,You Are How You Move: Linking Multiple User Identities From Massive Mobility Traces.,Huandong Wang|Yong Li 0008|Gang Wang 0011|Depeng Jin
conf/sdm/SunJLCH19,2019,SDM,inproceedings,Bus Travel Speed Prediction using Attention Network of Heterogeneous Correlation Features.,Yidan Sun|Guiyuan Jiang|Siew-Kei Lam|Shicheng Chen|Peilan He
conf/sdm/LiZLLH19,2019,SDM,inproceedings,GeoAttn: Localization of Social Media Messages via Attentional Memory Network.,Sha Li|Chao Zhang 0014|Dongming Lei|Ji Li|Jiawei Han 0001
conf/sdm/GujralTP20,2020,SDM,inproceedings,SPADE: Streaming PARAFAC2 DEcomposition for Large Datasets.,Ekta Gujral|Georgios Theocharous|Evangelos E. Papalexakis
conf/sdm/AlaeeASMGK20,2020,SDM,inproceedings,Features or Shape? Tackling the False Dichotomy of Time Series Classification.,Sara Alaee|Alireza Abdoli|Christian R. Shelton|Amy C. Murillo|Alec C. Gerry|Eamonn J. Keogh
conf/sdm/ZhangHR24,2024,SDM,inproceedings,CoLafier: Collaborative Noisy Label Purifier With Local Intrinsic Dimensionality Guidance.,Dongyu Zhang|Ruofan Hu 0001|Elke A. Rundensteiner
conf/sdm/JohanssonL20,2020,SDM,inproceedings,Well-calibrated and specialized probability estimation trees.,Ulf Johansson|Tuwe L
conf/sdm/JabbariC20,2020,SDM,inproceedings,An Instance-Specific Algorithm for Learning the Structure of Causal Bayesian Networks Containing Latent Variables.,Fattaneh Jabbari|Gregory F. Cooper
conf/sdm/ArachchiT23,2023,SDM,inproceedings,Node ranking in labeled networks.,Chamalee Wickrama Arachchi|Nikolaj Tatti
conf/sdm/DrumondBGS20,2020,SDM,inproceedings,HIDRA: Head Initialization across Dynamic targets for Robust Architectures.,Rafael R|Lukas Brinkmeyer|Josif Grabocka|Lars Schmidt-Thieme
conf/sdm/LiuLSL20,2020,SDM,inproceedings,An Advantage Actor-Critic Algorithm with Confidence Exploration for Open Information Extraction.,Guiliang Liu|Xu Li 0001|Mingming Sun 0001|Ping Li 0001
conf/sdm/JalaliW0RS20,2020,SDM,inproceedings,On the Information Unfairness of Social Networks.,Zeinab S. Jalali|Weixiang Wang|Myunghwan Kim 0002|Hema Raghavan|Sucheta Soundarajan
conf/sdm/YousefzadehOL19,2019,SDM,inproceedings,Learning Diverse Gaussian Graphical Models and Interpreting Edges.,Roozbeh Yousefzadeh|Diane Oyen|Nina Lanza
conf/sdm/HooiSLF19,2019,SDM,inproceedings,SMF: Drift-Aware Matrix Factorization with Seasonal Patterns.,Bryan Hooi|Kijung Shin|Shenghua Liu|Christos Faloutsos
conf/sdm/LiangWMQH19,2019,SDM,inproceedings,A Deep Spatio-Temporal Fuzzy Neural Network for Passenger Demand Prediction.,Xiaoyuan Liang|Guiling Wang 0001|Martin Renqiang Min|Yi Qi|Zhu Han 0001
conf/sdm/RubashevskiiKP23,2023,SDM,inproceedings,Scalable Batch Acquisition for Deep Bayesian Active Learning.,Aleksandr Rubashevskii|Daria Kotova|Maxim Panov
conf/sdm/ZhaBL0H23,2023,SDM,inproceedings,Data-centric AI: Perspectives and Challenges.,Daochen Zha|Zaid Pervaiz Bhat|Kwei-Herng Lai|Fan Yang 0023|Xia Hu 0001
conf/sdm/YeCW0024,2024,SDM,inproceedings,UPFL: Unsupervised Personalized Federated Learning towards New Clients.,Tiandi Ye|Cen Chen 0001|Yinggui Wang|Xiang Li 0067|Ming Gao 0001
conf/sdm/WangWFLT20,2020,SDM,inproceedings,Global-and-Local Aware Data Generation for the Class Imbalance Problem.,Wentao Wang 0006|Suhang Wang|Wenqi Fan|Zitao Liu 0001|Jiliang Tang
conf/sdm/BatarsehK19,2019,EDML@SDM,inproceedings,Context-Driven Data Mining Through Bias Removal and Incompleteness Mitigation.,Feras Batarseh|Ajay Kulkarni
conf/sdm/BhailaHWW24,2024,SDM,inproceedings,Local Differential Privacy in Graph Neural Networks: a Reconstruction Approach.,Karuna Bhaila|Wen Huang 0003|Yongkai Wu|Xintao Wu
conf/sdm/WangJ18,2018,SDM,inproceedings,Learning Convolutional Text Representations for Visual Question Answering.,Zhengyang Wang|Shuiwang Ji
conf/sdm/RymarczykDD23,2023,SDM,inproceedings,ProGReST: Prototypical Graph Regression Soft Trees for Molecular Property Prediction.,Dawid Rymarczyk|Daniel Dobrowolski|Tomasz Danel
conf/sdm/WangWJDFZ23,2023,SDM,inproceedings,Hierarchical Neural Topic Model with Embedding Cluster and Neural Variational Inference.,Ningjing Wang|Deqing Wang|Ting Jiang|Chenguang Du|Chuyu Fang|Fuzhen Zhuang
conf/sdm/ChangOL20,2020,SDM,inproceedings,GRIA: Graphical Regularization for Integrative Analysis.,Changgee Chang|Jihwan Oh|Qi Long
conf/sdm/SchoutenDP22,2022,SDM,inproceedings,Exceptional Model Mining for Repeated Cross-Sectional Data (EMM-RCS).,Rianne Margaretha Schouten|Wouter Duivesteijn|Mykola Pechenizkiy
conf/sdm/Li018,2018,SDM,inproceedings,Evolving Separating References for Time Series Classification.,Xiaosheng Li|Jessica Lin 0001
conf/sdm/QinWMYW021,2021,SDM,inproceedings,Contradictory Structure Learning for Semi-supervised Domain Adaptation.,Can Qin|Lichen Wang|Qianqian Ma|Yu Yin 0001|Huan Wang 0014|Yun Fu 0001
conf/sdm/ZhangLJ24,2024,SDM,inproceedings,Denoising Long- and Short-term Interests for Sequential Recommendation.,Xinyu Zhang|Beibei Li 0001|Beihong Jin
conf/sdm/HossainFBKT24,2024,SDM,inproceedings,EBV: Electronic Bee-Veterinarian for Principled Mining and Forecasting of Honeybee Time Series.,Shamima Hossain|Christos Faloutsos|Boris Baer|Hyoseung Kim 0001|Vassilis J. Tsotras
conf/sdm/CaiSSZH022,2022,SDM,inproceedings,Hypergraph Contrastive Learning for Electronic Health Records.,Derun Cai|Chenxi Sun|Moxian Song|Baofeng Zhang|Shenda Hong|Hongyan Li 0002
conf/sdm/EfteliogluTS18,2018,SDM,inproceedings,Avoidance Region Discovery: A Summary of Results.,Emre Eftelioglu|Xun Tang|Shashi Shekhar 0001
conf/sdm/ZhouL022,2022,SDM,inproceedings,Noisy Truncated SGD: Optimization and Generalization.,Yingxue Zhou|Xinyan Li|Arindam Banerjee 0001
conf/sdm/EnglhardtB20,2020,SDM,inproceedings,Exploring the Unknown - Query Synthesis in One-Class Active Learning.,Adrian Englhardt|Klemens B
conf/sdm/WangZWG21,2021,SDM,inproceedings,Fair Classification Under Strict Unawareness.,Haoyu Wang 0004|Hengtong Zhang|Yaqing Wang 0001|Jing Gao 0004
conf/sdm/PasrichaSSF0P23,2023,SDM,inproceedings,Harvester: Principled Factorization-based Temporal Tensor Granularity Estimation.,Ravdeep S. Pasricha|Uday Singh Saini|Nicholas D. Sidiropoulos|Fei Fang 0001|Kevin Chan 0001|Evangelos E. Papalexakis
conf/sdm/HooiF19,2019,SDM,inproceedings,Branch and Border: Partition-Based Change Detection in Multivariate Time Series.,Bryan Hooi|Christos Faloutsos
conf/sdm/FengT23,2023,SDM,inproceedings,Concept Discovery for Fast Adaptation.,Shengyu Feng|Hanghang Tong
conf/sdm/LuoLYDW22,2022,SDM,inproceedings,Multiperiod Corporate Default Prediction Through Neural Parametric Family Learning.,Wei-Lun Luo|Yu-Ming Lu|Jheng-Hong Yang|Jin-Chuan Duan|Chuan-Ju Wang
conf/sdm/0002LSC24,2024,SDM,inproceedings,Graph Summarization for Preserving Spectral Characteristics.,Houquan Zhou 0002|Shenghua Liu|Huawei Shen|Xueqi Cheng
conf/sdm/RoychoudhuryZO19,2019,SDM,inproceedings,Leveraging Subsequence-orders for Univariate and Multivariate Time-series Classification.,Shoumik Roychoudhury|Fang Zhou|Zoran Obradovic
conf/sdm/0022W022,2022,SDM,inproceedings,Meta Adversarial Weight for Unsupervised Domain Adaptation.,Chang Liu 0022|Lichen Wang|Yun Fu 0001
conf/sdm/YuanCTW0Z24,2024,SDM,inproceedings,Label Distribution Learning-Enhanced Dual-KNN for Text Classification.,Bo Yuan 0017|Yulin Chen|Zhen Tan 0001|Jinyan Wang|Huan Liu 0001|Yin Zhang
conf/sdm/BohnGO19,2019,SDM,inproceedings,Optimally rotated coordinate systems for adaptive least-squares regression on sparse grids.,Bastian Bohn|Michael Griebel|Jens Oettershagen
conf/sdm/ZhuLHK21,2021,SDM,inproceedings,Node Proximity Is All You Need: Unified Structural and Positional Node and Graph Embedding.,Jing Zhu 0005|Xingyu Lu|Mark Heimann|Danai Koutra
conf/sdm/0007T22,2022,SDM,inproceedings,YACC: A Framework Generalizing Tur,Shweta Jain 0007|Hanghang Tong
conf/sdm/WangELH21,2021,SDM,inproceedings,A Dimensionality-Driven Approach for Unsupervised Out-of-distribution Detection.,Qizhou Wang 0001|Sarah M. Erfani|Christopher Leckie|Michael E. Houle
conf/sdm/0012ZJ023,2023,SDM,inproceedings,A Two-View EEG Representation for Brain Cognition by Composite Temporal-Spatial Contrastive Learning.,Zheng Chen 0012|Lingwei Zhu|Haohui Jia|Takashi Matsubara 0001
conf/sdm/RezayiZZ023,2023,SDM,inproceedings,XDC: Adaptive Cross Domain Short Text Clustering.,Saed Rezayi|Handong Zhao|Ronghang Zhu|Sheng Li 0001
conf/sdm/PhanLN22,2022,SDM,inproceedings,StepDIRECT - A Derivative-Free Optimization Method for Stepwise Functions.,Dzung T. Phan|Hongsheng Liu|Lam M. Nguyen
conf/sdm/LiuZSGK19,2019,SDM,inproceedings,Coupled Clustering of Time-Series and Networks.,Yike Liu|Linhong Zhu|Pedro A. Szekely|Aram Galstyan|Danai Koutra
conf/sdm/LuZYWYN23,2023,SDM,inproceedings,BDA: Bandit-based Transferable AutoAugment.,Shan Lu|Mingjun Zhao|Songling Yuan|Xiaoli Wang 0004|Lei Yang|Di Niu
conf/sdm/ZhangG020,2020,SDM,inproceedings,Semantic Discord: Finding Unusual Local Patterns for Time Series.,Li Zhang 0074|Yifeng Gao 0001|Jessica Lin 0001
conf/sdm/WangZCS24,2024,SDM,inproceedings,Laplacian Score Benefit Adaptive Filter Selection for Graph Neural Networks.,Yewen Wang|Shichang Zhang|John (Junghoo) Cho|Yizhou Sun
conf/sdm/WangWBSSZ19,2019,SDM,inproceedings,A Novel Regularizer for Temporally Stable Learning with an Application to Twitter Topic Classification.,Yakun Wang|Ga Wu|Mohamed Reda Bouadjenek|Scott Sanner|Sen Su|Zhongbao Zhang
conf/sdm/GhoshMSS20,2020,SDM,inproceedings,Optimal Bidding Strategy without Exploration in Real-time Bidding.,Aritra Ghosh 0001|Saayan Mitra|Somdeb Sarkhel|Viswanathan Swaminathan 0001
conf/sdm/ScharwachterM20,2020,SDM,inproceedings,Two-Sample Testing for Event Impacts in Time Series.,Erik Scharw|Emmanuel M
conf/sdm/LiCGLCG19,2019,SDM,inproceedings,Collaborative Filtering with Noisy Ratings.,Dongsheng Li 0002|Chao Chen 0016|Zhilin Gong|Tun Lu|Stephen M. Chu|Ning Gu 0001
conf/sdm/ChiQW024,2024,SDM,inproceedings,Active Learning for Graphs with Noisy Structures.,Hongliang Chi|Cong Qi|Suhang Wang|Yao Ma 0001
conf/sdm/WiegandKV21,2021,SDM,inproceedings,Mining Easily Understandable Models from Complex Event Logs.,Boris Wiegand|Dietrich Klakow|Jilles Vreeken
conf/sdm/HeS0021,2021,SDM,inproceedings,Deep Neural Network for 3D Surface Segmentation based on Contour Tree Hierarchy.,Wenchong He|Arpan Man Sainju|Zhe Jiang 0001|Da Yan 0001
conf/sdm/BaiLG023,2023,SDM,inproceedings,Saliency-Augmented Memory Completion for Continual Learning.,Guangji Bai|Chen Ling 0003|Yuyang Gao|Liang Zhao 0002
conf/sdm/FanFSLW19,2019,SDM,inproceedings,Reading Customer Reviews to Answer Product-related Questions.,Miao Fan|Chao Feng|Mingming Sun 0001|Ping Li 0001|Haifeng Wang 0001
conf/sdm/DaiK0H21,2021,SDM,inproceedings,CiNet: Redesigning Deep Neural Networks for Efficient Mobile-Cloud Collaborative Inference.,Xin Dai|Xiangnan Kong|Tian Guo 0001|Yixian Huang
conf/sdm/0002LZZ023,2023,SDM,inproceedings,STM-GAIL: Spatial-Temporal Meta-GAIL for Learning Diverse Human Driving Strategies.,Yingxue Zhang 0002|Yanhua Li|Xun Zhou 0001|Ziming Zhang|Jun Luo 0007
conf/sdm/MillerVKZ18,2018,COST@SDM,inproceedings,"Classifier Performance Estimation with Unbalanced, Partially Labeled Data.",Benjamin A. Miller|Jeremy Vila|Malina Kirn|Joseph R. Zipkin
conf/sdm/XiaoRTG18,2018,SDM,inproceedings,Reconstructing a cascade from temporal observations.,Han Xiao 0009|Polina Rozenshtein|Nikolaj Tatti|Aristides Gionis
conf/sdm/LiuLFL19,2019,SDM,inproceedings,Deep Skip-Gram Networks for Text Classification.,Chaochun Liu|Yaliang Li|Hongliang Fei|Ping Li 0001
conf/sdm/Amornbunchornvej18,2018,SDM,inproceedings,Framework for Inferring Leadership Dynamics of Complex Movement from Time Series.,Chainarong Amornbunchornvej|Tanya Y. Berger-Wolf
conf/sdm/ChenLW22,2022,SDM,inproceedings,Adversarially Reprogramming Pretrained Neural Networks for Data-limited and Cost-efficient Malware Detection.,Lingwei Chen|Xiaoting Li 0001|Dinghao Wu
conf/sdm/YouKS20,2020,SDM,inproceedings,DANR: Discrepancy-aware Network Regularization.,Hongyuan You|Furkan Kocayusufoglu|Ambuj K. Singh
conf/sdm/RamGSB23,2023,SDM,inproceedings,Toward Theoretical Guidance for Two Common Questions in Practical Cross-Validation based Hyperparameter Selection.,Parikshit Ram|Alexander G. Gray|Horst C. Samulowitz|Gregory Bramble
conf/sdm/Jiang0ZZXY18,2018,SDM,inproceedings,On Spectral Graph Embedding: A Non-Backtracking Perspective and Graph Approximation.,Fei Jiang|Lifang He 0001|Yi Zheng|Enqiang Zhu|Jin Xu 0002|Philip S. Yu
conf/sdm/XuLLLT21,2021,SDM,inproceedings,"Yet Meta Learning Can Adapt Fast, it Can Also Break Easily.",Han Xu 0002|Yaxin Li 0001|Xiaorui Liu|Hui Liu 0031|Jiliang Tang
conf/sdm/ItzhakJM24,2024,SDM,inproceedings,Early Multiple Temporal Patterns Based Event Prediction in Heterogeneous Multivariate Temporal Data.,Nevo Itzhak|Szymon Jaroszewicz|Robert Moskovitch
conf/sdm/HeKTL21,2021,SDM,inproceedings,Robust Dual Recurrent Neural Networks for Financial Time Series Prediction.,Jiayu He|Matloob Khushi|Nguyen Hoang Tran|Tongliang Liu
conf/sdm/ChengGSHL19,2019,SDM,inproceedings,Hierarchical Attention Networks for Cyberbullying Detection on the Instagram Social Network.,Lu Cheng 0001|Ruocheng Guo|Yasin N. Silva|Deborah L. Hall|Huan Liu 0001
conf/sdm/MarxYL21,2021,SDM,inproceedings,Estimating Conditional Mutual Information for Discrete-Continuous Mixtures using Multi-Dimensional Adaptive Histograms.,Alexander Marx 0001|Lincen Yang|Matthijs van Leeuwen
conf/sdm/GrzeszczykTS24,2024,SDM,inproceedings,MISS: Multiclass Interpretable Scoring Systems.,Michal K. Grzeszczyk|Tomasz Trzcinski|Arkadiusz Sitek
conf/sdm/Matsuda00O22,2022,SDM,inproceedings,FedMe: Federated Learning via Model Exchange.,Koji Matsuda|Yuya Sasaki 0001|Chuan Xiao 0001|Makoto Onizuka
conf/sdm/ZhengCH19,2019,SDM,inproceedings,Deep Multimodality Model for Multi-task Multi-view Learning.,Lecheng Zheng|Yu Cheng|Jingrui He
conf/sdm/BruningDER24,2024,SDM,inproceedings,On the number of iterations of the DBA algorithm.,Frederik Br|Anne Driemel|Alperen Erg|Heiko R
conf/sdm/ArrigoT19,2019,SDM,inproceedings,"Multi-Dimensional, Multilayer, Nonlinear and Dynamic HITS.",Francesca Arrigo|Francesco Tudisco
conf/sdm/ChenLGP23,2023,SDM,inproceedings,Heavy Nodes in a Small Neighborhood: Algorithms and Applications.,Huiping Chen 0001|Grigorios Loukides|Robert Gwadera|Solon P. Pissis
conf/sdm/SchierRR22,2022,SDM,inproceedings,Constrained Mean Shift Clustering.,Maximilian Schier|Christoph Reinders|Bodo Rosenhahn
conf/sdm/GaoL0024,2024,SDM,inproceedings,Helper Recommendation with seniority control in Online Health Community.,Junruo Gao|Chen Ling 0003|Carl Yang 0001|Liang Zhao 0002
conf/sdm/PunziCG023,2023,SDM,inproceedings,An Efficient Algorithm for Assessing the Number of,Giulia Punzi|Alessio Conte|Roberto Grossi|Andrea Marino 0001
conf/sdm/NguyenHN19,2019,SDM,inproceedings,Efficient Summarizing of Evolving Events from Twitter Streams.,Thi-Huyen Nguyen|Tuan-Anh Hoang|Wolfgang Nejdl
conf/sdm/0006TL0T22,2022,SDM,inproceedings,Learning from Imbalanced Crowdsourced Labeled Data.,Wentao Wang 0006|Joseph Thekinen|Xiaorui Liu|Zitao Liu 0001|Jiliang Tang
conf/sdm/ChenL0Z24,2024,SDM,inproceedings,Test-Time Training for Spatial-Temporal Forecasting.,Changlu Chen|Yanbin Liu|Ling Chen 0006|Chengqi Zhang
conf/sdm/NguyenTGRBV19,2019,SDM,inproceedings,Incomplete Conditional Density Estimation for Fast Materials Discovery.,Phuoc Nguyen|Truyen Tran 0001|Sunil Gupta 0001|Santu Rana|Matthew Barnett|Svetha Venkatesh
conf/sdm/XiaoZZS20,2020,SDM,inproceedings,Vertex-reinforced Random Walk for Network Embedding.,Wenyi Xiao|Huan Zhao 0002|Vincent W. Zheng|Yangqiu Song
conf/sdm/JiangTN024,2024,SDM,inproceedings,Disinformation Detection: An Evolving Challenge in the Age of LLMs.,Bohan Jiang|Zhen Tan 0001|Ayushi Nirmal|Huan Liu 0001
conf/sdm/MartinM20,2020,SDM,inproceedings,Heavy-Tailed Universality Predicts Trends in Test Accuracies for Very Large Pre-Trained Deep Neural Networks.,Charles H. Martin|Michael W. Mahoney
conf/sdm/MillotCB21,2021,SDM,inproceedings,Exceptional Model Mining meets Multi-objective Optimization.,Alexandre Millot|R|Jean-Fran
conf/sdm/TranDNN24,2024,SDM,inproceedings,Robust Estimation of Causal Heteroscedastic Noise Models.,Quang-Duy Tran|Bao Duong|Phuoc Nguyen|Thin Nguyen
conf/sdm/NiXHPC022,2022,SDM,inproceedings,Cyclic Transfer Learning for Recommender Systems with Heterogeneous Feedbacks.,Xuelian Ni|Fei Xiong|Yutian Hu|Shirui Pan|Hongshu Chen|Liang Wang 0017
conf/sdm/YangZLG18,2018,SDM,inproceedings,Robust Cost-Sensitive Learning for Recommendation with Implicit Feedback.,Peng Yang 0010|Peilin Zhao|Yong Liu 0020|Xin Gao 0001
conf/sdm/TongXZ23,2023,SDM,inproceedings,Probabilistic Decomposition Transformer for Time Series Forecasting.,Junlong Tong|Liping Xie|Kanjian Zhang
conf/sdm/Chen0DJ023,2023,SDM,inproceedings,Gotta: Generative Few-shot Question Answering by Prompt-based Cloze Data Augmentation.,Xiusi Chen|Yu Zhang 0044|Jinliang Deng|Jyun-Yu Jiang|Wei Wang 0010
conf/sdm/JinXZCWL18,2018,SDM,inproceedings,Maximizing the Effect of Information Adoption: A General Framework.,Tianyuan Jin|Tong Xu 0001|Hui Zhong|Enhong Chen|Zhefeng Wang 0001|Qi Liu 0003
conf/sdm/YiHP21,2021,SDM,inproceedings,A Fine-grained Graph-based Spatiotemporal Network for Bike Flow Prediction in Bike-sharing Systems.,Peiyu Yi|Feihu Huang 0002|Jian Peng 0002
conf/sdm/AbbasiFSV19,2019,SDM,inproceedings,Fairness in representation: quantifying stereotyping as a representational harm.,Mohsen Abbasi|Sorelle A. Friedler|Carlos Scheidegger|Suresh Venkatasubramanian
conf/sdm/LiuJ22,2022,SDM,inproceedings,Neighbor2Seq: Deep Learning on Massive Graphs by Transforming Neighbors to Sequences.,Meng Liu 0015|Shuiwang Ji
conf/sdm/RahmanP23,2023,SDM,inproceedings,Multi-state Survival Analysis using Pseudo value-based Deep Neural Networks.,Md Mahmudur Rahman|Sanjay Purushotham
conf/sdm/LiZSY18,2018,SDM,inproceedings,Unsupervised Neural Categorization for Scientific Publications.,Keqian Li|Hanwen Zha|Yu Su 0001|Xifeng Yan
conf/sdm/ErichsonTWM21,2021,SDM,inproceedings,Noise-Response Analysis of Deep Neural Networks Quantifies Robustness and Fingerprints Structural Malware.,N. Benjamin Erichson|Dane Taylor|Qixuan Wu|Michael W. Mahoney
conf/sdm/HuZT24,2024,SDM,inproceedings,Genius: Subteam Replacement with Clustering-based Graph Neural Networks.,Chuxuan Hu|Qinghai Zhou|Hanghang Tong
conf/sdm/ZhangZWLM20,2020,SDM,inproceedings,What Do Questions Exactly Ask? MFAE: Duplicate Question Identification with Multi-Fusion Asking Emphasis.,Rong Zhang|Qifei Zhou|Bo Wu 0018|Weiping Li|Tong Mo
conf/sdm/GiacomettiS18,2018,SDM,inproceedings,Dense Neighborhood Pattern Sampling in Numerical Data.,Arnaud Giacometti|Arnaud Soulet
conf/sdm/LiCW21,2021,SDM,inproceedings,Turning Attacks into Protection: Social Media Privacy Protection Using Adversarial Attacks.,Xiaoting Li 0001|Lingwei Chen|Dinghao Wu
conf/sdm/GottckeBBZ23,2023,SDM,inproceedings,An Interpretable Measure of Dataset Complexity for Imbalanced Classification Problems.,Jonatan M|Colin Bellinger|Paula Branco|Arthur Zimek
conf/sdm/IacobCM22,2022,SDM,inproceedings,Contextual Bandits for Advertising Campaigns: A Diffusion-Model Independent Approach.,Alexandra Iacob|Bogdan Cautis|Silviu Maniu
conf/sdm/SatoYK21,2021,SDM,inproceedings,Random Features Strengthen Graph Neural Networks.,Ryoma Sato|Makoto Yamada|Hisashi Kashima
conf/sdm/KeneshlooRR19,2019,SDM,inproceedings,Deep Transfer Reinforcement Learning for Text Summarization.,Yaser Keneshloo|Naren Ramakrishnan|Chandan K. Reddy
conf/sdm/OhsakaSY20,2020,SDM,inproceedings,A Predictive Optimization Framework for Hierarchical Demand Matching.,Naoto Ohsaka|Tomoya Sakai 0001|Akihiro Yabe
conf/sdm/TanDWLQZ18,2018,SDM,inproceedings,Modeling Item-specific Effects for Video Click.,Fei Tan 0002|Kuang Du|Zhi Wei 0001|Haoran Liu|Chenguang Qin|Ran Zhu
conf/sdm/StanleyGWK20,2020,SDM,inproceedings,Harmonic Alignment.,Jay S. Stanley III|Scott Gigante|Guy Wolf|Smita Krishnaswamy
conf/sdm/BanerjeeKBDSO21,2021,SDM,inproceedings,Synthesizing Skeletal Motion and Physiological Signals as a Function of a Virtual Human's Actions and Emotions.,Bonny Banerjee|Masoumeh Heidari Kapourchali|Murchana Baruah|Mousumi Deb|Kenneth Sakauye|Mette S. Olufsen
conf/sdm/ZhangRD20,2020,SDM,inproceedings,A Graph-Based Approach for Active Learning in Regression.,Hongjing Zhang|S. S. Ravi|Ian Davidson
conf/sdm/KimKLK19,2019,SDM,inproceedings,Predicting Multiple Demographic Attributes with Task Specific Embedding Transformation and Attention Network.,Raehyun Kim|Hyunjae Kim|Janghyuk Lee|Jaewoo Kang
conf/sdm/ZhengCLL21,2021,SDM,inproceedings,Maximizing Approximately,Leqian Zheng|Hau Chan|Grigorios Loukides|Minming Li
conf/sdm/TattiM19,2019,SDM,inproceedings,Boolean matrix factorization meets consecutive ones property.,Nikolaj Tatti|Pauli Miettinen
conf/sdm/0002M24,2024,SDM,inproceedings,Bridging Semantics: Mobility Analytics Framework for Knowledge Transfer.,Shreya Ghosh 0002|Prasenjit Mitra
conf/sdm/WangH018,2018,SDM,inproceedings,NLRR++: Scalable Subspace Clustering via Non-Convex Block Coordinate Descent.,Jun Wang|Cho-Jui Hsieh|Daming Shi 0001
conf/sdm/RavirathinamGKJ24,2024,SDM,inproceedings,Combining Satellite and Weather Data for Crop Type Mapping: An Inverse Modelling Approach.,Praveen Ravirathinam|Rahul Ghosh|Ankush Khandelwal|Xiaowei Jia|David J. Mulla|Vipin Kumar 0001
conf/sdm/ZhuangHH19,2019,SDM,inproceedings,Aspect-Based Sentiment Analysis with Minimal Guidance.,Honglei Zhuang|Timothy P. Hanratty|Jiawei Har
conf/sdm/SunGZ0W24,2024,SDM,inproceedings,Exploiting Multifaceted Nature of Items and Users for Session-based Recommendation.,Tianqi Sun|Hongrui Guo|Zihan Zhang|Hongzhi Liu 0001|Zhonghai Wu
conf/sdm/LiuE23,2023,SDM,inproceedings,STABLE: Identifying and Mitigating Instability in Embeddings of the Degenerate Core.,David Liu 0006|Tina Eliassi-Rad
conf/sdm/LiMCW23,2023,SDM,inproceedings,Coarse-to-Fine Open Information Extraction via Relation Oriented Reading Comprehension.,Tingxin Li|Rui Meng|Feng Chen|Jianming Wu
conf/sdm/LinC0S24,2024,SDM,inproceedings,Unified Modeling and Clustering of Mobility Trajectories with Spatiotemporal Point Processes.,Haowen Lin|Yao-Yi Chiang|Li Xiong 0001|Cyrus Shahabi
conf/sdm/Zhou0X0022,2022,SDM,inproceedings,Cycle-Balanced Representation Learning For Counterfactual Inference.,Guanglin Zhou|Lina Yao 0001|Xiwei Xu 0001|Chen Wang 0008|Liming Zhu 0001
conf/sdm/HsiehSWH21,2021,SDM,inproceedings,Functional Autoencoders for Functional Data Representation Learning.,Tsung-Yu Hsieh|Yiwei Sun|Suhang Wang|Vasant G. Honavar
conf/sdm/00010S0W23,2023,SDM,inproceedings,Abnormal Event Detection via Hypergraph Contrastive Learning.,Bo Yan 0001|Cheng Yang 0002|Chuan Shi 0001|Jiawei Liu 0006|Xiaochen Wang
conf/sdm/YeZYHHS24,2024,SDM,inproceedings,A Novel Hybrid Graph Learning Method for Inbound Parcel Volume Forecasting in Logistics System.,Lisha Ye|Jianfeng Zhou|Zhe Yin|Kunpeng Han|Haoyuan Hu|Dongjin Song
conf/sdm/LinWW19,2019,SDM,inproceedings,MM-Pred: A Deep Predictive Model for Multi-attribute Event Sequence.,Li Lin 0011|Lijie Wen 0001|Jianmin Wang 0001
conf/sdm/MandlechaCKK22,2022,SDM,inproceedings,Hybrid Tokenization and Datasets for Solving Mathematics and Science Problems Using Transformers.,Pratik Mandlecha|Snehith Kumar Chatakonda|Neeraj Kollepara|Pawan Kumar 0001
conf/sdm/ZhangC23,2023,SDM,inproceedings,Understanding Influence Maximization via Higher-Order Decomposition.,Zonghan Zhang|Zhiqian Chen
conf/sdm/ChenP19,2019,SDM,inproceedings,Joint Post and Link-level Influence Modeling on Social Media.,Liangzhe Chen|B. Aditya Prakash
conf/sdm/LeeKMA20,2020,SDM,inproceedings,Deep Parametric Model for Discovering Group-cohesive Functional Brain Regions.,John Boaz Lee|Xiangnan Kong|Constance M. Moore|Nesreen K. Ahmed
conf/sdm/TajimaHZK21,2021,SDM,inproceedings,Frank-Wolfe algorithm for learning SVM-type multi-category classifiers.,Kenya Tajima|Yoshihiro Hirohashi|Esmeraldo Ronnie Rey Zara|Tsuyoshi Kato
conf/sdm/DingLBL19,2019,SDM,inproceedings,Deep Anomaly Detection on Attributed Networks.,Kaize Ding|Jundong Li|Rohit Bhanushali|Huan Liu 0001
conf/sdm/CarpentierFMV24,2024,SDM,inproceedings,Pattern-based Time Series Semantic Segmentation with Gradual State Transitions.,Louis Carpentier|Len Feremans|Wannes Meert|Mathias Verbeke
conf/sdm/ChuCC0R23,2023,SDM,inproceedings,Estimating Propensity Scores with Deep Adaptive Variable Selection.,Zhixuan Chu|Mechelle Claridy|Jos|Sheng Li 0001|Stephen L. Rathbun
conf/sdm/LambaA19,2019,SDM,inproceedings,Learning On-the-Job to Re-rank Anomalies from Top-1 Feedback.,Hemank Lamba|Leman Akoglu
conf/sdm/JiangZWZ22,2022,SDM,inproceedings,Capturing Model Uncertainty with Data Augmentation in Deep Learning.,Wenming Jiang|Ying Zhao|Yihan Wu|Haojia Zuo
conf/sdm/KanatsoulisS21,2021,SDM,inproceedings,TeX-Graph: Coupled tensor-matrix knowledge-graph embedding for COVID-19 drug repurposing.,Charilaos I. Kanatsoulis|Nicholas D. Sidiropoulos
conf/sdm/AdhikariRPV18,2018,SDM,inproceedings,Near-Optimal Mapping of Network States using Probes.,Bijaya Adhikari|Pavan Rangudu|B. Aditya Prakash|Anil Vullikanti
conf/sdm/LiMJJ024,2024,SDM,inproceedings,Multi-Interest Network with Simple Diffusion for Multi-Behavior Sequential Recommendation.,Qingfeng Li 0001|Huifang Ma|Wangyu Jin|Yugang Ji|Zhixin Li 0001
conf/sdm/FariaAM23,2023,SDM,inproceedings,Fisher Scoring Method for Neural Networks Optimization.,Jackson de Faria|Renato Assun|Fabricio Murai
conf/sdm/ChenBG0T22,2022,SDM,inproceedings,Dense and well-connected subgraph detection in dual networks.,Tianyi Chen|Francesco Bonchi|David Garc|Atsushi Miyauchi 0001|Charalampos E. Tsourakakis
conf/sdm/KisamoriWKF18,2018,SDM,inproceedings,A Rare and Critical Condition Search Technique and its Application to Telescope Stray Light Analysis.,Keiichi Kisamori|Takashi Washio|Yoshio Kameda|Ryohei Fujimaki
conf/sdm/ZaidiPW18,2018,SDM,inproceedings,Efficient and Effective Accelerated Hierarchical Higher-Order Logistic Regression for Large Data Quantities.,Nayyar Abbas Zaidi|Fran|Geoffrey I. Webb
conf/sdm/WiegandKV23,2023,SDM,inproceedings,Why Are We Waiting? Discovering Interpretable Models for Predicting Sojourn and Waiting Times.,Boris Wiegand|Dietrich Klakow|Jilles Vreeken
conf/sdm/FergusonM22,2022,SDM,inproceedings,Computation of the Sample Fr,Daniel Ferguson|Fran
conf/sdm/WangBLTZ19,2019,SDM,inproceedings,Deep Multi-view Information Bottleneck.,Qi Wang|Claire Boudreau|Qixing Luo|Pang-Ning Tan|Jiayu Zhou
conf/sdm/LinZDOZ23,2023,SDM,inproceedings,MoVAE: A Variational AutoEncoder for Molecular Graph Generation.,Zerun Lin|Yuhan Zhang|Lixin Duan|Le Ou-Yang|Peilin Zhao
conf/sdm/MatsunoG20,2020,SDM,inproceedings,Improved mixing time for,Ryuta Matsuno|Aristides Gionis
conf/sdm/ZhangXZT23,2023,SDM,inproceedings,Representation Learning on Dynamic Network of Networks.,Si Zhang|Yinglong Xia|Yan Zhu|Hanghang Tong
conf/sdm/GaoWR21,2021,SDM,inproceedings,Provable Distributed Stochastic Gradient Descent with Delayed Updates.,Hongchang Gao|Gang Wu 0013|Ryan A. Rossi
conf/sdm/CaiZR18,2018,SDM,inproceedings,JUMP: A Fast Deterministic Algorithm to Find the Closest Pair of Subsequences.,Xingyu Cai|Shanglin Zhou|Sanguthevar Rajasekaran
conf/sdm/TanYDWZ18,2018,SDM,inproceedings,Multi-view Weak-label Learning based on Matrix Completion.,Qiaoyu Tan|Guoxian Yu|Carlotta Domeniconi|Jun Wang 0035|Zili Zhang 0001
conf/sdm/McNeilMTB23,2023,SDM,inproceedings,CADENCE: Community-Aware Detection of Dynamic Network States.,Maxwell McNeil|Carolina Mattsson|Frank W. Takes|Petko Bogdanov
conf/sdm/YangHS20,2020,SDM,inproceedings,Identifying Potential Investors with Data Driven Approaches.,Bo Yang 0053|Kejun Huang|Nicholas D. Sidiropoulos
conf/sdm/PhanI19,2019,SDM,inproceedings,,Dzung T. Phan|Tsuyoshi Id
conf/sdm/0006LML18,2018,SDM,inproceedings,Toward Relational Learning with Misinformation.,Liang Wu 0006|Jundong Li|Fred Morstatter|Huan Liu 0001
conf/sdm/0002ZYF024,2024,SDM,inproceedings,FedDCSR: Federated Cross-domain Sequential Recommendation via Disentangled Representation Learning.,Hongyu Zhang 0002|Dongyi Zheng|Xu Yang|Jiyuan Feng|Qing Liao 0001
conf/isicdm/ShiPLWCL18,2018,ISICDM,inproceedings,Automatic Localization and Segmentation of Vertebral Bodies in 3D CT Volumes with Deep Learning.,Dejun Shi|Yaling Pan|Chunlei Liu 0007|Yao Wang|Deqi Cui|Yong Lu
conf/isicdm/0001PC19,2019,ISICDM,inproceedings,Broad Learning-based Intervertebral Discs Localization and Segmentation.,Hanqiang Liu 0001|Anqi Pi|Vipin Chaudhary
conf/isicdm/XieMPGLG18,2018,ISICDM,inproceedings,Degree Evaluation of Facial Nerve Paralysis by Combining LBP and Gabor Features.,Fei Xie|Yuchen Ma|Zeting Pan|Xinming Guo|Jun Liu|Gang Gao
conf/isicdm/XuDLZYL19,2019,ISICDM,inproceedings,Bladder MR Image Segmentation by Convex Global Optimization of Coupled Borders.,Xiaopan Xu|Peng Du|Yang Liu 0093|Xi Zhang 0017|Jing Yuan 0001|Hongbing Lu
conf/isicdm/WuWLYQ18,2018,ISICDM,inproceedings,Contour-based Historical Building Image Matching.,Gang Wu 0007|Zhaohe Wang|Jialin Li|Zhihui Yu|Baiyou Qiao
conf/isicdm/WeiXN19,2019,ISICDM,inproceedings,Left Ventricle Segmentation and Quantification with Attention-Enhanced Segmentation and Shape Correction.,Hongrong Wei|Wufeng Xue|Dong Ni 0001
conf/isicdm/LuoKWT19,2019,ISICDM,inproceedings,Low-dose X-ray Computed Tomography Image Reconstruction Using Edge Sparsity Regularization.,Shousheng Luo|Keke Kang|Yang Wang 0020|Xue-Cheng Tai
conf/isicdm/LiuWWZTX18,2018,ISICDM,inproceedings,Multitask Learning for Pathomorphology Recognition of Squamous Intraepithelial Lesion in Thinprep Cytologic Test.,Li Liu|Yuanhua Wang|Dongdong Wu|Yongping Zhai|Liwen Tan|Jingjing Xiao
conf/isicdm/FuHY20,2020,ISICDM,inproceedings,Liver vessel segmentation based on densely connected three-dimensional fully convolutional neural network.,Meihan Fu|Ying Hu|Jinzhu Yang
conf/isicdm/ChenHS0P20,2020,ISICDM,inproceedings,Task-Driven Deep Learning for LDCT Image Denoising.,Kecheng Chen|Jiaxin Huang 0006|Jiayu Sun|Yazhou Ren 0001|Xiaorong Pu
conf/isicdm/Liu0B19,2019,ISICDM,inproceedings,Body Composition Segmentation Based on Dual-pathway Deep Dilated Convolutional Neural Network.,Tiange Liu|Pengfei Xu 0003|Yuchang Bo
conf/isicdm/GuoPGZZZ19,2019,ISICDM,inproceedings,Effective Representation of Three-Dimension Nodules for False-Positive Reduction in Pulmonary Nodule Detection.,Wei Guo 0016|AdevianFairuz Pratama|Zhaoxuan Gong|Wei Zhou 0003|Dazhe Zhao|Guodong Zhang 0005
conf/isicdm/GongGGZKZ18,2018,ISICDM,inproceedings,Level Set Framework of Multi Labels Fusion for Multiple Sclerosis Lesion Segmentation.,Zhaoxuan Gong|Wei Guo 0016|Jia Guo|Zhenyu Zhu|Yoohwan Kim|Guodong Zhang 0005
conf/isicdm/LuFLZ19,2019,ISICDM,inproceedings,ROI Localization and Initialization Method for Left Ventricle Segmentation.,Junchi Lu|Chaolu Feng|Wei Li 0117|Dazhe Zhao
conf/isicdm/LiLZ19,2019,ISICDM,inproceedings,Quantifying Auricular Cartilage in Vivo Using Ultra-Short Echo Time (UTE) T2* Mapping.,Xue Li|Enhui Li|Weiwei Zhang
conf/isicdm/HuSLWZ18,2018,ISICDM,inproceedings,A Novel Multi-Atlas and Multi-Channel (MAMC) Approach for Multiple Sclerosis Lesion Segmentation in Brain MRI.,Changjun Hu|Liansong Song|Meiru Liu|Jingjing Wang 0002|Liren Zhang
conf/isicdm/ZhangWD019,2019,ISICDM,inproceedings,Multiscale Morphological Tone Mapping Operator for High Dynamic Range Images.,Yinghui Zhang|Ke Wang|Xiaojuan Deng|Hongwei Li 0006
conf/isicdm/XiaZ19,2019,ISICDM,inproceedings,Expanded Mask R-CNN's Retinal Edema Detection Network.,Haiying Xia|Fuyu Zhu
conf/isicdm/Xie0019,2019,ISICDM,inproceedings,A New Smoothing Based Image Recolorization Method.,Bin Xie|Yu Han 0001|Chen Xu 0004
conf/isicdm/LiLLWL20,2020,ISICDM,inproceedings,A Brief Review of Computer-aided Whole-slide Image Detection Techniques.,Xintong Li|Chen Li 0022|Xiaoqi Li 0007|Jian Wu 0036|Xiaoyan Li
conf/isicdm/ZhaoWW18,2018,ISICDM,inproceedings,Classification of Benign and Malignant Breast Mass in Digital Mammograms with Convolutional Neural Networks.,Xin Zhao|Xianheng Wang|Hongkai Wang 0002
conf/isicdm/QiGGTSZ19,2019,ISICDM,inproceedings,Pulmonary Nodules Image Retrieval via Supervised Deep Hashing.,Yongjun Qi|Junhua Gu|Juanping Geng|Zepei Tian|Yingru Su|Yajuan Zhang
conf/isicdm/MaXFZ19,2019,ISICDM,inproceedings,Segmentation of Prostate Peripheral Zone based on Multi-scale Features Enhancement.,Xiaozhi Ma|Dongdong Xie 0001|Jing Fang|Shu Zhan
conf/isicdm/LiuLC20b,2020,ISICDM,inproceedings,S-GCN: A siamese spectral graph convolutions on brain connectivity networks.,Xiaoli Liu 0001|Jiali Li|Peng Cao 0001
conf/isicdm/XuLLLT20,2020,ISICDM,inproceedings,Segmentation of Lung Parenchyma Based on FPN++Mask R-CNN Model.,Xingfei Xu|Gen Li|Xiaoshuo Li|Pan Liu|Wenjun Tan
conf/isicdm/ChengYJZW18,2018,ISICDM,inproceedings,Local Gauss Multiplicative Components (LG-MC) Method for MR Image Segmentation.,Jie Cheng|Haiqing Yin|Lingling Jiang|Junyu Zheng|Su Wei
conf/isicdm/YinLGML18,2018,ISICDM,inproceedings,Image Threshold Segmentation Based on BEMD and Genetic Algorithm.,Wenshe Yin|Pengfei Li|Guanhua Guan|Fankui Meng|Boqiao Li
conf/isicdm/FanT19,2019,ISICDM,inproceedings,Regularized UNet for Automated Pancreas Segmentation.,Jia Fan|Xue-Cheng Tai
conf/isicdm/WuZXY19,2019,ISICDM,inproceedings,Fluoroscopic Image Denoising with Feature Preserving Residual Noise Learning.,Chengyang Wu|Pu Zhang|Yan Xu|Jingwu Yao
conf/isicdm/ZhangQJWYT20,2020,ISICDM,inproceedings,Coarse-to-fine Kidney Segmentation Incorporating Abnormality Detection and Correction.,Yue Zhang 0033|Jiaming Qiu|Dabin Jie|Jiong Wu|Terry Tao Ye|Xiaoying Tang 0001
conf/isicdm/YangY19,2019,ISICDM,inproceedings,Accurate and Robust Active Contour Model for Medical Image Segmentation and Correction.,Yunyun Yang|Yunna Yang
conf/isicdm/LiZYFWZ19,2019,ISICDM,inproceedings,R4: A Client Server Architecture Oriented Open Three Dimensional Reconstruction Layered Reference Model for Medical Images.,Wei Li 0117|Wenping Zhou|Kun Yu 0002|Chaolu Feng|Haixu Wang|Dazhe Zhao
conf/isicdm/YangLZ19,2019,ISICDM,inproceedings,Saliency Detection Based on Non-convex Weighted Surrogates.,Yu Yang|Min Li 0024|Yao Zhang
conf/isicdm/TangQT19,2019,ISICDM,inproceedings,Z-range Extension of Volume Imaged with Clinical C-arm Computed Tomography from A Single Rotation Helical Cone-beam Scan.,Shaojie Tang 0002|Zhiwei Qiao|Xiangyang Tang
conf/isicdm/GongZZZG19,2019,ISICDM,inproceedings,Convolutional Neural Networks Based Level Set Framework for Pancreas Segmentation from CT Images.,Zhaoxuan Gong|Zhenyu Zhu|Guodong Zhang 0005|Dazhe Zhao|Wei Guo 0016
conf/isicdm/ZhaoLL19,2019,ISICDM,inproceedings,Dental Data Analysis Based on Dental X-ray Panorama.,Shuxu Zhao|Changrong Liu|Qing Luo
conf/isicdm/ZhongWYZT19,2019,ISICDM,inproceedings,3D Fully Convolutional Network Incorporating Savitzky-Golay Filtering for Prostate Segmentation.,Pinyuan Zhong|Jiong Wu|Zhe Yuan|Yue Zhang 0033|Xiaoying Tang 0001
conf/isicdm/XieL18,2018,ISICDM,inproceedings,Simultaneous Detection and Segmentation of Cell Nuclei based on Convolutional Neural Network.,Lipeng Xie|Chunming Li
conf/isicdm/HuangJZKS20,2020,ISICDM,inproceedings,Automatic segmentation of prostate cancer based on fusion multi-parameter MRI images.,Xunan Huang|Guang Jia|Bo Zhang 0089|Michael V. Knopp|Zarine K. Shah
conf/isicdm/LiLH18,2018,ISICDM,inproceedings,The Minimum Description Length Guided Model Selection in Granger Causality Analysis.,Fei Li 0026|Qiang Lin|Zhenghui Hu
conf/isicdm/SunJY20,2020,ISICDM,inproceedings,Anisotropic total variation minimization approach in in-line phase-contrast tomographyT.,Zefang Sun|Dongjiang Ji|Shidi Yang
conf/isicdm/XiTW19,2019,ISICDM,inproceedings,Multi-retinal Images Stitching Based on the Maximum Fusion and Correction Ratio of Gray Average.,Jingwei Xi|Pengwei Teng|Jiajun Wang
conf/isicdm/JiangCDYZ20,2020,ISICDM,inproceedings,GCN-RNN: An Unified Framework for Modeling the multi-label diagnosis of chest X-ray disease.,Chunyu Jiang|Peng Cao 0001|Lili Dou|Jinzhu Yang|Dazhe Zhao
conf/isicdm/ZhiCM19,2019,ISICDM,inproceedings,A Projection Match Based Motion Compensated Algorithm in 4DCBCT.,Shaohua Zhi|Shaojie Chang|Xuanqin Mou
conf/isicdm/LiZL19,2019,ISICDM,inproceedings,Application of Distance Regularized Chan-Vese Method for Kidney Segmentation in Renal Scintigraphy.,Miao Li|Xiujuan Zheng|Kai Liu 0012
conf/isicdm/LuZXHL19,2019,ISICDM,inproceedings,The Prognosis Prediction of GBM Based on High-risk Subregion and Multi-parametric MR Imaging.,Di Lu|Xi Zhang 0017|Xiaopan Xu|Xiaowei He|Yang Liu 0093
conf/isicdm/SunF20,2020,ISICDM,inproceedings,A Bayesian approach for CT perfusion parameters estimation.,Tao Sun|Roger Fulton
conf/isicdm/LiXH20,2020,ISICDM,inproceedings,A Modified Multiplicative Intrinsic Component and Local Intensity Inhomogeneity for Brain Image Segmentation.,Ji Li|Haiping Xu|Chencheng Huang
conf/isicdm/ShiMMLZ19,2019,ISICDM,inproceedings,Combination Strategy of Deep Learning and Direct Back Projection for High-efficiency Computed Tomography Reconstruction.,Yu Shi|Fanzhen Meng|Ye Mao|Chenfeng Li|Shouping Zhu
conf/isicdm/ChangLL19,2019,ISICDM,inproceedings,A Hybrid Fusion Method Based on Image Decomposition and Low Rank Representation.,Lihong Chang|Xiaoping Li|Wanshun Lu
conf/isicdm/LiuLC20,2020,ISICDM,inproceedings,SP-MTFL: A self paced multi-task feature learning method for cognitive performance predicting of Alzheimer's disease.,Xiaoli Liu 0001|Jiali Li|Peng Cao 0001
conf/isicdm/WangYFZML19,2019,ISICDM,inproceedings,Graph Cuts and Shape Constraint Based Automatic Femoral Head Segmentation in CT Images.,Dongjie Wang|Kun Yu 0002|Chaolu Feng|Dazhe Zhao|Xin Min|Wei Li 0117
conf/isicdm/DongLYLC18,2018,ISICDM,inproceedings,Robust Segmentation of the Left Ventricle from Cardiac MRI via Capsule Neural Network.,Jiaxiu Dong|Chang Liu|Cong Yang|Nan Lin|Yangjie Cao
conf/isicdm/YangJMDG19,2019,ISICDM,inproceedings,A Pulmonary Nodule Detection Algorithm Based on Low Dose CT Images.,Qian Yang|Huiqin Jiang|Ling Ma 0005|Xiaozhen Du|Jianbo Gao
conf/isicdm/ZhaoXQZ19,2019,ISICDM,inproceedings,An Adaptive Device-Aware Model Optimization Framework.,Shuzhen Zhao|Hongwei Xie|Yan Qiang 0001|Hao Zhang 0061
conf/isicdm/LiuZW19,2019,ISICDM,inproceedings,Organ Localization in PET/CT Images using Hierarchical Conditional Faster R-CNN Method.,Linlin Liu|Bin Zhang|Hongkai Wang 0002
conf/isicdm/RenLGL19,2019,ISICDM,inproceedings,Transfer Learning Models on Brain Age Prediction.,Yanhao Ren|Qiang Luo|Weikang Gong|Wenlian Lu
conf/isicdm/Xu0ZLSZ20,2020,ISICDM,inproceedings,Microscopic Image Augmentation Using an Enhanced WGAN.,Hao Xu 0042|Chen Li 0022|Jinghua Zhang|Zihan Li|Changhao Sun|Xin Zhao 0023
conf/isicdm/ZhangCXQ19,2019,ISICDM,inproceedings,Conditional Convolution Generative Adversarial Network for Bi-ventricle Segmentation in Cardiac MR Images.,Haoran Zhang|Xuehao Cao|Lisheng Xu|Lin Qi 0002
conf/isicdm/HeDHXSC20,2020,ISICDM,inproceedings,Dynamic alterations of amplitude of low-frequency fluctuations in adolescents with autism spectrum disorder.,Changchun He|Xujun Duan|Xinyue Huang|Jinming Xiao|Xiaolong Shan|Huafu Chen
conf/isicdm/ChenCTSYC20,2020,ISICDM,inproceedings,Amygdala-Based Structural Covariance and Functional Connectivity Alterations in Patients with Generalized Anxiety Disorder.,Yuyan Chen|Qian Cui|Qin Tang|Wei Sheng|Yang Yang|Huafu Chen
conf/isicdm/WangHLWCP19,2019,ISICDM,inproceedings,Automatic Classification of Exudates in Color Fundus Images Using an Augmented Deep Learning Procedure.,Lei Wang 0163|Ying Huang|Bing Lin|Wencan Wu|Hao Chen 0101|Jiantao Pu
conf/isicdm/ZhangYX18,2018,ISICDM,inproceedings,Adaptive Sampling for GPU-based 3-D Volume Rendering.,Chun-han Zhang|Hao Yin|Shanghua Xiao
conf/isicdm/LiDZCM20,2020,ISICDM,inproceedings,Multi-energy CT image restoration algorithm based on the flat-panel X-ray source.,Yang Li 0119|Jiayu Duan|Shaohua Zhi|Jianmei Cai|Xuanqin Mou
conf/isicdm/TangH0LY20,2020,ISICDM,inproceedings,Automated Diabetic Retinopathy Identification via Lesion Guided Network.,Xiaoying Tang 0001|Yijin Huang|Li Lin 0006|Meng Li|Jin Yuan
conf/isicdm/HuangFZ20,2020,ISICDM,inproceedings,An Improved Method of Blood Vessel Enhancement Based on Hessian Matrix.,Mingxu Huang|Chaolu Feng|Dazhe Zhao
conf/isicdm/YanYTCDZ20,2020,ISICDM,inproceedings,An atlas based level set method for 3D brain structures segmentation.,Junyi Yan|Jinzhu Yang|Wenjun Tan|Peng Cao 0001|Lili Dou|Dazhe Zhao
conf/isicdm/HuangHYK19,2019,ISICDM,inproceedings,Fixed-Point Deformable U-Net for Pancreas CT Segmentation.,Meixiang Huang|Chongfei Huang|Jing Yuan 0001|Dexing Kong
conf/isicdm/ShiTYZL18,2018,ISICDM,inproceedings,A Fast Convexity Preserving Level Set Method for Segmentation of Cardiac Left Ventricle.,Xue Shi|Lijun Tang|Xiaoping Yang|Shaoxiang Zhang|Chunming Li
conf/isicdm/LiLZGLX20,2020,ISICDM,inproceedings,Comparison of Visual Feature Extraction Methods of Sperms in Semen Microscopic Videos.,Xialin Li|Chen Li|Wenwei Zhao|Yuzhuo Gu|Jindong Li|Peng Xu
conf/isicdm/SongGYZ19,2019,ISICDM,inproceedings,Coronary Ascending Aorta Segmentation in CTA Images Using SegNet Method.,Yihua Song|Chen Ge|Ji Ye|Zuojian Zhou
conf/isicdm/WangZ19,2019,ISICDM,inproceedings,ScaDO Net: Scaffold-Dense-Octave Net for Brain Structure Segmentation.,He Wang|Weiwei Zhang
conf/isicdm/LiuYWYC19,2019,ISICDM,inproceedings,Glioma Subregions Segmentation with a Discriminative Adversarial Regularized 3D Unet.,Jing Liu|Pengyu Yin|Xiaohui Wang|Wei Yang|Kun Cheng
conf/isicdm/LyuQD0YT20,2020,ISICDM,inproceedings,Transfer Learning for Automatic Cornea Segmentation based on Ocular Staining Images.,Junyan Lyu|Jiaming Qiu|Lijie Deng|Yue Zhang 0033|Terry Tao Ye|Xiaoying Tang 0001
conf/isicdm/DuanCZM20,2020,ISICDM,inproceedings,Blind CT Image Quality Assessment Model Based on CT Image Statistics.,Jiayu Duan|Jianmei Cai|Shaohua Zhi|Xuanqin Mou
conf/isicdm/LuC18,2018,ISICDM,inproceedings,Adaptive Image De-noising Method Based on Spatial Autocorrelation.,Ronghui Lu|Tzong-Jer Chen
conf/isicdm/LuoMWCT019,2019,ISICDM,inproceedings,Data-driven Method for 3D Axis-symmetric Object Reconstruction from Single Cone-beam Projection Data.,Shousheng Luo|Ruyue Meng|Suhua Wei|Jian-Feng Cai 0001|Xue-Cheng Tai|Yang Wang 0020
conf/isicdm/YangZZX19,2019,ISICDM,inproceedings,An Accurate Estimation of T2* Mapping for Fast Magnetic Resonance Imaging.,Jie Yang|Zhicheng Zhang|Yanchun Zhu|Yaoqin Xie
conf/isicdm/FuhaiT20,2020,ISICDM,inproceedings,Multi-modal MRI synthesization based on StarGAN.,Sun Fuhai|Xiaoying Tang 0001
conf/isicdm/Min0018,2018,ISICDM,inproceedings,A Region-Bias Fitting Model based Level Set for Segmenting Images with Intensity Inhomogeneity.,Hai Min|Wei Jia 0001|Yang Zhao 0002
conf/isicdm/XieWYL20,2020,ISICDM,inproceedings,A Machine Learning Approach to Biomarker Screening on Proteomics Data of Cleft Lip and Palate.,Weidong Xie|Linjie Wang|Kun Yu 0002|Wei Li 0117
conf/isicdm/ZhengLCLZ19,2019,ISICDM,inproceedings,A Method on Detection and Location of the Ablation Needle in CT Images.,Yongguo Zheng|Kaijia Liu|Ming Chen|Jianwei Li|Guozhen Zha
conf/isicdm/LiaoWB19,2019,ISICDM,inproceedings,Robust Prototypical Networks for Small-Intestine Polyp Recognition in Wireless Capsule Endoscopy Images.,Chao Liao|Chengliang Wang|Jianying Bai
conf/isicdm/ChenSW19,2019,ISICDM,inproceedings,A Level Set Method with Dynamic Prior for Cell Image Segmentation.,Xueying Chen|Liang Sun|Bin Wang 0027
conf/isicdm/LiLS20,2020,ISICDM,inproceedings,Impaired Capacity to Process Cross-modal Emotional Information between Facial and Auditory Channels in Major Depression Disorders.,Liyuan Li|Rong Li|Fei Shen
conf/isicdm/CaiYLL20,2020,ISICDM,inproceedings,Using Learnt Nakagami parametric mapping to classify fatty liver in rabbits.,Qiang Cai|Hao Yin|Dong Liu|Paul Liu
conf/isicdm/00020F19,2019,ISICDM,inproceedings,Group Discriminative Least Square Regression.,Chunyu Yang 0002|Weiwei Wang 0005|Xiangchu Feng
conf/isicdm/ChenLF20,2020,ISICDM,inproceedings,Cardiac segmentation using multi-atlas coarse-refine registration.,Shuaizheng Chen|Dongxiu Li|Chaolu Feng
conf/isicdm/QinYZLLL19,2019,ISICDM,inproceedings,Classification for Rectal CEUS Images Based on Combining Features by Transfer Learning.,Langkuan Qin|Hao Yin|Hua Zhuang|Yuan Luo|Paul Liu 0003|Dong C. Liu
conf/isicdm/FangZWDC19,2019,ISICDM,inproceedings,Non-reference Evaluation of Hyperspectral X-CT Images Based on CdTe Photon Counting Detector.,Zheng Fang|Shuo Zhong|Renbin Wang|Liquan Ding|Siyuan Chen
conf/isicdm/ChenXWN19,2019,ISICDM,inproceedings,Cardiac Motion Scoring Based on CNN with Attention Mechanism.,Zejian Chen|Wufeng Xue|Tianfu Wang 0001|Dong Ni 0001
conf/isicdm/LiuLC20a,2020,ISICDM,inproceedings,Modeling Disease Progression with Deep Neural Networks.,Xiaoli Liu 0001|Jiali Li|Peng Cao 0001
conf/isicdm/ShenZG18,2018,ISICDM,inproceedings,Exterior Computed Tomography Image Reconstruction Based on Wavelet Tight Frame and ι0 Quasi-norm.,Zhaoqiang Shen|Li Zeng|Yumeng Guo
conf/isicdm/DuanCM19,2019,ISICDM,inproceedings,Region-Based Automatic Regularization Parameter Tuning in CT Reconstruction.,Jiayu Duan|Jianmei Cai|Xuanqin Mou
conf/isicdm/ChenWC19,2019,ISICDM,inproceedings,Improved DenseNet with Convolutional Attention Module for Brain Tumor Segmentation.,Bin Chen|Jiajun Wang|Zheru Chi
conf/isicdm/ChenCMLT18,2018,ISICDM,inproceedings,Classification of Pancreatic Tumors based on MRI Images using 3D Convolutional Neural Networks.,Xuan Chen|Yufei Chen 0002|Chao Ma 0027|Xianhui Liu|Xin Tang
conf/isicdm/XiaoH0019,2019,ISICDM,inproceedings,Glioma Grading Prediction by Exploring Radiomics and Deep Learning Features.,Taohui Xiao|Wenqing Hua|Cheng Li 0008|Shanshan Wang 0002
conf/isicdm/LiLMYCL20,2020,ISICDM,inproceedings,Differences of aberrant dynamic functional connectivity between depressed patients with and without suicidal ideation.,Jiao Li|Bing Li|Yao Meng|Siqi Yang 0002|Huafu Chen|Wei Liao 0001
conf/isicdm/WangHLCT20,2020,ISICDM,inproceedings,Deep Learning Based Discrimination of Corneal Ulcer Patterns Using Fluorescein Staining Images.,Zhonghua Wang|Yijin Huang|Junyan Lyu|Pujin Cheng|Xiaoying Tang 0001
conf/isicdm/JiangS18,2018,ISICDM,inproceedings,Classification of Lung Tissue with Cystic Fibrosis Lung Disease via Deep Convolutional Neural Networks.,Xi Jiang|Hualei Shen
conf/isicdm/YangFW19,2019,ISICDM,inproceedings,An Automatic Image Segmentation Model Integrating Fuzzy Clustering with Level Set Method.,Yunyun Yang|Chong Feng 0002|Ruofan Wang
conf/isicdm/ZhangLH19,2019,ISICDM,inproceedings,"A Comparison of Logistic Regression, Random Forest Models in Predicting the Risk of Diabetes.",Baoxin Zhang|Li Lu|Jiaqi Hou
conf/isicdm/YaoGW19,2019,ISICDM,inproceedings,Segmentation of Venous Vessel in MRI using Transferred Convolutional Neural Network.,Yao Yao|Shuiping Gou|Miao Wang
conf/isicdm/YeZZ0D19,2019,ISICDM,inproceedings,POCS-Based Super-Resolution Image Reconstruction Using Local Gradient Constraint.,Dongjun Ye|Bin Zhou|Bi-Ying Zhong|Wei Wei 0006|Xue-Mei Duan
conf/isicdm/LiSD18,2018,ISICDM,inproceedings,Optic Disc and Fovea Detection Using Multi-Stage Region-Based Convolutional Neural Network.,Xuechen Li 0001|Linlin Shen|Jiang Duan
conf/isicdm/YangLCZZ18,2018,ISICDM,inproceedings,Non-Rigid Point Set Registration via Gaussians Mixture Model with Local Constraints.,Kai Yang|Xianhui Liu|Yufei Chen 0002|Haotian Zhang|Weidong Zhao
conf/isicdm/Yu0HS018,2018,ISICDM,inproceedings,Multi-Atlas Based Early Prediction of Post-Traumatic Stress Disorder.,Yakun Yu|Qian Wang 0001|Hao Hu|Shanshan Su|Zhen Wang 0015
conf/isicdm/YangCLT18,2018,ISICDM,inproceedings,The Effect of Spatial Consistence on Multisensory Integration in a Divided Attention Task.,Jingjing Yang|Jinlong Chu|Xiujun Li|Dan Tong
conf/isicdm/ZhangWXY19,2019,ISICDM,inproceedings,Hybrid 3D/2D-Based Deep Convolutional Neural Network for Spatio-Temporal Denoising of Angiography.,Pu Zhang|Chengyang Wu|Yan Xu|Jingwu Yao
conf/isicdm/XuZLLT20,2020,ISICDM,inproceedings,The Effect of The Number of Sensor Coils on Sensitivity in Electromagnetic Tomography.,Siqi Xu|Qian Zhao|Liu Li|Nan Li|Wenjun Tan
conf/isicdm/LiuCSHQL18,2018,ISICDM,inproceedings,Automatic Liver Segmentation in CT Volumes with Improved 3D U-net.,Chunlei Liu 0007|Deqi Cui|Dejun Shi|Zhiqiang Hu|Yuan Qin|Jinyi Lang
conf/isicdm/JinZC20,2020,ISICDM,inproceedings,AMIL: An attentional multi-instance learning for computer-aided diagnosis of skin diagnosis.,Mengqun Jin|Delong Zhang|Peng Cao 0001
conf/isicdm/ZhangZL018,2018,ISICDM,inproceedings,Sparse-View CT Reconstruction via Robust and Multi-channels Autoencoding Priors.,Minghui Zhang|Fengqin Zhang|Qiegen Liu|Dong Liang 0001
conf/isicdm/TaoRZL20,2020,ISICDM,inproceedings,Identifying Hierarchical Individual Functional Network under Naturalistic Paradigm via Two-stage DBN with Neural Architecture Search.,Zeyang Tao|Yudan Ren|Wei Zhang 0090|Tianming Liu 0001
conf/isicdm/ChenCDY20,2020,ISICDM,inproceedings,An end-to-end framework for pulmonary nodule detection and false positive reduction from CT Images.,Yafang Chen|Peng Cao 0001|Lili Dou|Jinzhu Yang
conf/isicdm/DengL019,2019,ISICDM,inproceedings,Limited-angle CT Reconstruction with ℓp Regularization.,Xiaojuan Deng|Xuehong Liu|Hongwei Li 0006
conf/isicdm/ZhangCDYZ20,2020,ISICDM,inproceedings,An Auto-Encoding Generative Adversarial Networks for Generating Brain Network.,Shan Zhang|Peng Cao 0001|Lili Dou|Jinzhu Yang|Dazhe Zhao
conf/isicdm/WangYLL20,2020,ISICDM,inproceedings,Flexible Probe Assisted Control System for 3D ultrasound reconstruction.,Dongwei Wang|Hao Yin|Paul Liu 0003|Dong C. Liu
conf/isicdm/ZhengCYM19,2019,ISICDM,inproceedings,Deep Interactive Segmentation of Uncertain Regions with Shadowed Sets.,Haiyan Zheng|Yufei Chen 0002|Xiaodong Yue 0002|Chao Ma 0027
conf/isicdm/Wang0F19,2019,ISICDM,inproceedings,Subspace Clustering by Relaxed Block Diagonal Representation.,Qian Wang|Weiwei Wang 0005|Xiangchu Feng
conf/isicdm/WangLZGT20,2020,ISICDM,inproceedings,A Deep Learning Pipeline Incorporating Level Set for Vascular Segmentation and Topological Analysis.,Xueying Wang|Xiaoya Liu|Yue Zhang 0033|Qiongyu Guo|Xiaoying Tang 0001
conf/isicdm/ZengJM18,2018,ISICDM,inproceedings,Learning Multi-Level Features for Breast Mass Detection.,Qinggong Zeng|Huiqin Jiang|Ling Ma 0005
conf/isicdm/YuLLZL18,2018,ISICDM,inproceedings,Automatic Diagnosing of Infant Hip Dislocation Based on Neural Network.,Xiang Yu|Dongyun Lin|Weiyao Lan|Bingan Zhong|Ping Lv
conf/isicdm/LiX019,2019,ISICDM,inproceedings,Modified Edge-Weighted Centroidal Voronoi Tessellation for Image Segmentation.,Mengfei Li 0002|Ying Xu 0001|Hongwei Li 0006
conf/isicdm/YangHSCTL20,2020,ISICDM,inproceedings,A multiphase level set method for stroke lesion segmentation.,Ming Yang|Yun He|Xue Shi|Zhong-Ping Chen|Dan Tong|Chunming Li
conf/isicdm/JiangzTS19,2019,ISICDM,inproceedings,Region Growing Model with Edge Restrictions for Multiple Roots Tooth Segmentation.,Benxiang Jiang|Yue Zhang 0033|Xiaoying Tang 0001|Hongjian Shi
conf/isicdm/WangZT19,2019,ISICDM,inproceedings,Fully Automatic Diameter Measurement Method Based on Retinal Vessel Segmentation.,Simao Wang|Yue Zhang 0033|Xiaoying Tang 0001
conf/kil/ShouL24,2024,KiL@KDD,inproceedings,Enhancing Semantic Understanding in Vision Language Models Using Meaning Representation Negative Generation.,Ziyi Shou|Fangzhen Lin
conf/kil/HayakawaS24,2024,KiL@KDD,inproceedings,Can LLMs Solve Reading Comprehension Tests as Second Language Learners?,Akio Hayakawa|Horacio Saggion
conf/kil/GhaffariNSLG24,2024,KiL@KDD,inproceedings,Traffic Accident Prediction and Warning System: Integration Use Case.,Amirhossein Ghaffari|Huong Mai Nguyen|Alaa Saleh|Lauri Lov|Ekaterina Gilman
conf/kil/GuoCTL24,2024,KiL@KDD,inproceedings,Towards Optimizing with Large Language Model.,Pei-Fu Guo|Ying-Hsuan Chen|Yun-Da Tsai|Shou-De Lin
conf/kil/SansfordRMS24,2024,KiL@KDD,inproceedings,GraphEval: A Knowledge-Graph Based LLM Hallucination Evaluation Framework.,Hannah Sansford|Nicholas Richardson|Hermina Petric Maretic|Juba Nait Saada
conf/kil/LiraMJ24,2024,KiL@KDD,inproceedings,Enhancing the Reliability of LLMs-based Systems for Survey Generation through Distributional Drift Detection.,Vinicius Monteiro de Lira|Antonio Maiorino|Peng Jiang 0024
conf/kil/BalappanawarCWM24,2024,KiL@KDD,inproceedings,Towards Infusing Auxiliary Knowledge for Distracted Driver Detection.,Ishwar B. Balappanawar|Ashmit Chamoli|Ruwan Wickramarachchi|Aditya Mishra|Ponnurangam Kumaraguru|Amit P. Sheth
conf/kil/OndulaOMR24,2024,KiL@KDD,inproceedings,"Sentimental Agents: Exploring Deliberation, Cognitive Biases, and Decision-making in LLM-based Multiagent Systems.",Elizabeth Akinyi Ondula|Daniele Orner|Nick Mumero Mwangi|Casandra Rusti
conf/kil/MishraJKR24,2024,KiL@KDD,inproceedings,Design and Optimization of Heat Exchangers Using Large Language Models.,Sandeep Mishra|Vishal Jadhav|Shirish S. Karande|Venkataramana Runkana
conf/kil/LiSZ24,2024,KiL@KDD,inproceedings,Enhancing Natural Language Understanding in Large Language Models by Symbolic Representation.,Bingqian Li|Baiyang Song|Yi Zhou
conf/kil/JuraevEA24,2024,KiL@KDD,inproceedings,Infodeslib: Python Library for Dynamic Ensemble Learning using Late Fusion of Multimodal Data.,Firuz Juraev|Shaker H. Ali El-Sappagh|Tamer Abuhmed
conf/csdm/XuFY21,2021,CSDM Asia / CSDM,inproceedings,Practice of ARCADIA and Capella in Civil Radar Design.,Renfei Xu|Wenhua Fang|Wei Yin
conf/csdm/MouTLL21,2021,CSDM Asia / CSDM,inproceedings,Application of Model Based System Engineering in Hydraulic Energy System Design.,Quanrun Mou|Xiaolong Tong|Zhenghong Li|Liangliang Liu
conf/csdm/CollinSIMTW19,2019,CSDM,inproceedings,A Multiobjective Systems Architecture Model for Sensor Selection in Autonomous Vehicle Navigation.,Anne Collin|Afreen Siddiqi|Yuto Imanishi|Yukti Matta|Taisetsu Tanimichi|Olivier de Weck
conf/csdm/BrankovicBDNL19,2019,CSDM,inproceedings,Towards a Cross-Domain Modeling Approach in System-of-Systems Architectures.,Boris Brankovic|Christoph Binder|Dieter Draxler|Christian Neureiter|Goran Lastro
conf/csdm/ChenLS21,2021,CSDM Asia / CSDM,inproceedings,A Model-Based Requirements Analysis Method for Avionics System Architecture.,Cong Chen|Bingfei Li|Jieshi Shen
conf/csdm/NormannM19,2019,CSDM,inproceedings,School Shootings in the U.S. - Where to Begin.,Bruce A. Normann|Mo Mansouri
conf/csdm/BrumbulliGB19,2019,CSDM,inproceedings,Verification of BPMN Models.,Mihal Brumbulli|Emmanuel Gaudin|Fr
conf/csdm/KoneBLMG19,2019,CSDM,inproceedings,Safety Demonstration of Autonomous Vehicles: A Review and Future Research Questions.,Tchoya Florence Kon|Eric Bonjour|Eric Levrat|Fr|St
conf/csdm/ChangXZ21,2021,CSDM Asia / CSDM,inproceedings,Ontology for Systems Engineering Technical Processes.,Chuangye Chang|Gang Xiao|Yaqi Zhang
conf/csdm/ZhuWYYM21,2021,CSDM Asia / CSDM,inproceedings,Formal Modeling and Correctness Proof of Spatial Partition Algorithm.,Liping Zhu|Fangfang Wu|Pei Yang|Jixun Yan|Li Ma
conf/csdm/MaitreRV18,2018,CSDM,inproceedings,Understand Corporate Culture for a Better Steering Model.,Paul Maitre|J|Fran
conf/csdm/XuRW21,2021,CSDM Asia / CSDM,inproceedings,The Application Research of System Cooperative Design Engineering Based on MSFC Architecture.,Hongjie Xu|Jinhu Ren|Yingru Wang
conf/csdm/LiuGCZ21,2021,CSDM Asia / CSDM,inproceedings,Model-Based System Engineering Adoption for Trade-Off Analysis of Civil Helicopter Fuel Supply System Solutions.,Weihao Liu|Yuqiang Guo|Qipeng Chen|Hui Zhao
conf/csdm/WuWZ21,2021,CSDM Asia / CSDM,inproceedings,Research on Multi-disciplinary Integrated Design Method of Remote Sensing Satellites.,Yongsheng Wu|Guangyuan Wang|Jiaguo Zu
conf/csdm/ChengZL21,2021,CSDM Asia / CSDM,inproceedings,Studies on Global Modeling Technology in Enterprise System Design and Governance.,Yan Cheng|Xinguo Zhang|Lefei Li
conf/csdm/ZhuT21,2021,CSDM Asia / CSDM,inproceedings,Experiences with Applying Scenario-Based Approach to Refine Aircraft Stakeholder Requirements.,Wenhao Zhu|Fuxing Tao
conf/csdm/Bouffet-Bellaud18,2018,CSDM,inproceedings,On-Time-Launch Capability for Ariane 6 Launch System.,St|Vincent Coipeau-Maia|Ronald Cheve|Thierry Garnier
conf/csdm/LiYWC21,2021,CSDM Asia / CSDM,inproceedings,A Preliminary Research on Zonal Safety Analysis Method for Aircraft Complex Systems by Using Virtual Reality and Augmented Reality.,Tao Li|Bo Ye|Dawei Wang|Hu Cao
conf/csdm/ZhanWSLB21,2021,CSDM Asia / CSDM,inproceedings,Research on Distributed Harmony-SE Model Integration Method for Complex UAV System.,Guang Zhan|Miao Wang|Zhixiao Sun|Yuanjie Lu|Yang Bai
conf/csdm/ZhanZLX21,2021,CSDM Asia / CSDM,inproceedings,Design Method of Aviation Architecture Based on Model Base.,Zhijuan Zhan|Qing Zhou|Bingfei Li|Bing Xue
conf/csdm/LiXY21,2021,CSDM Asia / CSDM,inproceedings,Optimal Design of Airborne Test System Based on Model Analysis.,Xiao-Lin Li|Shuai Xie|Wei Yuan
conf/csdm/LiWTLC21,2021,CSDM Asia / CSDM,inproceedings,Aircraft-Cable Fault Location Technology Research Based on Time Domain Reflectometry.,Tao Li|Danyang Wang|Jianjun Tang|Yang Liu|Ou Chen
conf/csdm/CachesM19,2019,CSDM,inproceedings,Applications of Systems Thinking for Scooter Sharing Transportation System.,Christina Caches|Mo Mansouri
conf/csdm/FrischbierPER19,2019,CSDM,inproceedings,Managing the Complexity of Processing Financial Data at Scale - An Experience Report.,Sebastian Frischbier|Mario Paic|Alexander Echler|Christian Roth
conf/csdm/XiongLLY21,2021,CSDM Asia / CSDM,inproceedings,A Preliminary Research on Performance Prediction Model of Catapult Launched Take-Off for a Large Wingspan Unmanned Aerial Vehicle.,Hongrui Xiong|Tao Li|Heyu Li|Changgui Yu
conf/csdm/ChangTWWC21,2021,CSDM Asia / CSDM,inproceedings,A Design of Commercial Aircraft Health Management Using N-F-R-P Process.,Shuo Chang|Jian Tang|Yi Wang|Zhaobing Wang|Shimeng Cui
conf/csdm/FruehlingM18,2018,CSDM,inproceedings,"Analyzing Awareness, Decision, and Outcome Sequences of Project Design Groups: A Platform for Instrumentation of Workshop-Based Experiments.",Carl Fruehling|Bryan R. Moser
conf/csdm/HuangYKZ21,2021,CSDM Asia / CSDM,inproceedings,An MBSE Framework for Civil Aircraft Airborne System Development.,Xing Huang|Hong Yang|Min Kang|Juan Zhang
conf/csdm/GardnerM19,2019,CSDM,inproceedings,Understanding Stakeholder Interactions Impacting Human Spaceflight Funding Levels.,Brian M. Gardner|Mo Mansouri
conf/csdm/LuLSWYB21,2021,CSDM Asia / CSDM,inproceedings,Research on Behavior Modeling and Simulation of Complex UAV Based on SysML State Machine Diagram.,Yuanjie Lu|Zhimin Liu|Zhixiao Sun|Miao Wang|Wenqing Yi|Yang Bai
conf/csdm/WeiHL21,2021,CSDM Asia / CSDM,inproceedings,A Parallel Verification Approach for New Technology Application in Complex Radar System.,Yao Wei|Ming Hao|Zhiyong Lei
conf/csdm/SuHCLCW21,2021,CSDM Asia / CSDM,inproceedings,Towards Automated GUI Design of Display Control Systems Based on SysML and Ontologies.,Jin Su|Jianjun Hu|Yue Cao|Yusheng Liu 0006|Wang Chen|Chao Wang
conf/csdm/RedmondC19,2019,CSDM,inproceedings,Implementing Organizational Cybernetics for the Next Generation of Digital Business Models.,Alan Martin Redmond|Loic Chanvillard
conf/csdm/BinderNLUL18,2018,CSDM,inproceedings,Towards a Standards-Based Domain Specific Language for Industry 4.0 Architectures.,Christoph Binder|Christian Neureiter|Goran Lastro|Mathias Uslar|Peter Lieber
conf/csdm/DoornbosHSVSV18,2018,CSDM,inproceedings,A Domain Model-Centric Approach for the Development of Large-Scale Office Lighting Systems.,Richard Doornbos|Bas Huijbrechts|Jack Sleuters|Jacques Verriet|Kristina Sevo|Mark Verberkt
conf/csdm/ZhengSXK21,2021,CSDM Asia / CSDM,inproceedings,"A MBSE-Based Development Life Cycle for Reconnaissance, Early-Warning, and Intelligence Equipment System-Of-Systems.",Weiwei Zheng|Yanli Shen|Taoshun Xiao|Ruiyuan Kong
conf/csdm/ShenLC21,2021,CSDM Asia / CSDM,inproceedings,Design of Test Flight Mission Planning and Playback Verification System Based on STK.,Jieshi Shen|Bingfei Li|Cong Chen
conf/csdm/WadeVMB18,2018,CSDM,inproceedings,The SERC 5-Year Technical Plan: Designing the Future of Systems Engineering Research.,Jon Wade|Dinesh Verma|Thomas A. McDermott|Barry W. Boehm
conf/csdm/QiuZHWYW21,2021,CSDM Asia / CSDM,inproceedings,Integrated Configuration Management Based on System Engineering.,Xi Qiu|Jin Zhong|Wei Hui|Lixin Wang|Yi Yang|J. W. Wang
conf/csdm/MelendezCGBV18,2018,CSDM,inproceedings,Formalization and Reuse of Collaboration Experiences in Industrial Processes.,Diana Mel|Thierry Coudert|Laurent Geneste|Juan Camilo Romero Bejarano|Aymeric De Valroger
conf/csdm/BrunetSYBLM19,2019,CSDM,inproceedings,Simulation Architecture Definition for Complex Systems Design: A Tooled Methodology.,Jean-Patrick Brunet|Henri Sohier|Mouadh Yagoubi|Mathieu Bisquay|Pascal Lamothe|Pascal Menegazzi
conf/csdm/ShibuyaKS21,2021,CSDM Asia / CSDM,inproceedings,Proposal of Assurance Case Description Method in Design for Environment (DfE) Process.,Kenichi Shibuya|Nobuyuki Kobayashi|Seiko Shirasaka
conf/csdm/DuanHT21,2021,CSDM Asia / CSDM,inproceedings,Integrated Digital MEMS Design for Movement-Control System.,Chenglong Duan|Yongsheng Hu|Tao Tao
conf/csdm/TengWL21,2021,CSDM Asia / CSDM,inproceedings,Architecture Design of High Safety Helicopter Flight Control System with Direct Control Mode.,Liqiang Teng|Wenshan Wang|Yining Liu
conf/csdm/ZhangWLW21,2021,CSDM Asia / CSDM,inproceedings,An Overview of Complex Enterprise Systems Engineering: Evolution and Challenges.,Xinguo Zhang|Chen Wang|Lefei Li|Pidong Wang
conf/csdm/DickopfFAG21,2021,CSDM Asia / CSDM,inproceedings,Closed-Loop Systems Engineering - Supporting Smart System Design Adaption by Integrating MBSE and IoT.,Thomas Dickopf|Sven Forte|Christo Apostolov|Jens Christian G
conf/csdm/ShenZL21,2021,CSDM Asia / CSDM,inproceedings,Boost System of Systems Modeling via UPDM: A Case Study from Air Traffic Management.,Huanhuan Shen|Weijie Zhu|Aishan Liu
conf/csdm/SadvandiCM18,2018,CSDM,inproceedings,Cyber Physical Systems Real Time and Interactive Testing and Governance.,Sara Sadvandi|Franck Corbier|Eric Mevel
conf/csdm/SunKBL21,2021,CSDM Asia / CSDM,inproceedings,Research on Practice Methods of Complex Aircraft Requirement Management.,Zhixiao Sun|Dong Kan|Yang Bai|Yuanjie Lu
conf/csdm/HallSS19,2019,CSDM,inproceedings,Managing Margins Under Uncertainties Surrogate Modelling and Uncertainty Quantification.,Kyle Hall|Peter Schroll|Sanjiv Sharma
conf/csdm/BlumeCS19,2019,CSDM,inproceedings,Dynamic Disruption Simulation in Large-Scale Urban Rail Transit Systems.,Steffen O. P. Blume|Michel-Alexandre Cardin|Giovanni Sansavini
conf/csdm/ThotaHNJ19,2019,CSDM,inproceedings,Model-Based Specification for System Development with Suppliers.,Phanikrishna Thota|Simon Hancock|Mario Noriega-Fogliani|Rodrigo Jim
conf/csdm/CuiQ21,2021,CSDM Asia / CSDM,inproceedings,Application of Data Bus-Based Software Architecture in Wind Turbine Control Software.,Meiyu Cui|Yongjun Qie
conf/csdm/JakubeitRBD19,2019,CSDM,inproceedings,Collaborative Decision-Making Challenges in the Dutch Railway System.,Nina Jakubeit|Mohammad Rajabalinejad|Jan Braaksma|Leo A. M. van Dongen
conf/csdm/ArifinOJWN21,2021,CSDM Asia / CSDM,inproceedings,Model-Based Product Line Engineering with Genetic Algorithms for Automated Component Selection.,Habibi Husain Arifin|Ho Kit Robert Ong|Dai Jie|Daphne Wu|Chimplee Nasis
conf/csdm/ZhanMYB21,2021,CSDM Asia / CSDM,inproceedings,Model-Based Airplane Energy Management.,Chao Zhan|Yanxia Mao|Liang Yan|Thomas J. Benzie
conf/csdm/YesudasEJ19,2019,CSDM,inproceedings,Identifying Focal Points in IT Project Governance Using a Synthetic and Systems Thinking Approach.,Rani Yesudas|Mahmoud Efatmaneshnik|Keith F. Joiner
conf/csdm/GuoLWLH21,2021,CSDM Asia / CSDM,inproceedings,Non-functional Attribute Modeling and Verification Method for Integrated Modular Avionics System.,Peng Guo|Feiyang Liu|Na Wu|Yahui Li|Ning Hu
conf/csdm/XueZW21,2021,CSDM Asia / CSDM,inproceedings,Research on the Method of Association Mapping Between Service Architecture Design and Service Component Development.,Bing Xue|Zhijuan Zhan|Yunhui Wang
conf/csdm/HelleAMS19,2019,CSDM,inproceedings,Smart Component Modeling for Complex System Development.,Philipp Helle|Sergio Feo-Arenis|Andreas Mitschke|Gerrit Schramm
conf/csdm/ShenL21,2021,CSDM Asia / CSDM,inproceedings,Acknowledged SoS Architecture Design Based on Agent-Based Modelling.,Qing Shen|Lefei Li
conf/csdm/SanchezMBM18,2018,CSDM,inproceedings,Towards a Better Modelling and Assessment of Project Management Maturity in Industry 4.0.,Felipe Sanchez Garzon|Davy Monticolo|Eric Bonjour|Jean-Pierre Mica
conf/csdm/PelegrinMWCW18,2018,CSDM,inproceedings,Field Guide for Interpreting Engineering Team Behavior with Sensor Data.,Lorena Pelegrin|Bryan R. Moser|Shinnosuke Wanaka|Marc-Andre Chavy-Macdonald|Ira Winder
conf/csdm/ImbertM21,2021,CSDM Asia / CSDM,inproceedings,Collaborative Engineering Method for More Electric Aircraft (MEA) - Tradeoffs and Informed Decision-Making Process.,Jean-R|Nathan Marguet
conf/csdm/FerrogaliniLS18,2018,CSDM,inproceedings,How to Boost the Extended Enterprise Approach in Engineering Using MBSE - A Case Study from the Railway Business.,Marco Ferrogalini|Thomas Linke|Ulrich Schweiger
conf/csdm/GuerroumEDZSM18,2018,CSDM,inproceedings,Complex Systems Engineering Approach for Condition Monitoring for the Digital Transformation: Integration into Mining Industry Control Systems.,Mariya Guerroum|Ali El-Alaoui|Laurent Deshayes|Mourad Zegrari|Janah Saadi|Hicham Medromi
conf/csdm/KelecomVSD18,2018,CSDM,inproceedings,Integrated Framework for Design and Testing of Software for Automotive Mechatronic Systems.,Nick Van Kelecom|Timothy Verstraete|Sam Silverans|Mathieu Dutr
conf/csdm/TangZFG18,2018,CSDM,inproceedings,An MBSE Framework to Support Agile Functional Definition of an Avionics System.,Jian Tang|Shaofan Zhu|Rapha|Jean-Marie Gauthier
conf/csdm/WuGLB18,2018,CSDM,inproceedings,A Review of Know-How Reuse with Patterns in Model-Based Systems Engineering.,Quentin Wu|David Gouyon|Eric Levrat|Sophie Boudau
conf/csdm/YeGXHZZ21,2021,CSDM Asia / CSDM,inproceedings,MBSE Adoption for Cabin Temperature Control System Design of Civil Aircraft.,Junjie Ye|Wei Guo|Junjie Xue|Qi He|Yong Zhao|Liangyu Zhao
conf/csdm/MallahKKD18,2018,CSDM,inproceedings,Cyber-Physical System Modeling Using a Case Study.,Sara Mallah|Khalid Kouiss|Oualid Kamach|Laurent Deshayes
conf/csdm/GueganB18,2018,CSDM,inproceedings,Assessing the Maturity of Interface Design.,Alan Guegan|Aymeric Bonnaud
conf/csdm/EsteveLCPM19,2019,CSDM,inproceedings,"MAESTRIA: A New Tool to Support Collaborative Building and Sharing of an Integration, Verification, Validation, and Qualification Strategy.",Patrick Esteve|Beno|Lyes Chabani|Willy Platzer|Jacky Mouchoux
conf/csdm/PottsSJB18,2018,CSDM,inproceedings,"Through a Glass, Darkly? Taking a Network Perspective on System-of-Systems Architectures.",Matthew W. Potts|Pia A. Sartor|Angus Johnson|Seth Bullock
conf/csdm/HoltET19,2019,CSDM,inproceedings,Gas Turbine Design at Rolls-Royce - Exploring the Limitations of a Systems Engineering Approach.,Jonathan E. Holt|David Elam|James Tooke
conf/csdm/LiCL21,2021,CSDM Asia / CSDM,inproceedings,A Prediction Method for Gas Turbine Overhaul Makespan with Uncertainties.,Tao Li|Zhen Chen|Yusong Liu
conf/csdm/QasimJOG18,2018,CSDM,inproceedings,Model-Based System Reconfiguration: A Descriptive Study of Current Industrial Challenges.,Lara Qasim|Marija Jankovic|Sorin Olaru|Jean-Luc Garnier
conf/csdm/WalterKR18,2018,CSDM,inproceedings,Machine-Executable Model-Based Systems Engineering with Graph-Based Design Languages.,Benedikt Walter|Dennis Kaiser|Stephan Rudolph
conf/csdm/DongLZD21,2021,CSDM Asia / CSDM,inproceedings,A Quantitative Analysis Method of Itemized Requirement Traceability for Aircraft Development.,Liang Dong|Kanwang Liu|Pan Zhao|Jingli Dai
conf/csdm/ZhengRWL21,2021,CSDM Asia / CSDM,inproceedings,Research on Multi-physical Modeling and Co-simulation of Aircraft.,Dangdang Zheng|Liqiang Ren|Ying Wu|Juntang Liu
conf/csdm/LiL21,2021,CSDM Asia / CSDM,inproceedings,Retrospect and Prospect of Aircraft Comfort Design.,Peng Li|Kaixiang Li
conf/csdm/BorthG18,2018,CSDM,inproceedings,Tracking Dynamics in Concurrent Digital Twins.,Michael Borth|Emile van Gerwen
conf/csdm/MuLY21,2021,CSDM Asia / CSDM,inproceedings,Advanced Helicopter Cockpit Ergonomic Design Concepts.,Xiaowei Mu|Gongnan Li|Yang Yu
conf/csdm/WadeHG18,2018,CSDM,inproceedings,Systemic Design Engineering.,Jon Wade|Steven Hoffenson|Hortense Gerado
conf/csdm/NiZL21,2021,CSDM Asia / CSDM,inproceedings,Quality Infrastructure System in China: An Agent-Based Model.,Shiying Ni|Liwei Zheng|Lefei Li
conf/csdm/ZhanCZP21,2021,CSDM Asia / CSDM,inproceedings,"Model Driven Verification of Airplane Scenarios, Requirements and Functions.",Chao Zhan|Dongsheng Chen|Yanbo Zhang|Meixiang Peng
conf/csdm/QieSL21,2021,CSDM Asia / CSDM,inproceedings,A Deep Learning and Ontology Based Framework for Textual Requirements Analysis and Conceptual Model Generation.,Yongjun Qie|Huanhuan Shen|Aishan Liu
conf/csdm/ZhangF21,2021,CSDM Asia / CSDM,inproceedings,A Model-Based Aircraft Function Analysis Method: From Operational Scenarios to Functions.,Yuchen Zhang|Rapha
conf/csdm/SchuitemakerBKS18,2018,CSDM,inproceedings,"Safety Architecture Overview Framework for the Prediction, Explanation and Control of Risks of ERTMS.",Katja Schuitemaker|G. Maarten Bonnema|Marco Kuijsten|Heidi van Spaandonk|Mohammad Rajabalinejad
conf/csdm/YeWF21,2021,CSDM Asia / CSDM,inproceedings,IMA Dynamic Reconfiguration Modelling and Reliability Analysis of Tasks Based on Petri Net.,Zhiao Ye|Shuo Wang|Jiapan Fu
conf/csdmasia/SabaliauskaiteC18,2018,CSDM Asia,inproceedings,Modelling Safe and Secure Cooperative Intelligent Transport Systems.,Giedre Sabaliauskaite|Jin Cui|Lin Shen Liew|Fengjun Zhou
conf/csdmasia/TanM18,2018,CSDM Asia,inproceedings,Detection of Teamwork Behavior as Meaningful Exploration of Tradespace During Project Design.,Puay Siang Tan|Bryan R. Moser
conf/csdmasia/JayawantJ18,2018,CSDM Asia,inproceedings,Modeling Operations of a Custom Hiring Center Using Agent Based Modeling and Discrete Event Simulation.,Yatin Anil Jayawant|Nikhil Joshi
conf/csdmasia/CledouN18,2018,CSDM Asia,inproceedings,A Net-Based Formal Framework for Causal Loop Diagrams.,Guillermina Cledou|Shin Nakajima 0001
conf/csdmasia/JoinerET18,2018,CSDM Asia,inproceedings,"Modelling the Efficacy of Assurance Strategies for Better Integration, Interoperability and Information Assurance in Family-of-System-of-Systems Portfolios.",Keith F. Joiner|Mahmoud Efatmaneshnik|Malcolm Tutty
conf/csdmasia/QiaoER18,2018,CSDM Asia,inproceedings,SMACOF Hierarchical Clustering to Manage Complex Design Problems with the Design Structure Matrix.,Li Qiao|Mahmoud Efatmaneshnik|Michael J. Ryan
conf/csdmasia/TsangHWH18,2018,CSDM Asia,inproceedings,Leveraging Data Analytics in Systems Engineering - Towards a Quantum Leap in Railway Reliability.,Thaddeus Tsang|Joyce Hong|Mun Yih Wong|Kum Fatt Ho
conf/pkdd/RashidiAA020,2020,ECML/PKDD (2),inproceedings,Adaptive Momentum Coefficient for Neural Network Optimization.,Zana Rashidi|Kasra Ahmadi K. A.|Aijun An|Xiaogang Wang 0007
conf/pkdd/PuechR22,2022,ECML/PKDD (5),inproceedings,An Improved Yaw Control Algorithm for Wind Turbines via Reinforcement Learning.,Alban Puech|Jesse Read
conf/pkdd/TeixeiraLVR021,2021,PKDD/ECML Workshops (2),inproceedings,Improving Smart Waste Collection Using AutoML.,S|Guilherme Londres|Bruno Veloso|Rita P. Ribeiro|Jo
conf/pkdd/PelechrinisWSC18a,2018,MLSA@PKDD/ECML,inproceedings,Evaluating NFL Plays: Expected Points Adjusted for Schedule.,Konstantinos Pelechrinis|Wayne L. Winston|Jeff Sagarin|Vic Cabot
conf/pkdd/RoordinkH23,2023,ECML/PKDD (2),inproceedings,Scoring Rule Nets: Beyond Mean Target Prediction in Multivariate Regression.,Daan Roordink|Sibylle Hess
conf/pkdd/ZanetteZK18,2018,ECML/PKDD (2),inproceedings,Robust Super-Level Set Estimation Using Gaussian Processes.,Andrea Zanette|Junzi Zhang|Mykel J. Kochenderfer
conf/pkdd/TeranishiTT022,2022,MLSA@PKDD/ECML,inproceedings,Evaluation of Creating Scoring Opportunities for Teammates in Soccer via Trajectory Prediction.,Masakiyo Teranishi|Kazushi Tsutsui|Kazuya Takeda|Keisuke Fujii 0001
conf/pkdd/EpsteinMM18,2018,ECML/PKDD (1),inproceedings,Joint Autoencoders: A Flexible Meta-learning Framework.,Baruch Epstein|Ron Meir|Tomer Michaeli
conf/pkdd/Schmuck019,2019,PKDD/ECML Workshops (2),inproceedings,OPTISIA: An Evolutionary Approach to Parameter Optimisation in a Family of Point-Set Pattern-Discovery Algorithms.,Viktor Schmuck|David Meredith 0001
conf/pkdd/DebnathGWWAA21,2021,PKDD/ECML Workshops (1),inproceedings,Adversarial Generation of Temporal Data: A Critique on Fidelity of Synthetic Data.,Ankur Debnath|Nitish Gupta|Govind Waghmare|Hardik Wadhwa|Siddhartha Asthana|Ankur Arora
conf/pkdd/TurriR24,2024,ECML/PKDD (1),inproceedings,Neighborhood Component Feature Selection for Multiple Instance Learning Paradigm.,Giacomo Turri|Luca Romeo
conf/pkdd/XuBCB23,2023,ECML/PKDD (3),inproceedings,Sparse Neural Additive Model: Interpretable Deep Learning with Feature Selection via Group Sparsity.,Shiyun Xu|Zhiqi Bu|Pratik Chaudhari|Ian J. Barnett
conf/pkdd/MishraS23,2023,ECML/PKDD (4),inproceedings,BalancedQR: A Framework for Balanced Query Recommendation.,Harshit Mishra|Sucheta Soundarajan
conf/pkdd/MassiddaB22,2022,ECML/PKDD (1),inproceedings,Knowledge-Driven Interpretation of Convolutional Neural Networks.,Riccardo Massidda|Davide Bacciu
conf/pkdd/ObaTSW22,2022,ECML/PKDD (1),inproceedings,Interpretations of Predictive Models for Lifestyle-related Diseases at Multiple Time Intervals.,Yuki Oba|Taro Tezuka|Masaru Sanuki|Yukiko Wagatsuma
conf/pkdd/HuGM20,2020,ECML/PKDD (1),inproceedings,NoisyCUR: An Algorithm for Two-Cost Budgeted Matrix Completion.,Dong Hu|Alex Gittens|Malik Magdon-Ismail
conf/pkdd/SarkarA20,2020,PKDD/ECML Workshops,inproceedings,Mitigating Bias in Online Microfinance Platforms: A Case Study on Kiva.org.,Soumajyoti Sarkar|Hamidreza Alvari
conf/pkdd/BerroBGB24,2024,ECML/PKDD (1),inproceedings,"Error Types in Transformer-Based Paraphrasing Models: A Taxonomy, Paraphrase Annotation Model and Dataset.",Auday Berro|Boualem Benatallah|Yacine Gaci|Khalid Benabdeslem
conf/pkdd/NezamiD0H18,2018,ECML/PKDD (1),inproceedings,Face-Cap: Image Captioning Using Facial Expression Analysis.,Omid Mohamad Nezami|Mark Dras|Peter Anderson 0001|Len Hamey
conf/pkdd/SantosNCV20,2020,ECML/PKDD (3),inproceedings,Predictive Bi-clustering Trees for Hierarchical Multi-label Classification.,Bruna Zamith Santos|Felipe Kenji Nakano|Ricardo Cerri|Celine Vens
conf/pkdd/GuptaVMG22,2022,ECML/PKDD (6),inproceedings,'John Ate 5 Apples' != 'John Ate Some Apples': Self-supervised Paraphrase Quality Detection for Algebraic Word Problems.,Rishabh Gupta|Venktesh V|Mukesh K. Mohania|Vikram Goyal
conf/pkdd/MaziarkaNWB22,2022,ECML/PKDD (1),inproceedings,On the Relationship Between Disentanglement and Multi-task Learning.,Lukasz Maziarka|Aleksandra Nowak 0001|Maciej Wolczyk|Andrzej Bedychaj
conf/pkdd/MondrejevskiAM23,2023,PKDD/ECML Workshops (4),inproceedings,Predicting Sepsis Onset with Deep Federated Learning.,Lena Mondrejevski|Daniel Azzopardi|Ioanna Miliou
conf/pkdd/GoyalDB22,2022,ECML/PKDD (5),inproceedings,SaDe: Learning Models that Provably Satisfy Domain Constraints.,Kshitij Goyal|Sebastijan Dumancic|Hendrik Blockeel
conf/pkdd/VaishampayanPSA21,2021,PKDD/ECML Workshops (2),inproceedings,Data Envelopment Analysis for Energy Audits of Housing Properties.,Sushodhan Vaishampayan|Aditi Pawde|Akshada Shinde|Manoj Apte|Girish Keshav Palshikar
conf/pkdd/PengLS0020,2020,ECML/PKDD (3),inproceedings,Self-attention Enhanced Patient Journey Understanding in Healthcare System.,Xueping Peng|Guodong Long|Tao Shen 0001|Sen Wang 0001|Jing Jiang 0002
conf/pkdd/KouagouHDN23,2023,ECML/PKDD (4),inproceedings,Neural Class Expression Synthesis in,N'Dah Jean Kouagou|Stefan Heindorf|Caglar Demir|Axel-Cyrille Ngonga Ngomo
conf/pkdd/Aniszewska-Stepien20,2020,MLSA@PKDD/ECML,inproceedings,Learning from Partially Labeled Sequences for Behavioral Signal Annotation.,Anna Aniszewska-Stepien|Romain H|Guillaume Hacques|Ludovic Seifert|Gilles Gasso
conf/pkdd/GainskiKTS23,2023,ECML/PKDD (3),inproceedings,ChiENN: Embracing Molecular Chirality with Graph Neural Networks.,Piotr Gainski|Michal Koziarski|Jacek Tabor|Marek Smieja
conf/pkdd/DhontTB20,2020,AALTD@PKDD/ECML,inproceedings,Layered Integration Approach for Multi-view Analysis of Temporal Data.,Michiel Dhont|Elena Tsiporkova|Veselka Boeva
conf/pkdd/AdakABM22,2022,ECML/PKDD (6),inproceedings,Placing (Historical) Facts on a Timeline: A Classification Cum Coref Resolution Approach.,Sayantan Adak|Altaf Ahmad|Aditya Basu|Animesh Mukherjee 0001
conf/pkdd/DasguptaK23,2023,ECML/PKDD (4),inproceedings,Alpha Elimination: Using Deep Reinforcement Learning to Reduce Fill-In During Sparse Matrix Decomposition.,Arpan Dasgupta|Pawan Kumar 0001
conf/pkdd/PapangelouSW018,2018,ECML/PKDD (1),inproceedings,Toward an Understanding of Adversarial Examples in Clinical Trials.,Konstantinos Papangelou|Konstantinos Sechidis|James Weatherall|Gavin Brown 0001
conf/pkdd/ChenPNJSR20,2020,IoT Streams/ITEM@PKDD/ECML,inproceedings,Forklift Truck Activity Recognition from CAN Data.,Kunru Chen|Sepideh Pashami|Slawomir Nowaczyk|Emilia Johansson|Gustav Sternel|Thorsteinn S. R
conf/pkdd/VergerFLBL23,2023,PKDD/ECML Workshops (2),inproceedings,A Fair Post-processing Method Based on the MADD Metric for Predictive Student Models.,M|Chunyang Fan|S|Fran|Vanda Luengo
conf/pkdd/WuLG23,2023,ECML/PKDD (5),inproceedings,Weighted Multivariate Mean Reversion for Online Portfolio Selection.,Boqian Wu|Benmeng Lyu|Jiawen Gu
conf/pkdd/AxenieK20,2020,ECML/PKDD (5),inproceedings,GLUECK: Growth Pattern Learning for Unsupervised Extraction of Cancer Kinetics.,Cristian Axenie|Daria Kurz
conf/pkdd/ChhikaraGS22,2022,ECML/PKDD (6),inproceedings,$\mathtt {RE\text{- }Tagger}$: A Light-Weight Real-Estate Image Classifier.,Prateek Chhikara|Anil Goyal|Chirag Sharma
conf/pkdd/PaulSGR21,2021,PKDD/ECML Workshops (1),inproceedings,Active Inference for Stochastic Control.,Aswin Paul|Noor Sajid|Manoj Gopalkrishnan|Adeel Razi
conf/pkdd/YanWYLZW23,2023,ECML/PKDD (2),inproceedings,Hierarchical Graph Contrastive Learning.,Hao Yan 0004|Senzhang Wang|Jun Yin 0005|Chaozhuo Li|Junxing Zhu|Jianxin Wang 0001
conf/pkdd/XuB23,2023,ECML/PKDD (3),inproceedings,Cross Model Parallelism for Faster Bidirectional Training of Large Convolutional Neural Networks.,An Xu|Yang Bai
conf/pkdd/SarridisKPD23,2023,PKDD/ECML Workshops (1),inproceedings,Towards Fair Face Verification: An In-depth Analysis of Demographic Biases.,Ioannis Sarridis|Christos Koutlis|Symeon Papadopoulos|Christos Diou
conf/pkdd/BauwVAAA22,2022,ECML/PKDD (4),inproceedings,Near Out-of-Distribution Detection for Low-Resolution Radar Micro-doppler Signatures.,Martin Bauw|Santiago Velasco-Forero|Jes|Claude Adnet|Olivier Airiau
conf/pkdd/Teno0CL21,2021,MLSA@PKDD/ECML,inproceedings,Predicting Season Outcomes for the NBA.,Gonz|Chunyan Wang 0003|Niklas Carlsson|Patrick Lambrix
conf/pkdd/JingZZYT22,2022,ECML/PKDD (1),inproceedings,Graph Contrastive Learning with Adaptive Augmentation for Recommendation.,Mengyuan Jing|Yanmin Zhu 0006|Tianzi Zang|Jiadi Yu|Feilong Tang 0001
conf/pkdd/SetzuGMT19,2019,PKDD/ECML Workshops (1),inproceedings,Global Explanations with Local Scoring.,Mattia Setzu|Riccardo Guidotti|Anna Monreale|Franco Turini
conf/pkdd/HuMZFWZ23,2023,ECML/PKDD (6),inproceedings,BCAD: An Interpretable Anomaly Transaction Detection System Based on Behavior Consistency.,Jun Hu|Xu Min|Xiaolu Zhang|Chilin Fu|Weichang Wu|Jun Zhou 0011
conf/pkdd/LiZWZ22,2022,ECML/PKDD (3),inproceedings,Fine-Grained Bidirectional Attention-Based Generative Networks for Image-Text Matching.,Zhixin Li 0001|Jianwei Zhu|Jiahui Wei|Yufei Zeng
conf/pkdd/GermainTO24,2024,ECML/PKDD (8),inproceedings,Interactive Motif Discovery in Time Series with Persistent Homology.,Thibaut Germain|Charles Truong|Laurent Oudre
conf/pkdd/AbdaliSP20,2020,ECML/PKDD (5),inproceedings,Semi-supervised Multi-aspect Detection of Misinformation Using Hierarchical Joint Decomposition.,Sara Abdali|Neil Shah|Evangelos E. Papalexakis
conf/pkdd/SouzaNOOLH21,2021,ECML/PKDD (3),inproceedings,Bayesian Optimization with a Prior for the Optimum.,Artur L. F. Souza|Luigi Nardi|Leonardo B. Oliveira|Kunle Olukotun|Marius Lindauer|Frank Hutter
conf/pkdd/JuniorMH24,2024,ECML/PKDD (6),inproceedings,"Policy Control with Delayed, Aggregate, and Anonymous Feedback.",Guilherme Dinis Junior|Sindri Magn|Jaakko Hollm
conf/pkdd/ScholbeckMHBC19,2019,PKDD/ECML Workshops (1),inproceedings,"Sampling, Intervention, Prediction, Aggregation: A Generalized Framework for Model-Agnostic Interpretations.",Christian A. Scholbeck|Christoph Molnar|Christian Heumann|Bernd Bischl|Giuseppe Casalicchio
conf/pkdd/GrushetskayaSSSM24,2024,ECML/PKDD (9),inproceedings,HPExplorer: XAI Method to Explore the Relationship Between Hyperparameters and Model Performance.,Yulia Grushetskaya|Mike Sips|Reyko Schachtschneider|Mohammadmehdi Saberioon|Akram Mahan
conf/pkdd/VaswaniGSSPB20,2020,MLSA@PKDD/ECML,inproceedings,An Autoencoder Based Approach to Simulate Sports Games.,Ashwin Vaswani|Rijul Ganguly|Het Shah|Sharan Ranjit S|Shrey Pandit|Samruddhi Bothara
conf/pkdd/KuratomiPPLT22,2022,PKDD/ECML Workshops (1),inproceedings,Measuring the Burden of (Un)fairness Using Counterfactuals.,Alejandro Kuratomi|Evaggelia Pitoura|Panagiotis Papapetrou|Tony Lindgren|Panayiotis Tsaparas
conf/pkdd/BellomariniBLS21,2021,PKDD/ECML Workshops (2),inproceedings,A Reasoning Approach to Financial Data Exchange with Statistical Confidentiality.,Luigi Bellomarini|Livia Blasi|Rosario Laurendi|Emanuel Sallinger
conf/pkdd/BevilacquaMRWCK18,2018,ECML/PKDD (3),inproceedings,Human Activity Recognition with Convolutional Neural Networks.,Antonio Bevilacqua|Kyle MacDonald|Aamina Rangarej|Venessa Widjaya|Brian Caulfield 0001|M. Tahar Kechadi
conf/pkdd/0004KJLYK22,2022,MLSA@PKDD/ECML,inproceedings,Cost-Efficient and Bias-Robust Sports Player Tracking by Integrating GPS and Video.,Hyunsung Kim 0004|Changjo Kim|Minchul Jeong|Jaechan Lee|Jinsung Yoon|Sang-Ki Ko
conf/pkdd/ZhouBA24,2024,ECML/PKDD (10),inproceedings,Missing Data Imputation: Do Advanced ML/DL Techniques Outperform Traditional Approaches?,Youran Zhou|Mohamed Reda Bouadjenek|Sunil Aryal
conf/pkdd/ChenJTW23,2023,ECML/PKDD (2),inproceedings,Temporal Graph Representation Learning with Adaptive Augmentation Contrastive.,Hongjiang Chen|Pengfei Jiao|Huijun Tang|Huaming Wu
conf/pkdd/HuangPMP22,2022,ECML/PKDD (1),inproceedings,Hop-Count Based Self-supervised Anomaly Detection on Attributed Networks.,Tianjin Huang|Yulong Pei|Vlado Menkovski|Mykola Pechenizkiy
conf/pkdd/BonoDMP018,2018,ECML/PKDD (1),inproceedings,Cooperative Multi-agent Policy Gradient.,Guillaume Bono|Jilles Steeve Dibangoye|La|Florian Pereyron|Olivier Simonin 0001
conf/pkdd/HuegleHS23,2023,ECML/PKDD (1),inproceedings,A KNN-Based Non-Parametric Conditional Independence Test for Mixed Data and Application in Causal Discovery.,Johannes Huegle|Christopher Hagedorn|Rainer Schlosser
conf/pkdd/BicegoC23,2023,ECML/PKDD (4),inproceedings,On the Good Behaviour of Extremely Randomized Trees in Random Forest-Distance Computation.,Manuele Bicego|Ferdinando Cicalese
conf/pkdd/HajipourMF21,2021,PKDD/ECML Workshops (2),inproceedings,IReEn: Reverse-Engineering of Black-Box Functions via Iterative Neural Program Synthesis.,Hossein Hajipour|Mateusz Malinowski|Mario Fritz
conf/pkdd/BehnenKKGSZ20,2020,PKDD/ECML Workshops,inproceedings,"Experimental Evaluation of Scale, and Patterns of Systematic Inconsistencies in Google Trends Data.",Philipp Behnen|Ren|Felix Kruse|Jorge Marx G|Jan Schoenmakers|Sergej Zerr
conf/pkdd/Valero-LealCJ22,2022,PKDD/ECML Workshops (1),inproceedings,Simple Explanations to Summarise Subgroup Discovery Outcomes: A Case Study Concerning Patient Phenotyping.,Enrique Valero-Leal|Manuel Campos|Jose M. Juarez
conf/pkdd/SommerA021,2021,PKDD/ECML Workshops (1),inproceedings,SPNC: Fast Sum-Product Network Inference.,Lukas Sommer|Cristian Axenie|Andreas Koch 0001
conf/pkdd/GoodgeHNN22,2022,ECML/PKDD (1),inproceedings,ARES: Locally Adaptive Reconstruction-Based Anomaly Scoring.,Adam Goodge|Bryan Hooi|See-Kiong Ng|Wee Siong Ng
conf/pkdd/KangLB21,2021,PKDD/ECML Workshops (1),inproceedings,Explanations for Network Embedding-Based Link Predictions.,Bo Kang|Jefrey Lijffijt|Tijl De Bie
conf/pkdd/HuWL23,2023,ECML/PKDD (1),inproceedings,Spatio-Temporal Pyramid Networks for Traffic Forecasting.,Jia Hu|Chu Wang|Xianghong Lin
conf/pkdd/AbuellaANJF23,2023,ECML/PKDD (7),inproceedings,Data-Driven Explainable Artificial Intelligence for Energy Efficiency in Short-Sea Shipping.,Mohamed Abuella|M. Amine Atoui|Slawomir Nowaczyk|Simon Johansson|Ethan Faghani
conf/pkdd/NavoneRAMAC23,2023,PKDD/ECML Workshops (3),inproceedings,Lavender Autonomous Navigation with Semantic Segmentation at the Edge.,Alessandro Navone|Fabrizio Romanelli|Marco Ambrosio|Mauro Martini|Simone Angarano|Marcello Chiaberge
conf/pkdd/LiuGALYX21,2021,ECML/PKDD (1),inproceedings,CMIX: Deep Multi-agent Reinforcement Learning with Peak and Average Constraints.,Chenyi Liu|Nan Geng|Vaneet Aggarwal|Tian Lan 0001|Yuan Yang 0001|Mingwei Xu 0001
conf/pkdd/GiacomettiS21,2021,ECML/PKDD (1),inproceedings,Reservoir Pattern Sampling in Data Streams.,Arnaud Giacometti|Arnaud Soulet
conf/pkdd/SettembreTBAE23,2023,PKDD/ECML Workshops (3),inproceedings,Low-Rank Hierarchical Clustering of PRISMA Hyperspectral Images to Identify Burned Areas.,Gaetano Settembre|Nicol|Nicoletta Del Buono|Antonello Aiello|Flavia Esposito
conf/pkdd/ManerbaM22,2022,PKDD/ECML Workshops (1),inproceedings,Exposing Racial Dialect Bias in Abusive Language Detection: Can Explainability Play a Role?,Marta Marchiori Manerba|Virginia Morini
conf/pkdd/NezamiDHR0P19,2019,ECML/PKDD (3),inproceedings,Automatic Recognition of Student Engagement Using Deep Learning and Facial Expression.,Omid Mohamad Nezami|Mark Dras|Len Hamey|Deborah Richards 0001|Stephen Wan 0001|C
conf/pkdd/RoszelFS23,2023,PKDD/ECML Workshops (1),inproceedings,FLAIRS: Federated Learning AI Regulatory Sandbox.,Mary Roszel|Beltran Fiz|Radu State
conf/pkdd/Al-RawiK18,2018,IAL@PKDD/ECML,inproceedings,On the Labeling Correctness in Computer Vision Datasets.,Mohammed Al-Rawi|Dimosthenis Karatzas
conf/pkdd/AndrienkoAAMR23,2023,PKDD/ECML Workshops (2),inproceedings,Towards a Hybrid Human-Machine Discovery of Complex Movement Patterns.,Natalia V. Andrienko|Gennady L. Andrienko|Alexander Artikis|Periklis Mantenoglou|Salvatore Rinzivillo
conf/pkdd/HuZR20,2020,ECML/PKDD (3),inproceedings,Generating Financial Reports from Macro News via Multiple Edits Neural Networks.,Wenxin Hu|Xiaofeng Zhang 0002|Yunpeng Ren
conf/pkdd/ArampatzakisPPM23,2023,PKDD/ECML Workshops (2),inproceedings,Towards Explainability in Monocular Depth Estimation.,Vasileios Arampatzakis|George Pavlidis|Kyriakos Pantoglou|Nikolaos Mitianoudis|Nikos Papamarkos
conf/pkdd/LouisetGDHGD21,2021,ECML/PKDD (1),inproceedings,UCSL : A Machine Learning Expectation-Maximization Framework for Unsupervised Clustering Driven by Supervised Learning.,Robin Louiset|Pietro Gori|Benoit Dufumier|Josselin Houenou|Antoine Grigis|Edouard Duchesnay
conf/pkdd/ShajiAR022,2022,PKDD/ECML Workshops (1),inproceedings,Study on Correlation Between Vehicle Emissions and Air Quality in Porto.,Nirbhaya Shaji|Thiago Andrade|Rita P. Ribeiro|Jo
conf/pkdd/SashimaK19,2019,PKDD/ECML Workshops (2),inproceedings,Towards Sensing and Sharing Auditory Context Information Using Wearable Device.,Akio Sashima|Mitsuru Kawamoto
conf/pkdd/LeelarK23,2023,ECML/PKDD (5),inproceedings,Generality-Training of a Classifier for Improved Calibration in Unseen Contexts.,Bhawani Shankar Leelar|Meelis Kull
conf/pkdd/MontesumaMS24,2024,ECML/PKDD (6),inproceedings,"Lighter, Better, Faster Multi-source Domain Adaptation with Gaussian Mixture Models and Optimal Transport.",Eduardo Fernandes Montesuma|Fred Ngol|Antoine Souloumiac
conf/pkdd/ChenBM20,2020,ECML/PKDD (2),inproceedings,FedMAX: Mitigating Activation Divergence for Accurate and Communication-Efficient Federated Learning.,Wei Chen 0124|Kartikeya Bhardwaj|Radu Marculescu
conf/pkdd/ChehbouneDKR22,2022,PKDD/ECML Workshops (2),inproceedings,"Conv-NILM-Net, a Causal and Multi-appliance Model for Energy Source Separation.",Mohamed Alami Chehboune|J|Rim Kaddah|Jesse Read
conf/pkdd/KumarT24,2024,ECML/PKDD (6),inproceedings,Modeling Text-Label Alignment for Hierarchical Text Classification.,Ashish Kumar|Durga Toshniwal
conf/pkdd/LafabregueWGF19,2019,MACLEAN@PKDD/ECML,inproceedings,Deep Constrained Clustering applied to Satellite Image Time Series.,Baptiste Lafabregue|Jonathan Weber|Pierre Gan|Germain Forestier
conf/pkdd/0001C20,2020,ECML/PKDD (2),inproceedings,On Local Optimizers of Acquisition Functions in Bayesian Optimization.,Jungtaek Kim 0001|Seungjin Choi
conf/pkdd/ArachchiT24,2024,ECML/PKDD (5),inproceedings,Fair Densest Subgraph Across Multiple Graphs.,Chamalee Wickrama Arachchi|Nikolaj Tatti
conf/pkdd/BarbosaRGR023,2023,PKDD/ECML Workshops (2),inproceedings,Data Science for Fighting Environmental Crime.,Marta Barbosa|Carolina Ribeiro|Filipe Gomes|Rita P. Ribeiro|Jo
conf/pkdd/SerranoLJL24,2024,ECML/PKDD (6),inproceedings,Reconstructing the Unseen: GRIOT for Attributed Graph Imputation with Optimal Transport.,Richard Serrano|Charlotte Laclau|Baptiste Jeudy|Christine Largeron
conf/pkdd/OkhotnikovG19,2019,MACLEAN@PKDD/ECML,inproceedings,EOP Time Series Prediction Using Singular Spectrum Analysis.,Grigory Okhotnikov|Nina Golyandina
conf/pkdd/Prado-RomeroPS23,2023,PKDD/ECML Workshops (3),inproceedings,Are Generative-Based Graph Counterfactual Explainers Worth It?,Mario Alfonso Prado-Romero|Bardh Prenkaj|Giovanni Stilo
conf/pkdd/MeerhoffGLK19,2019,PKDD/ECML Workshops (2),inproceedings,Exploring Successful Team Tactics in Soccer Tracking Data.,Laurentius Antonius Meerhoff|Floris R. Goes|Arie-Willem de Leeuw|Arno J. Knobbe
conf/pkdd/PainblancCCFPT23,2023,ECML/PKDD (5),inproceedings,Match-And-Deform: Time Series Domain Adaptation Through Optimal Transport and Temporal Alignment.,Fran|Laetitia Chapel|Nicolas Courty|Chlo|Charlotte Pelletier|Romain Tavenard
conf/pkdd/PrzewiezlikowskiOZS24,2024,ECML/PKDD (2),inproceedings,A Deep Cut Into Split Federated Self-Supervised Learning.,Marcin Przewiezlikowski|Marcin Osial|Bartosz Zielinski 0001|Marek Smieja
conf/pkdd/GaoTXL23,2023,ECML/PKDD (1),inproceedings,Co-supervised Pre-training of Pocket and Ligand.,Zhangyang Gao|Cheng Tan 0012|Jun Xia 0001|Stan Z. Li
conf/pkdd/ChwilczynskiTCMB24,2024,ECML/PKDD (8),inproceedings,ART: Actually Robust Training.,Sebastian Chwilczynski|Kacper Trebacz|Karol Cyganik|Mateusz Malecki|Dariusz Brzezinski
conf/pkdd/RezaeiB23,2023,PKDD/ECML Workshops (3),inproceedings,AutoML to Generalize Strong Gravitational Lens Modeling Problem.,Samira Rezaei|Mitra Baratchi
conf/pkdd/HeneliusOP18,2018,ECML/PKDD (3),inproceedings,Tiler: Software for Human-Guided Data Exploration.,Andreas Henelius|Emilia Oikarinen|Kai Puolam
conf/pkdd/BettaneyHZC20,2020,ECML/PKDD (5),inproceedings,Fashion Outfit Generation for E-Commerce.,Elaine M. Bettaney|Stephen R. Hardwick|Odysseas Zisimopoulos|Benjamin Paul Chamberlain
conf/pkdd/LendersPPCPG24,2024,ECML/PKDD (7),inproceedings,Interpretable and Fair Mechanisms for Abstaining Classifiers.,Daphne Lenders|Andrea Pugnana|Roberto Pellungrini|Toon Calders|Dino Pedreschi|Fosca Giannotti
conf/pkdd/BauseMLGK24,2024,ECML/PKDD (6),inproceedings,On the Two Sides of Redundancy in Graph Neural Networks.,Franka Bause|Samir Moustafa|Johannes Langguth|Wilfried N. Gansterer|Nils M. Kriege
conf/pkdd/VandaeleBS18,2018,ECML/PKDD (2),inproceedings,Local Topological Data Analysis to Uncover the Global Structure of Data Approaching Graph-Structured Topologies.,Robin Vandaele|Tijl De Bie|Yvan Saeys
conf/pkdd/SchulzHWW18,2018,ECML/PKDD (2),inproceedings,Mining Tree Patterns with Partially Injective Homomorphisms.,Till Hendrik Schulz|Tam|Pascal Welke|Stefan Wrobel
conf/pkdd/AliajAP19,2019,MIDAS@PKDD,inproceedings,Firms Default Prediction with Machine Learning.,Tesi Aliaj|Aris Anagnostopoulos|Stefano Piersanti
conf/pkdd/PengHXXS22,2022,ECML/PKDD (2),inproceedings,Do You Know My Emotion? Emotion-Aware Strategy Recognition Towards a Persuasive Dialogue System.,Wei Peng 0008|Yue Hu 0002|Luxi Xing|Yuqiang Xie|Yajing Sun
conf/pkdd/ZhangZYC23,2023,ECML/PKDD (2),inproceedings,Negative Prototypes Guided Contrastive Learning for Weakly Supervised Object Detection.,Yu Zhang|Chuang Zhu|Guoqing Yang|Siqi Chen
conf/pkdd/XieY21,2021,PKDD/ECML Workshops (1),inproceedings,Fea2Fea: Exploring Structural Feature Correlations via Graph Neural Networks.,Jiaqing Xie|Rex Ying
conf/pkdd/WangB22,2022,ECML/PKDD (3),inproceedings,MRF-UNets: Searching UNet with Markov Random Fields.,Zifu Wang|Matthew B. Blaschko
conf/pkdd/HeWZD24,2024,ECML/PKDD (5),inproceedings,LTCR: Long Temporal Characteristic Reconstruction for Segmentation in Contrastive Learning.,Yang He|Yuhan Wu 0005|Junru Zhang 0001|Yabo Dong
conf/pkdd/SchultheisJ24,2024,ECML/PKDD (8),inproceedings,LLaMA-Annotate - Visualizing Token-Level Confidences for LLMs.,Erik Schultheis|St John
conf/pkdd/DongLXCC21,2021,ECML/PKDD (5),inproceedings,An Optimized NL2SQL System for Enterprise Data Mart.,Kaiwen Dong|Kai Lu|Xin Xia|David A. Cieslak|Nitesh V. Chawla
conf/pkdd/MaekawaSFO22a,2022,ECML/PKDD (6),inproceedings,Benchmarking GNNs with GenCAT Workbench.,Seiji Maekawa|Yuya Sasaki 0001|George Fletcher 0001|Makoto Onizuka
conf/pkdd/LiLSXY24,2024,ECML/PKDD (3),inproceedings,Prior Bilinear-Based Models for Knowledge Graph Completion.,Jiayi Li 0002|Ruilin Luo|Jiaqi Sun|Jing Xiao 0006|Yujiu Yang 0001
conf/pkdd/XuYXLW21,2021,ECML/PKDD (3),inproceedings,Small-Vote Sample Selection for Label-Noise Learning.,Youze Xu|Yan Yan 0001|Jing-Hao Xue|Yang Lu 0009|Hanzi Wang
conf/pkdd/GuoDXHZ21,2021,ECML/PKDD (1),inproceedings,Deep Multi-task Augmented Feature Learning via Hierarchical Graph Neural Network.,Pengxin Guo 0001|Chang Deng|Linjie Xu|Xiaonan Huang|Yu Zhang 0006
conf/pkdd/GoschenhoferPYB19,2019,ECML/PKDD (3),inproceedings,Wearable-Based Parkinson's Disease Severity Monitoring Using Deep Learning.,Jann Goschenhofer|Franz Michael Josef Pfister|Kamer Ali Yuksel|Bernd Bischl|Urban Fietzek|Janek Thomas
conf/pkdd/HuYYCJ18,2018,ECML/PKDD (2),inproceedings,Discovering Urban Travel Demands Through Dynamic Zone Correlation in Location-Based Social Networks.,Wangsu Hu|Zijun Yao 0001|Sen Yang 0002|Shuhong Chen|Peter Jing Jin
conf/pkdd/MuckeG23,2023,PKDD/ECML Workshops (5),inproceedings,Evaluating Custom-Precision Operator Support in MLIR for ARM CPUs.,Manfred M|Christoph Gratl
conf/pkdd/0002LB19,2019,PKDD/ECML Workshops (1),inproceedings,ReinBo: Machine Learning Pipeline Conditional Hierarchy Search and Configuration with Bayesian Optimization Embedded Reinforcement Learning.,Xudong Sun 0002|Jiali Lin|Bernd Bischl
conf/pkdd/WallaceK19,2019,PKDD/ECML Workshops (1),inproceedings,Prediction of Frequent Out-Of-Hours' Medical Use.,Duncan Wallace|M. Tahar Kechadi
conf/pkdd/JiangQCGX23,2023,ECML/PKDD (4),inproceedings,Unsupervised Deep Cross-Language Entity Alignment.,Chuanyu Jiang|Yiming Qian|Lijun Chen|Yang Gu|Xia Xie
conf/pkdd/GuyomardFGBT23a,2023,ECML/PKDD (7),inproceedings,Interactive Visualization of Counterfactual Explanations for Tabular Data.,Victor Guyomard|Fran|Thomas Guyet|Tassadit Bouadi|Alexandre Termier
conf/pkdd/YinMP20,2020,ECML/PKDD (2),inproceedings,Knowledge Elicitation Using Deep Metric Learning and Psychometric Testing.,Lu Yin 0006|Vlado Menkovski|Mykola Pechenizkiy
conf/pkdd/RothSFP19,2019,ECML/PKDD (2),inproceedings,Training Discrete-Valued Neural Networks with Sign Activations Using Weight Distributions.,Wolfgang Roth|G|Holger Fr|Franz Pernkopf
conf/pkdd/MartonoO22,2022,PKDD/ECML Workshops (2),inproceedings,Financial Distress Model Prediction Using Machine Learning: A Case Study on Indonesia's Consumers Cyclical Companies.,Niken Prasasti Martono|Hayato Ohwada
conf/pkdd/DrefsGPL22,2022,ECML/PKDD (3),inproceedings,Direct Evolutionary Optimization of Variational Autoencoders with Binary Latents.,Jakob Drefs|Enrico Guiraud|Filippos Panagiotou|J
conf/pkdd/ChristopheVCSB19,2019,AALTD@PKDD/ECML,inproceedings,How to Detect Novelty in Textual Data Streams? A Comparative Study of Existing Methods.,Cl|Julien Velcin|Jairo Cugliari|Philippe Suignard|Manel Boumghar
conf/pkdd/DecubberMDW18,2018,ECML/PKDD (1),inproceedings,Deep F-Measure Maximization in Multi-label Classification: A Comparative Study.,Stijn Decubber|Thomas Mortier|Krzysztof Dembczynski|Willem Waegeman
conf/pkdd/SchellingBBP20,2020,ECML/PKDD (1),inproceedings,Utilizing Structure-Rich Features to Improve Clustering.,Benjamin Schelling|Lena Greta Marie Bauer|Sahar Behzadi|Claudia Plant
conf/pkdd/Indrapriyadarsini19,2019,ECML/PKDD (1),inproceedings,A Stochastic Quasi-Newton Method with Nesterov's Accelerated Gradient.,S. Indrapriyadarsini|Shahrzad Mahboubi|Hiroshi Ninomiya|Hideki Asai
conf/pkdd/HanFZZOL24,2024,ECML/PKDD (3),inproceedings,Diffusion Model in Normal Gathering Latent Space for Time Series Anomaly Detection.,Jiashu Han|Shanshan Feng 0001|Min Zhou 0006|Xinyu Zhang|Yew Soon Ong|Xutao Li 0001
conf/pkdd/MurthyCVV23,2023,PKDD/ECML Workshops (5),inproceedings,Quantized Dynamics Models for Hardware-Efficient Control and Planning in Model-Based RL.,Nitish Satya Murthy|Francky Catthoor|Marian Verhelst|Peter Vrancx
conf/pkdd/MimilakisWAAM19,2019,PKDD/ECML Workshops (2),inproceedings,Cross-version Singing Voice Detection in Opera Recordings: Challenges for Supervised Learning.,Stylianos I. Mimilakis|Christof Weiss|Vlora Arifi-M|Jakob Abe|Meinard M
conf/pkdd/NikolaidisKGPLK19,2019,ECML/PKDD (3),inproceedings,Augmenting Physiological Time Series Data: A Case Study for Sleep Apnea Detection.,Konstantinos Nikolaidis|Stein Kristiansen|Vera Goebel|Thomas Plagemann|Knut Liest|Mohan S. Kankanhalli
conf/pkdd/DomenichiniGFC23,2023,PKDD/ECML Workshops (2),inproceedings,Towards Personalized Educational Materials: Mapping Student Knowledge Through Natural Language Processing.,Diana Domenichini|Vito Giordano|Gualtiero Fantoni|Filippo Chiarello
conf/pkdd/NadeemV22,2022,ECML/PKDD (1),inproceedings,SECLEDS: Sequence Clustering in Evolving Data Streams via Multiple Medoids and Medoid Voting.,Azqa Nadeem|Sicco Verwer
conf/pkdd/JhaPSAB23,2023,PKDD/ECML Workshops (4),inproceedings,HAVE-Net: Hallucinated Audio-Visual Embeddings for Few-Shot Classification with Unimodal Cues.,Ankit Jha|Debabrata Pal|Mainak Singha|Naman Agarwal|Biplab Banerjee
conf/pkdd/JiaFPBL21,2021,ECML/PKDD (2),inproceedings,Studying and Exploiting the Relationship Between Model Accuracy and Explanation Quality.,Yunzhe Jia|Eibe Frank|Bernhard Pfahringer|Albert Bifet|Nick Jin Sean Lim
conf/pkdd/ZhongM24,2024,ECML/PKDD (7),inproceedings,Efficiently Predicting Mutational Effect on Homologous Proteins by Evolution Encoding.,Zhiqiang Zhong 0001|Davide Mottin
conf/pkdd/AbdelqaderSPG22,2022,PKDD/ECML Workshops (1),inproceedings,Interpretable and Reliable Rule Classification Based on Conformal Prediction.,Husam Abdelqader|Evgueni N. Smirnov|Marc Pont|Marciano Geijselaers
conf/pkdd/MeulemeesterSFM21,2021,ECML/PKDD (2),inproceedings,The Bures Metric for Generative Adversarial Networks.,Hannes De Meulemeester|Joachim Schreurs|Micha|Bart De Moor|Johan A. K. Suykens
conf/pkdd/RudasJ23,2023,ECML/PKDD (1),inproceedings,Regularization for Uplift Regression.,Krzysztof Rudas|Szymon Jaroszewicz
conf/pkdd/WatanabeMOH22,2022,ECML/PKDD (5),inproceedings,Summarizing Data Structures with Gaussian Process and Robust Neighborhood Preservation.,Koshi Watanabe|Keisuke Maeda|Takahiro Ogawa 0001|Miki Haseyama
conf/pkdd/SuiRTCLW24,2024,ECML/PKDD (6),inproceedings,Enhancing LLM's Reliability by Iterative Verification Attributions with Keyword Fronting.,Yize Sui|Jing Ren|Huibin Tan|Huan Chen|Zhaoye Li|Ji Wang
conf/pkdd/KulbachCNNB23,2023,PKDD/ECML Workshops (1),inproceedings,A Retrospective of the Tutorial on Opportunities and Challenges of Online Deep Learning.,Cedric Kulbach|Lucas Cazzonelli|Hoang-Anh Ngo|Minh-Huong Le Nguyen|Albert Bifet
conf/pkdd/GoffinetLAG20,2020,ECML/PKDD (4),inproceedings,Autonomous Driving Validation with Model-Based Dictionary Clustering.,Mustapha Lebbah|Hanane Azzag|Lo
conf/pkdd/LinB20,2020,ECML/PKDD (5),inproceedings,A Deep Reinforcement Learning Framework for Optimal Trade Execution.,Siyu Lin|Peter A. Beling
conf/pkdd/RudasJ19,2019,ECML/PKDD (1),inproceedings,Shrinkage Estimators for Uplift Regression.,Krzysztof Rudas|Szymon Jaroszewicz
conf/pkdd/PullarStreckerCBZDW23,2023,ECML/PKDD (7),inproceedings,"Memento: Facilitating Effortless, Efficient, and Reliable ML Experiments.",Zac Pullar-Strecker|Xinglong Chang|Liam Brydon|Ioannis Ziogas|Katharina Dost|J
conf/pkdd/ChappuisLKST21,2021,MACLEAN@PKDD/ECML,inproceedings,How to find a good image-text embedding for remote sensing visual question answering?,Christel Chappuis|Sylvain Lobry|Benjamin Kellenberger|Bertrand Le Saux|Devis Tuia
conf/pkdd/DeyNSB0H23,2023,PKDD/ECML Workshops (4),inproceedings,Applying Machine Learning Models on Metrology Data for Predicting Device Electrical Performance.,Bappaditya Dey|Anh Tuan Ngo|Sara Sacchi|V|Philippe Leray 0002|Sandip Halder
conf/pkdd/YehN21,2021,PKDD/ECML Workshops (1),inproceedings,Bringing a Ruler Into the Black Box: Uncovering Feature Impact from Individual Conditional Expectation Plots.,Andrew Yeh|Anhthy Ngo
conf/pkdd/LingSTK22,2022,ECML/PKDD (4),inproceedings,Constrained Multiagent Reinforcement Learning for Large Agent Population.,Jiajing Ling|Arambam James Singh|Nguyen Duc Thien|Akshat Kumar
conf/pkdd/BrandaoDEHJS23,2023,ECML/PKDD (2),inproceedings,Is My Neural Net Driven by the MDL Principle?,Eduardo Brandao|Stefan Duffner|R|Amaury Habrard|Fran|Marc Sebban
conf/pkdd/Milon-FloresBGG23,2023,PKDD/ECML Workshops (3),inproceedings,Detection and Semantic Description of Changes in Earth Observation Time Series Data.,Daniela F. Milon-Flores|Camille Bernard|J|Gregory Giuliani
conf/pkdd/ZhuCGHLG21,2021,ECML/PKDD (3),inproceedings,MaxVA: Fast Adaptation of Step Sizes by Maximizing Observed Variance of Gradients.,Chen Zhu 0001|Yu Cheng 0001|Zhe Gan|Furong Huang|Jingjing Liu 0001|Tom Goldstein
conf/pkdd/YokoyamaIMKY24,2024,ECML/PKDD (5),inproceedings,Online $\textrm{L}^{\natural }$-Convex Minimization.,Ken Yokoyama|Shinji Ito|Tatsuya Matsuoka|Kei Kimura|Makoto Yokoo
conf/pkdd/ChoudhurySRD23,2023,ECML/PKDD (5),inproceedings,Robust Classification of High-Dimensional Data Using Data-Adaptive Energy Distance.,Jyotishka Ray Choudhury|Aytijhya Saha|Sarbojit Roy|Subhajit Dutta
conf/pkdd/ChenCMC18,2018,ECML/PKDD (1),inproceedings,ShapeShifter: Robust Physical Adversarial Attack on Faster R-CNN Object Detector.,Shang-Tse Chen|Cory Cornelius|Jason Martin|Duen Horng (Polo) Chau
conf/pkdd/KampZK21,2021,PKDD/ECML Workshops (1),inproceedings,Robustness of Fairness: An Experimental Analysis.,Serafina Kamp|Andong Luis Li Zhao|Sindhu Kutty
conf/pkdd/LaugelLMRD19,2019,ECML/PKDD (2),inproceedings,Unjustified Classification Regions and Counterfactual Explanations in Machine Learning.,Thibault Laugel|Marie-Jeanne Lesot|Christophe Marsala|Xavier Renard|Marcin Detyniecki
conf/pkdd/GoukPFC18,2018,ECML/PKDD (1),inproceedings,MaxGain: Regularisation of Neural Networks by Constraining Activation Magnitudes.,Henry Gouk|Bernhard Pfahringer|Eibe Frank|Michael J. Cree
conf/pkdd/ZhouWZL22,2022,ECML/PKDD (3),inproceedings,Understanding Difficulty-Based Sample Weighting with a Universal Difficulty Measure.,Xiaoling Zhou|Ou Wu 0001|Weiyao Zhu|Ziyang Liang
conf/pkdd/LebmeierAH22,2022,ECML/PKDD (2),inproceedings,On the Current State of Reproducibility and Reporting of Uncertainty for Aspect-Based Sentiment Analysis.,Elisabeth Lebmeier|Matthias A|Christian Heumann
conf/pkdd/GranesePRMP22,2022,ECML/PKDD (3),inproceedings,MEAD: A Multi-Armed Approach for Evaluation of Adversarial Examples Detectors.,Federica Granese|Marine Picot|Marco Romanelli 0002|Francesco Messina|Pablo Piantanida
conf/pkdd/AkuzawaIM19,2019,ECML/PKDD (2),inproceedings,Adversarial Invariant Feature Learning with Accuracy Constraint for Domain Generalization.,Kei Akuzawa|Yusuke Iwasawa|Yutaka Matsuo
conf/pkdd/PasrichaGP18,2018,ECML/PKDD (2),inproceedings,Identifying and Alleviating Concept Drift in Streaming Tensor Decomposition.,Ravdeep Pasricha|Ekta Gujral|Evangelos E. Papalexakis
conf/pkdd/WangWHP24,2024,ECML/PKDD (10),inproceedings,Offline Imitation of Badminton Player Behavior via Experiential Contexts and Brownian Motion.,Kuang-Da Wang|Wei-Yao Wang|Ping-Chun Hsieh|Wen-Chih Peng
conf/pkdd/LeeuwHMK19,2019,PKDD/ECML Workshops (2),inproceedings,Tactical Analyses in Professional Tennis.,Arie-Willem de Leeuw|Aldo Hoekstra|Laurentius Antonius Meerhoff|Arno J. Knobbe
conf/pkdd/EnG24,2024,ECML/PKDD (3),inproceedings,AKGNet: Attribute Knowledge Guided Unsupervised Lung-Infected Area Segmentation.,Qing En|Yuhong Guo
conf/pkdd/GaujacFB21,2021,ECML/PKDD (3),inproceedings,Learning Disentangled Representations with the Wasserstein Autoencoder.,Benoit Gaujac|Ilya Feige|David Barber
conf/pkdd/WuYZZL18,2018,ECML/PKDD (1),inproceedings,Image-to-Markup Generation via Paired Adversarial Learning.,Jin-Wen Wu|Fei Yin|Yan-Ming Zhang 0001|Xu-Yao Zhang|Cheng-Lin Liu 0001
conf/pkdd/ZhangZLCP20,2020,ECML/PKDD (3),inproceedings,Less Is More: Rejecting Unreliable Reviews for Product Question Answering.,Shiwei Zhang|Xiuzhen Zhang 0001|Jey Han Lau|Jeffrey Chan|C
conf/pkdd/LaitonjamHH19,2019,ECML/PKDD (1),inproceedings,A Soft Affiliation Graph Model for Scalable Overlapping Community Detection.,Nishma Laitonjam|Weip|Neil J. Hurley
conf/pkdd/CannizzaroL0CC20,2020,ECML/PKDD (5),inproceedings,Automated Integration of Genomic Metadata with Sequence-to-Sequence Models.,Giuseppe Cannizzaro|Michele Leone|Anna Bernasconi 0002|Arif Canakoglu|Mark J. Carman
conf/pkdd/BeikmohammadiKM24,2024,ECML/PKDD (4),inproceedings,Compressed Federated Reinforcement Learning with a Generative Model.,Ali Beikmohammadi|Sarit Khirirat|Sindri Magn
conf/pkdd/BarrosVPR020,2020,IoT Streams/ITEM@PKDD/ECML,inproceedings,Failure Detection of an Air Production Unit in Operational Context.,Mariana Barros|Bruno Veloso|Pedro Mota Pereira|Rita P. Ribeiro|Jo
conf/pkdd/YangYYLJ21,2021,ECML/PKDD (2),inproceedings,"Generative Max-Mahalanobis Classifiers for Image Classification, Generation and More.",Xiulong Yang|Hui Ye|Yang Ye|Xiang Li 0080|Shihao Ji 0001
conf/pkdd/SunMW19,2019,ECML/PKDD (2),inproceedings,PP-PLL: Probability Propagation for Partial Label Learning.,Kai-wei Sun|Zijian Min|Jin Wang 0006
conf/pkdd/ParkHW20,2020,ECML/PKDD (4),inproceedings,Forecasting Error Pattern-Based Anomaly Detection in Multivariate Time Series.,Seoyoung Park|Siho Han|Simon S. Woo
conf/pkdd/BorthwickAPQJ20,2020,PKDD/ECML Workshops,inproceedings,Scalable Blocking for Very Large Databases.,Andrew Borthwick|Stephen Ash|Bin Pang|Shehzad Qureshi|Timothy Jones
conf/pkdd/BransenH18a,2018,MLSA@PKDD/ECML,inproceedings,Measuring Football Players' On-the-Ball Contributions from Passes During Games.,Lotte Bransen|Jan Van Haaren
conf/pkdd/KeramatiTZGAW22,2022,ECML/PKDD (5),inproceedings,Cubism: Co-balanced Mixup for Unsupervised Volcano-Seismic Knowledge Transfer.,Mahsa Keramati|Mohammad A. Tayebi|Zahra Zohrevand|Uwe Gl|Juan Anzieta|Glyn Williams-Jones
conf/pkdd/SunARC22,2022,ECML/PKDD (3),inproceedings,Securing Cyber-Physical Systems: Physics-Enhanced Adversarial Learning for Autonomous Platoons.,Guoxin Sun|Tansu Alpcan|Benjamin I. P. Rubinstein|Seyit Camtepe
conf/pkdd/JiangW23,2023,ECML/PKDD (4),inproceedings,Unsupervised Salient Patch Selection for Data-Efficient Reinforcement Learning.,Zhaohui Jiang|Paul Weng
conf/pkdd/YamaguchiMU20,2020,ECML/PKDD (1),inproceedings,RLTS: Robust Learning Time-Series Shapelets.,Akihiro Yamaguchi|Shigeru Maya|Ken Ueno
conf/pkdd/HaradaK20,2020,ECML/PKDD (1),inproceedings,Counterfactual Propagation for Semi-supervised Individual Treatment Effect Estimation.,Shonosuke Harada|Hisashi Kashima
conf/pkdd/ZhouM22,2022,PKDD/ECML Workshops (2),inproceedings,Predicting Drug Treatment for Hospitalized Patients with Heart Failure.,Linyi Zhou|Ioanna Miliou
conf/pkdd/BazarganiN19,2019,ECML/PKDD (1),inproceedings,The Elliptical Basis Function Data Descriptor (EBFDD) Network: A One-Class Classification Approach to Anomaly Detection.,Mehran Hossein Zadeh Bazargani|Brian Mac Namee
conf/pkdd/MeghanathPA18,2018,ECML/PKDD (1),inproceedings,ConOut: Contextual Outlier Detection with Multiple Contexts: Application to Ad Fraud.,Meghanath Macha Yadagiri|Deepak Pai|Leman Akoglu
conf/pkdd/ChenZL23,2023,ECML/PKDD (2),inproceedings,Sample Prior Guided Robust Model Learning to Suppress Noisy Labels.,Wenkai Chen|Chuang Zhu|Mengting Li
conf/pkdd/GhoshMSXWS19,2019,ECML/PKDD (3),inproceedings,Scalable Bid Landscape Forecasting in Real-Time Bidding.,Aritra Ghosh 0001|Saayan Mitra|Somdeb Sarkhel|Jason Xie|Gang Wu 0013|Viswanathan Swaminathan 0001
conf/pkdd/WielEF20,2020,AALTD@PKDD/ECML,inproceedings,Real-Time Outlier Detection in Time Series Data of Water Sensors.,Luuk van de Wiel|Daniel M. van Es|A. J. Feelders
conf/pkdd/PaladiniLCPTZ23,2023,ECML/PKDD (6),inproceedings,Advancing Fraud Detection Systems Through Online Learning.,Tommaso Paladini|Martino Bernasconi de Luca|Michele Carminati|Mario Polino|Francesco Trov|Stefano Zanero
conf/pkdd/SemenovaPTSZ22,2022,ECML/PKDD (6),inproceedings,"Logistics, Graphs, and Transformers: Towards Improving Travel Time Estimation.",Natalia Semenova|Vadim Porvatov|Vladislav Tishin|Artyom Sosedka|Vladislav Zamkovoy
conf/pkdd/MeguelatiFHMS20,2020,ECML/PKDD (5),inproceedings,Massively Distributed Clustering via Dirichlet Process Mixture.,Khadidja Meguelati|Benedicte Fontez|Nadine Hilgert|Florent Masseglia|Isabelle Sanchez
conf/pkdd/BagnallFLLM20,2020,AALTD@PKDD/ECML,inproceedings,On the Usage and Performance of the Hierarchical Vote Collective of Transformation-Based Ensembles Version 1.0 (HIVE-COTE v1.0).,Anthony J. Bagnall|Michael Flynn|James Large|Jason Lines|Matthew Middlehurst
conf/pkdd/CompagnonLRM22,2022,PKDD/ECML Workshops (2),inproceedings,Domestic Hot Water Forecasting for Individual Housing with Deep Learning.,Paul Compagnon|Aurore Lomet|Marina Reyboz|Martial Mermillod
conf/pkdd/TanakaTBMP23,2023,ECML/PKDD (7),inproceedings,χiplot: Web-First Visualisation Platform for Multidimensional Data.,Akihiro Tanaka|Juniper Tyree|Anton Bj|Jarmo M|Kai Puolam
conf/pkdd/HeZFM23,2023,ECML/PKDD (4),inproceedings,Eigensubspace of Temporal-Difference Dynamics and How It Improves Value Approximation in Reinforcement Learning.,Qiang He|Tianyi Zhou 0001|Meng Fang|Setareh Maghsudi
conf/pkdd/CornellJKG23,2023,PKDD/ECML Workshops (3),inproceedings,Unsupervised Ontology- and Taxonomy Construction Through Hyperbolic Relational Domains and Ranges.,Filip Cornell|Yifei Jin|Jussi Karlgren|Sarunas Girdzijauskas
conf/pkdd/MalhotraS22,2022,ECML/PKDD (5),inproceedings,On Projectivity in Markov Logic Networks.,Sagar Malhotra|Luciano Serafini
conf/pkdd/BeheraS21,2021,MLSA@PKDD/ECML,inproceedings,Learning Strength and Weakness Rules of Cricket Players Using Association Rule Mining.,Swarup Ranjan Behera|V. Vijaya Saradhi
conf/pkdd/JayathilakaMS21,2021,MLSMKG@PKDD/ECML,inproceedings,Ontology-based n-ball Concept Embeddings Informing Few-shot Image Classification.,Mirantha Jayathilaka|Tingting Mu|Uli Sattler
conf/pkdd/DabaMM23,2023,PKDD/ECML Workshops (4),inproceedings,Adapting Classifiers to Changing Class Priors During Deployment.,Natnael Daba|Bruce McIntosh|Abhijit Mahalanobis
conf/pkdd/SajjadiDSDHT20,2020,PKDD/ECML Workshops,inproceedings,Building Trajectories Over Topology with TDA-PTS: An Application in Modelling Temporal Phenotypes of Disease.,Seyed Erfan Sajjadi|Barbara Draghi|Lucia Sacchi|Arianna Dagliati|John H. Holmes|Allan Tucker
conf/pkdd/VermaG23,2023,PKDD/ECML Workshops (5),inproceedings,Post Wildfire Burnt-up Detection Using Siamese UNet.,Sagar Verma|Kavya Gupta
conf/pkdd/HuangHVS21,2021,IAL@PKDD/ECML,inproceedings,Uncertainty and Utility Sampling with Pre-Clustering.,Zhixin Huang|Yujiang He|Stephan Vogt|Bernhard Sick
conf/pkdd/LacanHS24,2024,ECML/PKDD (8),inproceedings,Frugal Generative Modeling for Tabular Data.,Alice Lacan|Blaise Hanczar|Mich
conf/pkdd/ZhouLPWT24,2024,ECML/PKDD (5),inproceedings,Multi-label Adaptive Batch Selection by Highlighting Hard and Imbalanced Samples.,Ao Zhou|Bin Liu 0058|Zhaoyang Peng|Jin Wang 0006|Grigorios Tsoumakas
conf/pkdd/ObrenovicLIG23,2023,ECML/PKDD (5),inproceedings,Constrained-HIDA: Heterogeneous Image Domain Adaptation Guided by Constraints.,Mihailo Obrenovic|Thomas Andrew Lampert|Milos R. Ivanovic|Pierre Gan
conf/pkdd/HuangYXXH23,2023,ECML/PKDD (3),inproceedings,Two-Stage Denoising Diffusion Model for Source Localization in Graph Inverse Problems.,Bosong Huang|Weihao Yu 0002|Ruzhong Xie|Jing Xiao 0005|Jin Huang 0007
conf/pkdd/IegorovF20,2020,ECML/PKDD (1),inproceedings,Parameterless Semi-supervised Anomaly Detection in Univariate Time Series.,Oleg Iegorov|Sebastian Fischmeister
conf/pkdd/NguyenTGRDV21,2021,ECML/PKDD (2),inproceedings,Variational Hyper-encoding Networks.,Phuoc Nguyen|Truyen Tran 0001|Sunil Gupta 0001|Santu Rana|Hieu-Chi Dam|Svetha Venkatesh
conf/pkdd/ZhouYT22,2022,ECML/PKDD (2),inproceedings,Edge but not Least: Cross-View Graph Pooling.,Xiaowei Zhou 0003|Jie Yin 0001|Ivor W. Tsang
conf/pkdd/AlsuwatAVF18,2018,Nemesis/UrbReas/SoGood/IWAISe/GDM@PKDD/ECML,inproceedings,Cyber Attacks Against the PC Learning Algorithm.,Emad Alsuwat|Hatim Alsuwat|Marco Valtorta|Csilla Farkas
conf/pkdd/LeungSZM21,2021,ECML/PKDD (1),inproceedings,Goal Modelling for Deep Reinforcement Learning Agents.,Jonathan Leung|Zhiqi Shen 0001|Zhiwei Zeng|Chunyan Miao
conf/pkdd/LinsnerADKF21,2021,PKDD/ECML Workshops (1),inproceedings,Approaches to Uncertainty Quantification in Federated Deep Learning.,Florian Linsner|Linara Adilova|Sina D|Michael Kamp|Asja Fischer
conf/pkdd/GarciaSantaC22,2022,ECML/PKDD (6),inproceedings,AGG: An Automated Genogram Generator by Discovering Information in Clinical Texts.,Nuria Garc|Kendrick Cetina
conf/pkdd/DengKHBL22,2022,ECML/PKDD (3),inproceedings,Efficient Automated Deep Learning for Time Series Forecasting.,Difan Deng|Florian Karl|Frank Hutter|Bernd Bischl|Marius Lindauer
conf/pkdd/KampNRF23,2023,PKDD/ECML Workshops (1),inproceedings,"Beliefs, Relationships, and Equality: An Alternative Source of Discrimination in a Symmetric Hiring Market via Threats.",Serafina Kamp|Therese Nkeng|Vicente Riquelme|Benjamin Fish
conf/pkdd/WangDJ24,2024,ECML/PKDD (3),inproceedings,Thinking Like an Author: A Zero-Shot Learning Approach to Keyphrase Generation with Large Language Model.,Siyu Wang|Shengran Dai|Jianhui Jiang
conf/pkdd/LjungCL18a,2018,MLSA@PKDD/ECML,inproceedings,Player Pairs Valuation in Ice Hockey.,Dennis Ljung|Niklas Carlsson|Patrick Lambrix
conf/pkdd/GoethalsME23,2023,PKDD/ECML Workshops (3),inproceedings,Manipulation Risks in Explainable AI: The Implications of the Disagreement Problem.,Sofie Goethals|David Martens|Theodoros Evgeniou
conf/pkdd/ZhangHSL24,2024,ECML/PKDD (10),inproceedings,DISCO: An End-to-End Bandit Framework for Personalised Discount Allocation.,Jason Shuo Zhang|Benjamin Howson|Panayiota Savva|Eleanor Loh
conf/pkdd/ZhengWLL24,2024,ECML/PKDD (1),inproceedings,Disentangled Counterfactual Graph Augmentation Framework for Fair Graph Learning with Information Bottleneck.,Lijing Zheng|Jihong Wang 0003|Huan Liu|Minnan Luo
conf/pkdd/Desreumaux020,2020,IAL@PKDD/ECML,inproceedings,Learning Active Learning at the Crossroads? Evaluation and Discussion.,Louis Desreumaux|Vincent Lemaire 0001
conf/pkdd/XuSLQ23,2023,ECML/PKDD (2),inproceedings,Cold-Start Multi-hop Reasoning by Hierarchical Guidance and Self-verification.,Mayi Xu|Ke Sun 0010|Yongqi Li 0002|Tieyun Qian
conf/pkdd/TritscherSGKH22,2022,PKDD/ECML Workshops (2),inproceedings,Towards Explainable Occupational Fraud Detection.,Julian Tritscher|Daniel Schl|Fabian Gwinner|Anna Krause|Andreas Hotho
conf/pkdd/SasubilliV22,2022,PKDD/ECML Workshops (2),inproceedings,InFi-BERT 1.0: Transformer-Based Language Model for Indian Financial Volatility Prediction.,Sravani Sasubilli|Mridula Verma
conf/pkdd/BrandoRCMV18,2018,ECML/PKDD (3),inproceedings,Uncertainty Modelling in Deep Networks: Forecasting Short and Noisy Series.,Axel Brando|Jos|Mauricio Ciprian|Roberto Maestre|Jordi Vitri
conf/pkdd/ShangWHW19,2019,ECML/PKDD (3),inproceedings,Stochastic Activation Actor Critic Methods.,Wenling Shang|Douwe van der Wal|Herke van Hoof|Max Welling
conf/pkdd/BhatHNF23,2023,ECML/PKDD (6),inproceedings,Constraint-Based Parameterization and Disentanglement of Aerodynamic Shapes Using Deep Generative Models.,Asmita Bhat|Nooshin HajiGhassemi|Deepak Nagaraj|Sophie Fellenz
conf/pkdd/NakamuraS19,2019,ECML/PKDD (1),inproceedings,An Algorithm for Reducing the Number of Distinct Branching Conditions in a Decision Forest.,Atsuyoshi Nakamura|Kento Sakurada
conf/pkdd/PlucinskiLS21,2021,PKDD/ECML Workshops (1),inproceedings,Prototypical Convolutional Neural Network for a Phrase-Based Explanation of Sentiment Classification.,Kamil Plucinski|Mateusz Lango|Jerzy Stefanowski
conf/pkdd/EvansTWC20,2020,PKDD/ECML Workshops,inproceedings,Reasoning About Neural Network Activations: An Application in Spatial Animal Behaviour from Camera Trap Classifications.,Benjamin C. Evans|Allan Tucker|Oliver R. Wearn|Chris Carbone
conf/pkdd/ZolfiAES22,2022,ECML/PKDD (3),inproceedings,Adversarial Mask: Real-World Universal Adversarial Attack on Face Recognition Models.,Alon Zolfi|Shai Avidan|Yuval Elovici|Asaf Shabtai
conf/pkdd/SchmidtM19,2019,ECML/PKDD (2),inproceedings,Bayesian Generalized Horseshoe Estimation of Generalized Linear Models.,Daniel F. Schmidt|Enes Makalic
conf/pkdd/GbodjoLGN19,2019,MACLEAN@PKDD/ECML,inproceedings,RNN-based Multi-Source Land Cover Mapping: An Application to West African Landscape.,Yawogan Jean Eudes Gbodjo|Louise Leroux|Raffaele Gaetano|Babacar Ndao
conf/pkdd/LopoJP22,2022,PKDD/ECML Workshops (1),inproceedings,Geovisualisation Tools for Reporting and Monitoring Transthyretin-Associated Familial Amyloid Polyneuropathy Disease.,R|Al|Maria Pedroto
conf/pkdd/NiuPC23,2023,ECML/PKDD (1),inproceedings,Graph-Level Anomaly Detection via Hierarchical Memory Networks.,Chaoxi Niu|Guansong Pang|Ling Chen 0006
conf/pkdd/LucaVTR21,2021,ECML/PKDD (1),inproceedings,Conservative Online Convex Optimization.,Martino Bernasconi de Luca|Edoardo Vittori|Francesco Trov|Marcello Restelli
conf/pkdd/PouxMedardVL23,2023,ECML/PKDD (1),inproceedings,"Powered Dirichlet Process - Controlling the ""Rich-Get-Richer"" Assumption in Bayesian Clustering.",Ga|Julien Velcin|Sabine Loudcher
conf/pkdd/NadisicVCG20,2020,ECML/PKDD (1),inproceedings,Sparse Separable Nonnegative Matrix Factorization.,Nicolas Nadisic|Arnaud Vandaele|Jeremy E. Cohen|Nicolas Gillis
conf/pkdd/LiuZS18a,2018,MLSA@PKDD/ECML,inproceedings,Interpreting Deep Sports Analytics: Valuing Actions and Players in the NHL.,Guiliang Liu|Wang Zhu 0001|Oliver Schulte
conf/pkdd/ShenCZYZY21,2021,ECML/PKDD (1),inproceedings,Model-Based Offline Policy Optimization with Distribution Correcting Regularization.,Jian Shen 0003|Mingcheng Chen|Zhicheng Zhang|Zhengyu Yang 0002|Weinan Zhang 0001|Yong Yu 0001
conf/pkdd/HeHLCW22,2022,ECML/PKDD (1),inproceedings,Mitigating Confounding Bias for Recommendation via Counterfactual Inference.,Ming He 0001|Xinlei Hu|Changshu Li|Xin Chen|Jiwen Wang
conf/pkdd/MehtaMK23,2023,ECML/PKDD (7),inproceedings,marl-jax: Multi-agent Reinforcement Leaning Framework for Social Generalization.,Kinal Mehta|Anuj Mahajan|Pawan Kumar 0001
conf/pkdd/ChakraborttiL20,2020,ECML/PKDD (4),inproceedings,Learning I/O Access Patterns to Improve Prefetching in SSDs.,Chandranil Chakraborttii|Heiner Litz
conf/pkdd/KimHRW20,2020,ECML/PKDD (5),inproceedings,Reconstructing the Past: Applying Deep Learning to Reconstruct Pottery from Thousands Shards.,Keeyoung Kim|Jinseok Hong|Sang-Hoon Rhee|Simon S. Woo
conf/pkdd/Singh0K20,2020,PKDD/ECML Workshops,inproceedings,On the Coherence of Fake News Articles.,Iknoor Singh|Deepak P 0001|Anoop Kadan
conf/pkdd/HuangPMP21,2021,ECML/PKDD (2),inproceedings,On Generalization of Graph Autoencoders with Adversarial Training.,Tianjin Huang|Yulong Pei|Vlado Menkovski|Mykola Pechenizkiy
conf/pkdd/RuzickaDWS20,2020,MACLEAN@PKDD/ECML,inproceedings,Deep Active Learning in Remote Sensing for data efficient Change Detection.,V|Stefano D'Aronco|Jan Dirk Wegner|Konrad Schindler
conf/pkdd/BorrisonKS19,2019,ECML/PKDD (3),inproceedings,Industrial Event Log Analyzer - Self-service Data Mining for Domain Experts.,Reuben Borrison|Benjamin Kl|Sunil Saini
conf/pkdd/SilvaR023,2023,PKDD/ECML Workshops (2),inproceedings,Anomaly Detection in Pet Behavioural Data.,In|Rita P. Ribeiro|Jo
conf/pkdd/UrchsTAHT23,2023,PKDD/ECML Workshops (1),inproceedings,How Prevalent Is Gender Bias in ChatGPT? - Exploring German and English ChatGPT Responses.,Stefanie Urchs|Veronika Thurner|Matthias A|Christian Heumann|Stephanie Thiemichen
conf/pkdd/HullaitLPK19,2019,AALTD@PKDD/ECML,inproceedings,Robust Functional Regression for Outlier Detection.,Harjit Hullait|David S. Leslie|Nicos G. Pavlidis|Steve King 0003
conf/pkdd/VeysehNMN21,2021,ECML/PKDD (3),inproceedings,Augmenting Open-Domain Event Detection with Synthetic Data from GPT-2.,Amir Pouran Ben Veyseh|Minh Van Nguyen 0001|Bonan Min|Thien Huu Nguyen
conf/pkdd/TaheriSHP23,2023,PKDD/ECML Workshops (4),inproceedings,Unveiling Driver Modules in Lung Cancer: A Clustering-Based Gene-Gene Interaction Network Analysis.,Golnaz Taheri|Marcell Szalai|Mahnaz Habibi|Panagiotis Papapetrou
conf/pkdd/KoeneckeG19,2019,MIDAS@PKDD,inproceedings,Curriculum Learning in Deep Neural Networks for Financial Forecasting.,Allison Koenecke|Amita Gajewar
conf/pkdd/FellajiPCC24,2024,ECML/PKDD (4),inproceedings,"On the Calibration of Epistemic Uncertainty: Principles, Paradoxes and Conflictual Loss.",Mohammed Fellaji|Fr|Brieuc Conan-Guez|Miguel Couceiro
conf/pkdd/KleinAGC19,2019,PKDD/ECML Workshops (1),inproceedings,Decentralized Learning with Budgeted Network Load Using Gaussian Copulas and Classifier Ensembles.,John Klein|Mahmoud Albardan|Benjamin Guedj|Olivier Colot
conf/pkdd/PandeyAA23,2023,ECML/PKDD (7),inproceedings,Explaining Full-Disk Deep Learning Model for Solar Flare Prediction Using Attribution Methods.,Chetraj Pandey|Rafal A. Angryk|Berkay Aydin
conf/pkdd/ChenLCZ24,2024,ECML/PKDD (2),inproceedings,Multivariate Traffic Demand Prediction via 2D Spectral Learning and Global Spatial Optimization.,Changlu Chen|Yanbin Liu|Ling Chen 0006|Chengqi Zhang
conf/pkdd/TangCJLG22,2022,ECML/PKDD (4),inproceedings,Marginal Release Under Multi-party Personalized Differential Privacy.,Peng Tang 0002|Rui Chen 0012|Chongshi Jin|Gaoyuan Liu|Shanqing Guo
conf/pkdd/GaciBCB23,2023,ECML/PKDD (2),inproceedings,Targeting the Source: Selective Data Curation for Debiasing NLP Models.,Yacine Gaci|Boualem Benatallah|Fabio Casati|Khalid Benabdeslem
conf/pkdd/KontopoulosVT19,2019,MASTER@PKDD/ECML,inproceedings,Uncovering Hidden Concepts from AIS Data: A Network Abstraction of Maritime Traffic for Anomaly Detection.,Ioannis Kontopoulos|Iraklis Varlamis|Konstantinos Tserpes
conf/pkdd/KuberaWPKK23,2023,PKDD/ECML Workshops (3),inproceedings,Towards Automation of Pollen Monitoring - Dealing with the Background in Pollen Monitoring Images.,Elzbieta Kubera|Alicja Wieczorkowska|Krystyna Piotrowska-Weryszko|Agata Konarska|Agnieszka Kubik-Komar
conf/pkdd/PasquiniPSR23,2023,PKDD/ECML Workshops (2),inproceedings,Towards a Fine-Grained Threat Model for Video-Based Remote Identity Proofing.,Cecilia Pasquini|Marco Pernpruner|Giada Sciarretta|Silvio Ranise
conf/pkdd/WangR22,2022,ECML/PKDD (3),inproceedings,Understanding Adversarial Robustness of Vision Transformers via Cauchy Problem.,Zheng Wang 0074|Wenjie Ruan
conf/pkdd/AnwaarRK20,2020,ECML/PKDD (5),inproceedings,"Mend the Learning Approach, Not the Data: Insights for Ranking E-Commerce Products.",Muhammad Umer Anwaar|Dmytro Rybalko|Martin Kleinsteuber
conf/pkdd/GongLYCTY24,2024,ECML/PKDD (2),inproceedings,Self-pro: A Self-prompt and Tuning Framework for Graph Neural Networks.,Chenghua Gong|Xiang Li 0067|Jianxiang Yu 0001|Yao Cheng 0009|Jiaqi Tan 0006|Chengcheng Yu
conf/pkdd/ErdmannM21,2021,PKDD/ECML Workshops (1),inproceedings,Rule Learning Through Active Inductive Inference.,Tore Erdmann|Christoph Mathys
conf/pkdd/MylonasMBT22,2022,PKDD/ECML Workshops (1),inproceedings,Local Multi-label Explanations for Random Forest.,Nikolaos Mylonas|Ioannis Mollas|Nick Bassiliades|Grigorios Tsoumakas
conf/pkdd/RiosAPHC22,2022,ECML/PKDD (5),inproceedings,"FASE: A Fast, Accurate and Seamless Emulator for Custom Numerical Formats.",John Osorio R|Adri|Eric Petit 0002|Greg Henry|Marc Casas
conf/pkdd/PontoizeauSYC21,2021,PKDD/ECML Workshops (1),inproceedings,Neural Maximum Independent Set.,Thomas Pontoizeau|Florian Sikora|Florian Yger|Tristan Cazenave
conf/pkdd/EmondsXF23,2023,PKDD/ECML Workshops (5),inproceedings,Implications of Noise in Resistive Memory on Deep Neural Networks for Image Classification.,Yannick Emonds|Kai Xi|Holger Fr
conf/pkdd/XiaoW23,2023,ECML/PKDD (2),inproceedings,Triplets Oversampling for Class Imbalanced Federated Datasets.,Chenguang Xiao|Shuo Wang 0005
conf/pkdd/SethiGMA23,2023,ECML/PKDD (3),inproceedings,Learning Representations for Bipartite Graphs Using Multi-task Self-supervised Learning.,Akshay Sethi|Sonia Gupta|Aakarsh Malhotra|Siddhartha Asthana
conf/pkdd/JainAS23,2023,ECML/PKDD (6),inproceedings,Boosting the Performance of Deployable Timestamped Directed GNNs via Time-Relaxed Sampling.,Arihant Jain|Gundeep Arora|Anoop Saladi
conf/pkdd/RaflaVCB22,2022,ECML/PKDD (5),inproceedings,A Non-parametric Bayesian Approach for Uplift Discretization and Feature Selection.,Mina Rafla|Nicolas Voisine|Bruno Cr|Marc Boull
conf/pkdd/XieZLZT22,2022,ECML/PKDD (6),inproceedings,EpiGNN: Exploring Spatial Transmission with Graph Neural Network for Regional Epidemic Forecasting.,Feng Xie 0003|Zhong Zhang|Liang Li|Bin Zhou 0004|Yusong Tan
conf/pkdd/SteckelmacherPR19,2019,ECML/PKDD (3),inproceedings,Sample-Efficient Model-Free Reinforcement Learning with Off-Policy Critics.,Denis Steckelmacher|H|Diederik M. Roijers|Ann Now
conf/pkdd/MaseraB18,2018,ECML/PKDD (1),inproceedings,AWX: An Integrated Approach to Hierarchical-Multilabel Classification.,Luca Masera|Enrico Blanzieri
conf/pkdd/ReeveM018,2018,ECML/PKDD (1),inproceedings,Modular Dimensionality Reduction.,Henry W. J. Reeve|Tingting Mu|Gavin Brown 0001
conf/pkdd/WangGZ23,2023,ECML/PKDD (5),inproceedings,Unsupervised Domain Adaptation via Bidirectional Cross-Attention Transformer.,Xiyu Wang|Pengxin Guo 0001|Yu Zhang 0006
conf/pkdd/BarbosaRD21,2021,MLSA@PKDD/ECML,inproceedings,Similarity of Football Players Using Passing Sequences.,Alberto Barbosa|Pedro Ribeiro 0004|In
conf/pkdd/SilvaVG23,2023,ECML/PKDD (7),inproceedings,"Predictive Maintenance, Adversarial Autoencoders and Explainability.",Miguel E. P. Silva|Bruno Veloso|Jo
conf/pkdd/ZhouGP20,2020,ECML/PKDD (1),inproceedings,Disentangled Sticky Hierarchical Dirichlet Process Hidden Markov Model.,Ding Zhou|Yuanjun Gao|Liam Paninski
conf/pkdd/Dominguez-Catena22,2022,PKDD/ECML Workshops (1),inproceedings,Gender Stereotyping Impact in Facial Expression Recognition.,Iris Dominguez-Catena|Daniel Paternain|Mikel Galar
conf/pkdd/GrinsvenBKS23,2023,PKDD/ECML Workshops (2),inproceedings,Efficient and General Text Classification: An Active Learning Approach Using Active Learning and NLP to Aid Processes Such as Journalistic Investigations And document Analysis.,Micha van Grinsven|Matthieu J. S. Brinkhuis|Georg Krempl|Joop Snijder
conf/pkdd/KananiMPHB21,2021,PKDD/ECML Workshops (2),inproceedings,Private Cross-Silo Federated Learning for Extracting Vaccine Adverse Event Mentions.,Pallika Kanani|Virendra J. Marathe|Daniel W. Peterson|Rave Harpaz|Steve Bright
conf/pkdd/CondevauxHM22,2022,ECML/PKDD (1),inproceedings,Fair and Efficient Alternatives to Shapley-based Attribution Methods.,Charles Condevaux|S|St
conf/pkdd/WoszczykS18,2018,Nemesis/UrbReas/SoGood/IWAISe/GDM@PKDD/ECML,inproceedings,MaaSim: A Liveability Simulation for Improving the Quality of Life in Cities.,Dominika Woszczyk|Gerasimos Spanakis
conf/pkdd/DelsautJMG20,2020,AALTD@PKDD/ECML,inproceedings,"""J'veux du Soleil"" Towards a Decade of Solar Irradiation Data (La R",Mathieu Delsaut|Patrick Jeanty|B|Dominique Gay
conf/pkdd/Castillo-Navarro20,2020,MACLEAN@PKDD/ECML,inproceedings,On Auxiliary Losses for Semi-Supervised Semantic Segmentation.,Javiera Castillo-Navarro|Bertrand Le Saux|Alexandre Boulch|S
conf/pkdd/SaveriB24,2024,ECML/PKDD (7),inproceedings,Retrieval-Augmented Mining of Temporal Logic Specifications from Data.,Gaia Saveri|Luca Bortolussi
conf/pkdd/OrtegaCR19,2019,PKDD/ECML Workshops (2),inproceedings,Predicting Dynamics in Violin Pieces with Features from Melodic Motifs.,F|Alfonso P|Rafael Ram
conf/pkdd/AzriFHDN21,2021,ECML/PKDD (5),inproceedings,Calling to CNN-LSTM for Rumor Detection: A Deep Multi-channel Model for Message Veracity Classification in Microblogs.,Abderrazek Azri|C|Nouria Harbi|J|Camille No
conf/pkdd/KleinLB23,2023,ECML/PKDD (1),inproceedings,k-SubMix: Common Subspace Clustering on Mixed-Type Data.,Mauritius Klein|Collin Leiber|Christian B
conf/pkdd/AalbersH18a,2018,MLSA@PKDD/ECML,inproceedings,Distinguishing Between Roles of Football Players in Play-by-Play Match Event Data.,Bart Aalbers|Jan Van Haaren
conf/pkdd/KarjalainenGM24,2024,ECML/PKDD (7),inproceedings,Fast Redescription Mining Using Locality-Sensitive Hashing.,Maiju Karjalainen|Esther Galbrun|Pauli Miettinen
conf/pkdd/LiuZMTDH22,2022,ECML/PKDD (2),inproceedings,Masked Graph Auto-Encoder Constrained Graph Pooling.,Chuang Liu 0008|Yibing Zhan|Xueqi Ma|Dapeng Tao|Bo Du 0001|Wenbin Hu 0001
conf/pkdd/MengshoelSRPJ18,2018,DARE@PKDD/ECML,inproceedings,Renewable Energy Integration: Bayesian Networks for Probabilistic State Estimation.,Ole J. Mengshoel|Priya Krishnan Sundararajan|Erik Reed|Dongzhen Piao|Briana Johnson
conf/pkdd/DebardDC019,2019,ECML/PKDD (3),inproceedings,Learning 3D Navigation Protocols on Touch Interfaces with Cooperative Multi-agent Reinforcement Learning.,Quentin Debard|Jilles Steeve Dibangoye|St|Christian Wolf 0001
conf/pkdd/CarneinTBP19,2019,PKDD/ECML Workshops (1),inproceedings,Towards Automated Configuration of Stream Clustering Algorithms.,Matthias Carnein|Heike Trautmann|Albert Bifet|Bernhard Pfahringer
conf/pkdd/KomarekBS21,2021,ECML/PKDD (2),inproceedings,Explainable Multiple Instance Learning with Instance Selection Randomized Trees.,Tom|Jan Brabec|Petr Somol
conf/pkdd/FurutaniSAHA19,2019,ECML/PKDD (1),inproceedings,Graph Signal Processing for Directed Graphs Based on the Hermitian Laplacian.,Satoshi Furutani|Toshiki Shibahara|Mitsuaki Akiyama|Kunio Hato|Masaki Aida
conf/pkdd/LiZ18a,2018,MLSA@PKDD/ECML,inproceedings,Predicting the Receivers of Football Passes.,Heng Li 0007|Zhiying Zhang
conf/pkdd/XieLL21,2021,ECML/PKDD (5),inproceedings,CHECKER: Detecting Clickbait Thumbnails with Weak Supervision and Co-teaching.,Tianyi Xie|Thai Le|Dongwon Lee 0001
conf/pkdd/ChenDMJN24,2024,ECML/PKDD (9),inproceedings,Robust Interaction-Based Relevance Modeling for Online e-Commerce Search.,Ben Chen 0004|Huangyu Dai|Xiang Ma|Wen Jiang 0002|Wei Ning
conf/pkdd/ZhongMS18,2018,ECML/PKDD (3),inproceedings,Flexible Inference for Cyberbully Incident Detection.,Haoti Zhong|David J. Miller 0001|Anna Cinzia Squicciarini
conf/pkdd/LyuF0L20,2020,ECML/PKDD (2),inproceedings,Partial Label Learning via Self-Paced Curriculum Strategy.,Gengyu Lyu|Songhe Feng|Yi Jin 0001|Yidong Li
conf/pkdd/FanTS23,2023,ECML/PKDD (4),inproceedings,Fast Convergence of Random Reshuffling Under Over-Parameterization and the Polyak-Łojasiewicz Condition.,Chen Fan|Christos Thrampoulidis|Mark Schmidt 0001
conf/pkdd/GrabarczykR22,2022,PKDD/ECML Workshops (1),inproceedings,Shrinkage Estimators for Uplift Regression.,Magdalena Grabarczyk|Krzysztof Rudas
conf/pkdd/0001GV19,2019,ECML/PKDD (2),inproceedings,Multitask Hopfield Networks.,Marco Frasca 0001|Giuliano Grossi|Giorgio Valentini
conf/pkdd/RahimianT21,2021,MLSA@PKDD/ECML,inproceedings,Inferring the Strategy of Offensive and Defensive Play in Soccer with Inverse Reinforcement Learning.,Pegah Rahimian|L
conf/pkdd/BiG21,2021,ECML/PKDD (3),inproceedings,A Variance Controlled Stochastic Method with Biased Estimation for Faster Non-convex Optimization.,Jia Bi|Steve R. Gunn
conf/pkdd/JameelGAS19,2019,PKDD/ECML Workshops (1),inproceedings,Ring-Star: A Sparse Topology for Faster Model Averaging in Decentralized Parallel SGD.,Mohsan Jameel|Josif Grabocka|Mofassir ul Islam Arif|Lars Schmidt-Thieme
conf/pkdd/PetrouTGPT19,2019,MASTER@PKDD/ECML,inproceedings,Online Long-Term Trajectory Prediction Based on Mined Route Patterns.,Petros Petrou|Panagiotis Tampakis|Harris V. Georgiou|Nikos Pelekis|Yannis Theodoridis
conf/pkdd/Berk0GRV18,2018,ECML/PKDD (2),inproceedings,Exploration Enhanced Expected Improvement for Bayesian Optimization.,Julian Berk|Vu Nguyen 0001|Sunil Gupta 0001|Santu Rana|Svetha Venkatesh
conf/pkdd/Sadeghi019,2019,PKDD/ECML Workshops (1),inproceedings,Linking Physicians to Medical Research Results via Knowledge Graph Embeddings and Twitter.,Afshin Sadeghi|Jens Lehmann 0001
conf/pkdd/TraganitisG21,2021,ECML/PKDD (3),inproceedings,Bayesian Crowdsourcing with Constraints.,Panagiotis A. Traganitis|Georgios B. Giannakis
conf/pkdd/ZhangPD23,2023,ECML/PKDD (1),inproceedings,A Transductive Forest for Anomaly Detection with Few Labels.,Jingrui Zhang|Ninh Pham|Gillian Dobbie
conf/pkdd/ZhouLK24,2024,ECML/PKDD (2),inproceedings,Self-certified Tuple-Wise Deep Learning.,Sijia Zhou|Yunwen Lei|Ata Kab
conf/pkdd/PappasMBA19,2019,PKDD/ECML Workshops (2),inproceedings,AUEB at BioASQ 7: Document and Snippet Retrieval.,Dimitris Pappas|Ryan T. McDonald|Georgios-Ioannis Brokos|Ion Androutsopoulos
conf/pkdd/LurongWZY20,2020,ECML/PKDD (1),inproceedings,LOAD: LSH-Based ℓ,Dingzhu Lurong|Yanlong Wen|Jiangwei Zhang|Xiaojie Yuan
conf/pkdd/DasSCCKC18,2018,ECML/PKDD (3),inproceedings,ADAGIO: Interactive Experimentation with Adversarial Attack and Defense for Audio.,Nilaksh Das|Madhuri Shanbhogue|Shang-Tse Chen|Li Chen|Michael E. Kounavis|Duen Horng Chau
conf/pkdd/KaiserORE19,2019,ECML/PKDD (2),inproceedings,Data Association with Gaussian Processes.,Markus Kaiser 0001|Clemens Otte|Thomas A. Runkler|Carl Henrik Ek
conf/pkdd/TengCCLRH22,2022,ECML/PKDD (1),inproceedings,Overcoming Catastrophic Forgetting via Direction-Constrained Optimization.,Yunfei Teng|Anna Choromanska|Murray Campbell|Songtao Lu|Parikshit Ram|Lior Horesh
conf/pkdd/NakagawaUA18,2018,MIDAS/PAP@PKDD/ECML,inproceedings,Deep Factor Model - Explaining Deep Learning Decisions for Forecasting Stock Returns with Layer-Wise Relevance Propagation.,Kei Nakagawa|Takumi Uchida|Tomohisa Aoshima
conf/pkdd/ZnalezniakRKTS23,2023,ECML/PKDD (1),inproceedings,Contrastive Hierarchical Clustering.,Michal Znalezniak|Przemyslaw Rola|Patryk Kaszuba|Jacek Tabor|Marek Smieja
conf/pkdd/BurghardtL21,2021,PKDD/ECML Workshops (1),inproceedings,Robot Localization and Navigation Through Predictive Processing Using LiDAR.,Daniel Burghardt|Pablo Lanillos
conf/pkdd/LattanziLLM19,2019,ECML/PKDD (1),inproceedings,A Framework for Parallelizing Hierarchical Clustering Methods.,Silvio Lattanzi|Thomas Lavastida|Kefu Lu|Benjamin Moseley
conf/pkdd/RoeslinMWW19,2019,PKDD/ECML Workshops (2),inproceedings,Data Integration for the Development of a Seismic Loss Prediction Model for Residential Buildings in New Zealand.,Samuel Roeslin|Quincy Ma|J|Liam Wotherspoon
conf/pkdd/ZhangWFCSS22,2022,ECML/PKDD (6),inproceedings,Route to Time and Time to Route: Travel Time Estimation from Sparse Trajectories.,Zhiwen Zhang 0004|Hongjun Wang 0007|Zipei Fan|Jiyuan Chen|Xuan Song 0001|Ryosuke Shibasaki
conf/pkdd/VerhaegheDOH22,2022,ECML/PKDD (1),inproceedings,Powershap: A Power-Full Shapley Feature Selection Method.,Jarne Verhaeghe|M. Jeroen Van Der Donckt|Femke Ongenae|Sofie Van Hoecke
conf/pkdd/XingT23,2023,ECML/PKDD (1),inproceedings,Co-Evolving Graph Reasoning Network for Emotion-Cause Pair Extraction.,Bowen Xing|Ivor W. Tsang
conf/pkdd/HarikumarLRB0V20,2020,ECML/PKDD (2),inproceedings,Scalable Backdoor Detection in Neural Networks.,Haripriya Harikumar|Vuong Le|Santu Rana|Sourangshu Bhattacharya|Sunil Gupta 0001|Svetha Venkatesh
conf/pkdd/BorrasKF24,2024,ECML/PKDD (4),inproceedings,Walking Noise: On Layer-Specific Robustness of Neural Architectures Against Noisy Computations and Associated Characteristic Learning Dynamics.,Hendrik Borras|Bernhard Klein|Holger Fr
conf/pkdd/StraussWBS22,2022,ECML/PKDD (4),inproceedings,Reinforcement Learning for Multi-Agent Stochastic Resource Collection.,Niklas Strau|David Winkel|Max Berrendorf|Matthias Schubert
conf/pkdd/WilburMVPLD21,2021,ECML/PKDD (4),inproceedings,Energy and Emission Prediction for Mixed-Vehicle Transit Fleets Using Multi-task and Inductive Transfer Learning.,Michael Wilbur|Ayan Mukhopadhyay|Sayyed Vazirizade|Philip Pugliese|Aron Laszka|Abhishek Dubey
conf/pkdd/MorvillierPA22,2022,ECML/PKDD (6),inproceedings,A Camera-Based System to Detect Driver Hands on the Steering Wheel in Semi-autonomous Vehicles.,Rapha|Christophe Prat|Saifeddine Aloui
conf/pkdd/BuschjagerPBMR20,2020,ECML/PKDD (4),inproceedings,On-Site Gamma-Hadron Separation with Deep Learning on FPGAs.,Sebastian Buschj|Lukas Pfahler|Jens Bu|Katharina Morik|Wolfgang Rhode
conf/pkdd/JiaLWYLZ20,2020,ECML/PKDD (3),inproceedings,MMCNN: A Multi-branch Multi-scale Convolutional Neural Network for Motor Imagery Classification.,Ziyu Jia|Youfang Lin|Jing Wang 0060|Kaixin Yang|Tianhang Liu|Xinwang Zhang
conf/pkdd/MasettiG20,2020,PKDD/ECML Workshops,inproceedings,Analyzing Forward Robustness of Feedforward Deep Neural Networks with LeakyReLU Activation Function Through Symbolic Propagation.,Giulio Masetti|Felicita Di Giandomenico
conf/pkdd/YanLZGYB18,2018,ECML/PKDD (3),inproceedings,A Practical Deep Online Ranking System in E-commerce Recommendation.,Yan Yan 0024|Zitao Liu 0001|Meng Zhao|Wentao Guo 0008|Weipeng P. Yan|Yongjun Bao
conf/pkdd/DuWCL21,2021,ECML/PKDD (4),inproceedings,Multi-agent Deep Reinforcement Learning with Spatio-Temporal Feature Fusion for Traffic Signal Control.,Xin Du|Jiahai Wang|Siyuan Chen 0005|Zhiyue Liu
conf/pkdd/SchiavoneGZ23,2023,ECML/PKDD (2),inproceedings,Binary Domain Generalization for Sparsifying Binary Neural Networks.,Riccardo Schiavone|Francesco Galati|Maria A. Zuluaga
conf/pkdd/BaiRD20,2020,ECML/PKDD (3),inproceedings,Towards Description of Block Model on Graph.,Zilong Bai|S. S. Ravi|Ian Davidson
conf/pkdd/KornevaB20,2020,PKDD/ECML Workshops,inproceedings,Towards Better Evaluation of Multi-target Regression Models.,Evgeniya Korneva|Hendrik Blockeel
conf/pkdd/NonnenmacherRS21,2021,ECML/PKDD (3),inproceedings,Which Minimizer Does My Neural Network Converge To?,Manuel Nonnenmacher|David Reeb|Ingo Steinwart
conf/pkdd/0002H23,2023,PKDD/ECML Workshops (5),inproceedings,Topology-Agnostic Detection of Temporal Money Laundering Flows in Billion-Scale Transactions.,Haseeb Tariq 0002|Marwan Hassani
conf/pkdd/XueNZFZE21,2021,ECML/PKDD (5),inproceedings,Physics Knowledge Discovery via Neural Differential Equation Embedding.,Yexiang Xue|Md. Nasim|Maosen Zhang|Cuncai Fan|Xinghang Zhang|Anter El-Azab
conf/pkdd/BertoglioSKVM23,2023,PKDD/ECML Workshops (3),inproceedings,The ACRE Crop-Weed Dataset for Benchmarking Weed Detection Models on Maize and Beans Fields.,Riccardo Bertoglio|Eli Spizzichino|Anne Kalouguine|Giuliano Vitali|Matteo Matteucci
conf/pkdd/MullerCDHB21,2021,MLSA@PKDD/ECML,inproceedings,PIVOT: A Parsimonious End-to-End Learning Framework for Valuing Player Actions in Handball Using Tracking Data.,Oliver M|Matthew Caron|Michael D|Tim Heuwinkel|Jochen Baumeister
conf/pkdd/SpickW18,2018,DARE@PKDD/ECML,inproceedings,Deep Learning for Wave Height Classification in Satellite Images for Offshore Wind Access.,Ryan J. Spick|James Alfred Walker
conf/pkdd/DubowskiWWP24,2024,ECML/PKDD (8),inproceedings,Subgroup Harm Assessor: Identifying Potential Fairness-Related Harms and Predictive Bias.,Adam Dubowski|Hilde J. P. Weerts|Anouk Wolters|Mykola Pechenizkiy
conf/pkdd/LiDFZ22,2022,ECML/PKDD (4),inproceedings,Coupling User Preference with External Rewards to Enable Driver-centered and Resource-aware EV Charging Recommendation.,Chengyin Li|Zheng Dong 0002|Nathan Fisher|Dongxiao Zhu
conf/pkdd/MaityBPKSP23,2023,ECML/PKDD (6),inproceedings,Ex-ThaiHate: A Generative Multi-task Framework for Sentiment and Emotion Aware Hate Speech Detection with Explanation in Thai.,Krishanu Maity|Shaubhik Bhattacharya|Salisa Phosit|Sawarod Kongsamlit|Sriparna Saha 0001|Kitsuchart Pasupa
conf/pkdd/GuLGZCS24,2024,ECML/PKDD (3),inproceedings,SpanGNN: Towards Memory-Efficient Graph Neural Networks via Spanning Subgraph Training.,Xizhi Gu|Hongzheng Li|Shihong Gao|Xinyan Zhang|Lei Chen 0002|Yingxia Shao
conf/pkdd/FourureJPT21,2021,ECML/PKDD (4),inproceedings,Anomaly Detection: How to Artificially Increase Your F1-Score with a Biased Evaluation Protocol.,Damien Fourure|Muhammad Usama Javaid|Nicolas Posocco|Simon Tihon
conf/pkdd/NguyenTT24,2024,ECML/PKDD (1),inproceedings,Handling Delayed Feedback in Distributed Online Optimization: A Projection-Free Approach.,Tuan-Anh Nguyen|Kim Thang Nguyen|Denis Trystram
conf/pkdd/GailRF23,2023,ECML/PKDD (7),inproceedings,RulEth: Genetic Programming-Driven Derivation of Security Rules for Automotive Ethernet.,Felix Clemens Gail|Roland Rieke|Florian Fenzl
conf/pkdd/GuillemeMTR19,2019,AALTD@PKDD/ECML,inproceedings,Localized Random Shapelets.,Ma|Simon Malinowski|Romain Tavenard|Xavier Renard
conf/pkdd/MignoneMC22,2022,PKDD/ECML Workshops (1),inproceedings,Anomaly Detection for Physical Threat Intelligence.,Paolo Mignone|Donato Malerba|Michelangelo Ceci
conf/pkdd/BlierWO19,2019,ECML/PKDD (2),inproceedings,Learning with Random Learning Rates.,L|Pierre Wolinski|Yann Ollivier
conf/pkdd/AssemCBO18,2018,ECML/PKDD (3),inproceedings,ST-DenNetFus: A New Deep Learning Approach for Network Demand Prediction.,Haytham Assem|Bora Caglayan|Teodora Sandra Buda|Declan O'Sullivan
conf/pkdd/ZhaoN23,2023,ECML/PKDD (6),inproceedings,Fairness-Aware Processing Techniques in Survival Analysis: Promoting Equitable Predictions.,Zhouting Zhao|Tin Lok James Ng
conf/pkdd/CharpentierHR23,2023,PKDD/ECML Workshops (1),inproceedings,Mitigating Discrimination in Insurance with Wasserstein Barycenters.,Arthur Charpentier|Fran|Philipp Ratz
conf/pkdd/GuWS23,2023,ECML/PKDD (2),inproceedings,Duplicate Multi-modal Entities Detection with Graph Contrastive Self-training Network.,Shuyun Gu|Xiao Wang 0017|Chuan Shi 0001
conf/pkdd/ChristenCR19,2019,PKDD/ECML Workshops (2),inproceedings,Informativeness-Based Active Learning for Entity Resolution.,Victor Christen|Peter Christen|Erhard Rahm
conf/pkdd/BaoWJWJ24,2024,ECML/PKDD (10),inproceedings,Spatial-Temporal PDE Networks for Traffic Flow Forecasting.,Tianshu Bao|Hua Wei 0001|Junyi Ji|Daniel B. Work|Taylor T. Johnson
conf/pkdd/MahadevanMG18,2018,ECML/PKDD (2),inproceedings,A Unified Framework for Domain Adaptation Using Metric Learning on Manifolds.,Sridhar Mahadevan|Bamdev Mishra|Shalini Ghosh
conf/pkdd/BediT20,2020,PKDD/ECML Workshops,inproceedings,Data Decomposition Based Learning for Load Time-Series Forecasting.,Jatin Bedi|Durga Toshniwal
conf/pkdd/BarbagliaCM20,2020,MIDAS@PKDD/ECML,inproceedings,Exploring the Predictive Power of News and Neural Machine Learning Models for Economic Forecasting.,Luca Barbaglia|Sergio Consoli|Sebastiano Manzan
conf/pkdd/LaueMG19,2019,ECML/PKDD (3),inproceedings,MatrixCalculus.org - Computing Derivatives of Matrix and Tensor Expressions.,S|Matthias Mitterreiter|Joachim Giesen
conf/pkdd/CuiXGSX20,2020,ECML/PKDD (4),inproceedings,6VecLM: Language Modeling in Vector Space for IPv6 Target Generation.,Tianyu Cui|Gang Xiong 0001|Gaopeng Gou|Junzheng Shi|Wei Xia
conf/pkdd/XuZSWY24,2024,ECML/PKDD (10),inproceedings,Boosting Protein Language Models with Negative Sample Mining.,Yaoyao Xu|Xinjian Zhao|Xiaozhuang Song|Benyou Wang|Tianshu Yu 0001
conf/pkdd/LarranagaGGYHW18,2018,IAL@PKDD/ECML,inproceedings,Towards Interactive Feature Selection with Human-in-the-loop.,Maialen Larra|Dimitra Gkorou|Thiago S. Guzella|Alexander Ypma|Faegheh Hasibi|Robert Jan van Wijk
conf/pkdd/DamPFAA22,2022,ECML/PKDD (3),inproceedings,Scalable Adversarial Online Continual Learning.,Tanmoy Dam|Mahardhika Pratama|Md Meftahul Ferdaus|Sreenatha G. Anavatti|Hussein A. Abbass
conf/pkdd/QuetuM23,2023,PKDD/ECML Workshops (4),inproceedings,The Quest of Finding the Antidote to Sparse Double Descent.,Victor Qu|Marta Milovanovic
conf/pkdd/ChandarOPGS24,2024,ECML/PKDD (8),inproceedings,RE-GrievanceAssist: Enhancing Customer Experience Through ML-Powered Complaint Management.,Venkatesh Chandar|Harshit Oberoi|Anurag Kumar Pandey|Anil Goyal|Nikhil Sikka
conf/pkdd/FunkBM20,2020,IoT Streams/ITEM@PKDD/ECML,inproceedings,ML Training on a Tiny Microcontroller for a Self-adaptive Neural Network-Based DC Motor Speed Controller.,Frederik Funk|Thorsten Bucksch|Daniel Mueller-Gritschneder
conf/pkdd/RusciFCB20,2020,IoT Streams/ITEM@PKDD/ECML,inproceedings,Leveraging Automated Mixed-Low-Precision Quantization for Tiny Edge Microcontrollers.,Manuele Rusci|Marco Fariselli|Alessandro Capotondi|Luca Benini
conf/pkdd/HallBN21,2021,PKDD/ECML Workshops (2),inproceedings,Efficient Analysis of Transactional Data Using Graph Convolutional Networks.,Hamish Hall|Pedro Baiz|Philip Nadler
conf/pkdd/KempkesDNS24,2024,ECML/PKDD (2),inproceedings,Reliable Classifications with Guaranteed Confidence Using the Dempster-Shafer Theory of Evidence.,Marie C. Kempkes|Vedran Dunjko|Evert P. L. van Nieuwenburg|Jakob Spiegelberg
conf/pkdd/Jasiunas0C21,2021,PKDD/ECML Workshops (2),inproceedings,Building Appliances Energy Performance Assessment.,Zygimantas Jasiunas|Pedro M. Ferreira 0001|Jos
conf/pkdd/YinZPCJ19,2019,PKDD/ECML Workshops (1),inproceedings,MHDNE: Network Embedding Based on Multivariate Hawkes Process.,Ying Yin|Jianpeng Zhang|Yulong Pei|Xiaotao Cheng|Lixin Ji
conf/pkdd/LambertBS20,2020,ECML/PKDD (1),inproceedings,Flexible Recurrent Neural Networks.,Anne Lambert|Fran
conf/pkdd/KanCY21,2021,ECML/PKDD (2),inproceedings,Zero-Shot Scene Graph Relation Prediction Through Commonsense Knowledge Integration.,Xuan Kan|Hejie Cui|Carl Yang 0001
conf/pkdd/DadrasBPY24,2024,ECML/PKDD (3),inproceedings,Federated Frank-Wolfe Algorithm.,Ali Dadras|Sourasekhar Banerjee|Karthik Prakhya|Alp Yurtsever
conf/pkdd/NguyenKH20,2020,ECML/PKDD (5),inproceedings,Topics in Financial Filings and Bankruptcy Prediction with Distributed Representations of Textual Data.,Ba-Hung Nguyen|Kiyoaki Shirai|Van-Nam Huynh
conf/pkdd/KhoshnevisanC21,2021,ECML/PKDD (1),inproceedings,Unifying Domain Adaptation and Domain Generalization for Robust Prediction Across Minority Racial Groups.,Farzaneh Khoshnevisan|Min Chi
conf/pkdd/DongS22,2022,ECML/PKDD (5),inproceedings,From Graphs to DAGs: A Low-Complexity Model and a Scalable Algorithm.,Shuyu Dong|Mich
conf/pkdd/KaniaSAB21,2021,ECML/PKDD (3),inproceedings,Sparse Information Filter for Fast Gaussian Process Regression.,Lucas Kania|Manuel Sch|Dario Azzimonti|Alessio Benavoli
conf/pkdd/MossLR20,2020,ECML/PKDD (3),inproceedings,MUMBO: MUlti-task Max-Value Bayesian Optimization.,Henry B. Moss|David S. Leslie|Paul Rayson
conf/pkdd/NewmanA18,2018,IAL@PKDD/ECML,inproceedings,Alignment-Based Topic Extraction Using Word Embedding.,Tyler Newman|Paul E. Anderson 0001
conf/pkdd/RawteGZ20,2020,MIDAS@PKDD/ECML,inproceedings,A Comparative Analysis of Temporal Long Text Similarity: Application to Financial Documents.,Vipula Rawte|Aparna Gupta|Mohammed J. Zaki
conf/pkdd/KaufmannBBHK23,2023,PKDD/ECML Workshops (2),inproceedings,On the Challenges and Practices of Reinforcement Learning from Real Human Feedback.,Timo Kaufmann|Sarah Ball|Jacob Beck|Eyke H|Frauke Kreuter
conf/pkdd/OswalJ0E18,2018,ECML/PKDD (2),inproceedings,Block CUR: Decomposing Matrices Using Groups of Columns.,Urvashi Oswal|Swayambhoo Jain|Kevin S. Xu 0001|Brian Eriksson
conf/pkdd/TianZL21,2021,ECML/PKDD (1),inproceedings,Rumour Detection via Zero-Shot Cross-Lingual Transfer Learning.,Lin Tian|Xiuzhen Zhang 0001|Jey Han Lau
conf/pkdd/RauchHS22,2022,IAL@PKDD/ECML,inproceedings,Enhancing Active Learning with Weak Supervision and Transfer Learning by Leveraging Information and Knowledge Sources.,Lukas Rauch|Denis Huseljic|Bernhard Sick
conf/pkdd/RusciFCPF22,2022,PKDD/ECML Workshops (1),inproceedings,Accelerating RNN-Based Speech Enhancement on a Multi-core MCU with Mixed FP16-INT8 Post-training Quantization.,Manuele Rusci|Marco Fariselli|Martin Croome|Francesco Paci|Eric Flamand
conf/pkdd/WeiHZSJ22,2022,ECML/PKDD (2),inproceedings,Enhance Temporal Knowledge Graph Completion via Time-Aware Attention Graph Convolutional Network.,HaoHui Wei|Hong Huang 0001|Teng Zhang 0001|Xuanhua Shi|Hai Jin 0001
conf/pkdd/HillebrandPBS24,2024,ECML/PKDD (4),inproceedings,Pointer-Guided Pre-training: Infusing Large Language Models with Paragraph-Level Contextual Awareness.,Lars Hillebrand|Prabhupad Pradhan|Christian Bauckhage|Rafet Sifa
conf/pkdd/ZengT019,2019,PKDD/ECML Workshops (1),inproceedings,Iterative Representation Learning for Entity Alignment Leveraging Textual Information.,Weixin Zeng|Jiuyang Tang|Xiang Zhao 0002
conf/pkdd/AmblardDCB22,2022,ECML/PKDD (6),inproceedings,A Bayesian Markov Model for Station-Level Origin-Destination Matrix Reconstruction.,Victor Amblard|Amir Dib|No|Guillaume Barthe
conf/pkdd/SinghKT20,2020,PKDD/ECML Workshops,inproceedings,Collaborative Learning Based Effective Malware Detection System.,Narendra Singh|Harsh Kasyap|Somanath Tripathy
conf/pkdd/KoryckiK21,2021,ECML/PKDD (1),inproceedings,Streaming Decision Trees for Lifelong Learning.,Lukasz Korycki|Bartosz Krawczyk
conf/pkdd/ZhangYJ23,2023,ECML/PKDD (3),inproceedings,Exploring Word-Sememe Graph-Centric Chinese Antonym Detection.,Zhaobo Zhang|Pingpeng Yuan|Hai Jin 0001
conf/pkdd/DaiC23,2023,ECML/PKDD (4),inproceedings,On the Distributional Convergence of Temporal Difference Learning.,Jie Dai|Xuguang Chen
conf/pkdd/Kara-IsittST22,2022,PKDD/ECML Workshops (1),inproceedings,Intelligently Detecting Information Online-Weaponisation Trends (IDIOT).,Fawzia Zehra Kara-Isitt|Stephen Swift|Allan Tucker
conf/pkdd/VijayaraghavanR19,2019,ECML/PKDD (2),inproceedings,Generating Black-Box Adversarial Examples for Text Classifiers Using a Deep Reinforced Model.,Prashanth Vijayaraghavan|Deb Roy
conf/pkdd/YoonLKJK19,2019,PKDD/ECML Workshops (2),inproceedings,Pre-trained Language Model for Biomedical Question Answering.,Wonjin Yoon|Jinhyuk Lee|Donghyeon Kim|Minbyul Jeong|Jaewoo Kang
conf/pkdd/SilvaLKL20,2020,ECML/PKDD (1),inproceedings,OMBA: User-Guided Product Representations for Online Market Basket Analysis.,Amila Silva|Ling Luo 0002|Shanika Karunasekera|Christopher Leckie
conf/pkdd/0001JMM22,2022,PKDD/ECML Workshops (1),inproceedings,A Unified Framework for Assessing Energy Efficiency of Machine Learning.,Raphael Fischer 0001|Matthias Jakobs|Sascha M|Katharina Morik
conf/pkdd/Moran-Fernandez20,2020,IoT Streams/ITEM@PKDD/ECML,inproceedings,When Size Matters: Markov Blanket with Limited Bit Depth Conditional Mutual Information.,Laura Mor|Eva Blanco-Mallo|Konstantinos Sechidis|Amparo Alonso-Betanzos|Ver
conf/pkdd/CremilleuxGS18,2018,ECML/PKDD (1),inproceedings,How Your Supporters and Opponents Define Your Interestingness.,Bruno Cr|Arnaud Giacometti|Arnaud Soulet
conf/pkdd/KoppelSWPK019,2019,ECML/PKDD (3),inproceedings,"Pairwise Learning to Rank by Neural Networks Revisited: Reconstruction, Theoretical Analysis and Practical Performance.",Marius K|Alexander Segner|Martin Wagener|Lukas Pensel|Andreas Karwath|Stefan Kramer 0001
conf/pkdd/MoralesS24,2024,ECML/PKDD (8),inproceedings,Univariate Skeleton Prediction in Multivariate Systems Using Transformers.,Giorgio Morales|John W. Sheppard
conf/pkdd/LaakomRIG23,2023,ECML/PKDD (2),inproceedings,"Learning Distinct Features Helps, Provably.",Firas Laakom|Jenni Raitoharju|Alexandros Iosifidis|Moncef Gabbouj
conf/pkdd/HanFLW22,2022,ECML/PKDD (3),inproceedings,Supervised Contrastive Learning for Few-Shot Action Classification.,Hongfeng Han|Nanyi Fei|Zhiwu Lu 0001|Ji-Rong Wen
conf/pkdd/SchulzeSRSB22,2022,ECML/PKDD (1),inproceedings,R2-AD2: Detecting Anomalies by Analysing the Raw Gradient.,Jan-Philipp Schulze|Philip Sperl|Ana Radutoiu|Carla Sagebiel|Konstantin B
conf/pkdd/ArslanKEB18,2018,DARE@PKDD/ECML,inproceedings,Clustering River Basins Using Time-Series Data Mining on Hydroelectric Energy Generation.,Yusuf Arslan|Dilek K|Sinan Eren|Aysenur Birturk
conf/pkdd/FerreiraSP19,2019,MACLEAN@PKDD/ECML,inproceedings,Evaluating Distance Measures for Image Time Series Clustering in Land Use and Cover Monitoring.,Karine Reis Ferreira|Lorena A. Santos|Michelle Cristina Ara
conf/pkdd/VathFPG23,2023,PKDD/ECML Workshops (3),inproceedings,Diffusion-Based Visual Counterfactual Explanations - Towards Systematic Quantitative Evaluation.,Philipp V|Alexander M. Fr|Benjamin Paassen|Magda Gregorova
conf/pkdd/YuJL23,2023,ECML/PKDD (2),inproceedings,Boosting Generalized Few-Shot Learning by Scattering Intra-class Distribution.,Yunlong Yu|Lisha Jin|Yingming Li
conf/pkdd/SchlegelLKS21,2021,PKDD/ECML Workshops (1),inproceedings,TS-MULE: Local Interpretable Model-Agnostic Explanations for Time Series Forecast Models.,Udo Schlegel|Duy Vo Lam|Daniel A. Keim|Daniel Seebacher
conf/pkdd/PereiraSGZL19,2019,PKDD/ECML Workshops (1),inproceedings,Manifold Mixing for Stacked Regularization.,Jo|Erik S. G. Stroes|Albert K. Groen|Aeilko H. Zwinderman|Evgeni Levin
conf/pkdd/GiraultEHPS24,2024,ECML/PKDD (4),inproceedings,Approximation Error of Sobolev Regular Functions with Tanh Neural Networks: Theoretical Impact on PINNs.,Benjamin Girault|R|Amaury Habrard|Jordan Patracone|Marc Sebban
conf/pkdd/Impedovo023,2023,PKDD/ECML Workshops (3),inproceedings,On the Effectiveness of Non-negative Matrix Factorization for Text Open-Set Recognition.,Angelo Impedovo|Giuseppe Rizzo 0001
conf/pkdd/ZhangK22,2022,ECML/PKDD (4),inproceedings,Batch Reinforcement Learning from Crowds.,Guoxi Zhang|Hisashi Kashima
conf/pkdd/EappenJ22,2022,ECML/PKDD (4),inproceedings,DistSPECTRL: Distributing Specifications in Multi-Agent Reinforcement Learning Systems.,Joe Eappen|Suresh Jagannathan
conf/pkdd/YangHZ21,2021,ECML/PKDD (3),inproceedings,Attack Transferability Characterization for Adversarially Robust Multi-label Classification.,Zhuo Yang|Yufei Han 0001|Xiangliang Zhang 0001
conf/pkdd/WangCBCCZ24,2024,ECML/PKDD (7),inproceedings,Advancing Graph Counterfactual Fairness Through Fair Representation Learning.,Zichong Wang|Zhibo Chu|Ronald Blanco|Zhong Chen 0003|Shu-Ching Chen|Wenbin Zhang 0002
conf/pkdd/GrobCLLC18,2018,ECML/PKDD (3),inproceedings,A Recurrent Neural Network Survival Model: Predicting Web User Return Time.,Georg L. Grob|C. H. Bryan Liu|Duncan A. Little|Benjamin Paul Chamberlain
conf/pkdd/KaratsalosP19,2019,PKDD/ECML Workshops (2),inproceedings,Attention-Based Method for Categorizing Different Types of Online Harassment Language.,Christos Karatsalos|Yannis Panagiotakis
conf/pkdd/NaumannN21,2021,ECML/PKDD (2),inproceedings,Consequence-Aware Sequential Counterfactual Generation.,Philip Naumann|Eirini Ntoutsi
conf/pkdd/NiemannVW23,2023,PKDD/ECML Workshops (4),inproceedings,Towards Comparable Knowledge Distillation in Semantic Image Segmentation.,Onno Niemann|Christopher Vox|Thorben Werner
conf/pkdd/ZhuMGD021,2021,IAL@PKDD/ECML,inproceedings,Evidential Nearest Neighbours in Active Learning.,Daniel Zhu|Arnaud Martin 0001|Yolande Le Gall|Jean-Christophe Dubois|Vincent Lemaire 0001
conf/pkdd/CascioneSG24,2024,ECML/PKDD (1),inproceedings,Data-Agnostic Pivotal Instances Selection for Decision-Making Models.,Alessio Cascione|Mattia Setzu|Riccardo Guidotti
conf/pkdd/KirschNM019,2019,PKDD/ECML Workshops (2),inproceedings,Noise Reduction in Distant Supervision for Relation Extraction Using Probabilistic Soft Logic.,Birgit Kirsch|Zamira Niyazova|Michael Mock|Stefan R
conf/pkdd/WangC18,2018,ECML/PKDD (2),inproceedings,Towards More Reliable Transfer Learning.,Zirui Wang|Jaime G. Carbonell
conf/pkdd/VinkenoogJL19,2019,AALTD@PKDD/ECML,inproceedings,Challenges and Limitations in Clustering Blood Donor Hemoglobin Trajectories.,Marieke Vinkenoog|Mart P. Janssen|Matthijs van Leeuwen
conf/pkdd/LechnerJ23,2023,PKDD/ECML Workshops (5),inproceedings,OptiSim: A Hardware-Aware Optimization Space Exploration Tool for CNN Architectures.,Martin Lechner|Axel Jantsch
conf/pkdd/AlguacilPBJM21,2021,ECML/PKDD (5),inproceedings,Effects of Boundary Conditions in Fully Convolutional Networks for Learning Spatio-Temporal Dynamics.,Antonio Alguacil|Wagner Gon|Michael Bauerheim|Marc C. Jacob|St
conf/pkdd/NamTKLL23,2023,ECML/PKDD (6),inproceedings,Context-Aware Deep Time-Series Decomposition for Anomaly Detection in Businesses.,Youngeun Nam|Patara Trirat|Taeyoon Kim|Youngseop Lee|Jae-Gil Lee 0001
conf/pkdd/YamazonoH24,2024,ECML/PKDD (3),inproceedings,Permutation Dependent Feature Mixing for Multivariate Time Series Forecasting.,Rikuto Yamazono|Hirotake Hachiya
conf/pkdd/PavanNCR23,2023,PKDD/ECML Workshops (4),inproceedings,Unveiling the Potential of Tiny Machine Learning for Enhanced People Counting in UWB Radar Data.,Massimo Pavan|Luis Gonz|Armando Caltabiano|Manuel Roveri
conf/pkdd/OgawaMSFO21,2021,ECML/PKDD (2),inproceedings,Adaptive Node Embedding Propagation for Semi-supervised Classification.,Yuya Ogawa|Seiji Maekawa|Yuya Sasaki 0001|Yasuhiro Fujiwara|Makoto Onizuka
conf/pkdd/AxenieTBHWB19,2019,PKDD/ECML Workshops (2),inproceedings,SPICE: Streaming PCA Fault Identification and Classification Engine in Predictive Maintenance.,Cristian Axenie|Radu Tudoran|Stefano Bortoli|Mohamad Al Hajj Hassan|Alexander Wieder|Goetz Brasche
conf/pkdd/RitterHHSRH23,2023,PKDD/ECML Workshops (4),inproceedings,CAD Models to Real-World Images: A Practical Approach to Unsupervised Domain Adaptation in Industrial Object Classification.,Dennis Ritter|Mike Hemberger|Marc H|Volker Stopp|Erik Rodner|Kristian Hildebrand
conf/pkdd/Manchado-Marcos23,2023,PKDD/ECML Workshops (5),inproceedings,Exploring Alternative Data for Nowcasting: A Case Study on US GDP Using Topic Attention.,Lucas Manchado-Marcos|Ariel Duarte-L|Argimiro Arratia
conf/pkdd/DiesendruckESCS19,2019,ECML/PKDD (2),inproceedings,Importance Weighted Generative Networks.,Maurice Diesendruck|Ethan R. Elenberg|Rajat Sen|Guy W. Cole|Sanjay Shakkottai|Sinead A. Williamson
conf/pkdd/DandlCBB23,2023,ECML/PKDD (3),inproceedings,Interpretable Regional Descriptors: Hyperbox-Based Local Explanations.,Susanne Dandl|Giuseppe Casalicchio|Bernd Bischl|Ludwig Bothmann
conf/pkdd/AlchihabiG23,2023,ECML/PKDD (3),inproceedings,GDM: Dual Mixup for Graph Classification with Limited Supervision.,Abdullah Alchihabi|Yuhong Guo
conf/pkdd/LangerMSL19,2019,PKDD/ECML Workshops (2),inproceedings,Difficulty Classification of Mountainbike Downhill Trails Utilizing Deep Neural Networks.,Stefan Langer|Robert M|Kyrill Schmid|Claudia Linnhoff-Popien
conf/pkdd/BancudLAK22,2022,PKDD/ECML Workshops (1),inproceedings,Combining Image Enhancement Techniques and Deep Learning for Shallow Water Benthic Marine Litter Detection.,Gil Emmanuel Bancud|Alex John Labanon|Neil Angelo Abreo|Vladimer Kobayashi
conf/pkdd/MadanCV21,2021,ECML/PKDD (5),inproceedings,The Joy of Dressing Is an Art: Outfit Generation Using Self-attention Bi-LSTM.,Manchit Madan|Ankur Chouragade|Sreekanth Vempati
conf/pkdd/SandersRL23,2023,PKDD/ECML Workshops (3),inproceedings,Curvature-Based Pooling Within Graph Neural Networks.,Cedric Sanders|Andreas Roth|Thomas Liebig
conf/pkdd/LiXWC23,2023,ECML/PKDD (1),inproceedings,CVTGAD: Simplified Transformer with Cross-View Attention for Unsupervised Graph-Level Anomaly Detection.,Jindong Li 0002|Qianli Xing 0002|Qi Wang 0078|Yi Chang 0001
conf/pkdd/ChenXPQZS24,2024,ECML/PKDD (6),inproceedings,Self-supervised Spatial-Temporal Normality Learning for Time Series Anomaly Detection.,Yutong Chen|Hongzuo Xu|Guansong Pang|Hezhe Qiao|Yuan Zhou|Mingsheng Shang 0001
conf/pkdd/0001BS19,2019,ECML/PKDD (1),inproceedings,Node Classification for Signed Social Networks Using Diffuse Interface Methods.,Pedro Mercado 0001|Jessica Bosch|Martin Stoll
conf/pkdd/MSM19,2019,ECML/PKDD (1),inproceedings,SoRecGAT: Leveraging Graph Attention Mechanism for Top-N Social Recommendation.,Vijaikumar M|Shirish K. Shevade|M. Narasimha Murty
conf/pkdd/SaadallahPM19,2019,ECML/PKDD (1),inproceedings,A Drift-Based Dynamic Ensemble Members Selection Using Clustering for Time Series Forecasting.,Amal Saadallah|Florian Priebe|Katharina Morik
conf/pkdd/SanchezSO19,2019,ECML/PKDD (3),inproceedings,Learning Disentangled Representations of Satellite Image Time Series.,Eduardo Hugo Sanchez|Mathieu Serrurier|Mathias Ortner
conf/pkdd/JahnFBLS24,2024,ECML/PKDD (7),inproceedings,Data with Density-Based Clusters: A Generator for Systematic Evaluation of Clustering Algorithms.,Philipp Jahn 0001|Christian M. M. Frey|Anna Beer 0001|Collin Leiber|Thomas Seidl 0001
conf/pkdd/ChenLZBHS22,2022,ECML/PKDD (6),inproceedings,Stock Trading Volume Prediction with Dual-Process Meta-Learning.,Ruibo Chen|Wei Li 0089|Zhiyuan Zhang 0001|Ruihan Bao|Keiko Harimoto|Xu Sun 0001
conf/pkdd/DervalDS19,2019,ECML/PKDD (3),inproceedings,An Aggregate Learning Approach for Interpretable Semi-supervised Population Prediction and Disaggregation Using Ancillary Data.,Guillaume Derval|Fr|Pierre Schaus
conf/pkdd/ChavesMMCB23,2023,PKDD/ECML Workshops (4),inproceedings,Direct One-to-All Lead Conversion on 12-Lead Electrocardiogram.,Samir Braga Chaves|Jos|Regis Pires Magalh|L|Bruna Raynara Maia Batista
conf/pkdd/AcsT21,2021,MLSA@PKDD/ECML,inproceedings,A Career in Football: What is Behind an Outstanding Market Value?,Balazs Acs|L
conf/pkdd/BaiCL19,2019,MACLEAN@PKDD/ECML,inproceedings,Attention-based Deep Tropical Cyclone Rapid Intensification Prediction.,Ching-Yuan Bai|Buo-Fu Chen|Hsuan-Tien Lin
conf/pkdd/0001TC18,2018,ECML/PKDD (1),inproceedings,Evaluation Procedures for Forecasting with Spatio-Temporal Data.,Mariana Oliveira 0001|Lu|V
conf/pkdd/ZhouYGCLC22,2022,ECML/PKDD (4),inproceedings,Multi-Objective Actor-Critics for Real-Time Bidding in Display Advertising.,Haolin Zhou|Chaoqi Yang|Xiaofeng Gao 0001|Qiong Chen|Gongshen Liu|Guihai Chen
conf/pkdd/ZhangLZWG22,2022,ECML/PKDD (2),inproceedings,MULTIFORM: Few-Shot Knowledge Graph Completion via Multi-modal Contexts.,Xuan Zhang 0009|Xun Liang 0001|Xiangping Zheng|Bo Wu 0026|Yuhui Guo
conf/pkdd/MalbergMG24,2024,ECML/PKDD (4),inproceedings,FELIX: Automatic and Interpretable Feature Engineering Using LLMs.,Simon Malberg|Edoardo Mosca|Georg Groh
conf/pkdd/FernandezB20,2020,ECML/PKDD (5),inproceedings,SoccerMap: A Deep Learning Architecture for Visually-Interpretable Analysis in Soccer.,Javier Fern|Luke Bornn
conf/pkdd/MaLLC22,2022,ECML/PKDD (4),inproceedings,Beyond Random Selection: A Perspective from Model Inversion in Personalized Federated Learning.,Zichen Ma|Yu Lu 0013|Wenye Li 0001|Shuguang Cui
conf/pkdd/Apolonia0C21,2021,PKDD/ECML Workshops (2),inproceedings,Buildings Occupancy Estimation: Preliminary Results Using Bluetooth Signals and Artificial Neural Networks.,Frederico Apol|Pedro M. Ferreira 0001|Jos
conf/pkdd/RauchAHWBS23,2023,ECML/PKDD (1),inproceedings,ActiveGLAE: A Benchmark for Deep Active Learning with Transformers.,Lukas Rauch|Matthias A|Denis Huseljic|Moritz Wirth|Bernd Bischl|Bernhard Sick
conf/pkdd/GopfertGH19,2019,PKDD/ECML Workshops (1),inproceedings,Adversarial Robustness Curves.,Christina G|Jan Philip G|Barbara Hammer
conf/pkdd/HojjatiSA23,2023,ECML/PKDD (7),inproceedings,Multivariate Time-Series Anomaly Detection with Temporal Self-supervision and Graphs: Application to Vehicle Failure Prediction.,Hadi Hojjati|Mohammadreza Sadeghi|Narges Armanfard
conf/pkdd/ZhangLWT21,2021,ECML/PKDD (2),inproceedings,Off-Policy Differentiable Logic Reinforcement Learning.,Li Zhang 0144|Xin Li 0033|Mingzhong Wang|Andong Tian
conf/pkdd/WuKB22,2022,ECML/PKDD (6),inproceedings,ImbalancedLearningRegression - A Python Package to Tackle the Imbalanced Regression Problem.,Wenglei Wu|Nicholas Kunz|Paula Branco
conf/pkdd/JiangZB22,2022,PKDD/ECML Workshops (2),inproceedings,Few-Shot Learning for Identification of COVID-19 Symptoms Using Generative Pre-trained Transformer Language Models.,Keyuan Jiang|Minghao Zhu|Gordon R. Bernard
conf/pkdd/SivanGS19,2019,ECML/PKDD (1),inproceedings,Online Linear Models for Edge Computing.,Hadar Sivan|Moshe Gabel|Assaf Schuster
conf/pkdd/ConsoliCPB22,2022,PKDD/ECML Workshops (2),inproceedings,On the Development of a European Tracker of Societal Issues and Economic Activities Using Alternative Data.,Sergio Consoli|Marco Colagrossi|Francesco Panella|Luca Barbaglia
conf/pkdd/0001CB23,2023,PKDD/ECML Workshops (1),inproceedings,An Efficient Shapley Value Computation for the Naive Bayes Classifier.,Vincent Lemaire 0001|Fabrice Cl|Marc Boull
conf/pkdd/HanG21,2021,ECML/PKDD (1),inproceedings,Continual Learning with Dual Regularizations.,Xuejun Han|Yuhong Guo
conf/pkdd/GaoWGFYY24,2024,ECML/PKDD (1),inproceedings,Label Privacy Source Coding in Vertical Federated Learning.,Dashan Gao 0002|Sheng Wan|Hanlin Gu|Lixin Fan|Xin Yao|Qiang Yang 0001
conf/pkdd/PhamL21,2021,ECML/PKDD (3),inproceedings,Neural Topic Models for Hierarchical Topic Detection and Visualization.,Dang Pham|Tuan M. V. Le
conf/pkdd/ZhengF019,2019,ECML/PKDD (3),inproceedings,Generative Adversarial Networks for Failure Prediction.,Shuai Zheng|Ahmed K. Farahat|Chetan Gupta 0001
conf/pkdd/BonenbergerESS22,2022,ECML/PKDD (1),inproceedings,Structured Nonlinear Discriminant Analysis.,Christopher M. A. Bonenberger|Wolfgang Ertel|Markus Schneider 0005|Friedhelm Schwenker
conf/pkdd/BaumannHR21,2021,ECML/PKDD (3),inproceedings,Deep Conditional Transformation Models.,Philipp F. M. Baumann|Torsten Hothorn|David R
conf/pkdd/GkolemisT0ND23,2023,PKDD/ECML Workshops (2),inproceedings,Regionally Additive Models: Explainable-by-Design Models Minimizing Feature Interactions.,Vasilis Gkolemis|Anargiros Tzerefos|Theodore Dalamagas 0001|Eirini Ntoutsi|Christos Diou
conf/pkdd/DoquetS19,2019,ECML/PKDD (1),inproceedings,Agnostic Feature Selection.,Guillaume Doquet|Mich
conf/pkdd/BarbagliaCW21,2021,PKDD/ECML Workshops (2),inproceedings,Financial Forecasting with Word Embeddings Extracted from News: A Preliminary Analysis.,Luca Barbaglia|Sergio Consoli|Susan Wang
conf/pkdd/ToussaintK23,2023,PKDD/ECML Workshops (3),inproceedings,LMFD: Latent Monotonic Feature Discovery.,Guus Toussaint|Arno J. Knobbe
conf/pkdd/MisraRP18,2018,Nemesis/UrbReas/SoGood/IWAISe/GDM@PKDD/ECML,inproceedings,Designing Data-Driven Solutions to Societal Problems: Challenges and Approaches.,Janardan Misra|Divya Rawat|Sanjay Podder
conf/pkdd/HeYWWZ21,2021,ECML/PKDD (4),inproceedings,Mining Anomalies in Subspaces of High-Dimensional Time Series for Financial Transactional Data.,Jingzhu He|Chin-Chia Michael Yeh|Yanhong Wu|Liang Wang 0047|Wei Zhang 0189
conf/pkdd/AloniBT21,2021,ECML/PKDD (3),inproceedings,Joint Geometric and Topological Analysis of Hierarchical Datasets.,Lior Aloni|Omer Bobrowski|Ronen Talmon
conf/pkdd/HimmelhuberJRR21,2021,PKDD/ECML Workshops (1),inproceedings,Demystifying Graph Neural Network Explanations.,Anna Himmelhuber|Mitchell Joblin|Martin Ringsquandl|Thomas A. Runkler
conf/pkdd/LiuWL21a,2021,ECML/PKDD (5),inproceedings,Topic-to-Essay Generation with Comprehensive Knowledge Enhancement.,Zhiyue Liu|Jiahai Wang|Zhenghong Li
conf/pkdd/BezenacAG21,2021,ECML/PKDD (2),inproceedings,CycleGAN Through the Lens of (Dynamical) Optimal Transport.,Emmanuel de B|Ibrahim Ayed|Patrick Gallinari
conf/pkdd/0001CLZL20,2020,ECML/PKDD (4),inproceedings,Learning to Simulate on Sparse Trajectory Data.,Hua Wei 0001|Chacha Chen|Chang Liu 0021|Guanjie Zheng|Zhenhui Li
conf/pkdd/ChenMHZ18,2018,ECML/PKDD (3),inproceedings,Neural Article Pair Modeling for Wikipedia Sub-article Matching.,Muhao Chen 0001|Changping Meng|Gang Huang|Carlo Zaniolo
conf/pkdd/0006MK23,2023,PKDD/ECML Workshops (4),inproceedings,Cross-Modal Video to Body-Joints Augmentation for Rehabilitation Exercise Quality Assessment.,Ali Abedi 0003|Mobin Malmirian|Shehroz S. Khan
conf/pkdd/YurtmanSMB23,2023,ECML/PKDD (5),inproceedings,Estimating Dynamic Time Warping Distance Between Time Series with Missing Data.,Aras Yurtman|Jonas Soenen|Wannes Meert|Hendrik Blockeel
conf/pkdd/DhontTTG20,2020,AALTD@PKDD/ECML,inproceedings,Visual Analytics for Extracting Trends from Spatio-temporal Data.,Michiel Dhont|Elena Tsiporkova|Tom Tourw|Nicol
conf/pkdd/FriedeRSN23,2023,ECML/PKDD (4),inproceedings,Learning Disentangled Discrete Representations.,David Friede|Christian Reimers|Heiner Stuckenschmidt|Mathias Niepert
conf/pkdd/WuXGLS22,2022,ECML/PKDD (2),inproceedings,AutoMap: Automatic Medical Code Mapping for Clinical Prediction Model Deployment.,Zhenbang Wu|Cao Xiao|Lucas M. Glass|David M. Liebovitz|Jimeng Sun 0001
conf/pkdd/WangZMLC19,2019,NFMCP@PKDD/ECML,inproceedings,Disentangling Aspect and Opinion Words in Sentiment Analysis Using Lifelong PU Learning.,Shuai Wang 0020|Mianwei Zhou|Sahisnu Mazumder|Bing Liu 0001|Yi Chang 0001
conf/pkdd/KlabundeL22,2022,ECML/PKDD (3),inproceedings,On the Prediction Instability of Graph Neural Networks.,Max Klabunde|Florian Lemmerich
conf/pkdd/AlesianiYSY20,2020,ECML/PKDD (2),inproceedings,Towards Interpretable Multi-task Learning Using Bilevel Programming.,Francesco Alesiani|Shujian Yu|Ammar Shaker|Wenzhe Yin
conf/pkdd/CarvalhoPZS22,2022,ECML/PKDD (3),inproceedings,Class-Incremental Learning via Knowledge Amalgamation.,Marcus de Carvalho|Mahardhika Pratama|Jie Zhang 0002|Yajuan Sun
conf/pkdd/AvineshRMCBS19,2019,ECML/PKDD (3),inproceedings,J3R: Joint Multi-task Learning of Ratings and Review Summaries for Explainable Recommendation.,P. V. S. Avinesh|Yongli Ren|Christian M. Meyer|Jeffrey Chan|Zhifeng Bao|Mark Sanderson
conf/pkdd/BenhamouOGSLA23,2023,PKDD/ECML Workshops (5),inproceedings,Comparing Deep RL and Traditional Financial Portfolio Methods.,Eric Benhamou|Jean-Jacques Ohana|Beatrice Guez|David Saltiel|Rida Laraki|Jamal Atif
conf/pkdd/SalinasBRV21,2021,ECML/PKDD (5),inproceedings,Automated Machine Learning for Satellite Data: Integrating Remote Sensing Pre-trained Models into AutoML Systems.,Nelly Rosaura Palacios Salinas|Mitra Baratchi|Jan N. van Rijn|Andreas Vollrath
conf/pkdd/SivaprasadSMG21,2021,ECML/PKDD (1),inproceedings,The Curious Case of Convex Neural Networks.,Sarath Sivaprasad|Ankur Singh|Naresh Manwani|Vineet Gandhi
conf/pkdd/LiuLH24,2024,ECML/PKDD (9),inproceedings,Synthesis of Standard 12-Lead ECG from Single-Lead ECG Using Shifted Diffusion Models.,Jingwei Liu|Hongyan Li 0002|Shenda Hong
conf/pkdd/RobberechtsD18a,2018,MLSA@PKDD/ECML,inproceedings,Forecasting the FIFA World Cup - Combining Result- and Goal-Based Team Ability Parameters.,Pieter Robberechts|Jesse Davis
conf/pkdd/AmatiCPVA23,2023,ECML/PKDD (3),inproceedings,propagate: A Seed Propagation Framework to Compute Distance-Based Metrics on Very Large Graphs.,Giambattista Amati|Antonio Cruciani|Daniele Pasquini|Paola Vocca|Simone Angelini
conf/pkdd/AgostaHH23,2023,PKDD/ECML Workshops (2),inproceedings,Interpreting Dynamic Causal Model Policies.,John Mark Agosta|Robert Horton|Maryam Tavakoli Hosseinabadi
conf/pkdd/DamkeH24,2024,ECML/PKDD (8),inproceedings,CUQ-GNN: Committee-Based Graph Uncertainty Quantification Using Posterior Networks.,Clemens Damke|Eyke H
conf/pkdd/BekkerRD19,2019,ECML/PKDD (2),inproceedings,Beyond the Selected Completely at Random Assumption for Learning from Positive and Unlabeled Data.,Jessa Bekker|Pieter Robberechts|Jesse Davis
conf/pkdd/CasagrandeBPD23,2023,PKDD/ECML Workshops (2),inproceedings,DivNoise: A Data Collection for Source Identification on Diverse Camera Sensors.,Alberto Casagrande|Alessio Belli|Cecilia Pasquini|Duc-Tien Dang-Nguyen
conf/pkdd/LiWJLL24,2024,ECML/PKDD (3),inproceedings,MMDL-Based Data Augmentation with Domain Knowledge for Time Series Classification.,Xiaosheng Li|Yifan Wu 0002|Wei Jiang 0041|Ying Li 0012|Jianguo Li
conf/pkdd/MuschalikFHH23,2023,ECML/PKDD (3),inproceedings,iSAGE: An Incremental Version of SAGE for Online Explanation on Data Streams.,Maximilian Muschalik|Fabian Fumagalli|Barbara Hammer|Eyke H
conf/pkdd/ScholzLBB20,2020,MIDAS@PKDD/ECML,inproceedings,Towards the Prediction of Electricity Prices at the Intraday Market Using Shallow and Deep-Learning Methods.,Christoph Scholz 0001|Malte Lehna|Katharina Brauns|Andr
conf/pkdd/FradiS24,2024,ECML/PKDD (1),inproceedings,A New Framework for Evaluating the Validity and the Performance of Binary Decisions on Manifold-Valued Data.,Anis Fradi|Chafik Samir
conf/pkdd/MaulanaL21,2021,ECML/PKDD (1),inproceedings,Ensemble and Auxiliary Tasks for Data-Efficient Deep Reinforcement Learning.,Muhammad Rizki Maulana|Wee Sun Lee
conf/pkdd/TangDH23,2023,ECML/PKDD (6),inproceedings,Deep Serial Number: Computational Watermark for DNN Intellectual Property Protection.,Ruixiang Tang|Mengnan Du|Xia Hu 0001
conf/pkdd/HickeySV20,2020,ECML/PKDD (3),inproceedings,Fairness by Explicability and Adversarial SHAP Learning.,James M. Hickey|Pietro G. Di Stefano|Vlasios Vasileiou
conf/pkdd/JiJFS21,2021,ECML/PKDD (1),inproceedings,Dynamic Heterogeneous Graph Embedding via Heterogeneous Hawkes Process.,Yugang Ji|Tianrui Jia|Yuan Fang 0001|Chuan Shi 0001
conf/pkdd/GuyomardFGBT22,2022,ECML/PKDD (1),inproceedings,VCNet: A Self-explaining Model for Realistic Counterfactual Generation.,Victor Guyomard|Fran|Thomas Guyet|Tassadit Bouadi|Alexandre Termier
conf/pkdd/PanagopoulosMMP24,2024,ECML/PKDD (6),inproceedings,Uplift Modeling Under Limited Supervision.,George Panagopoulos|Daniele Malitesta|Fragkiskos D. Malliaros|Jun Pang 0001
conf/pkdd/EnglishKL24,2024,ECML/PKDD (1),inproceedings,MixerFlow: MLP-Mixer Meets Normalising Flows.,Eshant English|Matthias Kirchler|Christoph Lippert
conf/pkdd/BoidotALL22,2022,PKDD/ECML Workshops (1),inproceedings,Limits of XAI Application-Grounded Evaluation: An E-Sport Prediction Example.,Corentin Boidot|Olivier Augereau|Pierre De Loor|Riwal Lefort
conf/pkdd/DawoudHCB20,2020,ECML/PKDD (5),inproceedings,Few-Shot Microscopy Image Cell Segmentation.,Youssef Dawoud|Julia Hornauer|Gustavo Carneiro 0001|Vasileios Belagiannis
conf/pkdd/SchindlerZPF18,2018,ECML/PKDD (1),inproceedings,Towards Efficient Forward Propagation on Resource-Constrained Systems.,G|Matthias Z|Franz Pernkopf|Holger Fr
conf/pkdd/SaadallahJM21,2021,ECML/PKDD (1),inproceedings,Explainable Online Deep Neural Network Selection Using Adaptive Saliency Maps for Time Series Forecasting.,Amal Saadallah|Matthias Jakobs|Katharina Morik
conf/pkdd/JiangZSJHW22,2022,ECML/PKDD (2),inproceedings,An Ion Exchange Mechanism Inspired Story Ending Generator for Different Characters.,Xinyu Jiang|Qi Zhang 0020|Chongyang Shi 0001|Kaiying Jiang|Liang Hu 0004|Shoujin Wang
conf/pkdd/RamonB20,2020,PKDD/ECML Workshops,inproceedings,Interpretable Privacy with Optimizable Utility.,Jan Ramon|Moitree Basu
conf/pkdd/LencznerCLSB20,2020,MACLEAN@PKDD/ECML,inproceedings,Interactive Learning for Semantic Segmentation in Earth Observation.,Gaston Lenczner|Adrien Chan-Hon-Tong|Nicola Luminari|Bertrand Le Saux|Guy Le Besnerais
conf/pkdd/BenedettiOWMT20,2020,PKDD/ECML Workshops,inproceedings,Practical Lessons from Generating Synthetic Healthcare Data with Bayesian Networks.,Juan de Benedetti|Namir Oues|Zhenchen Wang|Puja Myles|Allan Tucker
conf/pkdd/CasalicchioMB18,2018,ECML/PKDD (1),inproceedings,Visualizing the Feature Importance for Black Box Models.,Giuseppe Casalicchio|Christoph Molnar|Bernd Bischl
conf/pkdd/TerzievaMHH23,2023,PKDD/ECML Workshops (2),inproceedings,Identifying Trends in Feature Attributions During Training of Neural Networks.,Elena Terzieva|Maximilian Muschalik|Paul Hofman|Eyke H
conf/pkdd/AckermannRW21,2021,ECML/PKDD (1),inproceedings,Unsupervised Task Clustering for Multi-task Reinforcement Learning.,Johannes Ackermann|Oliver Richter|Roger Wattenhofer
conf/pkdd/ZhangWWZMZ22,2022,ECML/PKDD (4),inproceedings,Multi-task Adversarial Learning for Semi-supervised Trajectory-User Linking.,Sen Zhang|Senzhang Wang|Xiang Wang 0015|Shigeng Zhang|Hao Miao 0001|Junxing Zhu
conf/pkdd/LiL22,2022,ECML/PKDD (4),inproceedings,Improved Regret Bounds for Online Kernel Selection Under Bandit Feedback.,Junfan Li|Shizhong Liao
conf/pkdd/RazeghiHBD20,2020,MACLEAN@PKDD/ECML,inproceedings,Comparing Machine Learning Methods for Predicting Seismic P-wave Velocity on Global Scale.,Yousef Razeghi|Wilhelm Hasselbring|Christian Berndt|Ines Dumke
conf/pkdd/VirgoBM21,2021,PKDD/ECML Workshops (1),inproceedings,Interpreting Dynamical Systems as Bayesian Reasoners.,Nathaniel Virgo|Martin Biehl 0001|Simon McGregor
conf/pkdd/TabariSPHZ18,2018,MIDAS/PAP@PKDD/ECML,inproceedings,A Comparison of Neural Network Methods for Accurate Sentiment Analysis of Stock Market Tweets.,Narges Tabari|Armin Seyeditabari|Tanya Peddi|Mirsad Hadzikadic|Wlodek Zadrozny
conf/pkdd/ArostegiLS21,2021,IAL@PKDD/ECML,inproceedings,SLAYER: A Semi-supervised Learning Approach for Drifting Data Streams under Extreme Verification Latency.,Maria Arostegi|Jesus L. Lobo|Javier Del Ser
conf/pkdd/DelegliseBIdRT20,2020,PKDD/ECML Workshops,inproceedings,Linking Heterogeneous Data for Food Security Prediction.,Hugo Del|Agn|Roberto Interdonato|Elodie Ma|Mathieu Roche|Maguelonne Teisseire
conf/pkdd/StadtlanderHW21,2021,ECML/PKDD (2),inproceedings,Learning Weakly Convex Sets in Metric Spaces.,Eike Stadtl|Tam|Stefan Wrobel
conf/pkdd/TritscherRSHK23,2023,PKDD/ECML Workshops (5),inproceedings,Occupational Fraud Detection Through Agent-Based Data Generation.,Julian Tritscher|Alexander Roos|Daniel Schl|Andreas Hotho|Anna Krause
conf/pkdd/TavakolMM19,2019,PKDD/ECML Workshops (1),inproceedings,HyperUCB: Hyperparameter Optimization Using Contextual Bandits.,Maryam Tavakol|Sebastian Mair 0001|Katharina Morik
conf/pkdd/ShankarS21,2021,ECML/PKDD (2),inproceedings,Sibling Regression for Generalized Linear Models.,Shiv Shankar|Daniel Sheldon
conf/pkdd/SchultheisB23,2023,ECML/PKDD (3),inproceedings,Towards Memory-Efficient Training for Extremely Large Output Spaces - Learning with 670k Labels on a Single Commodity GPU.,Erik Schultheis|Rohit Babbar
conf/pkdd/GengGCL22,2022,ECML/PKDD (5),inproceedings,CGPM: Poverty Mapping Framework Based on Multi-Modal Geographic Knowledge Integration and Macroscopic Social Network Mining.,Zhao Geng|Ziqing Gao|Tsai Chihsu|Jiamin Lu
conf/pkdd/GastingerSSSS23,2023,ECML/PKDD (3),inproceedings,Comparing Apples and Oranges? On the Evaluation of Methods for Temporal Knowledge Graph Forecasting.,Julia Gastinger|Timo Sztyler|Lokesh Sharma|Anett Schuelke|Heiner Stuckenschmidt
conf/pkdd/DussapBC23,2023,ECML/PKDD (5),inproceedings,Label Shift Quantification with Robustness Guarantees via Distribution Feature Matching.,Bastien Dussap|Gilles Blanchard|Badr-Eddine Ch
conf/pkdd/BachirKGYV18,2018,ECML/PKDD (3),inproceedings,Combining Bayesian Inference and Clustering for Transport Mode Detection from Sparse and Noisy Geolocation Data.,Danya Bachir|Ghazaleh Khodabandelou|Vincent Gauthier|Mounim A. El-Yacoubi|Eric Vachon
conf/pkdd/NautaJPS21,2021,PKDD/ECML Workshops (1),inproceedings,"This Looks Like That, Because ... Explaining Prototypes for Interpretable Image Recognition.",Meike Nauta|Annemarie Jutte|Jesper C. Provoost|Christin Seifert
conf/pkdd/CoutinhoMS19,2019,ECML/PKDD (3),inproceedings,UnFOOT: Unsupervised Football Analytics Tool.,Jos|Jo|Cl
conf/pkdd/BhadaniVD19,2019,MIDAS@PKDD,inproceedings,Mining Financial Risk Events from News and Assessing their Impact on Stocks.,Saumya Bhadani|Ishan Verma|Lipika Dey
conf/pkdd/PineauRB19,2019,AALTD@PKDD/ECML,inproceedings,Seq2VAR: Multivariate Time Series Representation with Relational Neural Networks and Linear Autoregressive Model.,Edouard Pineau|S|Thomas Bonald
conf/pkdd/VosV22,2022,ECML/PKDD (3),inproceedings,Adversarially Robust Decision Tree Relabeling.,Dani|Sicco Verwer
conf/pkdd/CaoZL20,2020,ECML/PKDD (3),inproceedings,Soft Labels Transfer with Discriminative Representations Learning for Unsupervised Domain Adaptation.,Manliang Cao|Xiangdong Zhou|Lan Lin
conf/pkdd/CrochepierreBB20,2020,ECML/PKDD (4),inproceedings,Interpretable Dimensionally-Consistent Feature Extraction from Electrical Network Sensors.,Laure Crochepierre|Lydia Boudjeloud-Assala|Vincent Barbesant
conf/pkdd/GrineL22,2022,PKDD/ECML Workshops (1),inproceedings,A Social Media Tool for Domain-Specific Information Retrieval - A Case Study in Human Trafficking.,Tito Grin|Carla Teixeira Lopes
conf/pkdd/WangSLHL22,2022,ECML/PKDD (4),inproceedings,CMG: A Class-Mixed Generation Approach to Out-of-Distribution Detection.,Mengyu Wang 0002|Yijia Shao|Haowei Lin|Wenpeng Hu|Bing Liu 0001
conf/pkdd/GidiotisT19,2019,PKDD/ECML Workshops (2),inproceedings,Structured Summarization of Academic Publications.,Alexios Gidiotis|Grigorios Tsoumakas
conf/pkdd/TsakalidisLDC18,2018,ECML/PKDD (3),inproceedings,Can We Assess Mental Health Through Social Media and Smart Devices? Addressing Bias in Methodology and Evaluation.,Adam Tsakalidis|Maria Liakata|Theo Damoulas|Alexandra I. Cristea
conf/pkdd/BoittiauxDLPBC20,2020,MACLEAN@PKDD/ECML,inproceedings,Multi-modal deep learning models for ocean wind speed estimation.,Cl|Paul Nguyen Hong Duc|Nicolas Long|Sara Pensieri|Roberto Bozzano|Dorian Cazau
conf/pkdd/KaiafasHLS19,2019,PKDD/ECML Workshops (2),inproceedings,Auto Semi-supervised Outlier Detection for Malicious Authentication Events.,Georgios Kaiafas|Christian A. Hammerschmidt|Sofiane Lagraa|Radu State
conf/pkdd/DimitriadisT19,2019,PKDD/ECML Workshops (2),inproceedings,Yes/No Question Answering in BioASQ 2019.,Dimitris Dimitriadis|Grigorios Tsoumakas
conf/pkdd/FengYX22,2022,ECML/PKDD (1),inproceedings,Pass-Efficient Randomized SVD with Boosted Accuracy.,Xu Feng|Wenjian Yu|Yuyang Xie
conf/pkdd/ThiessenG22,2022,ECML/PKDD (4),inproceedings,Online Learning of Convex Sets on Graphs.,Maximilian Thiessen|Thomas G
conf/pkdd/GoshtasbpourP22,2022,ECML/PKDD (5),inproceedings,Optimization of Annealed Importance Sampling Hyperparameters.,Shirin Goshtasbpour|Fernando P
conf/pkdd/SchlegelK23,2023,PKDD/ECML Workshops (3),inproceedings,Introducing the Attribution Stability Indicator: A Measure for Time Series XAI Attributions.,Udo Schlegel|Daniel A. Keim
conf/pkdd/TegenDP18,2018,IAL@PKDD/ECML,inproceedings,An Interactive Learning Scenario for Real-time Environmental State Estimation Based on Heterogeneous and Dynamic Sensor Systems.,Agnes Tegen|Paul Davidsson|Jan A. Persson
conf/pkdd/DengQQLX22,2022,ECML/PKDD (6),inproceedings,Recognizing Non-small Cell Lung Cancer Subtypes by a Constraint-Based Causal Network from CT Images.,Zhengqiao Deng|Shuang Qian|Jing Qi|Li Liu|Bo Xu
conf/pkdd/MathelinDMV22,2022,ECML/PKDD (1),inproceedings,Fast and Accurate Importance Weighting for Correcting Sample Bias.,Antoine de Mathelin|Fran|Mathilde Mougeot|Nicolas Vayatis
conf/pkdd/OsterwindDVH22,2022,PKDD/ECML Workshops (1),inproceedings,Hardware Execution Time Prediction for Neural Network Layers.,Adrian Osterwind|Julian Droste-Rehling|Manoj Rohit Vemparala|Domenik Helms
conf/pkdd/PanagiotouN23,2023,PKDD/ECML Workshops (1),inproceedings,Learning Impartial Policies for Sequential Counterfactual Explanations Using Deep Reinforcement Learning.,Emmanouil Panagiotou|Eirini Ntoutsi
conf/pkdd/GregnaninSGP23,2023,PKDD/ECML Workshops (5),inproceedings,Stock Price Time Series Forecasting Using Dynamic Graph Neural Networks and Attention Mechanism in Recurrent Neural Networks.,Marco Gregnanin|Johannes De Smedt|Giorgio Gnecco|Maurizio Parton
conf/pkdd/Al-WahahF18,2018,Nemesis/UrbReas/SoGood/IWAISe/GDM@PKDD/ECML,inproceedings,Context Delegation for Context-Based Access Control.,Mouiad Al-Wahah|Csilla Farkas
conf/pkdd/PengKRP18,2018,ECML/PKDD (1),inproceedings,Using Supervised Pretraining to Improve Generalization of Neural Networks on Binary Classification Problems.,Alex Yuxuan Peng|Yun Sing Koh|Patricia Riddle|Bernhard Pfahringer
conf/pkdd/WangZDWG21,2021,ECML/PKDD (4),inproceedings,COVID Edge-Net: Automated COVID-19 Lung Lesion Edge Detection in Chest CT Images.,Kang Wang|Yang Zhao 0003|Yong Dou|Dong Wen 0004|Zikai Gao
conf/pkdd/AriannezhadSR20,2020,AALTD@PKDD/ECML,inproceedings,Demand Forecasting in the Presence of Privileged Information.,Mozhdeh Ariannezhad|Sebastian Schelter|Maarten de Rijke
conf/pkdd/JainSM23,2023,ECML/PKDD (4),inproceedings,ReOnto: A Neuro-Symbolic Approach for Biomedical Relation Extraction.,Monika Jain|Kuldeep Singh|Raghava Mutharaju
conf/pkdd/KirtasTAPT23,2023,PKDD/ECML Workshops (2),inproceedings,Using Part-Based Representations for Explainable Deep Reinforcement Learning.,Manos Kirtas|Konstantinos Tsampazis|Loukia Avramelou|Nikolaos Passalis|Anastasios Tefas
conf/pkdd/ZhangYJLW22,2022,ECML/PKDD (2),inproceedings,Hyperbolic Deep Keyphrase Generation.,Yuxiang Zhang 0003|Tianyu Yang 0004|Tao Jiang|Xiaoli Li 0001|Suge Wang
conf/pkdd/DoganMB23,2023,PKDD/ECML Workshops (1),inproceedings,Techniques to Achieve Anonymization of Health Data: When are They Sufficient to Be Considered as Legally Complaint?,Fatma Sumeyra Dogan|Soumia Zohra El Mestari|Marietjie Botes
conf/pkdd/NguyenKHF21,2021,ECML/PKDD (5),inproceedings,Quantifying Explanations of Neural Networks in E-Commerce Based on LRP.,Anna Nguyen|Franz Krause|Daniel Hagenmayer|Michael F
conf/pkdd/HerdeHMGS22,2022,IAL@PKDD/ECML,inproceedings,A Concept for Automated Polarized Web Content Annotation based on Multimodal Active Learning.,Marek Herde|Denis Huseljic|Jelena Mitrovic|Michael Granitzer|Bernhard Sick
conf/pkdd/Raudonius022,2022,MLSA@PKDD/ECML,inproceedings,Shot Analysis in Different Levels of German Football Using Expected Goals.,Laurynas Raudonius|Thomas Seidl 0003
conf/pkdd/BekkerD18,2018,LIDTA@ECML/PKDD,inproceedings,Learning from Positive and Unlabeled Data under the Selected At Random Assumption.,Jessa Bekker|Jesse Davis
conf/pkdd/YuKWBM18,2018,ECML/PKDD (2),inproceedings,SpectralLeader: Online Spectral Learning for Single Topic Models.,Tong Yu 0001|Branislav Kveton|Zheng Wen|Hung Bui 0001|Ole J. Mengshoel
conf/pkdd/MarecekRT18,2018,ECML/PKDD (3),inproceedings,Matrix Completion Under Interval Uncertainty: Highlights.,Jakub Marecek|Peter Richt|Martin Tak
conf/pkdd/VijaikumarSM20,2020,ECML/PKDD (3),inproceedings,GRAM-SMOT: Top-N Personalized Bundle Recommendation via Graph Attention Mechanism and Submodular Optimization.,M. Vijaikumar|Shirish K. Shevade|M. Narasimha Murty
conf/pkdd/EhebrechtSA23,2023,PKDD/ECML Workshops (3),inproceedings,Constructing Neural Forms for Hard-Constraint PINNs with Complex Dirichlet Boundaries.,Frank Ehebrecht|Toni Scharle|Martin Atzmueller
conf/pkdd/WangJLYS23,2023,ECML/PKDD (6),inproceedings,Sequence-Graph Fusion Neural Network for User Mobile App Behavior Prediction.,Yizhuo Wang|Renhe Jiang|Hangchen Liu|Du Yin|Xuan Song 0001
conf/pkdd/KoricheLMT24,2024,ECML/PKDD (4),inproceedings,Learning Model Agnostic Explanations via Constraint Programming.,Fr|Jean-Marie Lagniez|Stefan Mengel|Chi Tran
conf/pkdd/SuZWD22,2022,ECML/PKDD (3),inproceedings,Submodular Meta Data Compiling for Meta Optimization.,Fengguang Su|Yu Zhu|Ou Wu 0001|Yingjun Deng
conf/pkdd/BaioumyPCHF21,2021,PKDD/ECML Workshops (1),inproceedings,Towards Stochastic Fault-Tolerant Control Using Precision Learning and Active Inference.,Mohamed Baioumy|Corrado Pezzato|Carlos Hern|Nick Hawes|Riccardo M. G. Ferrari
conf/pkdd/GiannopoulosSTK23,2023,PKDD/ECML Workshops (2),inproceedings,FALE: Fairness-Aware ALE Plots for Auditing Bias in Subgroups.,Giorgos Giannopoulos|Dimitris Sacharidis|Nikolaos Theologitis|Loukas Kavouras|Ioannis Z. Emiris
conf/pkdd/ChenLCM19,2019,ECML/PKDD (2),inproceedings,Incorporating Dependencies in Spectral Kernels for Gaussian Processes.,Kai Chen|Twan van Laarhoven|Jinsong Chen 0001|Elena Marchiori
conf/pkdd/CaldasS22,2022,PKDD/ECML Workshops (1),inproceedings,A Temporal Fusion Transformer for Long-Term Explainable Prediction of Emergency Department Overcrowding.,Francisco M. Caldas|Cl
conf/pkdd/ZantedeschiES18,2018,ECML/PKDD (2),inproceedings,Fast and Provably Effective Multi-view Classification with Landmark-Based SVM.,Valentina Zantedeschi|R|Marc Sebban
conf/pkdd/ChenMMT22,2022,ECML/PKDD (2),inproceedings,Algorithmic Tools for Understanding the Motif Structure of Networks.,Tianyi Chen|Brian Matejek|Michael Mitzenmacher|Charalampos E. Tsourakakis
conf/pkdd/ChengYGXM23,2023,ECML/PKDD (3),inproceedings,CasSampling: Exploring Efficient Cascade Graph Learning for Popularity Prediction.,Guixiang Cheng|Xin Yan 0005|Shengxiang Gao|Guangyi Xu 0001|Xianghua Miao
conf/pkdd/EhrhardtN21,2021,PKDD/ECML Workshops (2),inproceedings,Automated ESG Report Analysis by Joint Entity and Relation Extraction.,Adrien Ehrhardt|Minh Tuan Nguyen
conf/pkdd/KaramiMML22,2022,ECML/PKDD (2),inproceedings,"""Let's Eat Grandma"": Does Punctuation Matter in Sentence Representation?",Mansooreh Karami|Ahmadreza Mosallanezhad|Michelle V. Mancenido|Huan Liu 0001
conf/pkdd/UpadhyayPV23,2023,ECML/PKDD (1),inproceedings,A Passage Retrieval Transformer-Based Re-Ranking Model for Truthful Consumer Health Search.,Rishabh Upadhyay|Gabriella Pasi|Marco Viviani 0001
conf/pkdd/ErculianiDTP18,2018,ECML/PKDD (3),inproceedings,Automating Layout Synthesis with Constructive Preference Elicitation.,Luca Erculiani|Paolo Dragone|Stefano Teso|Andrea Passerini
conf/pkdd/DunbarRCL22,2022,ECML/PKDD (4),inproceedings,Reducing the Planning Horizon Through Reinforcement Learning.,Logan Dunbar|Benjamin Rosman|Anthony G. Cohn 0001|Matteo Leonetti
conf/pkdd/SeyfiBZZ23,2023,ECML/PKDD (4),inproceedings,Exact Combinatorial Optimization with Temporo-Attentional Graph Neural Networks.,Mehdi Seyfi|Amin Banitalebi-Dehkordi|Zirui Zhou|Yong Zhang 0004
conf/pkdd/TsouparopoulosK23,2023,PKDD/ECML Workshops (5),inproceedings,On Improving Accuracy in Federated Learning Using GANs-Based Pre-training and Ensemble Learning.,Thomas Tsouparopoulos|Iordanis Koutsopoulos
conf/pkdd/RenardLLMD18,2018,Nemesis/UrbReas/SoGood/IWAISe/GDM@PKDD/ECML,inproceedings,Detecting Potential Local Adversarial Examples for Human-Interpretable Defense.,Xavier Renard|Thibault Laugel|Marie-Jeanne Lesot|Christophe Marsala|Marcin Detyniecki
conf/pkdd/Volcker0NWK19,2019,PKDD/ECML Workshops (1),inproceedings,DeepNotebooks: Deep Probabilistic Models Construct Python Notebooks for Reporting Datasets.,Claas V|Alejandro Molina 0001|Johannes Neumann|Dirk Westermann|Kristian Kersting
conf/pkdd/LeithI22,2022,ECML/PKDD (5),inproceedings,Penalized FTRL with Time-Varying Constraints.,Douglas J. Leith|George Iosifidis
conf/pkdd/VoNDG24,2024,ECML/PKDD (2),inproceedings,Improving Diversity in Black-Box Few-Shot Knowledge Distillation.,Tri-Nhan Vo|Dang Nguyen 0002|Kien Do|Sunil Gupta 0001
conf/pkdd/HuangZZFRB24,2024,ECML/PKDD (10),inproceedings,ExTea: An Evolutionary Algorithm-Based Approach for Enhancing Explainability in Time-Series Models.,Yiran Huang|Yexu Zhou|Haibin Zhao|Likun Fang|Till Riedel|Michael Beigl
conf/pkdd/JungK22,2022,ECML/PKDD (2),inproceedings,Learning to Solve Minimum Cost Multicuts Efficiently Using Edge-Weighted Graph Convolutional Neural Networks.,Steffen Jung 0001|Margret Keuper
conf/pkdd/RombautRS22,2022,IAL@PKDD/ECML,inproceedings,BioSegment: Active Learning segmentation for 3D electron microscopy imaging.,Benjamin Rombaut 0001|Joris Roels|Yvan Saeys
conf/pkdd/BouvierVCTH20,2020,ECML/PKDD (1),inproceedings,"Robust Domain Adaptation: Representations, Weights and Inductive Bias.",Victor Bouvier|Philippe Very|Cl|Myriam Tami|C
conf/pkdd/Beggel0B19,2019,ECML/PKDD (1),inproceedings,Robust Anomaly Detection in Images Using Adversarial Autoencoders.,Laura Beggel|Michael Pfeiffer 0001|Bernd Bischl
conf/pkdd/SpindeHG20,2020,PKDD/ECML Workshops,inproceedings,Media Bias in German News Articles: A Combined Approach.,Timo Spinde|Felix Hamborg|Bela Gipp
conf/pkdd/JiangZB21,2021,PKDD/ECML Workshops (2),inproceedings,Mining Medication-Effect Relations from Twitter Data Using Pre-trained Transformer Language Model.,Keyuan Jiang|Dingkai Zhang|Gordon R. Bernard
conf/pkdd/LinZYDW20,2020,ECML/PKDD (1),inproceedings,Real-Time Fine-Grained Freeway Traffic State Estimation Under Sparse Observation.,Yangxin Lin|Yang Zhou 0019|Shengyue Yao|Fan Ding 0003|Ping Wang 0003
conf/pkdd/LiuZHZZ24,2024,ECML/PKDD (3),inproceedings,Bootstrap Latents of Nodes and Neighbors for Graph Self-supervised Learning.,Yunhui Liu 0002|Huaisong Zhang|Tieke He|Tao Zheng|Jianhua Zhao
conf/pkdd/Kathirgamanathan23,2023,PKDD/ECML Workshops (3),inproceedings,Explaining Fatigue in Runners Using Time Series Analysis on Wearable Sensor Data.,Bahavathy Kathirgamanathan|Thu Trang Nguyen|Brian Caulfield 0001|Georgiana Ifrim|P
conf/pkdd/WongRHN23,2023,ECML/PKDD (1),inproceedings,Marvolo: Programmatic Data Augmentation for Deep Malware Detection.,Mike Wong 0003|Edward Raff|James Holt|Ravi Netravali
conf/pkdd/SchirmerER21,2021,PKDD/ECML Workshops (1),inproceedings,Continuous-Discrete Recurrent Kalman Networks for Irregular Time Series.,Mona Schirmer|Mazin Eltayeb|Maja Rudolph
conf/pkdd/EgwimEGA21,2021,PKDD/ECML Workshops (2),inproceedings,A Comparative Study on Machine Learning Algorithms for Assessing Energy Efficiency of Buildings.,Christian Nnaemeka Egwim|Oluwapelumi Oluwaseun Egunjobi|Hafiz Alaka
conf/pkdd/GarofaloFPPVG23,2023,PKDD/ECML Workshops (2),inproceedings,Conversational XAI: Formalizing Its Basic Design Principles.,Marco Garofalo|Alessia Fantini|Roberto Pellungrini|Giovanni Pilato|Massimo Villari|Fosca Giannotti
conf/pkdd/ZhouHHRB20,2020,ECML/PKDD (4),inproceedings,Automatic Remaining Useful Life Estimation Framework with Embedded Convolutional LSTM as the Backbone.,Yexu Zhou|Michael Hefenbrock|Yiran Huang|Till Riedel|Michael Beigl
conf/pkdd/BardosMMT23,2023,PKDD/ECML Workshops (1),inproceedings,Local Interpretability of Random Forests for Multi-target Regression.,Avraam Bardos|Nikolaos Mylonas|Ioannis Mollas|Grigorios Tsoumakas
conf/pkdd/AndradeCG19,2019,PKDD/ECML Workshops (2),inproceedings,Mining Human Mobility Data to Discover Locations and Habits.,Thiago Andrade|Brais Cancela|Jo
conf/pkdd/HamidiO22,2022,ECML/PKDD (3),inproceedings,Context Abstraction to Improve Decentralized Machine Learning in Structured Sensing Environments.,Massinissa Hamidi|Aomar Osmani
conf/pkdd/SharmaKK21,2021,ECML/PKDD (5),inproceedings,Feature Enhanced Capsule Networks for Robust Automatic Essay Scoring.,Arushi Sharma|Anubha Kabra|Rajiv Kapoor
conf/pkdd/ConsoliPT20,2020,MIDAS@PKDD/ECML,inproceedings,Information Extraction From the GDELT Database to Analyse EU Sovereign Bond Markets.,Sergio Consoli|Luca Tiozzo Pezzoli|Elisa Tosetti
conf/pkdd/TaimeskhanovSG24,2024,ECML/PKDD (7),inproceedings,CAM-Based Methods Can See Through Walls.,Magamed Taimeskhanov|Ronan Sicre|Damien Garreau
conf/pkdd/LiJXLZT19,2019,ECML/PKDD (3),inproceedings,Cold-Start Recommendation for On-Demand Cinemas.,Beibei Li 0001|Beihong Jin|Taofeng Xue|Kunchi Liu|Qi Zhang|Sihua Tian
conf/pkdd/JangraT19,2019,NFMCP@PKDD/ECML,inproceedings,A Heuristic Approach for Sensitive Pattern Hiding with Improved Data Quality.,Shalini Jangra|Durga Toshniowal
conf/pkdd/ChenSG22,2022,ECML/PKDD (2),inproceedings,TopoAttn-Nets: Topological Attention in Graph Representation Learning.,Yuzhou Chen|Elena Sizikova|Yulia R. Gel
conf/pkdd/YeTTS24,2024,ECML/PKDD (8),inproceedings,Enhancing Shortest-Path Graph Kernels via Graph Augmentation.,Wei Ye 0001|Hao Tian|Shuhao Tang|Xin Sun 0003
conf/pkdd/WojcikWBT20,2020,ECML/PKDD (3),inproceedings,Finding the Optimal Network Depth in Classification Tasks.,Bartosz W|Maciej Wolczyk|Klaudia Balazy|Jacek Tabor
conf/pkdd/KhoslaLNA19,2019,ECML/PKDD (1),inproceedings,Node Representation Learning for Directed Graphs.,Megha Khosla|Jurek Leonhardt|Wolfgang Nejdl|Avishek Anand
conf/pkdd/Garcia-Piqueras21,2021,ECML/PKDD (1),inproceedings,Optimal Teaching Curricula with Compositional Simplicity Priors.,Manuel Garcia-Piqueras|Jos
conf/pkdd/Hutsebaut-Buysse21,2021,ECML/PKDD (1),inproceedings,Disagreement Options: Task Adaptation Through Temporally Extended Actions.,Matthias Hutsebaut-Buysse|Tom De Schepper|Kevin Mets|Steven Latr
conf/pkdd/MolnarCB20,2020,PKDD/ECML Workshops,inproceedings,"Interpretable Machine Learning - A Brief History, State-of-the-Art and Challenges.",Christoph Molnar|Giuseppe Casalicchio|Bernd Bischl
conf/pkdd/DebeziaBKB21,2021,PKDD/ECML Workshops (2),inproceedings,Drilling a Large Corpus of Document Images of Geological Information Extraction.,Jean-Louis Debezia|M|Christopher Kermorvant|Quentin Barral
conf/pkdd/CoppensVMW19,2019,PKDD/ECML Workshops (1),inproceedings,A Comparative Study of Community Detection Techniques for Large Evolving Graphs.,Lauranne Coppens|Jonathan De Venter|Sandra Mitrovic|Jochen De Weerdt
conf/pkdd/HaabDM22,2022,PKDD/ECML Workshops (1),inproceedings,Is Attention Interpretation? A Quantitative Assessment on Sets.,Jonathan Haab|Nicolas Deutschmann|Mar
conf/pkdd/KisselD19,2019,ECML/PKDD (2),inproceedings,Sobolev Training with Approximated Derivatives for Black-Box Function Regression with Neural Networks.,Matthias Kissel|Klaus Diepold
conf/pkdd/FarabiSDV19,2019,ECML/PKDD (2),inproceedings,Fine-Grained Explanations Using Markov Logic.,Khan Mohammad Al Farabi|Somdeb Sarkhel|Sanorita Dey|Deepak Venugopal
conf/pkdd/SrinivasaKVQCL18,2018,ECML/PKDD (3),inproceedings,On Optimizing Operational Efficiency in Storage Systems via Deep Reinforcement Learning.,Sunil Srinivasa|Girish Kathalagiri|Julu Subramanyam Varanasi|Luis Carlos Quintela|Mohamad Charafeddine|Chi-Hoon Lee
conf/pkdd/ZhangGFRG18,2018,ECML/PKDD (3),inproceedings,Equipment Health Indicator Learning Using Deep Reinforcement Learning.,Chi Zhang 0030|Chetan Gupta 0001|Ahmed K. Farahat|Kosta Ristovski|Dipanjan Ghosh
conf/pkdd/MahdavifarSFCW24,2024,ECML/PKDD (9),inproceedings,VulEXplaineR: XAI for Vulnerability Detection on Assembly Code.,Samaneh Mahdavifar|Mohd Saqib|Benjamin C. M. Fung|Philippe Charland|Andrew Walenstein
conf/pkdd/RashedJRGSH19,2019,ECML/PKDD (3),inproceedings,A Deep Multi-task Approach for Residual Value Forecasting.,Ahmed Rashed|Shayan Jawed|Jens Rehberg|Josif Grabocka|Lars Schmidt-Thieme|Andre Hintsches
conf/pkdd/Blanc-BeyneCMC20,2020,ECML/PKDD (4),inproceedings,Unsupervised Human Pose Estimation on Depth Images.,Thibault Blanc-Beyne|Axel Carlier|Sandrine Mouysset|Vincent Charvillat
conf/pkdd/KadanF20,2020,ECML/PKDD (2),inproceedings,Exponential Convergence of Gradient Methods in Concave Network Zero-Sum Games.,Amit Kadan|Hu Fu 0001
conf/pkdd/MaggioD21,2021,ECML/PKDD (3),inproceedings,Ensembling Shift Detectors: An Extensive Empirical Evaluation.,Simona Maggio|L
conf/pkdd/TomAK22,2022,ECML/PKDD (2),inproceedings,Joint Learning of Hierarchical Community Structure and Node Representations: An Unsupervised Approach.,Ancy Sarah Tom|Nesreen K. Ahmed|George Karypis
conf/pkdd/ChenWHL23,2023,ECML/PKDD (4),inproceedings,Encouraging Sparsity in Neural Topic Modeling with Non-Mean-Field Inference.,Jiayao Chen|Rui Wang 0136|Jueying He|Mark Junjie Li
conf/pkdd/CeniDGMPT24,2024,ECML/PKDD (7),inproceedings,Continuously Deep Recurrent Neural Networks.,Andrea Ceni|Peter Ford Dominey|Claudio Gallicchio|Alessio Micheli|Luca Pedrelli|Domenico Tortorella
conf/pkdd/KholkineSVL20,2020,MLSA@PKDD/ECML,inproceedings,A Machine Learning Approach for Road Cycling Race Performance Prediction.,Leonid Kholkine|Tom De Schepper|Tim Verdonck|Steven Latr
conf/pkdd/EngelenLTT18,2018,ECML/PKDD (3),inproceedings,Accurate WiFi-Based Indoor Positioning with Continuous Location Sampling.,Jesper E. van Engelen|J. J. van Lier|Frank W. Takes|Heike Trautmann
conf/pkdd/FrittoliCB21,2021,ECML/PKDD (1),inproceedings,Change Detection in Multivariate Datastreams Controlling False Alarms.,Luca Frittoli|Diego Carrera|Giacomo Boracchi
conf/pkdd/MadridEM19,2019,PKDD/ECML Workshops (1),inproceedings,Meta-learning of Textual Representations.,Jorge G. Madrid|Hugo Jair Escalante|Eduardo F. Morales 0001
conf/pkdd/MoFXD22,2022,ECML/PKDD (3),inproceedings,TrafficFlowGAN: Physics-Informed Flow Based Generative Adversarial Network for Uncertainty Quantification.,Zhaobin Mo|Yongjie Fu|Daran Xu|Xuan Di
conf/pkdd/CampiCDP23,2023,PKDD/ECML Workshops (1),inproceedings,Variants Analysis in Judicial Trials: Challenges and Initial Results.,Alessandro Campi|Stefano Ceri|Marco Dilettis|Barbara Pernici
conf/pkdd/DuGSA24,2024,ECML/PKDD (9),inproceedings,Guiding Catalogue Enrichment with User Queries.,Yupei Du|Jacek Golebiowski|Philipp Schmidt 0002|Ziawasch Abedjan
conf/pkdd/PalmeW22,2022,PKDD/ECML Workshops (2),inproceedings,Frequent Generalized Subgraph Mining via Graph Edit Distances.,Richard Palme|Pascal Welke
conf/pkdd/CirqueiraHNHB19,2019,NFMCP@PKDD/ECML,inproceedings,Customer Purchase Behavior Prediction in E-commerce: A Conceptual Framework and Research Agenda.,Douglas Cirqueira|Markus Hofer|Dietmar Nedbal|Markus Helfert|Marija Bezbradica
conf/pkdd/AnumasaGS23,2023,ECML/PKDD (2),inproceedings,Continuous Depth Recurrent Neural Differential Equations.,Srinivas Anumasa|Geetakrishnasai Gunapati|P. K. Srijith
conf/pkdd/KrylovD18,2018,Nemesis/UrbReas/SoGood/IWAISe/GDM@PKDD/ECML,inproceedings,Object Geolocation from Crowdsourced Street Level Imagery.,Vladimir A. Krylov|Rozenn Dahyot
conf/pkdd/GoelVG23,2023,ECML/PKDD (7),inproceedings,MWPRanker: An Expression Similarity Based Math Word Problem Retriever.,Mayank Goel|Venktesh Viswanathan|Vikram Goyal
conf/pkdd/CesaroC19,2019,PKDD/ECML Workshops (1),inproceedings,Measuring Unfairness Through Game-Theoretic Interpretability.,Juliana Cesaro|F
conf/pkdd/BaahmedARA23,2023,PKDD/ECML Workshops (3),inproceedings,Using Graph Neural Networks for the Detection and Explanation of Network Intrusions.,Ahmed Rafik El-Mehdi Baahmed|Giuseppina Andresini|C|Annalisa Appice
conf/pkdd/GuoLTZWZ22,2022,ECML/PKDD (3),inproceedings,Charge Own Job: Saliency Map and Visual Word Encoder for Image-Level Semantic Segmentation.,Yuhui Guo|Xun Liang 0001|Hui Tang|Xiangping Zheng|Bo Wu 0026|Xuan Zhang 0009
conf/pkdd/CsanalosiDPMT20,2020,MLSA@PKDD/ECML,inproceedings,Low-Cost Optical Tracking of Soccer Players.,Gabor Csanalosi|Gergely Dobreff|Alija Pasic|Marton Molnar|L
conf/pkdd/MandaglioTG21,2021,ECML/PKDD (2),inproceedings,Correlation Clustering with Global Weight Bounds.,Domenico Mandaglio|Andrea Tagarelli|Francesco Gullo
conf/pkdd/Sun-HosoyaGS18,2018,IAL@PKDD/ECML,inproceedings,ActivMetal: Algorithm Recommendation with Active Meta Learning.,Lisheng Sun-Hosoya|Isabelle Guyon|Mich
conf/pkdd/ChenWZZP21,2021,ECML/PKDD (2),inproceedings,Probing Negative Sampling for Contrastive Learning to Learn Graph Representations.,Shiyi Chen|Ziao Wang|Xinni Zhang|Xiaofeng Zhang|Dan Peng
conf/pkdd/Kathirgamanathan21,2021,MLSA@PKDD/ECML,inproceedings,Using Barycenters as Aggregate Representations of Repetition-Based Time-Series Exercise Data.,Bahavathy Kathirgamanathan|James Davenport|Brian Caulfield 0001|P
conf/pkdd/FaizullahUM24,2024,ECML/PKDD (2),inproceedings,LimGen: Probing the LLMs for Generating Suggestive Limitations of Research Papers.,Abdur Rahman Bin Md Faizullah|Ashok Urlana|Rahul Mishra
conf/pkdd/FischerWBL24,2024,ECML/PKDD (7),inproceedings,MetaQuRe: Meta-learning from Model Quality and Resource Consumption.,Raphael Fischer 0001|Marcel Wever|Sebastian Buschj|Thomas Liebig
conf/pkdd/MoreECP20,2020,ECML/PKDD (5),inproceedings,Confound Removal and Normalization in Practice: A Neuroimaging Based Sex Prediction Case Study.,Shammi More|Simon B. Eickhoff|Julian Caspers|Kaustubh R. Patil
conf/pkdd/UmairMMU22,2022,PKDD/ECML Workshops (1),inproceedings,Sentimental Analysis of COVID-19 Vaccine Tweets Using BERT+NBSVM.,Areeba Umair|Elio Masciari|Giusi Madeo|Muhammad Habib Ullah
conf/pkdd/PichenyDAD20,2020,ECML/PKDD (3),inproceedings,Automatic Tuning of Stochastic Gradient Descent with Bayesian Optimisation.,Victor Picheny|Vincent Dutordoir|Artem Artemev|Nicolas Durrande
conf/pkdd/RahmanX22,2022,ECML/PKDD (4),inproceedings,Bootstrap State Representation Using Style Transfer for Better Generalization in Deep Reinforcement Learning.,Md. Masudur Rahman 0001|Yexiang Xue
conf/pkdd/NishikinoK23,2023,ECML/PKDD (1),inproceedings,Adversarial Imitation Learning with Controllable Rewards for Text Generation.,Keizaburo Nishikino|Kenichi Kobayashi 0001
conf/pkdd/WanZXZ19,2019,ECML/PKDD (2),inproceedings,Neural Control Variates for Monte Carlo Variance Reduction.,Ruosi Wan|Mingjun Zhong|Haoyi Xiong|Zhanxing Zhu
conf/pkdd/Boing0MN20,2020,ECML/PKDD (2),inproceedings,Quality Guarantees for Autoencoders via Unsupervised Adversarial Attacks.,Benedikt B|Rajarshi Roy 0002|Emmanuel M|Daniel Neider
conf/pkdd/MarincGHSRA19,2019,ECML/PKDD (3),inproceedings,A Virtualized Video Surveillance System for Public Transportation.,Talmaj Marinc|Serhan G|Cornelius Hellge|Peter Sch|Thomas Riegel|Peter Amon
conf/pkdd/LugtF19,2019,AALTD@PKDD/ECML,inproceedings,Conditional Forecasting of Water Level Time Series with RNNs.,Bart J. van der Lugt|Ad Feelders
conf/pkdd/ZouY18,2018,DMLE/IOTSTREAMING@PKDD/ECML,inproceedings,Multimodal Tweet Sentiment Classification Algorithm Based on Attention Mechanism.,Peiyu Zou|Shuangtao Yang
conf/pkdd/WangLL22,2022,ECML/PKDD (6),inproceedings,FFBDNet: Feature Fusion and Bipartite Decision Networks for Recommending Medication Combination.,Zisen Wang|Ying Liang|Zhengjun Liu
conf/pkdd/YangV24,2024,ECML/PKDD (10),inproceedings,Multi-spectral Gradient Residual Network for Haze Removal in Multi-sensor Remote Sensing Imagery.,Xian Yang|Ranga Raju Vatsavai
conf/pkdd/ViallardGHM21,2021,ECML/PKDD (2),inproceedings,Self-bounding Majority Vote Learning Algorithms by the Direct Minimization of a Tight PAC-Bayesian C-Bound.,Paul Viallard|Pascal Germain|Amaury Habrard|Emilie Morvant
conf/pkdd/MahmoodACRS22,2022,ECML/PKDD (6),inproceedings,PathOracle: A Deep Learning Based Trip Planner for Daily Commuters.,Md. Tareq Mahmood|Mohammed Eunus Ali|Muhammad Aamir Cheema|Syed Md. Mukit Rashid|Timos Sellis
conf/pkdd/AbghariBBJ19,2019,PKDD/ECML Workshops (2),inproceedings,District Heating Substation Behaviour Modelling for Annotating the Performance.,Shahrooz Abghari|Veselka Boeva|Jens Brage|Christian Johansson
conf/pkdd/HildebrandtSMTT18,2018,ECML/PKDD (3),inproceedings,Configuration of Industrial Automation Solutions Using Multi-relational Recommender Systems.,Marcel Hildebrandt|Swathi Shyam Sunder|Serghei Mogoreanu|Ingo Thon|Volker Tresp|Thomas A. Runkler
conf/pkdd/CvejoskiSO24,2024,ECML/PKDD (1),inproceedings,The Future is Different: Predicting Reddits Popularity with Variational Dynamic Language Models.,Kostadin Cvejoski|Rams|C
conf/pkdd/ManglaSB20,2020,ECML/PKDD (2),inproceedings,On Saliency Maps and Adversarial Robustness.,Puneet Mangla|Vedant Singh|Vineeth N. Balasubramanian
conf/pkdd/IdahlKA19,2019,PKDD/ECML Workshops (1),inproceedings,Finding Interpretable Concept Spaces in Node Embeddings Using Knowledge Bases.,Maximilian Idahl|Megha Khosla|Avishek Anand
conf/pkdd/JiangX23,2023,ECML/PKDD (4),inproceedings,Symbolic Regression via Control Variable Genetic Programming.,Nan Jiang 0012|Yexiang Xue
conf/pkdd/RoyN22,2022,ECML/PKDD (1),inproceedings,Learning to Teach Fairness-Aware Deep Multi-task Learning.,Arjun Roy 0001|Eirini Ntoutsi
conf/pkdd/LingamSERIS22,2022,ECML/PKDD (2),inproceedings,A Piece-Wise Polynomial Filtering Approach for Graph Neural Networks.,Vijay Lingam|Manan Sharma|Chanakya Ekbote|Rahul Ragesh|Arun Iyer|Sundararajan Sellamanickam
conf/pkdd/OitaVO19,2019,PKDD/ECML Workshops (2),inproceedings,Semantically Corroborating Neural Attention for Biomedical Question Answering.,Marilena Oita|K. Vani|Fatma Oezdemir-Zaech
conf/pkdd/WangZYX18,2018,DARE@PKDD/ECML,inproceedings,Nonintrusive Load Monitoring Based on Deep Learning.,Ke Wang|Haiwang Zhong|Nanpeng Yu|Qing Xia 0001
conf/pkdd/KuangZL23,2023,ECML/PKDD (3),inproceedings,Multi-label Image Classification with Multi-scale Global-Local Semantic Graph Network.,Wenlan Kuang|Qiangxi Zhu|Zhixin Li 0001
conf/pkdd/LiuSL18a,2018,MLSA@PKDD/ECML,inproceedings,Model Trees for Identifying Exceptional Players in the NHL and NBA Drafts.,Yejia Liu|Oliver Schulte|Chao Li 0025
conf/pkdd/PitraRH18,2018,IAL@PKDD/ECML,inproceedings,Transfer of Knowledge for Surrogate Model Selection in Cost-Aware Optimization.,Zbynek Pitra|Jakub Repick|Martin Holena
conf/pkdd/YuanW22,2022,ECML/PKDD (6),inproceedings,Physically Invertible System Identification for Monitoring System Edges with Unobservability.,Jingyi Yuan|Yang Weng
conf/pkdd/LyuT21,2021,ECML/PKDD (3),inproceedings,Black-Box Optimizer with Stochastic Implicit Natural Gradient.,Yueming Lyu|Ivor W. Tsang
conf/pkdd/QueyrelTZ21,2021,PKDD/ECML Workshops (1),inproceedings,Reject and Cascade Classifier with Subgroup Discovery for Interpretable Metagenomic Signatures.,Maxence Queyrel|Alexandre Templier|Jean-Daniel Zucker
conf/pkdd/PrabowoCXSS23,2023,ECML/PKDD (7),inproceedings,Continually Learning Out-of-Distribution Spatiotemporal Data for Robust Energy Forecasting.,Arian Prabowo|Kaixuan Chen 0001|Hao Xue 0001|Subbu Sethuvenkatraman|Flora D. Salim
conf/pkdd/SousaFMGHG21,2021,PKDD/ECML Workshops (2),inproceedings,Applying Machine Learning to Risk Assessment in Software Projects.,Andr|Jo|Duarte Gomes|Pedro Castro Henriques|Ricardo Gra
conf/pkdd/PereiraAC19,2019,PKDD/ECML Workshops (2),inproceedings,Gradient Boosting Machine and LSTM Network for Online Harassment Detection and Categorization in Social Media.,Fab|Thiago Andrade|Andr
conf/pkdd/PatraconeALGC24,2024,ECML/PKDD (4),inproceedings,Linear Modeling of the Adversarial Noise Space.,Jordan Patracone|Lucas Anquetil|Yuan Liu|Gilles Gasso|St
conf/pkdd/BernardiKM18,2018,Nemesis/UrbReas/SoGood/IWAISe/GDM@PKDD/ECML,inproceedings,Pseudo-Random Number Generation Using Generative Adversarial Networks.,Marcello De Bernardi|M. H. R. Khouzani|Pasquale Malacaria
conf/pkdd/GhafooriBLK19,2019,ECML/PKDD (1),inproceedings,Unsupervised and Active Learning Using Maximin-Based Anomaly Detection.,Zahra Ghafoori|James C. Bezdek|Christopher Leckie|Shanika Karunasekera
conf/pkdd/SaadallahMM22,2022,ECML/PKDD (6),inproceedings,Online Adaptive Multivariate Time Series Forecasting.,Amal Saadallah|Hanna Mykula|Katharina Morik
conf/pkdd/MansourifarAFSN21,2021,PKDD/ECML Workshops (2),inproceedings,Hate Speech Detection in Clubhouse.,Hadi Mansourifar|Dana Alsagheer|Reza Fathi|Weidong Shi 0001|Lan Ni|Yan Huang
conf/pkdd/KlotergensYSS24,2024,ECML/PKDD (4),inproceedings,Functional Latent Dynamics for Irregularly Sampled Time Series Forecasting.,Christian Kl|Vijaya Krishna Yalavarthi|Maximilian Stubbemann|Lars Schmidt-Thieme
conf/pkdd/KumpulainenT23,2023,PKDD/ECML Workshops (3),inproceedings,Finding Coherent Node Groups in Directed Graphs.,Iiro Kumpulainen|Nikolaj Tatti
conf/pkdd/SaeidiSMZB19,2019,PKDD/ECML Workshops (2),inproceedings,Categorizing Online Harassment on Twitter.,Mozhgan Saeidi|Samuel Bruno da Silva Sousa|Evangelos E. Milios|Norbert Zeh|Lilian Berton
conf/pkdd/SorescuKBHV22,2022,PKDD/ECML Workshops (1),inproceedings,Framework to Evaluate Deep Learning Algorithms for Edge Inference and Training.,Tiberius-George Sorescu|Chandrakanth R. Kancharla|Jeroen Boydens|Hans Hallez|Mathias Verbeke
conf/pkdd/KonishiF20,2020,ECML/PKDD (3),inproceedings,End-to-End Learning for Prediction and Optimization with Gradient Boosting.,Takuya Konishi|Takuro Fukunaga
conf/pkdd/KissH21,2021,PKDD/ECML Workshops (1),inproceedings,Migrating Models: A Decentralized View on Federated Learning.,P|Tom
conf/pkdd/RepickyPH18,2018,IAL@PKDD/ECML,inproceedings,Adaptive Selection of Gaussian Process Model for Active Learning in Expensive Optimization.,Jakub Repick|Zbynek Pitra|Martin Holena
conf/pkdd/BhatiaWHC21,2021,ECML/PKDD (2),inproceedings,GraphAnoGAN: Detecting Anomalous Snapshots from Attributed Graphs.,Siddharth Bhatia 0001|Yiwei Wang 0001|Bryan Hooi|Tanmoy Chakraborty 0002
conf/pkdd/KuberaWK19,2019,NFMCP@PKDD/ECML,inproceedings,Hough Transform as a Tool for the Classification of Vehicle Speed Changes in On-Road Audio Recordings.,Elzbieta Kubera|Alicja Wieczorkowska|Andrzej Kuranc
conf/pkdd/BauerDGJMS19,2019,PKDD/ECML Workshops (1),inproceedings,#MeTooMaastricht: Building a Chatbot to Assist Survivors of Sexual Harassment.,Tobias Bauer|Emre Devrim|Misha Glazunov|William Lopez Jaramillo|Balaganesh Mohan|Gerasimos Spanakis
conf/pkdd/KadamalaCB24,2024,ECML/PKDD (9),inproceedings,Enhancing HVAC Control Efficiency: A Hybrid Approach Using Imitation and Reinforcement Learning.,Kevlyn Kadamala|Des Chambers|Enda Barrett
conf/pkdd/GurumoorthyJM21,2021,ECML/PKDD (4),inproceedings,SPOT: A Framework for Selection of Prototypes Using Optimal Transport.,Karthik S. Gurumoorthy|Pratik Jawanpuria|Bamdev Mishra
conf/pkdd/JameelAHS20,2020,ECML/PKDD (4),inproceedings,Automation of Leasing Vehicle Return Assessment Using Deep Learning Models.,Mohsan Jameel|Mofassir ul Islam Arif|Andre Hintsches|Lars Schmidt-Thieme
conf/pkdd/OchandoFHMRK19,2019,ECML/PKDD (3),inproceedings,Automated Data Transformation with Inductive Programming and Dynamic Background Knowledge.,Lidia Contreras Ochando|C|Jos|Fernando Mart|Mar|Susumu Katayama
conf/pkdd/LeurentM19,2019,ECML/PKDD (3),inproceedings,Practical Open-Loop Optimistic Planning.,Edouard Leurent|Odalric-Ambrym Maillard
conf/pkdd/PrenkajVLK23,2023,PKDD/ECML Workshops (1),inproceedings,Adapting to Change: Robust Counterfactual Explanations in Dynamic Data Landscapes.,Bardh Prenkaj|Mario Villaiz|Tobias Leemann|Gjergji Kasneci
conf/pkdd/MantheLD24,2024,ECML/PKDD (4),inproceedings,Deep Domain Isolation and Sample Clustered Federated Learning for Semantic Segmentation.,Matthis Manthe|Carole Lartizien|Stefan Duffner
conf/pkdd/MayC19,2019,PKDD/ECML Workshops (2),inproceedings,Familiar Feelings: Listener-Rated Familiarity in Music Emotion Recognition.,Lloyd May|Michael A. Casey
conf/pkdd/Chajewska023,2023,PKDD/ECML Workshops (5),inproceedings,Federated Learning with Neural Graphical Models.,Urszula Chajewska|Harsh Shrivastava 0001
conf/pkdd/LiGZWC23,2023,ECML/PKDD (4),inproceedings,ConGCN: Factorized Graph Convolutional Networks for Consensus Recommendation.,Boyu Li 0003|Ting Guo 0005|Xingquan Zhu 0001|Yang Wang 0002|Fang Chen 0001
conf/pkdd/JaniszewskiLS21,2021,ECML/PKDD (5),inproceedings,Time Aspect in Making an Actionable Prediction of a Conversation Breakdown.,Piotr Janiszewski|Mateusz Lango|Jerzy Stefanowski
conf/pkdd/VeljkovicKS23,2023,PKDD/ECML Workshops (2),inproceedings,Using Stochastic Methods to Setup High Precision Experiments.,Kristina Veljkovic|Petar Kochovski|Vlado Stankovski
conf/pkdd/CoraniAAZ20,2020,ECML/PKDD (3),inproceedings,Probabilistic Reconciliation of Hierarchical Forecast via Bayes' Rule.,Giorgio Corani|Dario Azzimonti|Jo|Marco Zaffalon
conf/pkdd/MercorioMMPS19,2019,ECML/PKDD (3),inproceedings,A Tool for Researchers: Querying Big Scholarly Data Through Graph Databases.,Fabio Mercorio|Mario Mezzanzanica|Vincenzo Moscato|Antonio Picariello|Giancarlo Sperl
conf/pkdd/PezzoliCT19,2019,MIDAS@PKDD,inproceedings,Big Data Financial Sentiment Analysis in the European Bond Markets.,Luca Tiozzo Pezzoli|Sergio Consoli|Elisa Tosetti
conf/pkdd/SaberSMD21,2021,ECML/PKDD (1),inproceedings,Routine Bandits: Minimizing Regret on Recurring Problems.,Hassan Saber|L|Odalric-Ambrym Maillard|Audrey Durand
conf/pkdd/DaCZW24,2024,ECML/PKDD (8),inproceedings,CityFlowER: An Efficient and Realistic Traffic Simulator with Embedded Machine Learning Models.,Longchao Da|Chen Chu|Weinan Zhang 0001|Hua Wei 0001
conf/pkdd/CandelaMFZ20,2020,ECML/PKDD (4),inproceedings,Model Monitoring and Dynamic Model Selection in Travel Time-Series Forecasting.,Rosa Candela|Pietro Michiardi|Maurizio Filippone|Maria A. Zuluaga
conf/pkdd/NguyenV18,2018,ECML/PKDD (1),inproceedings,Scalable and Interpretable One-Class SVMs with Deep Learning and Random Fourier Features.,Minh-Nghia Nguyen|Ngo Anh Vien
conf/pkdd/KamathGM19,2019,PKDD/ECML Workshops (2),inproceedings,How to Pre-train Your Model? Comparison of Different Pre-training Models for Biomedical Question Answering.,Sanjay Kamath|Brigitte Grau|Yue Ma 0009
conf/pkdd/IpenburgSP21,2021,PKDD/ECML Workshops (1),inproceedings,Exploring Cell-Based Neural Architectures for Embedded Systems.,Ilja van Ipenburg|Dolly Sapra|Andy D. Pimentel
conf/pkdd/VercruyssenPMD22,2022,ECML/PKDD (4),inproceedings,Multi-domain Active Learning for Semi-supervised Anomaly Detection.,Vincent Vercruyssen|Lorenzo Perini|Wannes Meert|Jesse Davis
conf/pkdd/BachmannHK22,2022,ECML/PKDD (1),inproceedings,Wasserstein t-SNE.,Fynn Bachmann|Philipp Hennig|Dmitry Kobak
conf/pkdd/SedovaZR23,2023,ECML/PKDD (1),inproceedings,Learning with Noisy Labels by Adaptive Gradient-Based Outlier Removal.,Anastasiia Sedova|Lena Zellinger|Benjamin Roth 0001
conf/pkdd/SchnellB19,2019,PKDD/ECML Workshops (2),inproceedings,Encoding Hierarchical Classification Codes for Privacy-Preserving Record Linkage Using Bloom Filters.,Rainer Schnell|Christian Borgs
conf/pkdd/YuSHGYJ24,2024,ECML/PKDD (10),inproceedings,A Crystal Knowledge-Enhanced Pre-training Framework for Crystal Property Estimation.,Haomin Yu|Yanru Song 0001|Jilin Hu|Chenjuan Guo|Bin Yang 0002|Christian S. Jensen
conf/pkdd/KhanAKHK21,2021,ECML/PKDD (2),inproceedings,Unsupervised Learning of Joint Embeddings for Node Representation and Community Detection.,Rayyan Ahmad Khan|Muhammad Umer Anwaar|Omran Kaddah|Zhiwei Han|Martin Kleinsteuber
conf/pkdd/TVMNVS19,2019,ECML/PKDD (2),inproceedings,Meta-Learning for Black-Box Optimization.,Vishnu TV|Pankaj Malhotra|Jyoti Narwariya|Lovekesh Vig|Gautam Shroff
conf/pkdd/ParaschakisRBR24,2024,ECML/PKDD (8),inproceedings,FuseRank (Demo): Filtered Vector Search in Multimodal Structured Data.,Dimitris Paraschakis|Rasmus Ros|Markus Borg|Per Runeson
conf/pkdd/QiKTSP20,2020,ECML/PKDD (1),inproceedings,A Framework for Deep Quantification Learning.,Lei Qi|Mohammed Khaleel|Wallapak Tavanapong|Adisak Sukul|David A. M. Peterson
conf/pkdd/BenderRSB20,2020,ECML/PKDD (3),inproceedings,A General Machine Learning Framework for Survival Analysis.,Andreas Bender 0001|David R|Fabian Scheipl|Bernd Bischl
conf/pkdd/SteyaertBV21,2021,MLSA@PKDD/ECML,inproceedings,Sensor-Based Performance Monitoring in Track Cycling.,Micha|Jelle De Bock|Steven Verstockt
conf/pkdd/Li0W0L20,2020,ECML/PKDD (2),inproceedings,Confusable Learning for Large-Class Few-Shot Classification.,Bingcong Li|Bo Han 0003|Zhuowei Wang 0003|Jing Jiang 0002|Guodong Long
conf/pkdd/FangDCWZS24,2024,ECML/PKDD (3),inproceedings,Efficient Privacy-Preserving Truth Discovery and Copy Detection in Crowdsourcing.,Xiu Susie Fang|Xinyang Du|Hao Chen|Ziqi Wei 0001|Yong Zhan|Guohao Sun 0001
conf/pkdd/BuschjagerHPM21,2021,ECML/PKDD (3),inproceedings,Very Fast Streaming Submodular Function Maximization.,Sebastian Buschj|Philipp-Jan Honysz|Lukas Pfahler|Katharina Morik
conf/pkdd/ZhangBD19,2019,ECML/PKDD (1),inproceedings,A Framework for Deep Constrained Clustering - Algorithms and Advances.,Hongjing Zhang|Sugato Basu|Ian Davidson
conf/pkdd/DominguezFCA23,2023,PKDD/ECML Workshops (2),inproceedings,Designing a Method to Identify Explainability Requirements in Cancer Research.,Didier Dominguez|Dimitris Fotopoulos|Ioanna Chouvarda|Susanna Auss
conf/pkdd/NadjahiLC19,2019,ECML/PKDD (3),inproceedings,Safe Policy Improvement with Soft Baseline Bootstrapping.,Kimia Nadjahi|Romain Laroche|R
conf/pkdd/SymeonidisKZ22,2022,ECML/PKDD (1),inproceedings,Session-Based Recommendation Along with the Session Style of Explanation.,Panagiotis Symeonidis|Lidija Kirjackaja|Markus Zanker
conf/pkdd/WangBHLM24,2024,ECML/PKDD (3),inproceedings,AdaHAT: Adaptive Hard Attention to the Task in Task-Incremental Learning.,Pengxiang Wang 0003|Hongbo Bo|Jun Hong 0001|Weiru Liu|Kedian Mu
conf/pkdd/NguyenCL24,2024,ECML/PKDD (5),inproceedings,Zero-cost Transition to Multi-document Processing in Summarization with Multi-Channel Attention.,Minh-Quang Nguyen|Duy-Cat Can|Hoang-Quynh Le
conf/pkdd/ShekharA18,2018,ECML/PKDD (1),inproceedings,Incorporating Privileged Information to Unsupervised Anomaly Detection.,Shubhranshu Shekhar|Leman Akoglu
conf/pkdd/NguyenTFB20,2020,IoT Streams/ITEM@PKDD/ECML,inproceedings,Challenges of Stream Learning for Predictive Maintenance in the Railway Sector.,Minh-Huong Le Nguyen|Fabien Turgis|Pierre-Emmanuel Fayemi|Albert Bifet
conf/pkdd/VeneriTGVL22,2022,PKDD/ECML Workshops (1),inproceedings,3D Detection of ALMA Sources Through Deep Learning.,Michele Delli Veneri|Lukasz Tychoniec|Fabrizia Guglielmetti|Eric Villard|Giuseppe Longo
conf/pkdd/AbayZKTS18,2018,ECML/PKDD (1),inproceedings,Privacy Preserving Synthetic Data Release Using Deep Learning.,Nazmiye Ceren Abay|Yan Zhou 0001|Murat Kantarcioglu|Bhavani Thuraisingham|Latanya Sweeney
conf/pkdd/HeremansV23,2023,PKDD/ECML Workshops (2),inproceedings,Explaining Uncertainty in AI for Clinical Decision Support Systems.,Elisabeth R. M. Heremans|Maarten De Vos
conf/pkdd/ZhouZ23,2023,ECML/PKDD (2),inproceedings,Make a Long Image Short: Adaptive Token Length for Vision Transformers.,Qiqi Zhou 0002|Yichen Zhu
conf/pkdd/SaltielBLA20,2020,MIDAS@PKDD/ECML,inproceedings,Trade Selection with Supervised Learning and Optimal Coordinate Ascent (OCA).,David Saltiel|Eric Benhamou|Rida Laraki|Jamal Atif
conf/pkdd/ZhuangH21,2021,ECML/PKDD (2),inproceedings,Non-exhaustive Learning Using Gaussian Mixture Generative Adversarial Networks.,Jun Zhuang 0004|Mohammad Al Hasan
conf/pkdd/HakertCC22,2022,ECML/PKDD (5),inproceedings,Immediate Split Trees: Immediate Encoding of Floating Point Split Values in Random Forests.,Christian Hakert|Kuan-Hsun Chen|Jian-Jia Chen
conf/pkdd/BaudeuWL22,2022,PKDD/ECML Workshops (1),inproceedings,Are SHAP Values Biased Towards High-Entropy Features?,Raphael Baudeu|Marvin N. Wright|Markus Loecher
conf/pkdd/EvansB22,2022,PKDD/ECML Workshops (1),inproceedings,A Reinforcement Learning Algorithm for Fair Electoral Redistricting in Parliamentary Systems.,Callum Evans|Hugo Barbosa
conf/pkdd/ChernyavskiyIN21,2021,ECML/PKDD (3),inproceedings,"Transformers: ""The End of History"" for Natural Language Processing?",Anton Chernyavskiy|Dmitry Ilvovsky|Preslav Nakov
conf/pkdd/XuQLZ24,2024,ECML/PKDD (4),inproceedings,Disentangled Representations for Continual Learning: Overcoming Forgetting and Facilitating Knowledge Transfer.,Zhaopeng Xu|Qi Qin|Bing Liu 0001|Dongyan Zhao 0001
conf/pkdd/ZhangWJJ19,2019,ECML/PKDD (1),inproceedings,Joint Multi-source Reduction.,Lei Zhang 0116|Shupeng Wang|Xin Jin|Siyu Jia
conf/pkdd/CuiXLSFG22,2022,ECML/PKDD (6),inproceedings,GALG: Linking Addresses in Tracking Ecosystem Using Graph Autoencoder with Link Generation.,Tianyu Cui|Gang Xiong 0001|Chang Liu 0049|Junzheng Shi|Peipei Fu|Gaopeng Gou
conf/pkdd/LiuLZ23,2023,ECML/PKDD (1),inproceedings,KESHEM: Knowledge Enabled Short Health Misinformation Detection Framework.,Fei Liu|Yibo Li|Meiyun Zuo
conf/pkdd/KohjimaMT18,2018,ECML/PKDD (2),inproceedings,Variational Bayes for Mixture Models with Censored Data.,Masahiro Kohjima|Tatsushi Matsubayashi|Hiroyuki Toda
conf/pkdd/BdeirFS22,2022,ECML/PKDD (6),inproceedings,"Attention, Filling in the Gaps for Generalization in Routing Problems.",Ahmad Bdeir|Jonas K. Falkner|Lars Schmidt-Thieme
conf/pkdd/SuryantoGVB19,2019,ECML/PKDD (3),inproceedings,Transfer Learning in Credit Risk.,Hendra Suryanto|Charles Guan|Andrew Voumard|Ghassan Beydoun
conf/pkdd/PandeyAHAA24,2024,ECML/PKDD (10),inproceedings,Advancing Solar Flare Prediction Using Deep Learning with Active Region Patches.,Chetraj Pandey|Temitope Adeyeha|Jinsu Hong|Rafal A. Angryk|Berkay Aydin
conf/pkdd/MinhasTWRR21,2021,PKDD/ECML Workshops (2),inproceedings,L,Fayyaz A. Minhas|Michael S. Toss|Noor ul Wahab|Emad Rakha|Nasir M. Rajpoot
conf/pkdd/SolansB020,2020,ECML/PKDD (1),inproceedings,Poisoning Attacks on Algorithmic Fairness.,David Solans|Battista Biggio|Carlos Castillo 0001
conf/pkdd/HuHSZR24,2024,ECML/PKDD (4),inproceedings,Cut-Stitch: A Simple and Effective Data Augmentation Method for Industrial Inspection.,Haigen Hu|Jingshan Hong|Kangkang Song|Jinwei Zhu|Weilun Ren
conf/pkdd/ZhaoWZZ23,2023,ECML/PKDD (4),inproceedings,Long-Tail Augmented Graph Contrastive Learning for Recommendation.,Qian Zhao 0021|Zhengwei Wu|Zhiqiang Zhang 0012|Jun Zhou 0011
conf/pkdd/BrinkmeyerDBS22,2022,ECML/PKDD (6),inproceedings,Few-Shot Forecasting of Time-Series with Heterogeneous Channels.,Lukas Brinkmeyer|Rafael R|Johannes Burchert|Lars Schmidt-Thieme
conf/pkdd/BelfodilBK18,2018,ECML/PKDD (2),inproceedings,Anytime Subgroup Discovery in Numerical Domains with Guarantees.,Aimene Belfodil|Adnene Belfodil|Mehdi Kaytoue
conf/pkdd/RahimianGBT22,2022,MLSA@PKDD/ECML,inproceedings,Let's Penetrate the Defense: A Machine Learning Model for Prediction and Valuation of Penetrative Passes.,Pegah Rahimian|Dayana Grayce da Silva Guerra Gomes|Fanni Berkovics|L
conf/pkdd/RoskamsHieterWW23,2023,ECML/PKDD (1),inproceedings,Leveraging Variational Autoencoders for Multiple Data Imputation.,Breeshey Roskams-Hieter|Jude Wells|Sara Wade
conf/pkdd/MengRQWXW24,2024,ECML/PKDD (8),inproceedings,Harnessing the Power of Prompt Experts: Efficient Knowledge Distillation for Enhanced Language Understanding.,Xv Meng|Jun Rao|Shuhan Qi|Lei Wang 0203|Jing Xiao 0006|Xuan Wang 0002
conf/pkdd/CouronneKZ20,2020,ECML/PKDD (5),inproceedings,"PrePeP: A Light-Weight, Extensible Tool for Predicting Frequent Hitters.",Christophe Couronne|Maksim Koptelov|Albrecht Zimmermann
conf/pkdd/BennequinBTTH21,2021,ECML/PKDD (1),inproceedings,Bridging Few-Shot Learning and Adaptation: New Challenges of Support-Query Shift.,Etienne Bennequin|Victor Bouvier|Myriam Tami|Antoine Toubhans|C
conf/pkdd/VlasselaerMV18,2018,ECML/PKDD (3),inproceedings,Towards Resource-Efficient Classifiers for Always-On Monitoring.,Jonas Vlasselaer|Wannes Meert|Marian Verhelst
conf/pkdd/DauxaisG18a,2018,MLSA@PKDD/ECML,inproceedings,Predicting Pass Receiver in Football Using Distance Based Features.,Yann Dauxais|Cl
conf/pkdd/WuH24,2024,ECML/PKDD (3),inproceedings,Selecting from Multiple Strategies Improves the Foreseeable Reasoning of Tool-Augmented Large Language Models.,Yongchao Wu|Aron Henriksson
conf/pkdd/WangCGS23,2023,ECML/PKDD (5),inproceedings,DualMatch: Robust Semi-supervised Learning with Dual-Level Interaction.,Cong Wang|Xiaofeng Cao|Lanzhe Guo|Zenglin Shi
conf/pkdd/YangLYGCH22,2022,ECML/PKDD (1),inproceedings,FastDEC: Clustering by Fast Dominance Estimation.,Geping Yang|Hongzhang Lv|Yiyang Yang|Zhiguo Gong|Xiang Chen 0007|Zhifeng Hao
conf/pkdd/0002LH23,2023,PKDD/ECML Workshops (5),inproceedings,Re-evaluating the Privacy Benefit of Federated Learning.,Mohamed Suliman 0002|Douglas J. Leith|Anisa Halimi
conf/pkdd/OchandoFH19,2019,PKDD/ECML Workshops (1),inproceedings,Automating Common Data Science Matrix Transformations.,Lidia Contreras Ochando|C|Jos
conf/pkdd/BonneauMM23,2023,PKDD/ECML Workshops (4),inproceedings,Addressing Limitations of TinyML Approaches for AI-Enabled Ambient Intelligence - Position Paper.,Antoine Bonneau|Fr|Fabien Mieyeville
conf/pkdd/HoreshHMRL19,2019,PKDD/ECML Workshops (1),inproceedings,Paired-Consistency: An Example-Based Model-Agnostic Approach to Fairness Regularization in Machine Learning.,Yair Horesh|Noa Haas|Elhanan Mishraky|Yehezkel S. Resheff|Shir Meir Lador
conf/pkdd/ManoharanRR20,2020,ECML/PKDD (2),inproceedings,Option Encoder: A Framework for Discovering a Policy Basis in Reinforcement Learning.,Arjun Manoharan|Rahul Ramesh|Balaraman Ravindran
conf/pkdd/LiLL21,2021,ECML/PKDD (4),inproceedings,Recognizing Skeleton-Based Hand Gestures by a Spatio-Temporal Network.,Xin Li 0164|Jun Liao 0001|Li Liu 0001
conf/pkdd/XiaTFF19,2019,ECML/PKDD (3),inproceedings,A Ranking Model Motivated by Nonnegative Matrix Factorization with Applications to Tennis Tournaments.,Rui Xia|Vincent Y. F. Tan|Louis Filstroff|C
conf/pkdd/PargeterBT24,2024,ECML/PKDD (7),inproceedings,CRISPert: A Transformer-Based Model for CRISPR-Cas Off-Target Prediction.,William Jobson Pargeter|Rolf Backofen|Van Dinh Tran
conf/pkdd/RappMFH21,2021,ECML/PKDD (3),inproceedings,Gradient-Based Label Binning in Multi-label Classification.,Michael Rapp|Eneldo Loza Menc|Johannes F|Eyke H
conf/pkdd/SerraoS18,2018,IAL@PKDD/ECML,inproceedings,Active Stream Learning with an Oracle of Unknown Availability for Sentiment Prediction.,Elson Serrao|Myra Spiliopoulou
conf/pkdd/ReyMKJH23,2023,ECML/PKDD (4),inproceedings,Equivariant Representation Learning in the Presence of Stabilizers.,Luis Armando P|Giovanni Luca Marchetti|Danica Kragic|Dmitri Jarnikov|Mike Holenderski
conf/pkdd/KovacsT21,2021,MLSA@PKDD/ECML,inproceedings,Predicting Player Transfers in the Small World of Football.,Roland Kovacs|L
conf/pkdd/LingCZ22,2022,ECML/PKDD (3),inproceedings,STGEN: Deep Continuous-Time Spatiotemporal Graph Generation.,Chen Ling 0003|Hengning Cao|Liang Zhao 0002
conf/pkdd/BeheraS20,2020,MLSA@PKDD/ECML,inproceedings,Stats Aren't Everything: Learning Strengths and Weaknesses of Cricket Players.,Swarup Ranjan Behera|Vijaya V. Saradhi
conf/pkdd/BaioumyLDH21,2021,PKDD/ECML Workshops (1),inproceedings,On Solving a Stochastic Shortest-Path Markov Decision Process as Probabilistic Inference.,Mohamed Baioumy|Bruno Lacerda|Paul Duckworth|Nick Hawes
conf/pkdd/ChenCZP22,2022,ECML/PKDD (2),inproceedings,The Burden of Being a Bridge: Analysing Subjective Well-Being of Twitter Users During the COVID-19 Pandemic.,Ninghan Chen|Xihui Chen|Zhiqiang Zhong 0001|Jun Pang 0001
conf/pkdd/AshiotisTCN22,2022,MACLEAN@PKDD/ECML,inproceedings,AI for Air Quality: Leveraging Data Fusion for Deep Downscaling of Atmospheric Pollutants.,Giannis Ashiotis|Evgenios Tsigkanos|Theodoros Christoudias|Mihalis A. Nicolaou
conf/pkdd/DagtekinD22,2022,MACLEAN@PKDD/ECML,inproceedings,Multimodal Approach to Early Detection of Harmful Algal Blooms.,Onatkut Dagtekin|Nina Dethlefs
conf/pkdd/Ren0AR23,2023,PKDD/ECML Workshops (4),inproceedings,TinyMetaFed: Efficient Federated Meta-learning for TinyML.,Haoyu Ren|Xue Li 0001|Darko Anicic|Thomas A. Runkler
conf/pkdd/RaflaVC23,2023,PKDD/ECML Workshops (4),inproceedings,A Parameter-Free Bayesian Framework for Uplift Modeling Application on Telecom Data.,Mina Rafla|Nicolas Voisine|Bruno Cr
conf/pkdd/BunseM21a,2021,IAL@PKDD/ECML,inproceedings,Active Class Selection with Uncertain Class Proportions.,Mirko Bunse|Katharina Morik
conf/pkdd/ZhouFZZDT23,2023,ECML/PKDD (6),inproceedings,Semi-Supervised Social Bot Detection with Initial Residual Relation Attention Networks.,Ming Zhou 0004|Wenzheng Feng|Yifan Zhu 0001|Dan Zhang|Yuxiao Dong|Jie Tang 0001
conf/pkdd/MullerR19,2019,PKDD/ECML Workshops (2),inproceedings,Selected Approaches Ranking Contextual Term for the BioASQ Multi-label Classification (Task6a and 7a).,Bernd M|Dietrich Rebholz-Schuhmann
conf/pkdd/BitewDDD23,2023,PKDD/ECML Workshops (2),inproceedings,Distractor Generation for Multiple-Choice Questions with Predictive Prompting and Large Language Models.,Semere Kiros Bitew|Johannes Deleu|Chris Develder|Thomas Demeester
conf/pkdd/ChengXLLLL23,2023,ECML/PKDD (1),inproceedings,Learning Conditional Instrumental Variable Representation for Causal Effect Estimation.,Debo Cheng|Ziqi Xu 0001|Jiuyong Li|Lin Liu 0003|Thuc Duy Le|Jixue Liu
conf/pkdd/ZhaoS23,2023,ECML/PKDD (6),inproceedings,Graph-Enhanced Multi-Activity Knowledge Tracing.,Siqian Zhao|Shaghayegh Sahebi
conf/pkdd/AtashgahiPVM24,2024,ECML/PKDD (1),inproceedings,Adaptive Sparsity Level During Training for Efficient Time Series Forecasting with Transformers.,Zahra Atashgahi|Mykola Pechenizkiy|Raymond N. J. Veldhuis|Decebal Constantin Mocanu
conf/pkdd/YangDGX20,2020,ECML/PKDD (2),inproceedings,Metric Learning for Categorical and Ambiguous Features: An Adversarial Method.,Xiaochen Yang|Mingzhi Dong|Yiwen Guo|Jing-Hao Xue
conf/pkdd/TeixeiraN023,2023,PKDD/ECML Workshops (2),inproceedings,Fairness Analysis in Causal Models: An Application to Public Procurement.,S|Ana Rita Nogueira|Jo
conf/pkdd/LiKW21,2021,ECML/PKDD (2),inproceedings,Beyond Low-Pass Filters: Adaptive Feature Propagation on Graphs.,Shouheng Li|Dongwoo Kim 0002|Qing Wang 0002
conf/pkdd/LiaoL21,2021,ECML/PKDD (1),inproceedings,High-Probability Kernel Alignment Regret Bounds for Online Kernel Selection.,Shizhong Liao|Junfan Li
conf/pkdd/Kathirgamanathan20,2020,AALTD@PKDD/ECML,inproceedings,A Feature Selection Method for Multi-dimension Time-Series Data.,Bahavathy Kathirgamanathan|P
conf/pkdd/DaveH19,2019,ECML/PKDD (1),inproceedings,Triangle Completion Time Prediction Using Time-Conserving Embedding.,Vachik S. Dave|Mohammad Al Hasan
conf/pkdd/OforiBoatengGCG24,2024,ECML/PKDD (5),inproceedings,Graphical Model-Based Lasso for Weakly Dependent Time Series of Tensors.,Dorcas Ofori-Boateng|Jaidev Goel|Ivor Cribben|Yulia R. Gel
conf/pkdd/SchlauchWK23,2023,ECML/PKDD (5),inproceedings,Informed Priors for Knowledge Integration in Trajectory Prediction.,Christian Schlauch|Christian Wirth 0001|Nadja Klein
conf/pkdd/WangWSDT19,2019,PKDD/ECML Workshops (1),inproceedings,Improving GP-UCB Algorithm by Harnessing Decomposed Feedback.,Kai Wang 0040|Bryan Wilder|Sze-Chuan Suen|Bistra Dilkina|Milind Tambe
conf/pkdd/KellermeierRK19,2019,MIDAS@PKDD,inproceedings,Mining Business Relationships from Stocks and News.,Thomas Kellermeier|Tim Repke|Ralf Krestel
conf/pkdd/ZhangRF22,2022,ECML/PKDD (3),inproceedings,PRoA: A Probabilistic Robustness Assessment Against Functional Perturbations.,Tianle Zhang|Wenjie Ruan|Jonathan E. Fieldsend
conf/pkdd/CoraniBZ21,2021,ECML/PKDD (4),inproceedings,Time Series Forecasting with Gaussian Processes Needs Priors.,Giorgio Corani|Alessio Benavoli|Marco Zaffalon
conf/pkdd/BoomLVD19,2019,PKDD/ECML Workshops (2),inproceedings,"Rhythm, Chord and Melody Generation for Lead Sheets Using Recurrent Neural Networks.",Cedric De Boom|Stephanie Van Laere|Tim Verbelen|Bart Dhoedt
conf/pkdd/RahmanBNPS18,2018,ECML/PKDD (3),inproceedings,Learning Tensor-Based Representations from Brain-Computer Interface Data for Cybersecurity.,Md. Lutfor Rahman|Sharmistha Bardhan|Ajaya Neupane|Evangelos E. Papalexakis|Chengyu Song
conf/pkdd/SadeghiCGL21,2021,ECML/PKDD (2),inproceedings,Embedding Knowledge Graphs Attentive to Positional and Centrality Qualities.,Afshin Sadeghi|Diego Collarana|Damien Graux|Jens Lehmann 0001
conf/pkdd/GeZSV23,2023,PKDD/ECML Workshops (4),inproceedings,Modeling and Detecting Urinary Anomalies in Seniors from Data Obtained by Unintrusive Sensors.,Yueyi Ge|Ingrid Zukerman|Mahsa Salehi|Mor Vered
conf/pkdd/ZhangYSL21,2021,ECML/PKDD (3),inproceedings,NA-Aware Machine Reading Comprehension for Document-Level Relation Extraction.,Zhenyu Zhang 0006|Bowen Yu 0002|Xiaobo Shu|Tingwen Liu
conf/pkdd/AryalW21,2021,ECML/PKDD (1),inproceedings,Ensemble of Local Decision Trees for Anomaly Detection in Mixed Data.,Sunil Aryal|Jonathan R. Wells
conf/pkdd/PiatkowskiM24,2024,ECML/PKDD (8),inproceedings,Real-Part Quantum Support Vector Machines.,Nico Piatkowski|Sascha M
conf/pkdd/PatraconeVMGHC24,2024,ECML/PKDD (4),inproceedings,A Theoretically Grounded Extension of Universal Attacks from the Attacker's Viewpoint.,Jordan Patracone|Paul Viallard|Emilie Morvant|Gilles Gasso|Amaury Habrard|St
conf/pkdd/0009LS22,2022,PKDD/ECML Workshops (1),inproceedings,Enhancing Energy-Efficiency by Solving the Throughput Bottleneck of LSTM Cells for Embedded FPGAs.,Chao Qian 0009|Tianheng Ling|Gregor Schiele
conf/pkdd/KobsPWZ0H20,2020,ChAT@PKDD/ECML,inproceedings,Towards Predicting the Subscription Status of Twitch.tv Users - ECML-PKDD ChAT Discovery Challenge 2020.,Konstantin Kobs|Martin Potthast|Matti Wiegmann|Albin Zehe|Benno Stein 0001|Andreas Hotho
conf/pkdd/BrahemZYH19,2019,MASTER@PKDD/ECML,inproceedings,Prospective Data Model and Distributed Query Processing for Mobile Sensing Data Streams.,Mariem Brahem|Karine Zeitouni|Laurent Yeh|Hafsa El Hafyani
conf/pkdd/CooperDB21,2021,PKDD/ECML Workshops (2),inproceedings,Supervised Clustering for Subgroup Discovery: An Application to COVID-19 Symptomatology.,Aidan Cooper|Orla M. Doyle|Alison Bourke
conf/pkdd/GrariHLD21,2021,ECML/PKDD (2),inproceedings,Learning Unbiased Representations via R,Vincent Grari|Oualid El Hajouji|Sylvain Lamprier|Marcin Detyniecki
conf/pkdd/Lemmerich018,2018,ECML/PKDD (3),inproceedings,pysubgroup: Easy-to-Use Subgroup Discovery in Python.,Florian Lemmerich|Martin Becker 0003
conf/pkdd/LehembreCCOZ23,2023,PKDD/ECML Workshops (3),inproceedings,Wave Top-k Random-d Family Search: How to Guide an Expert in a Structured Pattern Space.,Etienne Lehembre|Bruno Cr|Bertrand Cuissart|Abdelkader Ouali|Albrecht Zimmermann
conf/pkdd/AmekoeALDJ23,2023,PKDD/ECML Workshops (3),inproceedings,A New Class of Intelligible Models for Tabular Learning.,Kodjo Mawuena Amekoe|Hanane Azzag|Mustapha Lebbah|Zaineb Chelly Dagdia|Gregoire Jaffre
conf/pkdd/ChenJG23,2023,ECML/PKDD (5),inproceedings,H,Yuzhou Chen|Tian Jiang|Yulia R. Gel
conf/pkdd/LeeHSG18,2018,ECML/PKDD (3),inproceedings,Machine Learning for Targeted Assimilation of Satellite Data.,Yu-Ju Lee|David Hall|Jebb Q. Stewart|Mark Govett
conf/pkdd/ChenWM24,2024,ECML/PKDD (7),inproceedings,Understanding Domain-Size Generalization in Markov Logic Networks.,Florian Chen|Felix Weitk|Sagar Malhotra
conf/pkdd/RahmanWKK21,2021,PKDD/ECML Workshops (2),inproceedings,A Stacked Bidirectional LSTM Model for Classifying Source Codes Built in MPLs.,Md. Mostafizer Rahman|Yutaka Watanobe|Rage Uday Kiran|Raihan Kabir
conf/pkdd/TavazziRVC23,2023,PKDD/ECML Workshops (4),inproceedings,Investigating the Dynamics of Cardio-Metabolic Comorbidities and Their Interactions in Ageing Adults Through Dynamic Bayesian Networks.,Erica Tavazzi|Chiara Roversi|Martina Vettoretti|Barbara Di Camillo
conf/pkdd/TeferaMLK20,2020,IoT Streams/ITEM@PKDD/ECML,inproceedings,Unsupervised Machine Learning Methods to Estimate a Health Indicator for Condition Monitoring Using Acoustic and Vibration Signals: A Comparison Based on a Toy Data Set from a Coffee Vending Machine.,Yonas Y. Tefera|Maarten Meire|Stijn Luca|Peter Karsmakers
conf/pkdd/Al-EssaAAM23,2023,PKDD/ECML Workshops (3),inproceedings,Striving for Simplicity in Deep Neural Models Trained for Malware Detection.,Malik Al-Essa|Giuseppina Andresini|Annalisa Appice|Donato Malerba
conf/pkdd/ZhangWG20,2020,ECML/PKDD (2),inproceedings,"Deep Learning, Grammar Transfer, and Transportation Theory.",Kaixuan Zhang|Qinglong Wang 0003|C. Lee Giles
conf/pkdd/KisamoriYKT20,2020,ECML/PKDD (5),inproceedings,Model Bridging: Connection Between Simulation Model and Neural Network.,Keiichi Kisamori|Keisuke Yamazaki|Yuto Komori|Hiroshi Tokieda
conf/pkdd/BellomariniMNS20,2020,MIDAS@PKDD/ECML,inproceedings,Neither in the Programs Nor in the Data: Mining the Hidden Financial Knowledge with Knowledge Graphs and Reasoning.,Luigi Bellomarini|Davide Magnanimi|Markus Nissl|Emanuel Sallinger
conf/pkdd/RieberF20,2020,IoT Streams/ITEM@PKDD/ECML,inproceedings,Search Space Complexity of Iteration Domain Based Instruction Embedding for Deep Learning Accelerators.,Dennis Rieber|Holger Fr
conf/pkdd/AliVSD019,2019,PKDD/ECML Workshops (1),inproceedings,Improving Access to Science for Social Good.,Mehdi Ali|Sahar Vahdati|Shruti Singh|Sourish Dasgupta|Jens Lehmann 0001
conf/pkdd/SongXAWLV23,2023,ECML/PKDD (3),inproceedings,Distinct Geometrical Representations for Temporal and Relational Structures in Knowledge Graphs.,Bowen Song|Chengjin Xu|Kossi Amouzouvi|Maocai Wang|Jens Lehmann 0001|Sahar Vahdati
conf/pkdd/Guijo-RubioGBH20,2020,AALTD@PKDD/ECML,inproceedings,Ordinal Versus Nominal Time Series Classification.,David Guijo-Rubio|Pedro Antonio Guti|Anthony J. Bagnall|C
conf/pkdd/FanPSYC24,2024,ECML/PKDD (5),inproceedings,LATuner: An LLM-Enhanced Database Tuning System Based on Adaptive Surrogate Model.,Chong-Jiong Fan|Zhicheng Pan|Wenwen Sun|Chengcheng Yang|Wei-Neng Chen
conf/pkdd/BittnerHES23,2023,PKDD/ECML Workshops (3),inproceedings,Explainable Long and Short-Term Pattern Detection in Projected Sequential Data.,Matthias Bittner|Andreas P. Hinterreiter|Klaus Eckelt|Marc Streit
conf/pkdd/XiaoWLWSZ24,2024,ECML/PKDD (2),inproceedings,Simple Graph Condensation.,Zhenbang Xiao|Yu Wang 0176|Shunyu Liu 0001|Huiqiong Wang|Mingli Song|Tongya Zheng
conf/pkdd/AlshehriSKRDO22,2022,ECML/PKDD (2),inproceedings,MultiLayerET: A Unified Representation of Entities and Topics Using Multilayer Graphs.,Jumanah Alshehri|Marija Stanojevic|Parisa Khan|Benjamin Rapp|Eduard C. Dragut|Zoran Obradovic
conf/pkdd/ChenDTZW20,2020,ECML/PKDD (2),inproceedings,Unsupervised Domain Adaptation with Joint Domain-Adversarial Reconstruction Networks.,Qian Chen|Yuntao Du 0001|Zhiwen Tan|Yi Zhang 0073|Chongjun Wang
conf/pkdd/ForouzeshT21,2021,ECML/PKDD (2),inproceedings,Disparity Between Batches as a Signal for Early Stopping.,Mahsa Forouzesh|Patrick Thiran
conf/pkdd/LindstromJCL20,2020,MLSA@PKDD/ECML,inproceedings,Predicting Player Trajectories in Shot Situations in Soccer.,Per Lindstr|Ludwig Jacobsson|Niklas Carlsson|Patrick Lambrix
conf/pkdd/OchandoFHMRK19a,2019,ECML/PKDD (3),inproceedings,BK-ADAPT: Dynamic Background Knowledge for Automating Data Transformation.,Lidia Contreras Ochando|C|Jos|Fernando Mart|Mar|Susumu Katayama
conf/pkdd/KacupajPSLM21,2021,ECML/PKDD (3),inproceedings,VOGUE: Answer Verbalization Through Multi-Task Learning.,Endri Kacupaj|Shyamnath Premnadh|Kuldeep Singh 0001|Jens Lehmann 0001|Maria Maleshkova
conf/pkdd/DierckxDS22,2022,PKDD/ECML Workshops (2),inproceedings,Towards Data-Driven Volatility Modeling with Variational Autoencoders.,Thomas Dierckx|Jesse Davis|Wim Schoutens
conf/pkdd/OliveiraRPPRM20,2020,ECML/PKDD (5),inproceedings,Explaining End-to-End ECG Automated Diagnosis Using Contextual Features.,Derick M. de Oliveira|Ant|Jo|Gabriela M. M. Paix|Wagner Meira Jr.
conf/pkdd/RibeiroMDAV022,2022,PKDD/ECML Workshops (2),inproceedings,Online Anomaly Explanation: A Case Study on Predictive Maintenance.,Rita P. Ribeiro|Saulo Martiello Mastelini|Narjes Davari|Ehsan Aminian|Bruno Veloso|Jo
conf/pkdd/GuyomardFBG21,2021,PKDD/ECML Workshops (1),inproceedings,Post-hoc Counterfactual Generation with Supervised Autoencoder.,Victor Guyomard|Fran|Tassadit Bouadi|Thomas Guyet
conf/pkdd/NinniriPB24,2024,ECML/PKDD (4),inproceedings,Classifier-Free Graph Diffusion for Molecular Property Targeting.,Matteo Ninniri|Marco Podda|Davide Bacciu
conf/pkdd/0005TB19,2019,PKDD/ECML Workshops (2),inproceedings,Can Twitter Help to Predict Outcome of 2019 Indian General Election: A Deep Learning Based Study.,Amit Agarwal 0005|Durga Toshniwal|Jatin Bedi
conf/pkdd/TegenDP20,2020,IAL@PKDD/ECML,inproceedings,The Effects of Reluctant and Fallible Users in Interactive Online Machine Learning.,Agnes Tegen|Paul Davidsson|Jan A. Persson
conf/pkdd/ZhaoZLJZ23,2023,ECML/PKDD (2),inproceedings,Voting from Nearest Tasks: Meta-Vote Pruning of Pre-trained Models for Downstream Tasks.,Haiyan Zhao|Tianyi Zhou 0001|Guodong Long|Jing Jiang 0002|Chengqi Zhang
conf/pkdd/MirylenkaSMA19,2019,PKDD/ECML Workshops (2),inproceedings,Linking IT Product Records.,Katsiaryna Mirylenka|Paolo Scotton|Christoph Miksovic|Salah-Eddine Bariol Alaoui
conf/pkdd/AliFW24,2024,ECML/PKDD (3),inproceedings,Estimating Direct and Indirect Causal Effects of Spatiotemporal Interventions in Presence of Spatial Interference.,Sahara Ali|Omar Faruque|Jianwu Wang 0001
conf/pkdd/PinxterenFC22,2022,PKDD/ECML Workshops (1),inproceedings,RangeGrad: Explaining Neural Networks by Measuring Uncertainty Through Bound Propagation.,Sam Pinxteren|Marco Favier|Toon Calders
conf/pkdd/WohlkeSH23,2023,ECML/PKDD (4),inproceedings,Learning Hierarchical Planning-Based Policies from Offline Data.,Jan W|Felix Schmitt 0001|Herke van Hoof
conf/pkdd/ChungCWHG24,2024,ECML/PKDD (4),inproceedings,Novel Node Category Detection Under Subpopulation Shift.,Hsing-Huan Chung|Shravan Chaudhari|Yoav Wald|Xing Han|Joydeep Ghosh
conf/pkdd/GilhuberBM022,2022,IAL@PKDD/ECML,inproceedings,Accelerating Diversity Sampling for Deep Active Learning By Low-Dimensional Representations.,Sandra Gilhuber|Max Berrendorf|Yunpu Ma|Thomas Seidl 0001
conf/pkdd/SechidisPNW019,2019,ECML/PKDD (1),inproceedings,On the Stability of Feature Selection in the Presence of Feature Correlations.,Konstantinos Sechidis|Konstantinos Papangelou|Sarah Nogueira|James Weatherall|Gavin Brown 0001
conf/pkdd/ArnaudoBM023,2023,PKDD/ECML Workshops (3),inproceedings,Robust Burned Area Delineation Through Multitask Learning.,Edoardo Arnaudo|Luca Barco|Matteo Merlo|Claudio Rossi 0003
conf/pkdd/VahidiWGBHR24,2024,ECML/PKDD (1),inproceedings,Diversified Ensemble of Independent Sub-networks for Robust Self-supervised Representation Learning.,Amihossein Vahidi|Lisa Wimmer|H|Bernd Bischl|Eyke H|Mina Rezaei
conf/pkdd/KozodoiKLMP19,2019,ECML/PKDD (3),inproceedings,Shallow Self-learning for Reject Inference in Credit Scoring.,Nikita Kozodoi|Panagiotis Katsas|Stefan Lessmann|Lu|Konstantinos Papakonstantinou
conf/pkdd/HeCZLHN18,2018,ECML/PKDD (3),inproceedings,PBE: Driver Behavior Assessment Beyond Trajectory Profiling.,Bing He 0002|Xiaolin Chen|Dian Zhang 0001|Siyuan Liu 0001|Dawei Han|Lionel M. Ni
conf/pkdd/NentidisBKP19,2019,PKDD/ECML Workshops (2),inproceedings,Results of the Seventh Edition of the BioASQ Challenge.,Anastasios Nentidis|Konstantinos Bougiatiotis|Anastasia Krithara|Georgios Paliouras
conf/pkdd/YangLMHRS22,2022,ECML/PKDD (3),inproceedings,Rethinking the Misalignment Problem in Dense Object Detection.,Yang Yang 0087|Min Li|Bo Meng 0006|Zihao Huang 0007|Junxing Ren|Degang Sun
conf/pkdd/BenhamouSTBCG21,2021,PKDD/ECML Workshops (2),inproceedings,Adaptive Supervised Learning for Financial Markets Volatility Targeting Models.,Eric Benhamou|David Saltiel|Serge Tabachnik|Corentin Bourdeix|Fran|Beatrice Guez
conf/pkdd/CeciIP20,2020,PKDD/ECML Workshops,inproceedings,Leveraging Multi-target Regression for Predicting the Next Parallel Activities in Event Logs.,Michelangelo Ceci|Angelo Impedovo|Antonio Pellicani
conf/pkdd/FolinoFGP20,2020,PKDD/ECML Workshops,inproceedings,A Multi-view Ensemble of Deep Models for the Detection of Deviant Process Instances.,Francesco Folino|Gianluigi Folino|Massimo Guarascio 0001|Luigi Pontieri
conf/pkdd/BeckerB23,2023,PKDD/ECML Workshops (1),inproceedings,Shapley-Based Feature Selection for Online Algorithm Selection.,Patrick Becker|Viktor Bengs
conf/pkdd/SchusterWV24,2024,ECML/PKDD (2),inproceedings,Data is Moody: Discovering Data Modification Rules from Process Event Logs.,Marco Bjarne Schuster|Boris Wiegand|Jilles Vreeken
conf/pkdd/CapdevilaCTPB18,2018,ECML/PKDD (2),inproceedings,A Left-to-Right Algorithm for Likelihood Estimation in Gamma-Poisson Factor Analysis.,Joan Capdevila|Jes|Jordi Torres|Fran|Wray L. Buntine
conf/pkdd/GorrecMDK019,2019,ECML/PKDD (1),inproceedings,Uncovering Hidden Block Structure for Clustering.,Luce le Gorrec|Sandrine Mouysset|Iain S. Duff|Philip A. Knight|Daniel Ruiz 0002
conf/pkdd/FiciuLP23,2023,PKDD/ECML Workshops (1),inproceedings,"Automated Discovery of Trade-Off Between Utility, Privacy and Fairness in Machine Learning Models.",Bogdan Ficiu|Neil D. Lawrence|Andrei Paleyes
conf/pkdd/TelukuntaN23,2023,PKDD/ECML Workshops (1),inproceedings,Towards Inclusive Fairness Evaluation via Eliciting Disagreement Feedback from Non-expert Stakeholders.,Mukund Telukunta|Venkata Sriram Siddhardh Nadendla
conf/pkdd/YangDLSNZ24,2024,ECML/PKDD (1),inproceedings,A Mathematics Framework of Artificial Shifted Population Risk and Its Further Understanding Related to Consistency Regularization.,Xiliang Yang|Shenyang Deng|Shicong Liu|Yuanchi Suo|Wing W. Y. Ng|Jianjun Zhang 0004
conf/pkdd/ChenLLS23,2023,ECML/PKDD (6),inproceedings,F-3DNet: Leveraging Inner Order of Point Clouds for 3D Object Detection.,Ying Chen|Rui Liu|Zhihui Li 0001|Andy Song
conf/pkdd/Fournier-VigerN21,2021,PKDD/ECML Workshops (2),inproceedings,Machine Learning for Intelligent Industrial Design.,Philippe Fournier-Viger|M. Saqib Nawaz|Wei Song 0004|Wensheng Gan
conf/pkdd/NehemyaMSE21,2021,ECML/PKDD (4),inproceedings,Taking over the Stock Market: Adversarial Perturbations Against Algorithmic Traders.,Elior Nehemya|Yael Mathov|Asaf Shabtai|Yuval Elovici
conf/pkdd/HessD19,2019,ECML/PKDD (1),inproceedings,k Is the Magic Number - Inferring the Number of Clusters Through Nonparametric Concentration Inequalities.,Sibylle Hess|Wouter Duivesteijn
conf/pkdd/IzbickiS19a,2019,ECML/PKDD (2),inproceedings,Distributed Learning of Non-convex Linear Models with One Round of Communication.,Mike Izbicki|Christian R. Shelton
conf/pkdd/PaulKSFHW23,2023,PKDD/ECML Workshops (4),inproceedings,Reinforcement Learning for Segmented Manufacturing.,Nathalie Paul|Alexander Kister|Thorben Schnellhardt|Maximilian Fetz|Dirk Hecker|Tim Wirtz
conf/pkdd/RhuggenaathCZAK20,2020,ECML/PKDD (2),inproceedings,Low-Regret Algorithms for Strategic Buyers with Unknown Valuations in Repeated Posted-Price Auctions.,Jason Rhuggenaath|Paulo Roberto de Oliveira da Costa|Yingqian Zhang 0001|Alp Akcay|Uzay Kaymak
conf/pkdd/KhandelwalDB20,2020,ECML/PKDD (1),inproceedings,Predicting Future Classifiers for Evolving Non-linear Decision Boundaries.,Kanishka Khandelwal|Devendra Dhaka|Vivek Barsopia
conf/pkdd/CatalinaAD18,2018,DARE@PKDD/ECML,inproceedings,Fused Lasso Dimensionality Reduction of Highly Correlated NWP Features.,Alejandro Catalina|Carlos M. Ala|Jos
conf/pkdd/AubretMH20,2020,ECML/PKDD (2),inproceedings,ELSIM: End-to-End Learning of Reusable Skills Through Intrinsic Motivation.,Arthur Aubret|La|Salima Hassas
conf/pkdd/RobertiBCG19,2019,ECML/PKDD (2),inproceedings,Copy Mechanism and Tailored Training for Character-Based Data-to-Text Generation.,Marco Roberti|Giovanni Bonetta|Rossella Cancelliere|Patrick Gallinari
conf/pkdd/HusterCC18,2018,Nemesis/UrbReas/SoGood/IWAISe/GDM@PKDD/ECML,inproceedings,Limitations of the Lipschitz Constant as a Defense Against Adversarial Examples.,Todd Huster|Cho-Yu Jason Chiang|Ritu Chadha
conf/pkdd/BonettiMR24,2024,ECML/PKDD (6),inproceedings,Interpetable Target-Feature Aggregation for Multi-task Learning Based on Bias-Variance Analysis.,Paolo Bonetti|Alberto Maria Metelli|Marcello Restelli
conf/pkdd/ShiC21,2021,ECML/PKDD (4),inproceedings,The Limit Order Book Recreation Model (LOBRM): An Extended Analysis.,Zijian Shi|John Cartlidge
conf/pkdd/BusathMP20,2020,PKDD/ECML Workshops,inproceedings,Group-Specific Training Data.,Ben Busath|Jalen Morgan|Joseph Price
conf/pkdd/ChenTNILC21,2021,PKDD/ECML Workshops (1),inproceedings,Using Explainable Boosting Machines (EBMs) to Detect Common Flaws in Data.,Zhi Chen 0009|Sarah Tan|Harsha Nori|Kori Inkpen|Yin Lou|Rich Caruana
conf/pkdd/WoonAE18,2018,DARE@PKDD/ECML,inproceedings,Intelligent Monitoring of Transformer Insulation Using Convolutional Neural Networks.,Wei Lee Woon|Zeyar Aung|Ayman H. El-Hag
conf/pkdd/PaprejaVP19,2019,PKDD/ECML Workshops (2),inproceedings,"Representation, Exploration and Recommendation of Playlists.",Piyush Papreja|Hemanth Venkateswara|Sethuraman Panchanathan
conf/pkdd/WinkelSSS22,2022,ECML/PKDD (6),inproceedings,Risk-Aware Reinforcement Learning for Multi-Period Portfolio Selection.,David Winkel|Niklas Strau|Matthias Schubert|Thomas Seidl 0001
conf/pkdd/NgoGGLLM18,2018,Nemesis/UrbReas/SoGood/IWAISe/GDM@PKDD/ECML,inproceedings,Extending Support Vector Regression to Constraint Optimization: Application to the Reduction of Potentially Avoidable Hospitalizations.,Tu Ngo|Vera Georgescu|Carmen Gervet|Anne Laurent|Th|Gr
conf/pkdd/SunYZ23,2023,ECML/PKDD (4),inproceedings,NKFAC: A Fast and Stable KFAC Optimizer for Deep Neural Networks.,Ying Sun|Hongwei Yong|Lei Zhang 0006
conf/pkdd/ZuoZT19,2019,ECML/PKDD (3),inproceedings,ISETS: Incremental Shapelet Extraction from Time Series Stream.,Jingwei Zuo|Karine Zeitouni|Yehia Taher
conf/pkdd/GilhuberBMS24,2024,ECML/PKDD (3),inproceedings,FALCUN: A Simple and Efficient Deep Active Learning Strategy.,Sandra Gilhuber|Anna Beer 0001|Yunpu Ma|Thomas Seidl 0001
conf/pkdd/AluruMS020,2020,ECML/PKDD (5),inproceedings,A Deep Dive into Multilingual Hate Speech Classification.,Sai Saketh Aluru|Binny Mathew|Punyajoy Saha|Animesh Mukherjee 0001
conf/pkdd/ChenZYM22,2022,ECML/PKDD (1),inproceedings,Automated Cancer Subtyping via Vector Quantization Mutual Information Maximization.,Zheng Chen 0012|Lingwei Zhu|Ziwei Yang 0002|Takashi Matsubara 0001
conf/pkdd/LiuWDL24,2024,ECML/PKDD (10),inproceedings,Job Title Prediction as a Dual Task of Expertise Prediction in Open Source Software.,Xin Liu 0151|Yu Wang|Qiwen Dong|Xuesong Lu
conf/pkdd/BonnierB23,2023,PKDD/ECML Workshops (4),inproceedings,Harnessing Error Patterns to Estimate Out-of-Distribution Performance.,Thomas Bonnier|Benjamin Bosch
conf/pkdd/RoijersZLRBN20,2020,ECML/PKDD (3),inproceedings,Interactive Multi-objective Reinforcement Learning in Multi-armed Bandits with Gaussian Process Utility Models.,Diederik M. Roijers|Luisa M. Zintgraf|Pieter Libin|Mathieu Reymond|Eugenio Bargiacchi|Ann Now
conf/pkdd/YuLXSZL21,2021,ECML/PKDD (5),inproceedings,MMNet: Multi-granularity Multi-mode Network for Item-Level Share Rate Prediction.,Haomin Yu|Mingfei Liang|Ruobing Xie|Zhenlong Sun|Bo Zhang 0056|Leyu Lin
conf/pkdd/MullerLRRIL19,2019,PKDD/ECML Workshops (2),inproceedings,Soccer Team Vectors.,Robert M|Stefan Langer|Fabian Ritz|Christoph Roch|Steffen Illium|Claudia Linnhoff-Popien
conf/pkdd/HsuNR18,2018,ECML/PKDD (2),inproceedings,Hyperparameter Learning for Conditional Kernel Mean Embeddings with Rademacher Complexity Bounds.,Kelvin Hsu|Richard Nock|Fabio Ramos 0001
conf/pkdd/FarruqueZG19,2019,ECML/PKDD (3),inproceedings,Augmenting Semantic Representation of Depressive Language: From Forums to Microblogs.,Nawshad Farruque|Osmar R. Za|Randy Goebel
conf/pkdd/DuLYJW22,2022,ECML/PKDD (1),inproceedings,InCo: Intermediate Prototype Contrast for Unsupervised Domain Adaptation.,Yuntao Du 0001|Hongtao Luo|Haiyang Yang|Juan Jiang|Chongjun Wang
conf/pkdd/WeeraddanaKOWC20,2020,ECML/PKDD (5),inproceedings,Energy Consumption Forecasting Using a Stacked Nonparametric Bayesian Approach.,Dilusha Weeraddana|Nguyen Lu Dang Khoa|Lachlan O'Neil|Weihong Wang|Chen Cai
conf/pkdd/JagerMPLSS19,2019,ECML/PKDD (2),inproceedings,Deep Eyedentification: Biometric Identification Using Micro-movements of the Eye.,Lena A. J|Silvia Makowski|Paul Prasse|Sascha Liehr|Maximilian Seidler|Tobias Scheffer
conf/pkdd/ZhaoZL22,2022,ECML/PKDD (4),inproceedings,Hierarchical Unimodal Bandits.,Tianchi Zhao|Chicheng Zhang|Ming Li
conf/pkdd/HoangLLN24,2024,ECML/PKDD (5),inproceedings,Semi-automated Construction of Complex Knowledge Base Question Answering Dataset Using Large Language Model.,Lily Hoang|Fiona Liausvia|Yan Liu|Thanh-Son Nguyen
conf/pkdd/RichardMHMV20,2020,ECML/PKDD (1),inproceedings,Unsupervised Multi-source Domain Adaptation for Regression.,Guillaume Richard|Antoine de Mathelin|Georges H|Mathilde Mougeot|Nicolas Vayatis
conf/pkdd/NedelkoskiBACK20,2020,ECML/PKDD (4),inproceedings,Self-supervised Log Parsing.,Sasho Nedelkoski|Jasmin Bogatinovski|Alexander Acker|Jorge Cardoso 0001|Odej Kao
conf/pkdd/GiaiPT22,2022,PKDD/ECML Workshops (1),inproceedings,"Multi-modal Terminology Management - Corpora, Data Models, and Implementations in TermStar.",Enrico Giai|Nicola Poeta|David Turnbull
conf/pkdd/HubacekSZ18a,2018,MLSA@PKDD/ECML,inproceedings,Deep Learning from Spatial Relations for Soccer Pass Prediction.,Ondrej Hub|Gustav Sourek|Filip Zelezn
conf/pkdd/YuWC19,2019,AALTD@PKDD/ECML,inproceedings,Modelling Patient Sequences for Rare Disease Detection with Semi-supervised Generative Adversarial Nets.,Kezi Yu|Yunlong Wang 0001|Yong Cai 0001
conf/pkdd/FernandoDSF18,2018,ECML/PKDD (1),inproceedings,Pedestrian Trajectory Prediction with Structured Memory Hierarchies.,Tharindu Fernando|Simon Denman|Sridha Sridharan|Clinton Fookes
conf/pkdd/IzbickiS19,2019,PKDD/ECML Workshops (1),inproceedings,Distributed Learning of Neural Networks with One Round of Communication.,Mike Izbicki|Christian R. Shelton
conf/pkdd/FanSN22,2022,PKDD/ECML Workshops (2),inproceedings,Incorporating Physics-Based Models into Data Driven Approaches for Air Leak Detection in City Buses.,Yuantao Fan|Hamid Sarmadi|Slawomir Nowaczyk
conf/pkdd/WangW24,2024,ECML/PKDD (3),inproceedings,ApmNet: Toward Generalizable Visual Continuous Control with Pre-trained Image Models.,Haitao Wang 0026|Hejun Wu
conf/pkdd/BaharloueiRTT22,2022,PKDD/ECML Workshops (2),inproceedings,I-CONVEX: Fast and Accurate de Novo Transcriptome Recovery from Long Reads.,Sina Baharlouei|Meisam Razaviyayn|Elizabeth Tseng|David Tse
conf/pkdd/KukushkinBS24,2024,ECML/PKDD (10),inproceedings,BiCAE - A Bimodal Convolutional Autoencoder for Seed Purity Testing.,Maksim Kukushkin|Martin Bogdan|Thomas Schmid 0003
conf/pkdd/RestaAFA19,2019,PKDD/ECML Workshops (2),inproceedings,Transformer Models for Question Answering at BioASQ 2019.,Michele Resta|Daniele Arioli|Alessandro Fagnani|Giuseppe Attardi
conf/pkdd/HoreninMKKKC24,2024,ECML/PKDD (10),inproceedings,Machine Learning Based Tool for Automated Sperm Cell Tracking and Sperm Bundle Detection.,Jakub Horenin|Veronika Magdanz|Islam S. M. Khalil|Anke Klingner|Alexander Kovalenko|Miroslav Cepek
conf/pkdd/RichardFRTGP20,2020,ECML/PKDD (5),inproceedings,Filling Gaps in Micro-meteorological Data.,Antoine Richard 0001|Lior Fine|Offer Rozenstein|Josef Tanny|Matthieu Geist|C
conf/pkdd/ColotSPACB23,2023,PKDD/ECML Workshops (4),inproceedings,EMG Subspace Alignment and Visualization for Cross-Subject Hand Gesture Classification.,Martin Colot|C|Mathieu Petieau|Ana-Maria Cebolla Alvarez|Guy Cheron|Gianluca Bontempi
conf/pkdd/HerrewegheVMJ19,2019,PKDD/ECML Workshops (2),inproceedings,A Machine Learning-Based Approach for Predicting Tool Wear in Industrial Milling Processes.,Mathias Van Herreweghe|Mathias Verbeke|Wannes Meert|Tom Jacobs
conf/pkdd/AlkhatibBV22,2022,ECML/PKDD (1),inproceedings,Explaining Predictions by Characteristic Rules.,Amr Alkhatib|Henrik Bostr|Michalis Vazirgiannis
conf/pkdd/PolsterlW20,2020,ECML/PKDD (2),inproceedings,Adversarial Learned Molecular Graph Inference and Generation.,Sebastian P|Christian Wachinger
conf/pkdd/LambruschiniBZ22,2022,PKDD/ECML Workshops (2),inproceedings,Auto-clustering of Financial Reports Based on Formatting Style and Author's Fingerprint.,Braulio C. Blanco Lambruschini|Mats Brorsson|Maciej Zurad
conf/pkdd/HepburnMSCG18,2018,LIDTA@ECML/PKDD,inproceedings,Proper Losses for Learning with Example-Dependent Costs.,Alexander Hepburn|Ryan McConville|Ra|Jes|Dario Garc
conf/pkdd/GrecoSAM20,2020,MIDAS@PKDD/ECML,inproceedings,Applying Machine Learning to Predict Closing Prices in Stock Market: A Case Study.,Matteo Greco|Michele Spagnoletta|Annalisa Appice|Donato Malerba
conf/pkdd/RobberechtsD20,2020,MLSA@PKDD/ECML,inproceedings,How Data Availability Affects the Ability to Learn Good xG Models.,Pieter Robberechts|Jesse Davis
conf/pkdd/BaiCL20,2020,ECML/PKDD (4),inproceedings,Benchmarking Tropical Cyclone Rapid Intensification with Satellite Images and Attention-Based Deep Models.,Ching-Yuan Bai|Buo-Fu Chen|Hsuan-Tien Lin
conf/pkdd/YazdizadehHB22,2022,PKDD/ECML Workshops (2),inproceedings,Intrusion Detection Using Ensemble Models.,Tina Yazdizadeh|Shabnam Hassani|Paula Branco
conf/pkdd/ConsoliNTTT21,2021,PKDD/ECML Workshops (2),inproceedings,On Neural Forecasting and News Emotions: The Case of the Spanish Stock Market.,Sergio Consoli|Matteo Negri|Amirhossein Tebbifakhr|Elisa Tosetti|Marco Turchi
conf/pkdd/DongX18,2018,ECML/PKDD (1),inproceedings,Domain Adaption in One-Shot Learning.,Nanqing Dong|Eric P. Xing
conf/pkdd/BiswasSAS21,2021,MLSMKG@PKDD/ECML,inproceedings,Contextual Language Models for Knowledge Graph Completion.,Russa Biswas|Radina Sofronova|Mehwish Alam|Harald Sack
conf/pkdd/TegenDP20a,2020,ECML/PKDD (2),inproceedings,A Taxonomy of Interactive Online Machine Learning Strategies.,Agnes Tegen|Paul Davidsson|Jan A. Persson
conf/pkdd/SantomauroAACM19,2019,MIDAS@PKDD,inproceedings,A Brand Scoring System for Cryptocurrencies Based on Social Media Data.,Giuseppe Santomauro|Daniela Alderuccio|Fiorenzo Ambrosino|Andrea Fronzetti Colladon|Silvio Migliori
conf/pkdd/HoangV20,2020,ECML/PKDD (2),inproceedings,Graph-Based Motion Planning Networks.,Tai Hoang|Ngo Anh Vien
conf/pkdd/HaoJYC21,2021,ECML/PKDD (3),inproceedings,Adaptive Learning Rate and Momentum for Training Deep Neural Networks.,Zhiyong Hao|Yixuan Jiang|Huihua Yu|Hsiao-Dong Chiang
conf/pkdd/XuB23a,2023,ECML/PKDD (3),inproceedings,Distributed Adaptive Optimization with Divisible Communication.,An Xu|Yang Bai
conf/pkdd/LeeP19,2019,ECML/PKDD (2),inproceedings,Unsupervised Sentence Embedding Using Document Structure-Based Context.,Taesung Lee|Youngja Park
conf/pkdd/ImMXZ23,2023,ECML/PKDD (4),inproceedings,Online State Exploration: Competitive Worst Case and Learning-Augmented Algorithms.,Sungjin Im|Benjamin Moseley|Chenyang Xu 0002|Ruilong Zhang 0001
conf/pkdd/MuharemiSL19,2019,PKDD/ECML Workshops (2),inproceedings,Recognizing User's Activity and Transport Mode Detection: Maintaining Low-Power Consumption.,Fitore Muharemi|Egzon Syka|Doina Logofatu
conf/pkdd/BrinkerH19,2019,ECML/PKDD (3),inproceedings,A Reduction of Label Ranking to Multiclass Classification.,Klaus Brinker|Eyke H
conf/pkdd/SrivastavaBP23,2023,ECML/PKDD (4),inproceedings,A Few Good Sentences: Content Selection for Abstractive Text Summarization.,Vivek Srivastava|Savita Bhat|Niranjan Pedanekar
conf/pkdd/ChowdhuryMN21,2021,ECML/PKDD (3),inproceedings,Quantized Gromov-Wasserstein.,Samir Chowdhury 0001|David Miller|Tom Needham
conf/pkdd/FeremansVMCG19,2019,NFMCP@PKDD/ECML,inproceedings,A Framework for Pattern Mining and Anomaly Detection in Multi-dimensional Time Series and Event Logs.,Len Feremans|Vincent Vercruyssen|Wannes Meert|Boris Cule|Bart Goethals
conf/pkdd/PasiniKSGO19,2019,ECML/PKDD (3),inproceedings,LSTM Encoder-Predictor for Short-Term Train Load Forecasting.,Kevin Pasini|Mostepha Khouadjia|Allou Sam|Fabrice Ganansia|Latifa Oukhellou
conf/pkdd/LeavyPK18,2018,ECML/PKDD (3),inproceedings,Industrial Memories: Exploring the Findings of Government Inquiries with Neural Word Embedding and Machine Learning.,Susan Leavy|Emilie Pine|Mark T. Keane
conf/pkdd/WangYCE21,2021,ECML/PKDD (1),inproceedings,Multi-agent Imitation Learning with Copulas.,Hongwei Wang 0004|Lantao Yu|Zhangjie Cao|Stefano Ermon
conf/pkdd/KaramshukM18,2018,ECML/PKDD (3),inproceedings,Learning Cheap and Novel Flight Itineraries.,Dmytro Karamshuk|David Matthews
conf/pkdd/ZapJF19,2019,ECML/PKDD (3),inproceedings,Deep Ordinal Reinforcement Learning.,Alexander Zap|Tobias Joppen|Johannes F
conf/pkdd/ZhuWZLLC22,2022,ECML/PKDD (3),inproceedings,Resisting Graph Adversarial Attack via Cooperative Homophilous Augmentation.,Zhihao Zhu 0002|Chenwang Wu|Min Zhou 0006|Hao Liao|Defu Lian|Enhong Chen
conf/pkdd/DijkstraLSW18,2018,ECML/PKDD (3),inproceedings,CentroidNet: A Deep Neural Network for Joint Object Localization and Counting.,Klaas Dijkstra|Jaap van de Loosdrecht|Lambert R. B. Schomaker|Marco A. Wiering
conf/pkdd/NguyenNI20,2020,AALTD@PKDD/ECML,inproceedings,A Model-Agnostic Approach to Quantifying the Informativeness of Explanation Methods for Time Series Classification.,Thu Trang Nguyen|Thach Le Nguyen|Georgiana Ifrim
conf/pkdd/MarraGDG19a,2019,ECML/PKDD (2),inproceedings,Integrating Learning and Reasoning with Deep Logic Models.,Giuseppe Marra|Francesco Giannini|Michelangelo Diligenti|Marco Gori
conf/pkdd/SperlSB20,2020,ECML/PKDD (2),inproceedings,Activation Anomaly Analysis.,Philip Sperl|Jan-Philipp Schulze|Konstantin B
conf/pkdd/VarshneyT23,2023,PKDD/ECML Workshops (5),inproceedings,Concept Drift Detection Using Ensemble of Integrally Private Models.,Ayush K. Varshney|Vicen
conf/pkdd/GaoJZTM22,2022,ECML/PKDD (2),inproceedings,Contextualized Graph Embeddings for Adverse Drug Event Detection.,Ya Gao 0005|Shaoxiong Ji|Tongxuan Zhang|Prayag Tiwari|Pekka Marttinen
conf/pkdd/FaiudMS23,2023,PKDD/ECML Workshops (3),inproceedings,Modelling Solar PV Adoption in Irish Dairy Farms Using Agent-Based Modelling.,Iias Faiud|Karl Mason|Michael Schukat
conf/pkdd/MahdaviKA19,2019,PKDD/ECML Workshops (1),inproceedings,Dynamic Joint Variational Graph Autoencoders.,Sedigheh Mahdavi|Shima Khoshraftar|Aijun An
conf/pkdd/RugolonRBP23,2023,PKDD/ECML Workshops (4),inproceedings,A Workflow for Creating Multimodal Machine Learning Models for Metastasis Predictions in Melanoma Patients.,Franco Rugolon|Korbinian Randl|Maria Bampa|Panagiotis Papapetrou
conf/pkdd/KeLWS20,2020,ECML/PKDD (3),inproceedings,Continual Learning with Knowledge Transfer for Sentiment Classification.,Zixuan Ke|Bing Liu 0001|Hao Wang 0008|Lei Shu 0004
conf/pkdd/FischerV19,2019,ECML/PKDD (1),inproceedings,"Sets of Robust Rules, and How to Find Them.",Jonas Fischer|Jilles Vreeken
conf/pkdd/BhargavaCN20,2020,PKDD/ECML Workshops,inproceedings,LimeOut: An Ensemble Approach to Improve Process Fairness.,Vaishnavi Bhargava|Miguel Couceiro|Amedeo Napoli
conf/pkdd/RakowskiL21,2021,ECML/PKDD (3),inproceedings,Disentanglement and Local Directions of Variance.,Alexander Rakowski|Christoph Lippert
conf/pkdd/TurkmenC18,2018,MIDAS/PAP@PKDD/ECML,inproceedings,Testing for Self-excitation in Financial Events: A Bayesian Approach.,Ali Caner T|Ali Taylan Cemgil
conf/pkdd/ChoiPKPSS23,2023,ECML/PKDD (6),inproceedings,PU GNN: Chargeback Fraud Detection in P2E MMORPGs via Graph Attention Networks with Imbalanced PU Labels.,Jiho Choi|Junghoon Park|Woocheol Kim|Jin-Hyeok Park|Yumin Suh|Minchang Sung
conf/pkdd/GijsbersV20,2020,ECML/PKDD (5),inproceedings,GAMA: A General Automated Machine Learning Assistant.,Pieter Gijsbers|Joaquin Vanschoren
conf/pkdd/WellmerK21,2021,ECML/PKDD (1),inproceedings,Dropout's Dream Land: Generalization from Learned Simulators to Reality.,Zac Wellmer|James T. Kwok
conf/pkdd/WangGWLX22,2022,ECML/PKDD (1),inproceedings,Multi-interest Extraction Joint with Contrastive Learning for News Recommendation.,Shicheng Wang|Shu Guo|Lihong Wang|Tingwen Liu|Hongbo Xu
conf/pkdd/HazraDM22,2022,ECML/PKDD (6),inproceedings,Is This Bug Severe? A Text-Cum-Graph Based Model for Bug Severity Prediction.,Rima Hazra|Arpit Dwivedi|Animesh Mukherjee 0001
conf/pkdd/BoudebzaCNA19,2019,PKDD/ECML Workshops (1),inproceedings,Detecting Stable Communities in Link Streams at Multiple Temporal Scales.,Sou|R|Omar Nouali|Fai
conf/pkdd/RothL22,2022,ECML/PKDD (2),inproceedings,Transforming PageRank into an Infinite-Depth Graph Neural Network.,Andreas Roth|Thomas Liebig
conf/pkdd/LeMI18,2018,ECML/PKDD (3),inproceedings,Deep Modular Multimodal Fusion on Multiple Sensors for Volcano Activity Recognition.,Hiep V. Le|Tsuyoshi Murata|Masato Iguchi
conf/pkdd/PfahlerSM19,2019,ECML/PKDD (3),inproceedings,The Search for Equations - Learning to Identify Similarities Between Mathematical Expressions.,Lukas Pfahler|Jonathan Schill|Katharina Morik
conf/pkdd/SoekarjoOWK18a,2018,MLSA@PKDD/ECML,inproceedings,Automatic Classification of Strike Techniques Using Limb Trajectory Data.,Kasper M. W. Soekarjo|Dominic Orth|Elke Warmerdam|John van der Kamp
conf/pkdd/ZhuangSYZS21,2021,ECML/PKDD (2),inproceedings,Semantic-Specific Hierarchical Alignment Network for Heterogeneous Graph Adaptation.,Yuanxin Zhuang|Chuan Shi 0001|Cheng Yang 0002|Fuzhen Zhuang|Yangqiu Song
conf/pkdd/SerramazzaNI24,2024,ECML/PKDD (4),inproceedings,Improving the Evaluation and Actionability of Explanation Methods for Multivariate Time Series Classification.,Davide Italo Serramazza|Thach Le Nguyen|Georgiana Ifrim
conf/pkdd/SugiartoL20,2020,PKDD/ECML Workshops,inproceedings,On Modeling Labor Markets for Fine-Grained Insights.,Hendrik Santoso Sugiarto|Ee-Peng Lim
conf/pkdd/BergH21,2021,ECML/PKDD (5),inproceedings,On Inferring a Meaningful Similarity Metric for Customer Behaviour.,Sophie van den Berg|Marwan Hassani
conf/pkdd/AraujoMPN20,2020,PKDD/ECML Workshops,inproceedings,Advocating for Multiple Defense Strategies Against Adversarial Examples.,Alexandre Araujo|Laurent Meunier|Rafael Pinot|Benjamin N
conf/pkdd/BarandoniCGF23,2023,PKDD/ECML Workshops (2),inproceedings,The ChatGPT and Education Tweets Dataset.,Simone Barandoni|Filippo Chiarello|Vito Giordano|Gualtiero Fantoni
conf/pkdd/ZhangFZWD23,2023,ECML/PKDD (5),inproceedings,Adacket: ADAptive Convolutional KErnel Transform for Multivariate Time Series Classification.,Junru Zhang 0001|Lang Feng 0002|Haowen Zhang|Yuhan Wu 0005|Yabo Dong
conf/pkdd/SarmientoWKR24,2024,ECML/PKDD (4),inproceedings,Sparse Explanations of Neural Networks Using Pruned Layer-Wise Relevance Propagation.,Paulo Yanez Sarmiento|Simon Witzke|Nadja Klein|Bernhard Y. Renard
conf/pkdd/AlexisGAGK23,2023,PKDD/ECML Workshops (3),inproceedings,Next Day Fire Prediction via Semantic Segmentation.,Konstantinos Alexis|Stella Girtsou|Alexis Apostolakis|Giorgos Giannopoulos|Charalampos Kontoes
conf/pkdd/FenuMOGS23,2023,PKDD/ECML Workshops (3),inproceedings,Plant Disease Detection Using Deep Learning: A Proof of Concept on Pear Leaf Disease Detection.,Gianni Fenu|Francesca Maridina Malloci|Marcello Onorato|Marco Secondo Gerardi|Angela Scano
conf/pkdd/CiravegnaPBMG23,2023,ECML/PKDD (1),inproceedings,Knowledge-Driven Active Learning.,Gabriele Ciravegna|Fr|Alessandro Betti|Kevin Mottin|Marco Gori
conf/pkdd/BakkerHW23,2023,ECML/PKDD (1),inproceedings,Learning Objective-Specific Active Learning Strategies with Attentive Neural Processes.,Tim Bakker|Herke van Hoof|Max Welling
conf/pkdd/ReisMCB18,2018,ECML/PKDD (1),inproceedings,One-Class Quantification.,Denis Moreira dos Reis|Andr|Everton Alvares Cherman|Gustavo Enrique De Almeida Prado Alves Batista
conf/pkdd/ZhaoWSYZ21,2021,ECML/PKDD (2),inproceedings,Multi-view Self-supervised Heterogeneous Graph Embedding.,Jianan Zhao 0002|Qianlong Wen|Shiyu Sun|Yanfang Ye 0001|Chuxu Zhang
conf/pkdd/SallesMR022,2022,PKDD/ECML Workshops (1),inproceedings,Fault Detection in Wastewater Treatment Plants: Application of Autoencoders Models with Streaming Data.,Rodrigo Salles|J|Rita P. Ribeiro|Jo
conf/pkdd/DonaG21,2021,ECML/PKDD (3),inproceedings,"Differentiable Feature Selection, A Reparameterization Approach.",J|Patrick Gallinari
conf/pkdd/LeeTP22,2022,ECML/PKDD (6),inproceedings,Finding Local Groupings of Time Series.,Zed Lee|Marco Trincavelli|Panagiotis Papapetrou
conf/pkdd/Veloso020,2020,IoT Streams/ITEM@PKDD/ECML,inproceedings,Self Hyper-parameter Tuning for Stream Classification Algorithms.,Bruno Veloso|Jo
conf/pkdd/MrowcaMG18,2018,ECML/PKDD (3),inproceedings,Discovering Groups of Signals in In-Vehicle Network Traces for Redundancy Detection and Functional Grouping.,Artur Mrowca|Barbara Moser|Stephan G
conf/pkdd/LiSZX24,2024,ECML/PKDD (5),inproceedings,Improving Meta-learning for Few-Shot Text Classification via Label Propagation.,Haorui Li|Jie Shao 0001|Xiangqiang Zeng|Hui Xu
conf/pkdd/SawickiS23,2023,ECML/PKDD (7),inproceedings,Gait-Based Biometrics System.,Aleksander Sawicki|Khalid Saeed 0001
conf/pkdd/ChudasamaKPMM23,2023,ECML/PKDD (4),inproceedings,Contrastive Representation Through Angle and Distance Based Loss for Partial Label Learning.,Priyanka Chudasama|Tushar Kadam|Rajat Patel|Aakarsh Malhotra|Manoj Magam
conf/pkdd/HebbalaguppeGPKA22,2022,ECML/PKDD (3),inproceedings,A Novel Data Augmentation Technique for Out-of-Distribution Sample Detection Using Compounded Corruptions.,Ramya Hebbalaguppe|Soumya Suvra Ghosal|Jatin Prakash|Harshad Khadilkar|Chetan Arora 0001
conf/pkdd/YuanTCCSW23,2023,ECML/PKDD (7),inproceedings,Temporal Graph Based Incident Analysis System for Internet of Things.,Peng Yuan|Lu-An Tang|Haifeng Chen|David S. Chang|Moto Sato|Kevin Woodward
conf/pkdd/KhoshvishkaieMMK23,2023,ECML/PKDD (1),inproceedings,Cooperative Bayesian Optimization for Imperfect Agents.,Ali Khoshvishkaie|Petrus Mikkola|Pierre-Alexandre Murena|Samuel Kaski
conf/pkdd/SordelloBD21,2021,ECML/PKDD (2),inproceedings,Privacy Amplification via Iteration for Shuffled and Online PNSGD.,Matteo Sordello|Zhiqi Bu|Jinshuo Dong
conf/pkdd/WangCKS22,2022,ECML/PKDD (3),inproceedings,PrUE: Distilling Knowledge from Sparse Teacher Networks.,Shaopu Wang|Xiaojun Chen 0004|Mengzhen Kou|Jinqiao Shi
conf/pkdd/ZoppiCB22,2022,PKDD/ECML Workshops (2),inproceedings,Towards a General Model for Intrusion Detection: An Exploratory Study.,Tommaso Zoppi|Andrea Ceccarelli|Andrea Bondavalli
conf/pkdd/FaruqueNCSZW23,2023,ECML/PKDD (7),inproceedings,Deep Spatiotemporal Clustering: A Temporal Clustering Approach for Multi-dimensional Climate Data.,Omar Faruque|Francis Ndikum Nji|Mostafa Cham|Rohan Mandar Salvi|Xue Zheng|Jianwu Wang 0001
conf/pkdd/KochsiekNG22,2022,ECML/PKDD (2),inproceedings,"Start Small, Think Big: On Hyperparameter Optimization for Large-Scale Knowledge Graph Embeddings.",Adrian Kochsiek|Fritz Niesel|Rainer Gemulla
conf/pkdd/Cichiwskyj0S20,2020,IoT Streams/ITEM@PKDD/ECML,inproceedings,Time to Learn: Temporal Accelerators as an Embedded Deep Neural Network Platform.,Christopher Cichiwskyj|Chao Qian 0009|Gregor Schiele
conf/pkdd/PannatierCF24,2024,ECML/PKDD (7),inproceedings,σ-GPTs: A New Approach to Autoregressive Models.,Arnaud Pannatier|Evann Courdier|Fran
conf/pkdd/MunirSAQRQ23,2023,ECML/PKDD (2),inproceedings,Learning Fast and Slow: Towards Inclusive Federated Learning.,Muhammad Tahir Munir|Muhammad Mustansar Saeed|Mahad Ali|Zafar Ayyub Qazi|Agha Ali Raza|Ihsan Ayyub Qazi
conf/pkdd/ParkKHCC23,2023,ECML/PKDD (7),inproceedings,Pre-training Contextual Location Embeddings in Personal Trajectories via Efficient Hierarchical Location Representations.,Chung Park|Taesan Kim|Junui Hong|Minsung Choi|Jaegul Choo
conf/pkdd/BlanzeiskyC21,2021,PKDD/ECML Workshops (1),inproceedings,Algorithmic Factors Influencing Bias in Machine Learning.,William Blanzeisky|P
conf/pkdd/KinghornMB21,2021,PKDD/ECML Workshops (1),inproceedings,Habitual and Reflective Control in Hierarchical Predictive Coding.,Paul F. Kinghorn|Beren Millidge|Christopher L. Buckley
conf/pkdd/CastellaniSH21,2021,ECML/PKDD (1),inproceedings,Estimating the Electrical Power Output of Industrial Devices with End-to-End Time-Series Classification in the Presence of Label Noise.,Andrea Castellani|Sebastian Schmitt|Barbara Hammer
conf/pkdd/MourchidDB20,2020,MACLEAN@PKDD/ECML,inproceedings,Dual Color-Image Discriminators Adversarial Networks for Generating Artificial-SAR Colorized Images from SENTINEL-1 Images.,Youssef Mourchid|Marc Donias|Yannick Berthoumieu
conf/pkdd/DelfosseSRVK23,2023,ECML/PKDD (4),inproceedings,Boosting Object Representation Learning via Motion and Object Continuity.,Quentin Delfosse|Wolfgang Stammer|Thomas Rothenbacher|Dwarak Vittal|Kristian Kersting
conf/pkdd/ONeillDA22,2022,ECML/PKDD (2),inproceedings,Self-distilled Pruning of Deep Neural Networks.,James O'Neill|Sourav Dutta 0001|Haytham Assem
conf/pkdd/LangoBS18,2018,LIDTA@ECML/PKDD,inproceedings,ImWeights: Classifying Imbalanced Data Using Local and Neighborhood Information.,Mateusz Lango|Dariusz Brzezinski|Jerzy Stefanowski
conf/pkdd/DangRFA21,2021,PKDD/ECML Workshops (1),inproceedings,Web Image Context Extraction with Graph Neural Networks and Sentence Embeddings on the DOM Tree.,Chen Dang|Hicham Randrianarivo|Rapha|Nicolas Audebert
conf/pkdd/HeiserAK19,2019,ECML/PKDD (2),inproceedings,Shift Happens: Adjusting Classifiers.,Theodore James Thibault Heiser|Mari-Liis Allikivi|Meelis Kull
conf/pkdd/HaasH22,2022,ECML/PKDD (6),inproceedings,A Prescriptive Machine Learning Approach for Assessing Goodwill in the Automotive Domain.,Stefan Haas|Eyke H
conf/pkdd/FengLKSC20,2020,ECML/PKDD (1),inproceedings,SpecGreedy: Unified Dense Subgraph Detection.,Wenjie Feng 0001|Shenghua Liu|Danai Koutra|Huawei Shen|Xueqi Cheng
conf/pkdd/FranksDKF23,2023,ECML/PKDD (6),inproceedings,Ordinal Regression for Difficulty Prediction of StepMania Levels.,Billy Joe Franks|Benjamin Dinkelmann|Marius Kloft|Sophie Fellenz
conf/pkdd/OettershagenKI22,2022,ECML/PKDD (2),inproceedings,Inferring Tie Strength in Temporal Networks.,Lutz Oettershagen|Athanasios L. Konstantinidis|Giuseppe F. Italiano
conf/pkdd/AssaadDGA21,2021,ECML/PKDD (1),inproceedings,A Mixed Noise and Constraint-Based Approach to Causal Inference in Time Series.,Charles K. Assaad|Emilie Devijver|Ali A
conf/pkdd/ThejaswiOG21,2021,ECML/PKDD (2),inproceedings,Diversity-Aware k-median: Clustering with Fair Center Representation.,Suhas Thejaswi|Bruno Ordozgoiti|Aristides Gionis
conf/pkdd/LiJ19,2019,PKDD/ECML Workshops (2),inproceedings,Defense-VAE: A Fast and Accurate Defense Against Adversarial Attacks.,Xiang Li 0080|Shihao Ji 0001
conf/pkdd/BergerS19,2019,ECML/PKDD (1),inproceedings,From Abstract Items to Latent Spaces to Observed Data and Back: Compositional Variational Auto-Encoder.,Victor Berger|Mich
conf/pkdd/LiuCTC20,2020,ECML/PKDD (2),inproceedings,Effective Version Space Reduction for Convolutional Neural Networks.,Jiayu Liu|Ioannis Chiotellis|Rudolph Triebel|Daniel Cremers
conf/pkdd/UmarASR21,2021,ECML/PKDD (4),inproceedings,Self-disclosure on Twitter During the COVID-19 Pandemic: A Network Perspective.,Prasanna Umar|Chandan Akiti|Anna Cinzia Squicciarini|Sarah Michele Rajtmajer
conf/pkdd/RostTFGR19,2019,PKDD/ECML Workshops (1),inproceedings,Evolution Analysis of Large Graphs with Gradoop.,Christopher Rost|Andreas Thor|Philip Fritzsche|Kevin G|Erhard Rahm
conf/pkdd/JanssensB21,2021,MLSA@PKDD/ECML,inproceedings,Imputation of Non-participated Race Results.,Bram Janssens|Matthias Bogaert
conf/pkdd/ZhaoLRSTT23,2023,ECML/PKDD (3),inproceedings,Modeling Graphs Beyond Hyperbolic: Graph Neural Networks in Symmetric Positive Definite Matrices.,Wei Zhao 0033|Federico L|J. Maxwell Riestenberg|Michael Strube 0001|Diaaeldin Taha|Steve Trettel
conf/pkdd/ChenLWLJ21,2021,ECML/PKDD (3),inproceedings,ATOM: Robustifying Out-of-Distribution Detection Using Outlier Mining.,Jiefeng Chen 0001|Yixuan Li 0001|Xi Wu 0001|Yingyu Liang|Somesh Jha
conf/pkdd/RongLXDZG22,2022,ECML/PKDD (6),inproceedings,BusWTE: Realtime Bus Waiting Time Estimation of GPS Missing via Multi-task Learning.,Yuecheng Rong|Jun Liu 0002|Zhilin Xu|Jian Ding|Chuangming Zhang|Jiaxiang Gao
conf/pkdd/BurginDAP22,2022,ECML/PKDD (6),inproceedings,Cage: A Hybrid Framework for Closed-Domain Conversational Agents.,Edward Burgin|Sourav Dutta 0001|Haytham Assem|Raj Nath Patel
conf/pkdd/YangLHZP018,2018,ECML/PKDD (2),inproceedings,Similarity Modeling on Heterogeneous Networks via Automatic Path Discovery.,Carl Yang 0001|Mengxiong Liu|Frank He|Xikun Zhang 0001|Jian Peng 0001|Jiawei Han 0001
conf/pkdd/EnsingerSZTT22,2022,ECML/PKDD (5),inproceedings,Structure-Preserving Gaussian Process Dynamics.,Katharina Ensinger|Friedrich Solowjow|Sebastian Ziesche|Michael Tiemann 0001|Sebastian Trimpe
conf/pkdd/SunM24,2024,ECML/PKDD (8),inproceedings,Hyperbolic Contrastive Learning with Model-Augmentation for Knowledge-Aware Recommendation.,Shengyin Sun|Chen Ma 0001
conf/pkdd/CoxGSDC23,2023,PKDD/ECML Workshops (5),inproceedings,Parameterizing Federated Continual Learning for Reproducible Research.,Bart Cox|Jeroen Galjaard|Aditya Shankar|J|Lydia Y. Chen
conf/pkdd/SpenrathHDT20,2020,ECML/PKDD (5),inproceedings,Why Did My Consumer Shop? Learning an Efficient Distance Metric for Retailer Transaction Data.,Yorick Spenrath|Marwan Hassani|Boudewijn F. van Dongen|Haseeb Tariq 0002
conf/pkdd/KiossouSNH22,2022,ECML/PKDD (5),inproceedings,Time Constrained DL8.5 Using Limited Discrepancy Search.,Harold Silv|Pierre Schaus|Siegfried Nijssen|Vinas
conf/pkdd/MarxV18,2018,ECML/PKDD (2),inproceedings,Causal Inference on Multivariate and Mixed-Type Data.,Alexander Marx 0001|Jilles Vreeken
conf/pkdd/IzbickiPT19,2019,ECML/PKDD (2),inproceedings,Exploiting the Earth's Spherical Geometry to Geolocate Images.,Mike Izbicki|Evangelos E. Papalexakis|Vassilis J. Tsotras
conf/pkdd/MelchiorreMKS24,2024,ECML/PKDD (1),inproceedings,Modular Debiasing of Latent User Representations in Prototype-Based Recommender Systems.,Alessandro B. Melchiorre|Shahed Masoudian|Deepak Kumar|Markus Schedl
conf/pkdd/DuvalM21,2021,ECML/PKDD (2),inproceedings,GraphSVX: Shapley Value Explanations for Graph Neural Networks.,Alexandre Duval|Fragkiskos D. Malliaros
conf/pkdd/AbdaliMP22,2022,ECML/PKDD (2),inproceedings,Vec2Node: Self-Training with Tensor Augmentation for Text Classification with Few Labels.,Sara Abdali|Subhabrata Mukherjee|Evangelos E. Papalexakis
conf/pkdd/HassinenU18,2018,MIDAS/PAP@PKDD/ECML,inproceedings,A Progressive Resampling Algorithm for Finding Very Sparse Investment Portfolios.,Marko Hassinen|Antti Ukkonen
conf/pkdd/TotoFR18,2018,ECML/PKDD (3),inproceedings,Improving Emotion Detection with Sub-clip Boosting.,Ermal Toto|Brendan J. Foley|Elke A. Rundensteiner
conf/pkdd/KimKCLYK21,2021,MLSA@PKDD/ECML,inproceedings,6MapNet: Representing Soccer Players from Tracking Data by a Triplet Network.,Hyunsung Kim 0004|Jihun Kim|Dongwook Chung|Jonghyun Lee|Jinsung Yoon|Sang-Ki Ko
conf/pkdd/SchneegansBS22,2022,IAL@PKDD/ECML,inproceedings,A Practical Evaluation of Active Learning Approaches for Object Detection.,Jan Schneegans|Maarten Bieshaar|Bernhard Sick
conf/pkdd/MouGWRDB21,2021,PKDD/ECML Workshops (1),inproceedings,Optimized Federated Learning on Class-Biased Distributed Data Sources.,Yongli Mou|Jiahui Geng|Sascha Welten|Chunming Rong|Stefan Decker|Oya Beyan
conf/pkdd/KamalVPR22,2022,PKDD/ECML Workshops (1),inproceedings,Improving the Quality of Rule-Based GNN Explanations.,Ataollah Kamal|Elouan Vincent|Marc Plantevit|C
conf/pkdd/BunseP23,2023,ECML/PKDD (6),inproceedings,Class-Conditional Label Noise in Astroparticle Physics.,Mirko Bunse|Lukas Pfahler
conf/pkdd/Decroos0BVD18,2018,ECML/PKDD (3),inproceedings,AMIE: Automatic Monitoring of Indoor Exercises.,Tom Decroos|Kurt Sch|Tim Op De Be|Benedicte Vanwanseele|Jesse Davis
conf/pkdd/XingCMV18,2018,ECML/PKDD (3),inproceedings,Discovering Bayesian Market Views for Intelligent Asset Allocation.,Frank Z. Xing|Erik Cambria|Lorenzo Malandri|Carlo Vercellis
conf/pkdd/KlamiLS18,2018,ECML/PKDD (2),inproceedings,Lambert Matrix Factorization.,Arto Klami|Jarkko Lagus|Joseph Sakaya
conf/pkdd/LiPAWQ19,2019,ECML/PKDD (3),inproceedings,Learning to Calibrate and Rerank Multi-label Predictions.,Cheng Li 0051|Virgil Pavlu|Javed A. Aslam|Bingyu Wang|Kechen Qin
conf/pkdd/RanganathanS19,2019,PKDD/ECML Workshops (1),inproceedings,SDE-KG: A Stochastic Dynamic Environment for Knowledge Graphs.,Varun Ranganathan|Natarajan Subramanyam
conf/pkdd/NsoloLC18,2018,MLSA@PKDD/ECML,inproceedings,Player Valuation in European Football.,Edward Nsolo|Patrick Lambrix|Niklas Carlsson
conf/pkdd/VatathanavaroPS20,2020,ECML/PKDD (5),inproceedings,Improved Identification of Imbalanced Multiple Annotation Intent Labels with a Hybrid BLSTM and CNN Model and Hybrid Loss Function.,Supawit Vatathanavaro|Kitsuchart Pasupa|Sorratat Sirirattanajakarin|Boontawee Suntisrivaraporn
conf/pkdd/ZhengTWH24,2024,ECML/PKDD (2),inproceedings,ADR: An Adversarial Approach to Learn Decomposed Representations for Causal Inference.,Xiangyu Zheng|Guogang Tian|Sen Wang|Zhixiang Huang
conf/pkdd/FrischLG21,2021,PKDD/ECML Workshops (1),inproceedings,Co-clustering for Fair Recommendation.,Gabriel Frisch|Jean-Benoist L|Yves Grandvalet
conf/pkdd/ZhaoC19,2019,ECML/PKDD (3),inproceedings,Stochastic One-Sided Full-Information Bandit.,Haoyu Zhao|Wei Chen 0013
conf/pkdd/ToniF23,2023,ECML/PKDD (3),inproceedings,Online Network Source Optimization with Graph-Kernel MAB.,Laura Toni|Pascal Frossard
conf/pkdd/Uniyal021,2021,PKDD/ECML Workshops (2),inproceedings,IRLCov19: A Large COVID-19 Multilingual Twitter Dataset of Indian Regional Languages.,Deepak Uniyal|Amit Agarwal 0005
conf/pkdd/KoeblerGBT22,2022,ECML/PKDD (6),inproceedings,Grasping Partially Occluded Objects Using Autoencoder-Based Point Cloud Inpainting.,Alexander Koebler|Ralf Gross|Florian Buettner 0001|Ingo Thon
conf/pkdd/UgwuC22,2022,PKDD/ECML Workshops (2),inproceedings,Italian Debate on Measles Vaccination: How Twitter Data Highlight Communities and Polarity.,Cynthia Ifeyinwa Ugwu|Sofia Casarin
conf/pkdd/TeixeiraVR022,2022,PKDD/ECML Workshops (1),inproceedings,Ethical and Technological AI Risks Classification: A Human Vs Machine Approach.,S|Bruno Veloso|Jos|Jo
conf/pkdd/WieseWPBGR23,2023,ECML/PKDD (1),inproceedings,Towards Efficient MCMC Sampling in Bayesian Neural Networks by Exploiting Symmetry.,Jonas Gregor Wiese|Lisa Wimmer|Theodore Papamarkou|Bernd Bischl|Stephan G|David R
conf/pkdd/GurumoorthyH22,2022,ECML/PKDD (5),inproceedings,Go Green: A Decision-Tree Framework to Select Optimal Box-Sizes for Product Shipments.,Karthik S. Gurumoorthy|Abhiraj Hinge
conf/pkdd/GravinaGB23,2023,PKDD/ECML Workshops (5),inproceedings,Non-dissipative Propagation by Randomized Anti-symmetric Deep Graph Networks.,Alessio Gravina|Claudio Gallicchio|Davide Bacciu
conf/pkdd/XieKG19,2019,ECML/PKDD (2),inproceedings,SLSGD: Secure and Efficient Distributed On-device Machine Learning.,Cong Xie|Oluwasanmi Koyejo|Indranil Gupta
conf/pkdd/GajekSR22,2022,ECML/PKDD (1),inproceedings,A Recommendation System for CAD Assembly Modeling Based on Graph Neural Networks.,Carola Gajek|Alexander Schiendorfer|Wolfgang Reif
conf/pkdd/GilhuberHFS23,2023,ECML/PKDD (2),inproceedings,How to Overcome Confirmation Bias in Semi-Supervised Image Classification by Active Learning.,Sandra Gilhuber|Rasmus Hvingelby|Mang Ling Ada Fok|Thomas Seidl 0001
conf/pkdd/YangZT20,2020,ECML/PKDD (1),inproceedings,Online Binary Incomplete Multi-view Clustering.,Longqi Yang|Liangliang Zhang|Yuhua Tang
conf/pkdd/RafailidisC18,2018,ECML/PKDD (2),inproceedings,GeoDCF: Deep Collaborative Filtering with Multifaceted Contextual Information in Location-Based Social Networks.,Dimitrios Rafailidis|Fabio Crestani
conf/pkdd/BabanezhadLSS18,2018,ECML/PKDD (2),inproceedings,MASAGA: A Linearly-Convergent Stochastic First-Order Method for Optimization on Manifolds.,Reza Babanezhad 0001|Issam H. Laradji|Alireza Shafaei|Mark Schmidt 0001
conf/pkdd/KarkarABG20,2020,ECML/PKDD (2),inproceedings,A Principle of Least Action for the Training of Neural Networks.,Skander Karkar|Ibrahim Ayed|Emmanuel de B|Patrick Gallinari
conf/pkdd/MuckePM19,2019,PKDD/ECML Workshops (1),inproceedings,Hardware Acceleration of Machine Learning Beyond Linear Algebra.,Sascha M|Nico Piatkowski|Katharina Morik
conf/pkdd/MukherjeeM20,2020,MACLEAN@PKDD/ECML,inproceedings,Joint Learning for Cyclone Track Nowcasting.,Abhijit Mukherjee|Pabitra Mitra
conf/pkdd/CalderonR24,2024,ECML/PKDD (5),inproceedings,"What Drives Online Popularity: Author, Content or Sharers? Estimating Spread Dynamics with Bayesian Mixture Hawkes.",Pio Calderon|Marian-Andrei Rizoiu
conf/pkdd/KimLH20,2020,ECML/PKDD (5),inproceedings,Instructional Video Summarization Using Attentive Knowledge Grounding.,Kyungho Kim|Kyungjae Lee 0002|Seung-won Hwang
conf/pkdd/DobreffRSSTP20,2020,MLSA@PKDD/ECML,inproceedings,Physical Performance Optimization in Football.,Gergely Dobreff|P|G|Gy|L|Alija Pasic
conf/pkdd/ZhmoginovF020,2020,ECML/PKDD (3),inproceedings,Information-Bottleneck Approach to Salient Region Discovery.,Andrey Zhmoginov|Ian Fischer|Mark Sandler 0002
conf/pkdd/ChenG24,2024,ECML/PKDD (8),inproceedings,Scalable Interactive Data Visualization.,Florian Chen|Thomas G
conf/pkdd/WasielewskaSC022,2022,PKDD/ECML Workshops (2),inproceedings,Evaluation of the Limit of Detection in Network Dataset Quality Assessment with PerQoDA.,Katarzyna Wasielewska|Dominik Soukup|Tom|Jos
conf/pkdd/ChengSBD20,2020,IoT Streams/ITEM@PKDD/ECML,inproceedings,Interactive Anomaly Detection Based on Clustering and Online Mirror Descent.,Lingyun Cheng|Sadhana Sundaresh|Mohamed-Rafik Bouguelia|Onur Dikmen
conf/pkdd/EspinozaW19,2019,PKDD/ECML Workshops (2),inproceedings,Detection of Harassment on Twitter with Deep Learning Techniques.,Ignacio Espinoza|Fernanda Weiss
conf/pkdd/LiHWZZL22,2022,ECML/PKDD (2),inproceedings,A Heterogeneous Propagation Graph Model for Rumor Detection Under the Relationship Among Multiple Propagation Subtrees.,Guoyi Li|Jingyuan Hu|Yulei Wu|Xiaodan Zhang 0004|Wei Zhou 0019|Honglei Lyu
conf/pkdd/NguyenWD24,2024,ECML/PKDD (8),inproceedings,Adaptive Knowledge Distillation for Classification of Hand Images Using Explainable Vision Transformers.,Thanh Thi Nguyen|Campbell Wilson|Janis Dalins
conf/pkdd/KangMN24,2024,ECML/PKDD (9),inproceedings,Spoofing Transaction Detection with Group Perceptual Enhanced Graph Neural Network.,Le Kang|Tai-Jiang Mu|Xiaodong Ning
conf/pkdd/NghiemVD22,2022,ECML/PKDD (1),inproceedings,Knowledge Integration in Deep Clustering.,Nguyen-Viet-Dung Nghiem|Christel Vrain|Thi-Bich-Hanh Dao
conf/pkdd/CraenendonckMDB18,2018,ECML/PKDD (3),inproceedings,Interactive Time Series Clustering with COBRASTS.,Toon van Craenendonck|Wannes Meert|Sebastijan Dumancic|Hendrik Blockeel
conf/pkdd/DaiLXZHG24,2024,ECML/PKDD (1),inproceedings,Session Target Pair: User Intent Perceiving Networks for Session-Based Recommendation.,Tingting Dai|Qiao Liu 0003|Yang Xie|Yue Zeng|Rui Hou 0005|Yanglei Gan
conf/pkdd/JiangZFZK23,2023,ECML/PKDD (2),inproceedings,Attentive Multi-Layer Perceptron for Non-autoregressive Generation.,Shuyang Jiang|Jun Zhang|Jiangtao Feng|Lin Zheng|Lingpeng Kong
conf/pkdd/ZhengS24,2024,ECML/PKDD (5),inproceedings,Co-attention and Contrastive Learning Driven Knowledge Tracing.,Ning Zheng|Zhilong Shan
conf/pkdd/AglinNS22,2022,ECML/PKDD (5),inproceedings,Learning Optimal Decision Trees Under Memory Constraints.,Ga|Siegfried Nijssen|Pierre Schaus
conf/pkdd/ChenWCZYH24,2024,ECML/PKDD (7),inproceedings,Propagation Structure-Semantic Transfer Learning for Robust Fake News Detection.,Mengyang Chen|Lingwei Wei|Han Cao|Wei Zhou 0019|Zhou Yan|Songlin Hu 0001
conf/pkdd/GaoLY24,2024,ECML/PKDD (2),inproceedings,Physics-Informed Spatio-Temporal Model for Human Mobility Prediction.,Quanyan Gao|Chao Li 0062|Qinmin Yang
conf/pkdd/DuBWCMW18,2018,ECML/PKDD (3),inproceedings,IDEA: An Interactive Dialogue Translation Demo System Using Furhat Robots.,Jinhua Du|Darragh Blake|Longyue Wang|Clare Conran|Declan McKibben|Andy Way
conf/pkdd/LuccioniPLAL21,2021,PKDD/ECML Workshops (2),inproceedings,Ensuring the Inclusive Use of NLP in the Global Response to COVID-19.,Alexandra Sasha Luccioni|Katherine Hoffmann Pham|Cynthia Sin Nga Lam|Joseph Aylett-Bullock|Miguel A. Luengo-Oroz
conf/pkdd/RiisRT23,2023,PKDD/ECML Workshops (2),inproceedings,Identifying Features of Constructive Journalism in News Articles: An Explainable ML Approach.,Daniel Emami Riis|Esben Drachmann Rasmussen|Panagiotis Tampakis
conf/pkdd/StefaniCHBB18,2018,MIDAS/PAP@PKDD/ECML,inproceedings,A Multivariate and Multi-step Ahead Machine Learning Approach to Traditional and Cryptocurrencies Volatility Forecasting.,Jacopo De Stefani|Olivier Caelen|Dalila Hattab|Yann-A|Gianluca Bontempi
conf/pkdd/BekmanAJBKD21,2021,PKDD/ECML Workshops (2),inproceedings,Practical Black Box Model Inversion Attacks Against Neural Nets.,Thomas Bekman|Masoumeh Abolfathi|Jafar Haadi Jafarian|Ashis Kumer Biswas|Farnoush Banaei Kashani|Kuntal Das
conf/pkdd/KozodoiL20,2020,MIDAS@PKDD/ECML,inproceedings,Multi-objective Particle Swarm Optimization for Feature Selection in Credit Scoring.,Nikita Kozodoi|Stefan Lessmann
conf/pkdd/ZhaoLPNG23,2023,ECML/PKDD (3),inproceedings,Towards Few-Shot Inductive Link Prediction on Knowledge Graphs: A Relational Anonymous Walk-Guided Neural Process Approach.,Zicheng Zhao|Linhao Luo|Shirui Pan|Quoc Viet Hung Nguyen|Chen Gong 0002
conf/pkdd/AbdelgawadKGFH19,2019,ECML/PKDD (3),inproceedings,Optimizing Neural Networks for Patent Classification.,Louay Abdelgawad|Peter Kluegl|Erdan Genc|Stefan Falkner|Frank Hutter
conf/pkdd/Yao0DY20,2020,ECML/PKDD (2),inproceedings,Network Cooperation with Progressive Disambiguation for Partial Label Learning.,Yao Yao|Chen Gong 0002|Jiehui Deng|Jian Yang 0003
conf/pkdd/JarmulskiW19,2019,NFMCP@PKDD/ECML,inproceedings,Interpretable Survival Gradient Boosting Models with Bagged Trees Base Learners.,Wojciech Jarmulski|Alicja Wieczorkowska
conf/pkdd/KellenbergerMT18,2018,ECML/PKDD (3),inproceedings,Best Practices to Train Deep Models on Imbalanced Datasets - A Case Study on Animal Detection in Aerial Imagery.,Benjamin Kellenberger|Diego Marcos|Devis Tuia
conf/pkdd/JacquelinVD21,2021,MLSA@PKDD/ECML,inproceedings,Detecting Swimmers in Unconstrained Videos with Few Training Data.,Nicolas Jacquelin|Romain Vuillemot|Stefan Duffner
conf/pkdd/ZhangGKB20,2020,ECML/PKDD (1),inproceedings,Target to Source Coordinate-Wise Adaptation of Pre-trained Models.,Luxin Zhang|Pascal Germain|Yacine Kessaci|Christophe Biernacki
conf/pkdd/DeutelMT23,2023,PKDD/ECML Workshops (5),inproceedings,μYOLO: Towards Single-Shot Object Detection on Microcontrollers.,Mark Deutel|Christopher Mutschler|J
conf/pkdd/FilocheACB22,2022,MACLEAN@PKDD/ECML,inproceedings,Statistics-Free Interpolation of Ocean Observations with Deep Spatio-Temporal Prior (short paper).,Arthur Filoche|Th|Anastase Alexandre Charantonis|Dominique B
conf/pkdd/KubikL18,2018,DARE@PKDD/ECML,inproceedings,Mathematical Optimization of Design Parameters of Photovoltaic Module.,D|Jaroslav Loebl
conf/pkdd/ZhangL21,2021,ECML/PKDD (2),inproceedings,Representation Learning on Multi-layered Heterogeneous Network.,Delvin Ce Zhang|Hady W. Lauw
conf/pkdd/FernerW19,2019,ECML/PKDD (2),inproceedings,A Semi-discriminative Approach for Sub-sentence Level Topic Classification on a Small Dataset.,Cornelia Ferner|Stefan Wegenkittl
conf/pkdd/WoznicaB21,2021,PKDD/ECML Workshops (1),inproceedings,Towards Explainable Meta-learning.,Katarzyna Woznica|Przemyslaw Biecek
conf/pkdd/MavridisB23,2023,PKDD/ECML Workshops (2),inproceedings,Explainable Learning with Hierarchical Online Deterministic Annealing.,Christos N. Mavridis|John S. Baras
conf/pkdd/IshizukaM22,2022,ECML/PKDD (1),inproceedings,Nonparametric Bayesian Deep Visualization.,Haruya Ishizuka|Daichi Mochihashi
conf/pkdd/WangWCZ22,2022,ECML/PKDD (4),inproceedings,Exploring Latent Sparse Graph for Large-Scale Semi-supervised Learning.,Zitong Wang|Li Wang 0033|Raymond H. Chan|Tieyong Zeng
conf/pkdd/DauxaisG20,2020,AALTD@PKDD/ECML,inproceedings,Generalized Chronicles for Temporal Sequence Classification.,Yann Dauxais|Thomas Guyet
conf/pkdd/RychenerRSFD22,2022,PKDD/ECML Workshops (1),inproceedings,On the Granularity of Explanations in Model Agnostic NLP Interpretability.,Yves Rychener|Xavier Renard|Djam|Pascal Frossard|Marcin Detyniecki
conf/pkdd/XuanCZTD23,2023,ECML/PKDD (2),inproceedings,Practical and General Backdoor Attacks Against Vertical Federated Learning.,Yuexin Xuan|Xiaojun Chen 0004|Zhendong Zhao|Bisheng Tang|Ye Dong
conf/pkdd/WeeraddanaMWLW20,2020,ECML/PKDD (4),inproceedings,Long-Term Pipeline Failure Prediction Using Nonparametric Survival Analysis.,Dilusha Weeraddana|Sudaraka Mallawaarachchi|Tharindu Warnakula|Zhidong Li|Yang Wang 0002
conf/pkdd/RondinaVVM23,2023,PKDD/ECML Workshops (1),inproceedings,Facial Analysis Systems and Down Syndrome.,Marco Rondina|Fabiana Vinci|Antonio Vetr|Juan Carlos De Martin
conf/pkdd/SicilianoMPBAS23,2023,PKDD/ECML Workshops (2),inproceedings,Adversarial Data Poisoning for Fake News Detection: How to Make a Model Misclassify a Target News Without Modifying it.,Federico Siciliano|Luca Maiano|Lorenzo Papa|Federica Baccini|Irene Amerini|Fabrizio Silvestri
conf/pkdd/LiSCHW24,2024,ECML/PKDD (10),inproceedings,MT-HCCAR: Multi-task Deep Learning with Hierarchical Classification and Attention-Based Regression for Cloud Property Retrieval.,Xingyan Li|Andrew M. Sayer|Ian T. Carroll|Xin Huang 0005|Jianwu Wang 0001
conf/pkdd/ZhaoHYWS23,2023,ECML/PKDD (2),inproceedings,MuSE: A Multi-scale Emotional Flow Graph Model for Empathetic Dialogue Generation.,Deji Zhao|Donghong Han|Ye Yuan 0001|Chao Wang 0057|Shuangyong Song
conf/pkdd/ZhaiWKG18,2018,ECML/PKDD (2),inproceedings,Online Feature Selection by Adaptive Sub-gradient Methods.,Tingting Zhai|Hao Wang 0013|Fr|Yang Gao 0001
conf/pkdd/LiSWHCY23,2023,ECML/PKDD (2),inproceedings,ARConvL: Adaptive Region-Based Convolutional Learning for Multi-class Imbalance Classification.,Shuxian Li|Liyan Song|Xiaoyu Wu|Zheng Hu|Yiu-ming Cheung|Xin Yao 0001
conf/pkdd/YehZZW20,2020,ECML/PKDD (5),inproceedings,Multi-future Merchant Transaction Prediction.,Chin-Chia Michael Yeh|Zhongfang Zhuang|Wei Zhang 0189|Liang Wang 0047
conf/pkdd/ChenKLB21,2021,PKDD/ECML Workshops (2),inproceedings,Adversarial Robustness of Probabilistic Network Embedding for Link Prediction.,Xi Chen|Bo Kang|Jefrey Lijffijt|Tijl De Bie
conf/pkdd/BaudzusLJM23,2023,ECML/PKDD (7),inproceedings,"The Good, The Bad, and The Average: Benchmarking of Reconstruction Based Multivariate Time Series Anomaly Detection.",Arn Baudzus|Bin Li 0089|Adnane Jadid|Emmanuel M
conf/pkdd/TangZCLJ24,2024,ECML/PKDD (10),inproceedings,Unbiased Recommendation Through Invariant Representation Learning.,Min Tang|Lixin Zou|Shujie Cui|Shiuan-Ni Liang|Zhe Jin 0001
conf/pkdd/DionelisTY22,2022,ECML/PKDD (3),inproceedings,FROB: Few-Shot ROBust Model for Joint Classification and Out-of-Distribution Detection.,Nikolaos Dionelis|Sotirios A. Tsaftaris|Mehrdad Yaghoobi
conf/pkdd/BieshaarHHS21,2021,IAL@PKDD/ECML,inproceedings,A Concept for Highly Automated Pre-Labeling via Cross-Domain Label Transfer for Perception in Autonomous Driving.,Maarten Bieshaar|Marek Herde|Denis Huseljic|Bernhard Sick
conf/pkdd/ButepageML21,2021,ECML/PKDD (2),inproceedings,Gaussian Process Encoders: VAEs with Reliable Latent-Space Uncertainty.,Judith B|Lucas Maystre|Mounia Lalmas
conf/pkdd/ZhangBCL22,2022,ECML/PKDD (4),inproceedings,"Differentially Private Bayesian Neural Networks on Accuracy, Privacy and Reliability.",Qiyiwen Zhang|Zhiqi Bu|Kan Chen|Qi Long
conf/pkdd/GilhuberBRFS23,2023,ECML/PKDD (1),inproceedings,DiffusAL: Coupling Active Learning with Graph Diffusion for Label-Efficient Node Classification.,Sandra Gilhuber|Julian Busch|Daniel Rotthues|Christian M. M. Frey|Thomas Seidl 0001
conf/pkdd/WangWLCH20,2020,ECML/PKDD (1),inproceedings,Progressive Supervision for Node Classification.,Yiwei Wang 0001|Wei Wang 0059|Yuxuan Liang 0002|Yujun Cai|Bryan Hooi
conf/pkdd/HuangLK22,2022,ECML/PKDD (4),inproceedings,Noise-Efficient Learning of Differentially Private Partitioning Machine Ensembles.,Zhanliang Huang|Yunwen Lei|Ata Kab
conf/pkdd/SchaschekGHW23,2023,PKDD/ECML Workshops (3),inproceedings,From Black Box to Glass Box: Evaluating the Faithfulness of Process Predictions with GCNNs.,Myriam Schaschek|Fabian Gwinner|Benedikt Hein|Axel Winkelmann
conf/pkdd/MoreKCMK23,2023,ECML/PKDD (6),inproceedings,Double Machine Learning at Scale to Predict Causal Impact of Customer Actions.,Sushant More|Priya Kotwal|Sujith Chappidi|Dinesh Mandalapu|Chris Khawand
conf/pkdd/ChanRVTM18,2018,ECML/PKDD (3),inproceedings,From Empirical Analysis to Public Policy: Evaluating Housing Systems for Homeless Youth.,Hau Chan|Eric Rice|Phebe Vayanos|Milind Tambe|Matthew Morton
conf/pkdd/AmouriLGM22,2022,ECML/PKDD (1),inproceedings,CDPS: Constrained DTW-Preserving Shapelets.,Hussein El Amouri|Thomas Andrew Lampert|Pierre Gan|Cl
conf/pkdd/KorczPPST23,2023,ECML/PKDD (7),inproceedings,PIQARD System for Experimenting and Testing Language Models with Prompting Strategies.,Marcin Korcz|Dawid Plaskowski|Mateusz Politycki|Jerzy Stefanowski|Alex Terentowicz
conf/pkdd/DongZW21,2021,ECML/PKDD (2),inproceedings,VeriDL: Integrity Verification of Outsourced Deep Learning Services.,Boxiang Dong|Bo Zhang 0051|Wendy Hui Wang
conf/pkdd/QiZQ24,2024,ECML/PKDD (1),inproceedings,MESS: Coarse-Grained Modular Two-Way Dialogue Entity Linking Framework.,Pengnian Qi|Zhiyuan Zha|Biao Qin
conf/pkdd/WeilbachGBF24,2024,ECML/PKDD (6),inproceedings,Counterfactual-Based Root Cause Analysis for Dynamical Systems.,Juliane Weilbach|Sebastian Gerwinn|Karim Said Barsim|Martin Fr
conf/pkdd/GergesBBDNW22,2022,ECML/PKDD (5),inproceedings,Bayesian Multi-head Convolutional Neural Networks with Bahdanau Attention for Forecasting Daily Precipitation in Climate Change Monitoring.,Firas Gerges|Michel C. Boufadel|Elie Bou-Zeid|Ankit Darekar|Hani Nassif|Jason T. L. Wang
conf/pkdd/0002CF23,2023,PKDD/ECML Workshops (3),inproceedings,A Filter-Based Neural ODE Approach for Modelling Natural Systems with Prior Knowledge Constraints.,C. Coelho 0002|M. Fernanda P. Costa|Lu
conf/pkdd/BouvierVCTH21,2021,IAL@PKDD/ECML,inproceedings,Stochastic Adversarial Gradient Embedding for Active Domain Adaptation.,Victor Bouvier|Philippe Very|Cl|Myriam Tami|C
conf/pkdd/KumarNL23,2023,ECML/PKDD (4),inproceedings,KL Regularized Normalization Framework for Low Resource Tasks.,Neeraj Kumar 0010|Ankur Narang|Brejesh Lall
conf/pkdd/MiddlehurstLCB20,2020,ECML/PKDD (1),inproceedings,The Temporal Dictionary Ensemble (TDE) Classifier for Time Series Classification.,Matthew Middlehurst|James Large|Gavin C. Cawley|Anthony J. Bagnall
conf/pkdd/MakowskiJALS18,2018,ECML/PKDD (1),inproceedings,A Discriminative Model for Identifying Readers and Assessing Text Comprehension from Eye Movements.,Silvia Makowski|Lena A. J|Ahmed AbdelWahab|Niels Landwehr|Tobias Scheffer
conf/pkdd/DaeleDDM19,2019,PKDD/ECML Workshops (1),inproceedings,Learning Parsers for Technical Drawings.,Dries Van Daele|Nicholas Decleyre|Herman Dubois|Wannes Meert
conf/pkdd/PuechBDM19,2019,AALTD@PKDD/ECML,inproceedings,A Fully Automated Periodicity Detection in Time Series.,Tom Puech|Matthieu Boussard|Anthony D'Amato|Ga
conf/pkdd/StehleSF20,2020,IoT Streams/ITEM@PKDD/ECML,inproceedings,On the Difficulty of Designing Processor Arrays for Deep Neural Networks.,Kevin Stehle|G|Holger Fr
conf/pkdd/BasuSB19,2019,ECML/PKDD (3),inproceedings,BelMan: An Information-Geometric Approach to Stochastic Bandits.,Debabrota Basu|Pierre Senellart|St
conf/pkdd/ZhouGSH23,2023,ECML/PKDD (4),inproceedings,Corpus-Based Relation Extraction by Identifying and Refining Relation Patterns.,Sizhe Zhou|Suyu Ge|Jiaming Shen|Jiawei Han 0001
conf/pkdd/RahierMF22,2022,ECML/PKDD (5),inproceedings,A Pre-screening Approach for Faster Bayesian Network Structure Learning.,Thibaud Rahier|Sylvain Mari|Florence Forbes
conf/pkdd/AntoniMGMR22,2022,ECML/PKDD (6),inproceedings,An Embedded Continual Learning System for Facial Emotion Recognition.,Olivier Antoni|Marion Mainsant|Christelle Godin|Martial Mermillod|Marina Reyboz
conf/pkdd/AnK20,2020,ECML/PKDD (4),inproceedings,Neural User Embedding from Browsing Events.,Mingxiao An|Sundong Kim
conf/pkdd/JawedJSG21,2021,ECML/PKDD (1),inproceedings,Multi-task Learning Curve Forecasting Across Hyperparameter Configurations and Datasets.,Shayan Jawed|Hadi S. Jomaa|Lars Schmidt-Thieme|Josif Grabocka
conf/pkdd/FiorettoMN23,2023,PKDD/ECML Workshops (3),inproceedings,A Joint Analysis of Trajectory Mining and Process Mining for Smartphone User Behaviour.,Simona Fioretto|Elio Masciari|Enea Vincenzo Napolitano
conf/pkdd/WeiWZZ23,2023,ECML/PKDD (3),inproceedings,Boosting Adaptive Graph Augmented MLPs via Customized Knowledge Distillation.,Shaowei Wei|Zhengwei Wu|Zhiqiang Zhang 0012|Jun Zhou 0011
conf/pkdd/LisboaOJO20,2020,PKDD/ECML Workshops,inproceedings,Efficient Estimation of General Additive Neural Networks: A Case Study for CTG Data.,Paulo J. G. Lisboa|Sandra Ortega-Martorell|Manoj Jayabalan|Iv
conf/pkdd/QuyNSN19,2019,MASTER@PKDD/ECML,inproceedings,A Neighborhood-Augmented LSTM Model for Taxi-Passenger Demand Prediction.,Tai Le Quy|Wolfgang Nejdl|Myra Spiliopoulou|Eirini Ntoutsi
conf/pkdd/PradoRomeroPS24,2024,ECML/PKDD (8),inproceedings,GRETEL 2.0: Generation and Evaluation of Graph Counterfactual Explanations Evolved.,Mario Alfonso Prado-Romero|Bardh Prenkaj|Giovanni Stilo
conf/pkdd/WangXLLC24,2024,ECML/PKDD (3),inproceedings,FCFL: A Fairness Compensation-Based Federated Learning Scheme with Accumulated Queues.,Lingfu Wang|Zuobin Xiong|Guangchun Luo|Wei Li 0059|Aiguo Chen
conf/pkdd/0004KM23,2023,PKDD/ECML Workshops (4),inproceedings,Assessing Frailty Using Behavioral and Physical Health Data in Everyday Living Settings.,Chao Bian 0004|Shehroz S. Khan|Alex Mihailidis
conf/pkdd/LiZLGMY24,2024,ECML/PKDD (2),inproceedings,SaccadeDet: A Novel Dual-Stage Architecture for Rapid and Accurate Detection in Gigapixel Images.,Wenxi Li|Ruxin Zhang|Haozhe Lin|Yuchen Guo|Chao Ma 0004|Xiaokang Yang 0001
conf/pkdd/Al-EssaA21,2021,PKDD/ECML Workshops (2),inproceedings,Dealing with Imbalanced Data in Multi-class Network Intrusion Detection Systems Using XGBoost.,Malik Al-Essa|Annalisa Appice
conf/pkdd/0002LNVP18,2018,ECML/PKDD (2),inproceedings,Sqn2Vec: Learning Sequence Representation via Sequential Patterns with a Gap Constraint.,Dang Nguyen 0002|Wei Luo 0001|Tu Dinh Nguyen|Svetha Venkatesh|Dinh Q. Phung
conf/pkdd/Behzadi-Khormouji21,2021,PKDD/ECML Workshops (1),inproceedings,Enhancing Performance of Occlusion-Based Explanation Methods by a Hierarchical Search Method on Input Images.,Hamed Behzadi Khormuji|Habib Rostami
conf/pkdd/TurkmenWS19,2019,ECML/PKDD (2),inproceedings,FastPoint: Scalable Deep Point Processes.,Ali Caner T|Yuyang Wang 0001|Alexander J. Smola
conf/pkdd/PoduvalOVASA23,2023,ECML/PKDD (4),inproceedings,BipNRL: Mutual Information Maximization on Bipartite Graphs for Node Representation Learning.,Pranav Poduval|Gaurav Oberoi|Sangam Verma|Ayush Agarwal|Karamjit Singh|Siddhartha Asthana
conf/pkdd/ZhuN22,2022,MLSA@PKDD/ECML,inproceedings,Predicting Tennis Serve Directions with Machine Learning.,Ying Zhu 0001|Ruthuparna Naikar
conf/pkdd/SunkaraL22,2022,ECML/PKDD (3),inproceedings,No More Strided Convolutions or Pooling: A New CNN Building Block for Low-Resolution Images and Small Objects.,Raja Sunkara|Tie Luo 0001
conf/pkdd/XingMGOZ20,2020,PKDD/ECML Workshops,inproceedings,An Educational News Dataset for Recommender Systems.,Yujie Xing|Itishree Mohallick|Jon Atle Gulla|Lemei Zhang
conf/pkdd/HornPR19,2019,PKDD/ECML Workshops (1),inproceedings,The autofeat Python Library for Automated Feature Engineering and Selection.,Franziska Horn|Robert Pack|Michael Rieger
conf/pkdd/UrbaniRGT24,2024,ECML/PKDD (4),inproceedings,Harnessing Superclasses for Learning from Hierarchical Databases.,Nicolas Urbani|Sylvain Rousseau 0001|Yves Grandvalet|Leonardo Tanzi
conf/pkdd/CooneyGWLBT19,2019,PKDD/ECML Workshops (1),inproceedings,Mobile Game Theory with Street Gangs.,Sarah Cooney|Wendy Gomez|Kai Wang 0040|Jorja Leap|P. Jeffrey Brantingham|Milind Tambe
conf/pkdd/GautheronRL18,2018,ECML/PKDD (2),inproceedings,Feature Selection for Unsupervised Domain Adaptation Using Optimal Transport.,L|Ievgen Redko|Carole Lartizien
conf/pkdd/YangH23,2023,ECML/PKDD (6),inproceedings,On Calibration of Mathematical Finance Models by Hypernetworks.,Yongxin Yang|Timothy M. Hospedales
conf/pkdd/FlanaganOGTKA20,2020,ECML/PKDD (2),inproceedings,Federated Multi-view Matrix Factorization for Personalized Recommendations.,Adrian Flanagan|Were Oyomno|Alexander Grigorievskiy|Kuan Eeik Tan|Suleiman A. Khan|Muhammad Ammad-ud-din
conf/pkdd/NguyenNP20,2020,ECML/PKDD (3),inproceedings,A Self-attention Network Based Node Embedding Model.,Dai Quoc Nguyen|Tu Dinh Nguyen|Dinh Phung 0001
conf/pkdd/MillerSRVEA21,2021,ECML/PKDD (2),inproceedings,PATHATTACK: Attacking Shortest Paths in Complex Networks.,Benjamin A. Miller|Zohair Shafi|Wheeler Ruml|Yevgeniy Vorobeychik|Tina Eliassi-Rad|Scott Alfeld
conf/pkdd/ZhaoYV23,2023,ECML/PKDD (7),inproceedings,Cloud Imputation for Multi-sensor Remote Sensing Imagery with Style Transfer.,Yifan Zhao 0006|Xian Yang 0007|Ranga Raju Vatsavai
conf/pkdd/AimenLK22,2022,ECML/PKDD (3),inproceedings,Adversarial Projections to Tackle Support-Query Shifts in Few-Shot Meta-Learning.,Aroof Aimen|Bharat Ladrecha|Narayanan C. Krishnan
conf/pkdd/Pensel019,2019,PKDD/ECML Workshops (1),inproceedings,Forecast of Study Success in the STEM Disciplines Based Solely on Academic Records.,Lukas Pensel|Stefan Kramer 0001
conf/pkdd/DemirWLNH23,2023,ECML/PKDD (3),inproceedings,LitCQD: Multi-hop Reasoning in Incomplete Knowledge Graphs with Numeric Literals.,Caglar Demir|Michel Wiebesiek|Renzhong Lu|Axel-Cyrille Ngonga Ngomo|Stefan Heindorf
conf/pkdd/WangWBYZ23,2023,ECML/PKDD (2),inproceedings,FG,Zichong Wang|Charles Wallace 0001|Albert Bifet|Xin Yao|Wenbin Zhang 0002
conf/pkdd/WhiteM21,2021,PKDD/ECML Workshops (1),inproceedings,"Filtered States: Active Inference, Social Media and Mental Health.",Ben White|Mark Miller
conf/pkdd/WangLLZ24,2024,ECML/PKDD (9),inproceedings,Code Summarization with Project-Specific Features.,Yu Wang|Xin Liu 0151|Xuesong Lu|Aoying Zhou
conf/pkdd/WangDLZH23,2023,ECML/PKDD (2),inproceedings,Mitigating Algorithmic Bias with Limited Annotations.,Guanchu Wang|Mengnan Du|Ninghao Liu 0001|Na Zou 0001|Xia Ben Hu
conf/pkdd/TroisemaineFGRVL23,2023,ECML/PKDD (7),inproceedings,An Interactive Interface for Novel Class Discovery in Tabular Data.,Colin Troisemaine|Joachim Flocon-Cholet|St|Alexandre Reiffers-Masson|Sandrine Vaton|Vincent Lemaire 0001
conf/pkdd/FanWWZQ19,2019,MIDAS@PKDD,inproceedings,Multi-step Prediction of Financial Asset Return Volatility Using Parsimonious Autoregressive Sequential Model.,Xiangru Fan|Xiaoqian Wei|Di Wang|Wen Zhang|Wu Qi
conf/pkdd/BondarenkoTO23,2023,PKDD/ECML Workshops (1),inproceedings,Analyzing the Explanation and Interpretation Potential of Matrix Capsule Networks.,Andrei Bondarenko|Saja Tawalbeh|Jos
conf/pkdd/LiuWHYX22,2022,ECML/PKDD (1),inproceedings,LSCALE: Latent Space Clustering-Based Active Learning for Node Classification.,Juncheng Liu|Yiwei Wang 0001|Bryan Hooi|Renchi Yang|Xiaokui Xiao
conf/pkdd/DagnelyTT18,2018,Nemesis/UrbReas/SoGood/IWAISe/GDM@PKDD/ECML,inproceedings,Event Relevancy Pruning in Support of Energy-Efficient Sequential Pattern Mining.,Pierre Dagnely|Tom Tourw|Elena Tsiporkova
conf/pkdd/SteinerNH18,2018,MIDAS/PAP@PKDD/ECML,inproceedings,A Differential Privacy Workflow for Inference of Parameters in the Rasch Model.,Teresa Anna Steiner|David Enslev Nyrnberg|Lars Kai Hansen
conf/pkdd/CaoJYFSS22,2022,ECML/PKDD (6),inproceedings,MepoGNN: Metapopulation Epidemic Forecasting with Graph Neural Networks.,Qi Cao|Renhe Jiang|Chuang Yang 0002|Zipei Fan|Xuan Song 0001|Ryosuke Shibasaki
conf/pkdd/BhatR19,2019,AALTD@PKDD/ECML,inproceedings,Learning Stochastic Dynamical Systems via Bridge Sampling.,Harish S. Bhat|Shagun Rawat
conf/pkdd/JiangZZC24,2024,ECML/PKDD (3),inproceedings,FedAR: Addressing Client Unavailability in Federated Learning with Local Update Approximation and Rectification.,Chutian Jiang|Hansong Zhou|Xiaonan Zhang 0001|Shayok Chakraborty
conf/pkdd/NaikCRTP22,2022,ECML/PKDD (5),inproceedings,Bayesian Nonparametrics for Sparse Dynamic Networks.,Cian Naik|Fran|Judith Rousseau|Yee Whye Teh|Konstantina Palla
conf/pkdd/Dalmazzo019,2019,PKDD/ECML Workshops (2),inproceedings,Bow Gesture Classification to Identify Three Different Expertise Levels: A Machine Learning Approach.,David Dalmazzo|Rafael Ram
conf/pkdd/Wang00S0020,2020,ECML/PKDD (5),inproceedings,Spatial Community-Informed Evolving Graphs for Demand Prediction.,Qianru Wang|Bin Guo 0001|Yi Ouyang 0003|Kai Shu|Zhiwen Yu 0001|Huan Liu 0001
conf/pkdd/NaiSPGM22,2022,PKDD/ECML Workshops (1),inproceedings,Exploitation and Merge of Information Sources for Public Procurement Improvement.,Roberto Nai|Emilio Sulis|Paolo Pasteris|Mirko Giunta|Rosa Meo
conf/pkdd/BalzanZZG23,2023,PKDD/ECML Workshops (2),inproceedings,A 2-Step Methodology for XAI in Education.,Francesco Balzan|Andrea Zanellati|Stefano Pio Zingaro|Maurizio Gabbrielli
conf/pkdd/NitzscheND021,2021,PKDD/ECML Workshops (1),inproceedings,Ultra-low Power Machinery Fault Detection Using Deep Neural Networks.,Sven Nitzsche|Moritz Neher|Stefan von Dosky|J
conf/pkdd/LiJ21,2021,ECML/PKDD (3),inproceedings,Dep-L,Yang Li 0146|Shihao Ji 0001
conf/pkdd/CazzonelliK22,2022,ECML/PKDD (1),inproceedings,Detecting Anomalies with Autoencoders on Data Streams.,Lucas Cazzonelli|Cedric Kulbach
conf/pkdd/KawintiranonS22,2022,ECML/PKDD (2),inproceedings,DeMis: Data-Efficient Misinformation Detection Using Reinforcement Learning.,Kornraphop Kawintiranon|Lisa Singh
conf/pkdd/RoyZGS21,2021,ECML/PKDD (1),inproceedings,Knowledge Infused Policy Gradients with Upper Confidence Bound for Relational Bandits.,Kaushik Roy 0009|Qi Zhang 0038|Manas Gaur|Amit P. Sheth
conf/pkdd/RenL22,2022,ECML/PKDD (2),inproceedings,SkipCas: Information Diffusion Prediction Model Based on Skip-Gram.,Dedong Ren|Yong Liu
conf/pkdd/ChongL18,2018,ECML/PKDD (3),inproceedings,Implicit Linking of Food Entities in Social Media.,Wen-Haw Chong|Ee-Peng Lim
conf/pkdd/PhungtuaEngY24,2024,ECML/PKDD (2),inproceedings,Adaptive Seasonal-Trend Decomposition for Streaming Time Series Data with Transitions and Fluctuations in Seasonality.,Thanapol Phungtua-Eng|Yoshitaka Yamamoto
conf/pkdd/LauarV20,2020,ECML/PKDD (5),inproceedings,Detecting and Predicting Evidences of Insider Trading in the Brazilian Market.,Filipe Lauar|Cristiano Arbex Valle
conf/pkdd/PanZWY24,2024,ECML/PKDD (7),inproceedings,Model-Based Reinforcement Learning with Multi-task Offline Pretraining.,Minting Pan|Yitao Zheng|Yunbo Wang|Xiaokang Yang 0001
conf/pkdd/Dogo0J20,2020,PKDD/ECML Workshops,inproceedings,Exploring Thematic Coherence in Fake News.,Martins Samuel Dogo|Deepak P 0001|Anna Jurek-Loughrey
conf/pkdd/VMG21,2021,ECML/PKDD (5),inproceedings,TagRec: Automated Tagging of Questions with Hierarchical Learning Taxonomy.,Venktesh V|Mukesh K. Mohania|Vikram Goyal
conf/pkdd/LouresFAMM20,2020,ChAT@PKDD/ECML,inproceedings,StinkyCheese: Chat-Based Model for Subscription Classification.,T|Gustavo L|Fernanda G. Ara|Karen S. Martins|Pedro O. S. Vaz de Melo
conf/pkdd/BurashnikovaMA19,2019,ECML/PKDD (3),inproceedings,Sequential Learning over Implicit Feedback for Robust Large-Scale Recommender Systems.,Aleksandra Burashnikova|Yury Maximov|Massih-Reza Amini
conf/pkdd/IrurozkiPLS21,2021,ECML/PKDD (3),inproceedings,Rank Aggregation for Non-stationary Data Streams.,Ekhine Irurozki|Aritz P|Jesus L. Lobo|Javier Del Ser
conf/pkdd/FiorettoHM0B020,2020,ECML/PKDD (5),inproceedings,Lagrangian Duality for Constrained Deep Learning.,Ferdinando Fioretto|Pascal Van Hentenryck|Terrence W. K. Mak|Cuong Tran 0007|Federico Baldo|Michele Lombardi 0001
conf/pkdd/LendersC21,2021,PKDD/ECML Workshops (1),inproceedings,Learning a Fair Distance Function for Situation Testing.,Daphne Lenders|Toon Calders
conf/pkdd/BilajDM22,2022,ECML/PKDD (4),inproceedings,Hypothesis Transfer in Bandits by Weighted Models.,Steven Bilaj|Sofien Dhouib|Setareh Maghsudi
conf/pkdd/CoccominiC0FG23,2023,PKDD/ECML Workshops (2),inproceedings,Adversarial Magnification to Deceive Deepfake Detection Through Super Resolution.,Davide Alessandro Coccomini|Roberto Caldelli|Giuseppe Amato 0001|Fabrizio Falchi|Claudio Gennaro
conf/pkdd/XueYJWHL20,2020,ECML/PKDD (1),inproceedings,Modeling Dynamic Heterogeneous Network for Link Prediction Using Hierarchical Attention with Temporal RNN.,Hansheng Xue|Luwei Yang|Wen Jiang|Yi Wei|Yi Hu|Yu Lin 0001
conf/pkdd/FuchsPC23,2023,PKDD/ECML Workshops (2),inproceedings,Optimizing Delegation Between Human and AI Collaborative Agents.,Andrew Fuchs|Andrea Passarella|Marco Conti
conf/pkdd/SanchezWSBBA20,2020,AALTD@PKDD/ECML,inproceedings,GANNSTER: Graph-Augmented Neural Network Spatio-Temporal Reasoner for Traffic Forecasting.,Carlos Salort S|Alexander Wieder|Paolo Sottovia|Stefano Bortoli|Jan Baumbach|Cristian Axenie
conf/pkdd/MeeraW21,2021,PKDD/ECML Workshops (1),inproceedings,On the Convergence of DEM's Linear Parameter Estimator.,Ajith Anil Meera|Martijn Wisse
conf/pkdd/SzatkowskiPSTT23,2023,ECML/PKDD (4),inproceedings,Hypernetworks Build Implicit Neural Representations of Sounds.,Filip Szatkowski|Karol J. Piczak|Przemyslaw Spurek|Jacek Tabor|Tomasz Trzcinski
conf/pkdd/AhmadzadehCPMA22,2022,ECML/PKDD (6),inproceedings,TS-MIoU: A Time Series Similarity Metric Without Mapping.,Azim Ahmadzadeh|Yang Chen|Krishna Rukmini Puthucode|Ruizhe Ma|Rafal A. Angryk
conf/pkdd/ZafarNL18,2018,ECML/PKDD (3),inproceedings,Deep Query Ranking for Question Answering over Knowledge Bases.,Hamid Zafar|Giulio Napolitano|Jens Lehmann 0001
conf/pkdd/LiWZZ24,2024,ECML/PKDD (3),inproceedings,Direct-Effect Risk Minimization for Domain Generalization.,Yuhui Li|Zejia Wu|Chao Zhang 0001|Hongyang Zhang 0001
conf/pkdd/LiaoWHL019,2019,ECML/PKDD (3),inproceedings,Characterization and Early Detection of Evergreen News Articles.,Yiming Liao|Shuguang Wang|Eui-Hong Sam Han|Jongwuk Lee|Dongwon Lee 0001
conf/pkdd/WistubaR19,2019,ECML/PKDD (2),inproceedings,Scalable Large Margin Gaussian Process Classification.,Martin Wistuba|Ambrish Rawat
conf/pkdd/QuetuLT24,2024,ECML/PKDD (6),inproceedings,The Simpler The Better: An Entropy-Based Importance Metric to Reduce Neural Networks' Depth.,Victor Qu|Zhu Liao|Enzo Tartaglione
conf/pkdd/ChouLWS21,2021,ECML/PKDD (1),inproceedings,Efficient and Less Centralized Federated Learning.,Li Chou|Zichang Liu|Zhuang Wang|Anshumali Shrivastava
conf/pkdd/ToninPS23,2023,PKDD/ECML Workshops (4),inproceedings,Combining Primal and Dual Representations in Deep Restricted Kernel Machines Classifiers.,Francesco Tonin|Panagiotis Patrinos|Johan A. K. Suykens
conf/pkdd/RugolonBP22,2022,PKDD/ECML Workshops (2),inproceedings,A Workflow for Generating Patient Counterfactuals in Lung Transplant Recipients.,Franco Rugolon|Maria Bampa|Panagiotis Papapetrou
conf/pkdd/UnluFMM23,2023,PKDD/ECML Workshops (5),inproceedings,Reproducing Bayesian Posterior Distributions for Exoplanet Atmospheric Parameter Retrievals with a Machine Learning Surrogate Model.,Eyup B. Unlu|Roy T. Forestano|Konstantin T. Matchev|Katia Matcheva
conf/pkdd/HaardtMMP23,2023,PKDD/ECML Workshops (3),inproceedings,SEEDOT: Tool for Enhancing Sentiment Lexicon with Machine Learning.,Vittorio Haardt|Lorenzo Malandri|Fabio Mercorio|Luca Porcelli
conf/pkdd/NaskosKTGVC19,2019,PKDD/ECML Workshops (2),inproceedings,Event-Based Predictive Maintenance on Top of Sensor Data in a Real Industry 4.0 Case Study.,Athanasios Naskos|Georgia Kougka|Theodoros Toliopoulos|Anastasios Gounaris|Cosmas Vamvalis|Daniel Caljouw
conf/pkdd/ZhouLWSL24,2024,ECML/PKDD (1),inproceedings,AEMLO: AutoEncoder-Guided Multi-label Oversampling.,Ao Zhou|Bin Liu|Jin Wang|Kaiwei Sun|Kelin Liu
conf/pkdd/MaZH020,2020,ECML/PKDD (1),inproceedings,Spatio-Temporal Tensor Sketching via Adaptive Sampling.,Jing Ma 0005|Qiuchen Zhang|Joyce C. Ho|Li Xiong 0001
conf/pkdd/JinZ20,2020,ECML/PKDD (3),inproceedings,Robust Training of Graph Convolutional Networks via Latent Perturbation.,Hongwei Jin|Xinhua Zhang
conf/pkdd/BuguenoM19,2019,PKDD/ECML Workshops (2),inproceedings,Learning to Detect Online Harassment on Twitter with the Transformer.,Margarita Constanza Bugue|Marcelo Mendoza
conf/pkdd/MihelcicS22,2022,PKDD/ECML Workshops (1),inproceedings,"Rules, Subgroups and Redescriptions as Features in Classification Tasks.",Matej Mihelcic|Tomislav Smuc
conf/pkdd/BobowskaK019,2019,PKDD/ECML Workshops (2),inproceedings,Imbalanced Data Stream Classification Using Hybrid Data Preprocessing.,Barbara Bobowska|Jakub Klikowski|Michal Wozniak 0001
conf/pkdd/FrancPY22,2022,ECML/PKDD (4),inproceedings,Consistent and Tractable Algorithm for Markov Network Learning.,Vojtech Franc|Daniel Prusa|Andrii Yermakov
conf/pkdd/HeppeKAHPM20,2020,PKDD/ECML Workshops,inproceedings,Resource-Constrained On-Device Learning by Dynamic Averaging.,Lukas Heppe|Michael Kamp|Linara Adilova|Danny Heinrich|Nico Piatkowski|Katharina Morik
conf/pkdd/AlfeoCG23,2023,PKDD/ECML Workshops (3),inproceedings,Matching the Expert's Knowledge via a Counterfactual-Based Feature Importance Measure.,Antonio Luca Alfeo|Mario G. C. A. Cimino|Guido Gagliardi
conf/pkdd/PalaADE23,2023,PKDD/ECML Workshops (5),inproceedings,ViBERTgrid BiLSTM-CRF: Multimodal Key Information Extraction from Unstructured Financial Documents.,Furkan Pala|Mehmet Yasin Akpinar|Onur Deniz|G
conf/pkdd/Martinez-Plumed18,2018,Nemesis/UrbReas/SoGood/IWAISe/GDM@PKDD/ECML,inproceedings,SALER: A Data Science Solution to Detect and Prevent Corruption in Public Administration.,Fernando Mart|Juan Carlos Casamayor|C|Jon Ander G|Eduardo Vendrell Vidal
conf/pkdd/BarbagliaCM19,2019,MIDAS@PKDD,inproceedings,"Monitoring the Business Cycle with Fine-Grained, Aspect-Based Sentiment Extraction from News.",Luca Barbaglia|Sergio Consoli|Sebastiano Manzan
conf/pkdd/MadhusudhananBDBS22,2022,ECML/PKDD (6),inproceedings,U-Net Inspired Transformer Architecture for Far Horizon Time Series Forecasting.,Kiran Madhusudhanan|Johannes Burchert|Nghia Duong-Trung|Stefan Born|Lars Schmidt-Thieme
conf/pkdd/DantasDMI23,2023,ECML/PKDD (7),inproceedings,Counterfactual Explanations for Remote Sensing Time Series Data: An Application to Land Cover Classification.,C|Thalita F. Drumond|Diego Marcos|Dino Ienco
conf/pkdd/GandhiAKC21,2021,ECML/PKDD (4),inproceedings,Spatio-Temporal Multi-graph Networks for Demand Forecasting in Online Marketplaces.,Ankit Gandhi|Aakanksha|Sivaramakrishnan Kaveri|Vineet Chaoji
conf/pkdd/MarotRCDPB19,2019,ECML/PKDD (3),inproceedings,Interpreting Atypical Conditions in Systems with Deep Conditional Autoencoders: The Case of Electrical Consumption.,Antoine Marot|Antoine Rosin|Laure Crochepierre|Benjamin Donnot|Pierre Pinson|Lydia Boudjeloud-Assala
conf/pkdd/LiLZWLX23,2023,ECML/PKDD (1),inproceedings,"Decompose, Then Reconstruct: A Framework of Network Structures for Click-Through Rate Prediction.",Jiaming Li|Lang Lang|Zhenlong Zhu|Haozhao Wang|Ruixuan Li 0001|Wenchao Xu 0001
conf/pkdd/Le-CozHA23,2023,PKDD/ECML Workshops (2),inproceedings,Explaining an Image Classifier with a Generative Model Conditioned by Uncertainty.,Adrien Le-Coz|St|Faouzi Adjed
conf/pkdd/TchagheSP21,2021,PKDD/ECML Workshops (1),inproceedings,A Classification of Anomaly Explanation Methods.,V|Gr|Olivier Pivert
conf/pkdd/SenzBM22,2022,IAL@PKDD/ECML,inproceedings,Certifiable Active Class Selection in Multi-Class Classification.,Martin Senz|Mirko Bunse|Katharina Morik
conf/pkdd/YooZZA23,2023,ECML/PKDD (1),inproceedings,DSV: An Alignment Validation Loss for Self-supervised Outlier Model Selection.,Jaemin Yoo|Yue Zhao 0016|Lingxiao Zhao|Leman Akoglu
conf/pkdd/VelosoGMV18,2018,DMLE/IOTSTREAMING@PKDD/ECML,inproceedings,Self Hyper-parameter Tuning for Stream Recommendation Algorithms.,Bruno Veloso|Jo|Benedita Malheiro
conf/pkdd/TsurLGUKB18,2018,ECML/PKDD (3),inproceedings,Hypotensive Episode Prediction in ICUs via Observation Window Splitting.,Elad Tsur|Mark Last|Victor F. Garcia|Raphael Udassin|Moti Klein|Evgeni Brotfain
conf/pkdd/QureshiMSPO18,2018,ECML/PKDD (3),inproceedings,VHI: Valve Health Identification for the Maintenance of Subsea Industrial Equipment.,Muhammad Atif Qureshi 0001|Luis Miralles-Pechu|Jing Su|Jason Payne|Ronan O'Malley
conf/pkdd/LiuYTLSY21,2021,ECML/PKDD (1),inproceedings,LSMI-Sinkhorn: Semi-supervised Mutual Information Estimation with Optimal Transport.,Yanbin Liu|Makoto Yamada|Yao-Hung Hubert Tsai|Tam Le|Ruslan Salakhutdinov|Yi Yang 0001
conf/pkdd/BernerM24,2024,ECML/PKDD (6),inproceedings,Introducing Total Harmonic Resistance for Graph Robustness Under Edge Deletions.,Lukas Berner|Henning Meyerhenke
conf/pkdd/MaekawaSFO22,2022,ECML/PKDD (2),inproceedings,GNN Transformation Framework for Improving Efficiency and Scalability.,Seiji Maekawa|Yuya Sasaki 0001|George Fletcher 0001|Makoto Onizuka
conf/pkdd/MinGS18,2018,ECML/PKDD (1),inproceedings,Parametric t-Distributed Stochastic Exemplar-Centered Embedding.,Martin Renqiang Min|Hongyu Guo|Dinghan Shen
conf/pkdd/AbuodaMA19,2019,ECML/PKDD (1),inproceedings,Link Prediction via Higher-Order Motif Features.,Ghadeer Abuoda|Gianmarco De Francisci Morales|Ashraf Aboulnaga
conf/pkdd/CammozzoBN20,2020,PKDD/ECML Workshops,inproceedings,Monitoring Technoscientific Issues in the News.,Alberto Cammozzo|Emanuele Di Buccio|Federico Neresini
conf/pkdd/KomarekS18,2018,ECML/PKDD (1),inproceedings,Multiple Instance Learning with Bag-Level Randomized Trees.,Tom|Petr Somol
conf/pkdd/ZhangL20,2020,ECML/PKDD (1),inproceedings,PROMO for Interpretable Personalized Social Emotion Mining.,Jason (Jiasheng) Zhang|Dongwon Lee 0001
conf/pkdd/TanDGL22,2022,ECML/PKDD (2),inproceedings,Supervised Graph Contrastive Learning for Few-Shot Node Classification.,Zhen Tan 0001|Kaize Ding|Ruocheng Guo|Huan Liu 0001
conf/pkdd/FajriKPP20,2020,ECML/PKDD (5),inproceedings,PS3: Partition-Based Skew-Specialized Sampling for Batch Mode Active Learning in Imbalanced Text Data.,Ricky Maulana Fajri|Samaneh Khoshrou|Robert Peharz|Mykola Pechenizkiy
conf/pkdd/LeTH22,2022,ECML/PKDD (6),inproceedings,Learning Perceptual Position-Aware Shapelets for Time Series Classification.,Xuan-May Le|Minh-Tuan Tran|Van-Nam Huynh
conf/pkdd/LiangWHHCL23,2023,ECML/PKDD (5),inproceedings,MMA: Multi-Metric-Autoencoder for Analyzing High-Dimensional and Incomplete Data.,Cheng Liang 0003|Di Wu 0056|Yi He 0007|Teng Huang 0001|Zhong Chen 0003|Xin Luo 0001
conf/pkdd/BhallaYH019,2019,ECML/PKDD (3),inproceedings,Compact Representation of a Multi-dimensional Combustion Manifold Using Deep Neural Networks.,Sushrut Bhalla|Matthew X. Yao|Jean-Pierre Hickey|Mark Crowley 0001
conf/pkdd/ZhanLC21,2021,ECML/PKDD (1),inproceedings,Deep Model Compression via Two-Stage Deep Reinforcement Learning.,Huixin Zhan|Wei-Ming Lin|Yongcan Cao
conf/pkdd/YueSWWXS20,2020,ECML/PKDD (4),inproceedings,Learning a Contextual and Topological Representation of Areas-of-Interest for On-Demand Delivery Application.,Mingxuan Yue|Tianshu Sun|Fan Wu|Lixia Wu|Yinghui Xu|Cyrus Shahabi
conf/pkdd/AbrahamD21,2021,IAL@PKDD/ECML,inproceedings,Sample Noise Impact on Active Learning.,Alexandre Abraham|L
conf/pkdd/VerstraeteDCVD19,2019,PKDD/ECML Workshops (2),inproceedings,Analyzing Soccer Players' Skill Ratings Over Time Using Tensor-Based Methods.,Kenneth Verstraete|Tom Decroos|Bruno Coussement|Nick Vannieuwenhoven|Jesse Davis
conf/pkdd/LiFCLS21,2021,ECML/PKDD (2),inproceedings,Decoupling Sparsity and Smoothness in Dirichlet Belief Networks.,Yaqiong Li|Xuhui Fan 0001|Ling Chen 0006|Bin Li 0015|Scott A. Sisson
conf/pkdd/FadelMTB21,2021,ECML/PKDD (2),inproceedings,Principled Interpolation in Normalizing Flows.,Samuel G. Fadel|Sebastian Mair 0001|Ricardo da Silva Torres|Ulf Brefeld
conf/pkdd/HavardstunFT24,2024,ECML/PKDD (8),inproceedings,An Interactive Tool for Interpretability of Time Series Classification.,Brigt Arve Toppe H|C|Jan Arne Telle
conf/pkdd/GartnerTF20,2020,ChAT@PKDD/ECML,inproceedings,Detecting Potential Subscribers on Twitch: A Text Mining Approach with XGBoost - Discovery Challenge ChAT: CoolStoryBob.,Marvin G|Andreas Theissler|Marc Fernandes
conf/pkdd/LiXKZDC22,2022,ECML/PKDD (6),inproceedings,Meta Hierarchical Reinforced Learning to Rank for Recommendation: A Comprehensive Study in MOOCs.,Yuchen Li 0006|Haoyi Xiong|Linghe Kong|Rui Zhang|Dejing Dou|Guihai Chen
conf/pkdd/NahonBVTN23,2023,PKDD/ECML Workshops (1),inproceedings,"Mental State Classification Using EEG Signals: Ethics, Law and Challenges.",R|Nasim Bagheri|Giovanna Varni|Enzo Tartaglione|Van-Tam Nguyen
conf/pkdd/SalvettiAMCC22,2022,ECML/PKDD (6),inproceedings,Waypoint Generation in Row-Based Crops with Deep Learning and Contrastive Clustering.,Francesco Salvetti|Simone Angarano|Mauro Martini|Simone Cerrato|Marcello Chiaberge
conf/pkdd/NawazFNCW21,2021,PKDD/ECML Workshops (2),inproceedings,Metamorphic Malware Behavior Analysis Using Sequential Pattern Mining.,M. Saqib Nawaz|Philippe Fournier-Viger|Muhammad Zohaib Nawaz|Guoting Chen|Youxi Wu
conf/pkdd/HamidiO20,2020,ECML/PKDD (4),inproceedings,Data Generation Process Modeling for Activity Recognition.,Massinissa Hamidi|Aomar Osmani
conf/pkdd/WuTLGLL23,2023,ECML/PKDD (3),inproceedings,Learning to Augment Graph Structure for both Homophily and Heterophily Graphs.,Lirong Wu|Cheng Tan 0012|Zihan Liu|Zhangyang Gao|Haitao Lin|Stan Z. Li
conf/pkdd/HederichGHM23,2023,ECML/PKDD (7),inproceedings,Lumos in the Night Sky: AI-Enabled Visual Tool for Exploring Night-Time Light Patterns.,Jakob Hederich|Shreya Ghosh 0002|Zeyu He|Prasenjit Mitra
conf/pkdd/AudebertHSV19,2019,PKDD/ECML Workshops (1),inproceedings,Multimodal Deep Networks for Text and Image-Based Document Classification.,Nicolas Audebert|Catherine Herold|Kuider Slimani|C
conf/pkdd/DuTD18,2018,ECML/PKDD (2),inproceedings,POLAR: Attention-Based CNN for One-Shot Personalized Article Recommendation.,Zhengxiao Du|Jie Tang 0001|Yuhui Ding
conf/pkdd/HeLZZT21,2021,ECML/PKDD (1),inproceedings,Holistic Prediction for Public Transport Crowd Flows: A Spatio Dynamic Graph Network Approach.,Bingjie He|Shukai Li|Chen Zhang 0007|Baihua Zheng|Fugee Tsung
conf/pkdd/KrishnanPR20,2020,ECML/PKDD (2),inproceedings,Diversity-Based Generalization for Unsupervised Text Classification Under Domain Shift.,Jitin Krishnan|Hemant Purohit|Huzefa Rangwala
conf/pkdd/WahidFM23,2023,PKDD/ECML Workshops (3),inproceedings,Integrating Renewable Energy in Agriculture: A Deep Reinforcement Learning-Based Approach.,Abdul Wahid 0006|Iias Faiud|Karl Mason
conf/pkdd/BeechingD0020,2020,ECML/PKDD (2),inproceedings,EgoMap: Projective Mapping and Structured Egocentric Memory for Deep RL.,Edward Beeching|Jilles Dibangoye|Olivier Simonin 0001|Christian Wolf 0001
conf/pkdd/SantosM22,2022,PKDD/ECML Workshops (1),inproceedings,From Disentangled Representation to Concept Ranking: Interpreting Deep Representations in Image Classification Tasks.,Eric Ferreira Dos Santos|Alessandra Mileo
conf/pkdd/AbdooBSS22,2022,ECML/PKDD (4),inproceedings,Team-Imitate-Synchronize for Solving Dec-POMDPs.,Eliran Abdoo|Ronen I. Brafman|Guy Shani|Nitsan Soffair
conf/pkdd/DingWLMT23,2023,ECML/PKDD (3),inproceedings,Improving Few-Shot Inductive Learning on Temporal Knowledge Graphs Using Confidence-Augmented Reinforcement Learning.,Zifeng Ding|Jingpei Wu|Zongyue Li|Yunpu Ma|Volker Tresp
conf/pkdd/YanY23,2023,ECML/PKDD (3),inproceedings,SimSky: An Accuracy-Aware Algorithm for Single-Source SimRank Search.,Liping Yan|Weiren Yu
conf/pkdd/ProvodinJD24,2024,ECML/PKDD (10),inproceedings,Bandits for Sponsored Search Auctions Under Unknown Valuation Model: Case Study in E-Commerce Advertising.,Danil Provodin|J|Eduard Duryev
conf/pkdd/RoelingNV20,2020,PKDD/ECML Workshops,inproceedings,Hybrid Connection and Host Clustering for Community Detection in Spatial-Temporal Network Data.,Mark Patrick Roeling|Azqa Nadeem|Sicco Verwer
conf/pkdd/Fenske0K23,2023,PKDD/ECML Workshops (4),inproceedings,Neuro-symbolic Artificial Intelligence for Patient Monitoring.,Ole Fenske|Sebastian Bader 0001|Thomas Kirste
conf/pkdd/TornedeTWMH20,2020,IoT Streams/ITEM@PKDD/ECML,inproceedings,AutoML for Predictive Maintenance: One Tool to RUL Them All.,Tanja Tornede|Alexander Tornede|Marcel Wever|Felix Mohr|Eyke H
conf/pkdd/ProsV23,2023,PKDD/ECML Workshops (4),inproceedings,Exploiting Causal Knowledge During CATE Estimation Using Tree Based Metalearners.,Roger Pros|Jordi Vitri
conf/pkdd/ZhengLJZLX24,2024,ECML/PKDD (9),inproceedings,Multi-intent Driven Contrastive Sequential Recommendation.,Yiyuan Zheng|Beibei Li 0001|Beihong Jin|Rui Zhao|Weijiang Lai|Tao Xiang 0001
conf/pkdd/0001SR20,2020,ECML/PKDD (2),inproceedings,Reprogramming GANs via Input Noise Design.,Kangwook Lee 0001|Changho Suh|Kannan Ramchandran
conf/pkdd/ChauhanRSSB21,2021,ECML/PKDD (1),inproceedings,Deviation-Based Marked Temporal Point Process for Marker Prediction.,Anand Vir Singh Chauhan|Shivshankar Reddy|Maneet Singh|Karamjit Singh|Tanmoy Bhowmik
conf/pkdd/DemirN23,2023,ECML/PKDD (3),inproceedings,Clifford Embeddings - A Generalized Approach for Embedding in Normed Algebras.,Caglar Demir|Axel-Cyrille Ngonga Ngomo
conf/pkdd/PoyiadziSB18,2018,ECML/PKDD (1),inproceedings,Ordinal Label Proportions.,Rafael Poyiadzi|Ra|Tijl De Bie
conf/pkdd/LiuLLWL23,2023,ECML/PKDD (6),inproceedings,MCTN: A Multi-Channel Temporal Network for Wearable Fall Prediction.,Jiawei Liu|Xiaohu Li|Guorui Liao|Shu Wang 0005|Li Liu 0001
conf/pkdd/NguyenLV24,2024,ECML/PKDD (2),inproceedings,Variable-Agnostic Causal Exploration for Reinforcement Learning.,Minh Hoang Nguyen|Hung Le 0002|Svetha Venkatesh
conf/pkdd/YuNVHT20,2020,PKDD/ECML Workshops,inproceedings,Hyper-Parameter Optimization for Privacy-Preserving Record Linkage.,Joyce Yu|Jakub Nabaglo|Dinusha Vatsalan|Wilko Henecka|Brian Thorne
conf/pkdd/HeydenGFPB24,2024,ECML/PKDD (5),inproceedings,Leveraging Plasticity in Incremental Decision Trees.,Marco Heyden|Heitor Murilo Gomes|Edouard Fouch|Bernhard Pfahringer|Klemens B
conf/pkdd/NaiSMGRG23,2023,PKDD/ECML Workshops (1),inproceedings,Process Mining on a Public Procurement Dataset: A Case Study.,Roberto Nai|Emilio Sulis|Rosa Meo|Francesco Gorgerino|Gabriella Margherita Racca|Laura Genga
conf/pkdd/WedgeKVMP18,2018,ECML/PKDD (3),inproceedings,Solving the False Positives Problem in Fraud Prediction Using Automated Feature Engineering.,Roy Wedge|James Max Kanter|Kalyan Veeramachaneni|Santiago Moral-Rubio|Sergio Iglesias Perez
conf/pkdd/McCarthyTCRJZ22,2022,MLSA@PKDD/ECML,inproceedings,Analyzing Passing Sequences for the Prediction of Goal-Scoring Opportunities.,Conor McCarthy|Panagiotis Tampakis|Marco Chiarandini|Morten Bredsgaard Randers|Stefan J|Arthur Zimek
conf/pkdd/LuoH18,2018,ECML/PKDD (2),inproceedings,Hierarchical Active Learning with Proportion Feedback on Regions.,Zhipeng Luo|Milos Hauskrecht
conf/pkdd/HestermannD19,2019,PKDD/ECML Workshops (2),inproceedings,Enhanced De-Essing via Neural Networks.,Simon Hestermann|Niklas Deffner
conf/pkdd/ChesterDZT22,2022,ECML/PKDD (4),inproceedings,Oracle-SAGE: Planning Ahead in Graph-Based Deep Reinforcement Learning.,Andrew Chester 0001|Michael Dann|Fabio Zambetta|John Thangarajah
conf/pkdd/JiangSTC21,2021,ECML/PKDD (4),inproceedings,Generating Multi-type Temporal Sequences to Mitigate Class-Imbalanced Problem.,Lun Jiang|Nima Salehi Sadghiani|Zhuo Tao|Andrew Cohen
conf/pkdd/AgostinelliC23,2023,ECML/PKDD (4),inproceedings,Improving Autoregressive NLP Tasks via Modular Linearized Attention.,Victor Agostinelli|Lizhong Chen
conf/pkdd/GuidottiSNBP18,2018,ECML/PKDD (3),inproceedings,Helping Your Docker Images to Spread Based on Explainable Models.,Riccardo Guidotti|Jacopo Soldani|Davide Neri|Antonio Brogi|Dino Pedreschi
conf/pkdd/NguyenWA19,2019,ECML/PKDD (2),inproceedings,Continual Rare-Class Recognition with Emerging Novel Subclasses.,Hung T. Nguyen 0003|Xuejian Wang|Leman Akoglu
conf/pkdd/ZylinskiQ24,2024,ECML/PKDD (4),inproceedings,SynODC: Utilizing the Syntactic Structure for Outlier Detection in Categorical Attributes.,Arthur Zylinski|Abdulhakim Ali Qahtan
conf/pkdd/ChenBX21,2021,ECML/PKDD (3),inproceedings,Asymptotic Statistical Analysis of Sparse Group LASSO via Approximate Message Passing.,Kan Chen|Zhiqi Bu|Shiyun Xu
conf/pkdd/StieberSSHR20,2020,ECML/PKDD (4),inproceedings,FlowFrontNet: Improving Carbon Composite Manufacturing with CNNs.,Simon Stieber|Niklas Schr|Alexander Schiendorfer|Alwin Hoffmann|Wolfgang Reif
conf/pkdd/HossainSS23,2023,ECML/PKDD (3),inproceedings,Quantifying Node-Based Core Resilience.,Jakir Hossain|Sucheta Soundarajan|Ahmet Erdem Sariy
conf/pkdd/MoharrerKYI21,2021,ECML/PKDD (3),inproceedings,Robust Regression via Model Based Methods.,Armin Moharrer|Khashayar Kamran|Edmund Yeh|Stratis Ioannidis
conf/pkdd/HuBA22,2022,ECML/PKDD (3),inproceedings,Learnable Masked Tokens for Improved Transferability of Self-supervised Vision Transformers.,Hao Hu|Federico Baldassarre|Hossein Azizpour
conf/pkdd/Nkisi-OrjiWMHH18,2018,ECML/PKDD (1),inproceedings,Ontology Alignment Based on Word Embedding and Random Forest Classification.,Ikechukwu Nkisi-Orji|Nirmalie Wiratunga|Stewart Massie|Kit-Ying Hui|Rachel Heaven
conf/pkdd/HiguchiMKK18,2018,ECML/PKDD (2),inproceedings,Discovering Spatio-Temporal Latent Influence in Geographical Attention Dynamics.,Minoru Higuchi|Kanji Matsutani|Masahito Kumano|Masahiro Kimura
conf/pkdd/RuzickaKTPH21,2021,IAL@PKDD/ECML,inproceedings,Combining Gaussian Processes with Neural Networks for Active Learning in Optimization.,Jir|Jan Koza|Zbynek Pitra|Martin Holena
conf/pkdd/VracemN21,2021,ECML/PKDD (3),inproceedings,Iterated Matrix Reordering.,Gauthier Van Vracem|Siegfried Nijssen
conf/pkdd/SainiDP21,2021,ECML/PKDD (3),inproceedings,Subspace Clustering Based Analysis of Neural Networks.,Uday Singh Saini|Pravallika Devineni|Evangelos E. Papalexakis
conf/pkdd/ManchandaMDA22,2022,ECML/PKDD (5),inproceedings,On the Generalization of Neural Combinatorial Optimization Heuristics.,Sahil Manchanda|Sofia Michel|Darko Drakulic|Jean-Marc Andreoli
conf/pkdd/AbidMC18,2018,DMLE/IOTSTREAMING@PKDD/ECML,inproceedings,Fault Prognostics for the Predictive Maintenance of Wind Turbines: State of the Art.,Koceila Abid|Moamar Sayed-Mouchaweh|Laurence Cornez
conf/pkdd/RewickiGND24,2024,ECML/PKDD (9),inproceedings,Unraveling Anomalies in Time: Unsupervised Discovery and Isolation of Anomalous Behavior in Bio-Regenerative Life Support System Telemetry.,Ferdinand Rewicki|Jakob Gawlikowski|Julia Niebling|Joachim Denzler
conf/pkdd/OlascoagaMSV20,2020,IoT Streams/ITEM@PKDD/ECML,inproceedings,Dynamic Complexity Tuning for Hardware-Aware Probabilistic Circuits.,Laura Isabel Galindez Olascoaga|Wannes Meert|Nimish Shah|Marian Verhelst
conf/pkdd/DevosMD19,2019,ECML/PKDD (1),inproceedings,Fast Gradient Boosting Decision Trees with Bit-Level Data Structures.,Laurens Devos|Wannes Meert|Jesse Davis
conf/pkdd/BellingerT023,2023,PKDD/ECML Workshops (4),inproceedings,Learning When to Observe: A Frugal Reinforcement Learning Framework for a High-Cost World.,Colin Bellinger|Isaac Tamblyn|Mark Crowley 0001
conf/pkdd/SadeghiWB21,2021,ECML/PKDD (2),inproceedings,Adversarial Representation Learning with Closed-Form Solvers.,Bashir Sadeghi|Lan Wang|Vishnu Naresh Boddeti
conf/pkdd/IbrahimPM22,2022,ECML/PKDD (1),inproceedings,"Newer is Not Always Better: Rethinking Transferability Metrics, Their Peculiarities, Stability and Performance.",Shibal Ibrahim|Natalia Ponomareva 0001|Rahul Mazumder
conf/pkdd/LiuLZW23,2023,ECML/PKDD (7),inproceedings,FDTI: Fine-Grained Deep Traffic Inference with Roadnet-Enriched Graph.,Zhanyu Liu|Chumeng Liang|Guanjie Zheng|Hua Wei 0001
conf/pkdd/SaadatiT19,2019,ECML/PKDD (1),inproceedings,Adjustment Criteria for Recovering Causal Effects from Missing Data.,Mojdeh Saadati|Jin Tian 0001
conf/pkdd/StranieriS23,2023,PKDD/ECML Workshops (4),inproceedings,Comparing Deep Reinforcement Learning Algorithms in Two-Echelon Supply Chains.,Francesco Stranieri|Fabio Stella
conf/pkdd/PapadopoulosWA18,2018,DARE@PKDD/ECML,inproceedings,Machine Learning as Surrogate to Building Performance Simulation: A Building Design Optimization Application.,Sokratis Papadopoulos|Wei Lee Woon|Elie Azar
conf/pkdd/ZhaoGCLLW24,2024,ECML/PKDD (6),inproceedings,HetCAN: A Heterogeneous Graph Cascade Attention Network with Dual-Level Awareness.,Zeyuan Zhao|Qingqing Ge|Anfeng Cheng|Yiding Liu|Xiang Li 0067|Shuaiqiang Wang
conf/pkdd/TangQFLLH23,2023,ECML/PKDD (6),inproceedings,OptMSM: Optimizing Multi-Scenario Modeling for Click-Through Rate Prediction.,Xing Tang 0007|Yang Qiao|Yuwen Fu|Fuyuan Lyu|Dugang Liu|Xiuqiang He 0001
conf/pkdd/SunJCM21,2021,ECML/PKDD (4),inproceedings,Multitask Recalibrated Aggregation Network for Medical Code Prediction.,Wei Sun 0046|Shaoxiong Ji|Erik Cambria|Pekka Marttinen
conf/pkdd/ZyblewskiS019,2019,PKDD/ECML Workshops (2),inproceedings,Data Preprocessing and Dynamic Ensemble Selection for Imbalanced Data Stream Classification.,Pawel Zyblewski|Robert Sabourin|Michal Wozniak 0001
conf/pkdd/LinHF20,2020,ECML/PKDD (4),inproceedings,A Route-Affecting Region Based Approach for Feature Extraction in Transportation Route Planning.,Fandel Lin|Hsun-Ping Hsieh|Jie-Yu Fang
conf/pkdd/HavardstunFHPT23,2023,ECML/PKDD (3),inproceedings,XAI with Machine Teaching When Humans Are (Not) Informed About the Irrelevant Features.,Brigt Arve Toppe H|C|Jos|Pekka Parviainen|Jan Arne Telle
conf/pkdd/KatzourisMAP18,2018,ECML/PKDD (2),inproceedings,Online Learning of Weighted Relational Rules for Complex Event Recognition.,Nikos Katzouris|Evangelos Michelioudakis|Alexander Artikis|Georgios Paliouras
conf/pkdd/MantriS23,2023,PKDD/ECML Workshops (2),inproceedings,Trustworthy Hybrid Decision-Making.,Krishna Sri Ipsit Mantri|Nevasini Sasikumar
conf/pkdd/CheWLM24,2024,ECML/PKDD (9),inproceedings,Leveraging Foundation Models for Multi-modal Federated Learning with Incomplete Modality.,Liwei Che|Jiaqi Wang 0002|Xinyue Liu 0002|Fenglong Ma
conf/pkdd/DuluardLPRV22,2022,MLSA@PKDD/ECML,inproceedings,Discovering and Visualizing Tactics in a Table Tennis Game Based on Subgroup Discovery.,Pierre Duluard|Xinqing Li|Marc Plantevit|C|Romain Vuillemot
conf/pkdd/ZhaoJLZL24,2024,ECML/PKDD (9),inproceedings,Multiple Hypergraph Learning for Ephemeral Group Recommendation.,Rui Zhao|Beihong Jin|Yimin Lv|Yiyuan Zheng|Weijiang Lai
conf/pkdd/LiuY21,2021,ECML/PKDD (3),inproceedings,Enhancing Summarization with Text Classification via Topic Consistency.,Jingzhou Liu|Yiming Yang 0002
conf/pkdd/ZhouZZC24,2024,ECML/PKDD (9),inproceedings,Contrastive Learning Enhanced Diffusion Model for Improving Tropical Cyclone Intensity Estimation with Test-Time Adaptation.,Ziheng Zhou|Haojia Zuo|Ying Zhao|Wenguang Chen
conf/pkdd/MalekmohammadiS21,2021,PKDD/ECML Workshops (1),inproceedings,Splitting Algorithms for Federated Learning.,Saber Malekmohammadi|Kiarash Shaloudegi|Zeou Hu|Yaoliang Yu
conf/pkdd/TavaraSB21,2021,PKDD/ECML Workshops (2),inproceedings,Federated Learning of Oligonucleotide Drug Molecule Thermodynamics with Differentially Private ADMM-Based SVM.,Shirin Tavara|Alexander Schliep|Debabrota Basu
conf/pkdd/PapagiannisL22,2022,ECML/PKDD (4),inproceedings,Imitation Learning with Sinkhorn Distances.,Georgios Papagiannis|Yunpeng Li
conf/pkdd/BoerA018,2018,MIDAS/PAP@PKDD/ECML,inproceedings,Privacy Preserving Client/Vertical-Servers Classification.,Derian Boer|Zahra Ahmadi|Stefan Kramer 0001
conf/pkdd/DuY24,2024,ECML/PKDD (5),inproceedings,FedPrime: An Adaptive Critical Learning Periods Control Framework for Efficient Federated Learning in Heterogeneity Scenarios.,Haizhou Du|Zhiyuan Yang
conf/pkdd/MartensPD23,2023,ECML/PKDD (1),inproceedings,Semi-supervised Learning from Active Noisy Soft Labels for Anomaly Detection.,Timo Martens|Lorenzo Perini|Jesse Davis
conf/pkdd/OrdozgoitiM20,2020,ECML/PKDD (2),inproceedings,Off-the-Grid: Fast and Effective Hyperparameter Search for Kernel Clustering.,Bruno Ordozgoiti|Llu
conf/pkdd/YiYYCZX22,2022,ECML/PKDD (2),inproceedings,Contextual Information and Commonsense Based Prompt for Emotion Recognition in Conversation.,Jingjie Yi|Deqing Yang|Siyu Yuan|Kaiyan Cao|Zhiyao Zhang|Yanghua Xiao
conf/pkdd/LopardoGPO22,2022,ECML/PKDD (1),inproceedings,SMACE: A New Method for the Interpretability of Composite Decision Systems.,Gianluigi Lopardo|Damien Garreau|Fr|Greger Ottosson
conf/pkdd/TewSM22,2022,ECML/PKDD (5),inproceedings,Sparse Horseshoe Estimation via Expectation-Maximisation.,Shu Yu Tew|Daniel F. Schmidt|Enes Makalic
conf/pkdd/LiS23,2023,ECML/PKDD (5),inproceedings,Sparse Transformer Hawkes Process for Long Event Sequences.,Zhuoqun Li 0001|Mingxuan Sun 0001
conf/pkdd/GauffreHA24,2024,ECML/PKDD (8),inproceedings,A Unified Contrastive Loss for Self-training.,Aur|Julien Horvat|Massih-Reza Amini
conf/pkdd/ShinKHF18,2018,ECML/PKDD (2),inproceedings,Think Before You Discard: Accurate Triangle Counting in Graph Streams with Deletions.,Kijung Shin|Jisu Kim|Bryan Hooi|Christos Faloutsos
conf/pkdd/PengLYZZS24,2024,ECML/PKDD (6),inproceedings,Towards Few-Shot Self-explaining Graph Neural Networks.,Jingyu Peng|Qi Liu 0003|Linan Yue|Zaixi Zhang|Kai Zhang 0038|Yunhao Sha
conf/pkdd/VignacOTF23,2023,ECML/PKDD (2),inproceedings,MiDi: Mixed Graph and 3D Denoising Diffusion for Molecule Generation.,Cl|Nagham Osman|Laura Toni|Pascal Frossard
conf/pkdd/LiLZWXL21,2021,ECML/PKDD (3),inproceedings,Invertible Manifold Learning for Dimension Reduction.,Siyuan Li 0002|Haitao Lin|Zelin Zang|Lirong Wu|Jun Xia 0001|Stan Z. Li
conf/pkdd/MalandriMMN21,2021,ECML/PKDD (3),inproceedings,TaxoRef: Embeddings Evaluation for AI-driven Taxonomy Refinement.,Lorenzo Malandri|Fabio Mercorio|Mario Mezzanzanica|Navid Nobani
conf/pkdd/GkorouLYHW20,2020,IAL@PKDD/ECML,inproceedings,Get a Human-In-The-Loop: Feature Engineering via Interactive Visualizations.,Dimitra Gkorou|Maialen Larra|Alexander Ypma|Faegheh Hasibi|Robert Jan van Wijk
conf/pkdd/StroblSCZ20,2020,ECML/PKDD (2),inproceedings,Model-Based Clustering with HDBSCAN.,Michael Strobl|J|Ricardo J. G. B. Campello|Osmar R. Za
conf/pkdd/LiWLW22,2022,ECML/PKDD (4),inproceedings,Non-IID Distributed Learning with Optimal Mixture Weights.,Jian Li 0040|Bojian Wei|Yong Liu 0018|Weiping Wang 0005
conf/pkdd/BhanVCL23,2023,ECML/PKDD (3),inproceedings,TIGTEC: Token Importance Guided TExt Counterfactuals.,Milan Bhan|Jean-No|Nicolas Chesneau|Marie-Jeanne Lesot
conf/pkdd/BlomqvistKH19,2019,ECML/PKDD (2),inproceedings,Deep Convolutional Gaussian Processes.,Kenneth Blomqvist|Samuel Kaski|Markus Heinonen
conf/pkdd/HoseinAM19,2019,PKDD/ECML Workshops (2),inproceedings,Measuring Domain Portability and Error Propagation in Biomedical QA.,Stefan Hosein|Daniel Andor|Ryan T. McDonald
conf/pkdd/SteccanellaJ22,2022,ECML/PKDD (4),inproceedings,State Representation Learning for Goal-Conditioned Reinforcement Learning.,Lorenzo Steccanella|Anders Jonsson 0001
conf/pkdd/AminianRG19,2019,PKDD/ECML Workshops (2),inproceedings,A Study on Imbalanced Data Streams.,Ehsan Aminian|Rita P. Ribeiro|Jo
conf/pkdd/AlberHB24,2024,ECML/PKDD (10),inproceedings,Evaluating Vision Transformer Models for Visual Quality Control in Industrial Manufacturing.,Miriam Alber|Christoph H|Patrick Baier
conf/pkdd/PengSB20,2020,AALTD@PKDD/ECML,inproceedings,Trust Assessment on Streaming Data: A Real Time Predictive Approach.,Tao Peng|Sana Sellami|Omar Boucelma
conf/pkdd/DevosPMD23,2023,ECML/PKDD (5),inproceedings,Detecting Evasion Attacks in Deployed Tree Ensembles.,Laurens Devos|Lorenzo Perini|Wannes Meert|Jesse Davis
conf/pkdd/SafronS21,2021,PKDD/ECML Workshops (1),inproceedings,Dream to Explore: 5-HT2a as Adaptive Temperature Parameter for Sophisticated Affective Inference.,Adam Safron|Zahra Sheikhbahaee
conf/pkdd/HosseiniH19,2019,ECML/PKDD (1),inproceedings,Interpretable Discriminative Dimensionality Reduction and Feature Selection on the Manifold.,Babak Hosseini|Barbara Hammer
conf/pkdd/TelukuntlaKZ19,2019,PKDD/ECML Workshops (2),inproceedings,"UNCC Biomedical Semantic Question Answering Systems. BioASQ: Task-7B, Phase-B.",Sai Krishna Telukuntla|Aditya Kapri|Wlodek Zadrozny
conf/pkdd/WendlingerBG21,2021,ECML/PKDD (5),inproceedings,Methods for Automatic Machine-Learning Workflow Analysis.,Lorenz Wendlinger|Emanuel Berndl|Michael Granitzer
conf/pkdd/HallerL19,2019,PKDD/ECML Workshops (2),inproceedings,Pharos: Query-Driven Schema Inference for the Semantic Web.,David Haller|Richard Lenz
conf/pkdd/ZhaoH22,2022,ECML/PKDD (4),inproceedings,Heterogeneity Breaks the Game: Evaluating Cooperation-Competition with Multisets of Agents.,Yue Zhao 0023|Jos
conf/pkdd/MicoOI19,2019,PKDD/ECML Workshops (2),inproceedings,Adaptively Learning to Recognize Symbols in Handwritten Early Music.,Luisa Mic|Jos
conf/pkdd/YangHCMZL23,2023,ECML/PKDD (1),inproceedings,Quantifying Robustness to Adversarial Word Substitutions.,Yuting Yang 0002|Pei Huang 0002|Juan Cao 0001|Feifei Ma|Jian Zhang 0001|Jintao Li 0001
conf/pkdd/AppiceMLM19,2019,MACLEAN@PKDD/ECML,inproceedings,Empowering Change Vector Analysis with Autoencoding in Bi-temporal Hyperspectral Images.,Annalisa Appice|Nicola Di Mauro|Francesco Lomuscio|Donato Malerba
conf/pkdd/BarbalauCIP20,2020,ECML/PKDD (2),inproceedings,A Generic and Model-Agnostic Exemplar Synthetization Framework for Explainable AI.,Antonio Barbalau|Adrian Cosma|Radu Tudor Ionescu|Marius Popescu
conf/pkdd/JacobsYGS22,2022,ECML/PKDD (2),inproceedings,ProcK: Machine Learning for Knowledge-Intensive Processes.,Tobias Jacobs|Jingyi Yu 0003|Julia Gastinger|Timo Sztyler
conf/pkdd/StubbemannS23,2023,ECML/PKDD (3),inproceedings,The Mont Blanc of Twitter: Identifying Hierarchies of Outstanding Peaks in Social Networks.,Maximilian Stubbemann|Gerd Stumme
conf/pkdd/DengWTXG20,2020,ECML/PKDD (4),inproceedings,Calibrating User Response Predictions in Online Advertising.,Chao Deng|Hao Wang 0003|Qing Tan|Jian Xu 0015|Kun Gai
conf/pkdd/AgarwalGJM23,2023,ECML/PKDD (4),inproceedings,A Scalable Solution for the Extended Multi-channel Facility Location Problem.,Etika Agarwal|Karthik S. Gurumoorthy|Ankit Ajit Jain|Shantala Manchenahally
conf/pkdd/HuRC23,2023,ECML/PKDD (2),inproceedings,Fairness in Multi-Task Learning via Wasserstein Barycenters.,Fran|Philipp Ratz|Arthur Charpentier
conf/pkdd/MikriukovSHB23,2023,PKDD/ECML Workshops (1),inproceedings,Revealing Similar Semantics Inside CNNs: An Interpretable Concept-Based Comparison of Feature Spaces.,Georgii Mikriukov|Gesina Schwalbe|Christian Hellert|Korinna Bade
conf/pkdd/HuangM21,2021,ECML/PKDD (5),inproceedings,ConCAD: Contrastive Learning-Based Cross Attention for Sleep Apnea Detection.,Guanjie Huang|Fenglong Ma
conf/pkdd/Garcia-MartinLG18,2018,Nemesis/UrbReas/SoGood/IWAISe/GDM@PKDD/ECML,inproceedings,How to Measure Energy Consumption in Machine Learning Algorithms.,Eva Garc|Niklas Lavesson|H|Emiliano Casalicchio|Veselka Boeva
conf/pkdd/ChenZGYCZ23,2023,ECML/PKDD (4),inproceedings,SALAS: Supervised Aspect Learning Improves Abstractive Multi-document Summarization Through Aspect Information Loss.,Haotian Chen|Han Zhang|Houjing Guo|Shuchang Yi|Bingsheng Chen|Xiangdong Zhou
conf/pkdd/MaLGZYC20,2020,ECML/PKDD (1),inproceedings,FB2vec: A Novel Representation Learning Model for Forwarding Behaviors on Online Social Networks.,Li Ma 0012|Mingding Liao|Xiaofeng Gao 0001|Guoze Zhang|Qiang Yan|Guihai Chen
conf/pkdd/ParkGR19,2019,ECML/PKDD (2),inproceedings,Assessing the Multi-labelness of Multi-label Data.,Laurence A. F. Park|Yi Guo 0001|Jesse Read
conf/pkdd/ZhangL21a,2021,ECML/PKDD (3),inproceedings,Semi-supervised Semantic Visualization for Networked Documents.,Delvin Ce Zhang|Hady W. Lauw
conf/pkdd/VrijenhoekH20,2020,PKDD/ECML Workshops,inproceedings,Pitch Proposal: Recommenders with a Mission - Assessing Diversity in News Recommendations.,Sanne Vrijenhoek|Natali Helberger
conf/pkdd/KobakLSKB19,2019,ECML/PKDD (1),inproceedings,Heavy-Tailed Kernels Reveal a Finer Cluster Structure in t-SNE Visualisations.,Dmitry Kobak|George C. Linderman|Stefan Steinerberger|Yuval Kluger|Philipp Berens
conf/pkdd/ShiSZLL21,2021,ECML/PKDD (3),inproceedings,Follow Your Path: A Progressive Method for Knowledge Distillation.,Wenxian Shi|Yuxuan Song|Hao Zhou 0012|Bohan Li|Lei Li 0005
conf/pkdd/DowlingSB18,2018,ECML/PKDD (3),inproceedings,Using Reinforcement Learning to Conceal Honeypot Functionality.,Seamus Dowling|Michael Schukat|Enda Barrett
conf/pkdd/FolinoGL0PR20,2020,PKDD/ECML Workshops,inproceedings,Exploiting Temporal Convolution for Activity Prediction in Process Analytics.,Francesco Folino|Massimo Guarascio 0001|Angelica Liguori|Giuseppe Manco 0001|Luigi Pontieri|Ettore Ritacco
conf/pkdd/WangWYL21,2021,ECML/PKDD (3),inproceedings,Reparameterized Sampling for Generative Adversarial Networks.,Yifei Wang 0001|Yisen Wang 0001|Jiansheng Yang|Zhouchen Lin
conf/pkdd/LinZLBTK23,2023,ECML/PKDD (1),inproceedings,Estimating Treatment Effects Under Heterogeneous Interference.,Xiaofeng Lin 0001|Guoxi Zhang|Xiaotian Lu|Han Bao 0002|Koh Takeuchi 0001|Hisashi Kashima
conf/pkdd/MathewNVS21,2021,ECML/PKDD (4),inproceedings,DeFraudNet: An End-to-End Weak Supervision Framework to Detect Fraud in Online Food Delivery.,Jose Mathew 0003|Meghana Negi|Rutvik Vijjali|Jairaj Sathyanarayana
conf/pkdd/CervickovaP23,2023,PKDD/ECML Workshops (2),inproceedings,Improving Tiled Evolutionary Adversarial Attack.,Vera Cerv|Martin Pil
conf/pkdd/RaboldDSS19,2019,PKDD/ECML Workshops (1),inproceedings,Enriching Visual with Verbal Explanations for Relational Concepts - Combining LIME with Aleph.,Johannes Rabold|Hannah Deininger|Michael Siebers|Ute Schmid
conf/pkdd/LiM23,2023,ECML/PKDD (2),inproceedings,Meta-HRNet: A High Resolution Network for Coarse-to-Fine Few-Shot Classification.,Zhaochen Li|Kedian Mu
conf/pkdd/HoeffelenL21,2021,PKDD/ECML Workshops (1),inproceedings,Deep Active Inference for Pixel-Based Discrete Control: Evaluation on the Car Racing Problem.,Niels van Hoeffelen|Pablo Lanillos
conf/pkdd/SalhaHV20,2020,ECML/PKDD (1),inproceedings,Simple and Effective Graph Autoencoders with One-Hop Linear Models.,Guillaume Salha|Romain Hennequin|Michalis Vazirgiannis
conf/pkdd/ObrenovicLMIG21,2021,MACLEAN@PKDD/ECML,inproceedings,SS-HIDA: Semi-Supervised Heterogeneous Image Domain Adaptation.,Mihailo Obrenovic|Thomas Andrew Lampert|Fran|Milos R. Ivanovic|Pierre Gan
conf/pkdd/FradiS23,2023,ECML/PKDD (1),inproceedings,A New Framework for Classifying Probability Density Functions.,Anis Fradi|Chafik Samir
conf/pkdd/KuhnKF23,2023,PKDD/ECML Workshops (5),inproceedings,On the Non-associativity of Analog Computations.,Lisa Kuhn|Bernhard Klein|Holger Fr
conf/pkdd/NuytsDMD22,2022,PKDD/ECML Workshops (1),inproceedings,Bitpaths: Compressing Datasets Without Decreasing Predictive Performance.,Loren Nuyts|Laurens Devos|Wannes Meert|Jesse Davis
conf/pkdd/PapadopoulosSM23,2023,ECML/PKDD (6),inproceedings,A Baseline Generative Probabilistic Model for Weakly Supervised Learning.,Georgios Papadopoulos 0007|Fran Silavong|Sean J. Moran
conf/pkdd/LiY23,2023,ECML/PKDD (1),inproceedings,SpotGAN: A Reverse-Transformer GAN Generates Scaffold-Constrained Molecules with Property Optimization.,Chen Li 0027|Yoshihiro Yamanishi
conf/pkdd/ChenLW20,2020,ECML/PKDD (3),inproceedings,Enhancing Robustness of Graph Convolutional Networks via Dropping Graph Connections.,Lingwei Chen|Xiaoting Li 0001|Dinghao Wu
conf/pkdd/YaoLW20,2020,ECML/PKDD (4),inproceedings,Learning from Crowds via Joint Probabilistic Matrix Factorization and Clustering in Latent Space.,Wuguannan Yao|Wonjung Lee|Junhui Wang
conf/pkdd/LiangBJ23,2023,ECML/PKDD (3),inproceedings,A Unified Spectral Rotation Framework Using a Fused Similarity Graph.,Yuting Liang|Wen Bai|Yuncheng Jiang
conf/pkdd/ReCTCBR21,2021,ECML/PKDD (1),inproceedings,Exploiting History Data for Nonstationary Multi-armed Bandit.,Gerlando Re|Fabio Chiusano|Francesco Trov|Diego Carrera|Giacomo Boracchi|Marcello Restelli
conf/pkdd/BramBRW19,2019,ECML/PKDD (3),inproceedings,Attentive Multi-task Deep Reinforcement Learning.,Timo Br|Gino Brunner|Oliver Richter|Roger Wattenhofer
conf/pkdd/HanczarN18,2018,ECML/PKDD (1),inproceedings,Controlling and Visualizing the Precision-Recall Tradeoff for External Performance Indices.,Blaise Hanczar|Mohamed Nadif
conf/pkdd/BerenjiTN22,2022,PKDD/ECML Workshops (2),inproceedings,curr2vib: Modality Embedding Translation for Broken-Rotor Bar Detection.,Amirhossein Berenji|Zahra Taghiyarrenani|Slawomir Nowaczyk
conf/pkdd/KuzbaB20,2020,PKDD/ECML Workshops,inproceedings,What Would You Ask the Machine Learning Model? Identification of User Needs for Model Explanations Based on Human-Model Conversations.,Michal Kuzba|Przemyslaw Biecek
conf/pkdd/AlsaidiDLMMC21,2021,PKDD/ECML Workshops (1),inproceedings,On the Transferability of Neural Models of Morphological Analogies.,Safa Alsaidi|Amandine Decker|Puthineath Lay|Esteban Marquer|Pierre-Alexandre Murena|Miguel Couceiro
conf/pkdd/KrugOS23,2023,PKDD/ECML Workshops (2),inproceedings,Relation of Activity and Confidence When Training Deep Neural Networks.,Valerie Krug|Christopher Olson|Sebastian Stober
conf/pkdd/MeteloSRC24,2024,ECML/PKDD (9),inproceedings,PeersimGym: An Environment for Solving the Task Offloading Problem with Reinforcement Learning.,Frederico Metelo|Cl|Stevo Rackovic|Pedro
conf/pkdd/KaralisBDHN24,2024,ECML/PKDD (6),inproceedings,Evaluating Negation with Multi-way Joins Accelerates Class Expression Learning.,Nikolaos Karalis|Alexander Bigerl|Caglar Demir|Liss Heidrich|Axel-Cyrille Ngonga Ngomo
conf/pkdd/SabbioniCR23,2023,ECML/PKDD (4),inproceedings,Stepsize Learning for Policy Gradient Methods in Contextual Markov Decision Processes.,Luca Sabbioni|Francesco Corda|Marcello Restelli
conf/pkdd/WaltonMR18,2018,IAL@PKDD/ECML,inproceedings,Embodiment Adaptation from Interactive Trajectory Preferences.,Michael Walton|Benjamin Migliori|John Reeder
conf/pkdd/SharmaKDRRD24,2024,ECML/PKDD (7),inproceedings,Simultaneous Linear Connectivity of Neural Networks Modulo Permutation.,Ekansh Sharma|Devin Kwok|Tom Denton|Daniel M. Roy 0001|David Rolnick|Gintare Karolina Dziugaite
conf/pkdd/WuH22,2022,ECML/PKDD (2),inproceedings,Probing Spurious Correlations in Popular Event-Based Rumor Detection Benchmarks.,Jiaying Wu|Bryan Hooi
conf/pkdd/TheobaldAPCCN21,2021,ECML/PKDD (5),inproceedings,A Bayesian Convolutional Neural Network for Robust Galaxy Ellipticity Regression.,Claire Theobald|Bastien Arcelin|Fr|Brieuc Conan-Guez|Miguel Couceiro|Amedeo Napoli
conf/pkdd/SinghKSK18,2018,Nemesis/UrbReas/SoGood/IWAISe/GDM@PKDD/ECML,inproceedings,Understanding Adversarial Space Through the Lens of Attribution.,Mayank Singh 0007|Nupur Kumari|Abhishek Sinha|Balaji Krishnamurthy
conf/pkdd/JamshidiNFR22,2022,PKDD/ECML Workshops (2),inproceedings,A Systematic Approach for Tracking the Evolution of XAI as a Field of Research.,Samaneh Jamshidi|Slawomir Nowaczyk|Hadi Fanaee-T|Mahmoud Rahat
conf/pkdd/LiuT19,2019,ECML/PKDD (2),inproceedings,Synthetic Oversampling of Multi-label Data Based on Local Label Distribution.,Bin Liu 0058|Grigorios Tsoumakas
conf/pkdd/ZafeiriouTP23,2023,PKDD/ECML Workshops (1),inproceedings,Counterfactual Explanations for Recommendation Bias.,Leonidas Zafeiriou|Panayiotis Tsaparas|Evaggelia Pitoura
conf/pkdd/SahuBP22,2022,ECML/PKDD (3),inproceedings,SAViR-T: Spatially Attentive Visual Reasoning with Transformers.,Pritish Sahu|Kalliopi Basioti|Vladimir Pavlovic 0001
conf/pkdd/GaoLZ22,2022,ECML/PKDD (2),inproceedings,Self-supervised Graph Learning with Segmented Graph Channels.,Hang Gao 0004|Jiangmeng Li|Changwen Zheng
conf/pkdd/RymarczykPKKSZ22,2022,ECML/PKDD (1),inproceedings,ProtoMIL: Multiple Instance Learning with Prototypical Parts for Whole-Slide Image Classification.,Dawid Rymarczyk|Adam Pardyl|Jaroslaw Kraus|Aneta Kaczynska|Marek Skomorowski|Bartosz Zielinski 0001
conf/pkdd/LeemhuisWH19,2019,PKDD/ECML Workshops (2),inproceedings,Bacher than Bach? On Musicologically Informed AI-Based Bach Chorale Harmonization.,Alexander Leemhuis|Simon Waloschek|Aristotelis Hadjakos
conf/pkdd/AppelCAT18,2018,ECML/PKDD (2),inproceedings,Temporally Evolving Community Detection and Prediction in Content-Centric Networks.,Ana Paula Appel|Renato Luiz de Freitas Cunha|Charu C. Aggarwal|Marcela Megumi Terakado
conf/pkdd/KleinWB20,2020,IoT Streams/ITEM@PKDD/ECML,inproceedings,Enhancing Siamese Neural Networks Through Expert Knowledge for Predictive Maintenance.,Patrick Klein|Niklas Weingarz|Ralph Bergmann
conf/pkdd/NguyenGSG21,2021,IAL@PKDD/ECML,inproceedings,MetaREVEAL: RL-based Meta-learning from Learning Curves.,Manh Hung Nguyen|Isabelle Guyon|Lisheng Sun-Hosoya|Nathan Grinsztajn
conf/pkdd/KechaouHAG20,2020,ECML/PKDD (1),inproceedings,Open Set Domain Adaptation Using Optimal Transport.,Marwa Kechaou|Romain H|Mokhtar Z. Alaya|Gilles Gasso
conf/pkdd/RajLSP19,2019,ECML/PKDD (1),inproceedings,A Differentially Private Kernel Two-Sample Test.,Anant Raj|Ho Chung Leon Law|Dino Sejdinovic|Mijung Park
conf/pkdd/BremerBGFL18,2018,ECML/PKDD (3),inproceedings,A Two-Step Approach for the Prediction of Mood Levels Based on Diary Data.,Vincent Bremer|Dennis Becker|Tobias Genz|Burkhardt Funk|Dirk Lehr
conf/pkdd/DasS24,2024,ECML/PKDD (6),inproceedings,Linear Contextual Bandits with Hybrid Payoff: Revisited.,Nirjhar Das|Gaurav Sinha 0001
conf/pkdd/LeeuwOHK22,2022,MLSA@PKDD/ECML,inproceedings,Athlete Monitoring in Professional Road Cycling Using Similarity Search on Time Series Data.,Arie-Willem de Leeuw|Tobias Oberkofler|Mathieu Heijboer|Arno J. Knobbe
conf/pkdd/YuanTCSW22,2022,ECML/PKDD (6),inproceedings,Explainable Anomaly Detection System for Categorical Sensor Data in Internet of Things.,Peng Yuan|Lu-An Tang|Haifeng Chen|Moto Sato|Kevin Woodward
conf/pkdd/XuDFWL21,2021,ECML/PKDD (5),inproceedings,Robust Learning for Text Classification with Multi-source Noise Simulation and Hard Example Mining.,Guowei Xu|Wenbiao Ding|Weiping Fu|Zhongqin Wu|Zitao Liu 0001
conf/pkdd/KangCSSL24,2024,ECML/PKDD (9),inproceedings,Long-Term Fairness in Ride-Hailing Platform.,Yufan Kang|Jeffrey Chan|Wei Shao 0006|Flora D. Salim|Christopher Leckie
conf/pkdd/DejaTT23,2023,ECML/PKDD (2),inproceedings,Learning Data Representations with Joint Diffusion Models.,Kamil Deja|Tomasz Trzcinski|Jakub M. Tomczak
conf/pkdd/TokpoC24,2024,ECML/PKDD (7),inproceedings,FairFlow: An Automated Approach to Model-Based Counterfactual Data Augmentation for NLP.,Ewoenam Kwaku Tokpo|Toon Calders
conf/pkdd/MullerTBJBW23,2023,ECML/PKDD (3),inproceedings,An Empirical Evaluation of the Rashomon Effect in Explainable Machine Learning.,Sebastian M|Vanessa Toborek|Katharina Beckh|Matthias Jakobs|Christian Bauckhage|Pascal Welke
conf/pkdd/TripathiJD20,2020,ECML/PKDD (4),inproceedings,Estimating Precisions for Multiple Binary Classifiers Under Limited Samples.,Rahul Tripathi|Srinivasan Jagannathan|Balaji Dhamodharaswamy
conf/pkdd/KhirwarGJM23,2023,ECML/PKDD (6),inproceedings,Cooperative Multi-agent Reinforcement Learning for Inventory Management.,Madhav Khirwar|Karthik S. Gurumoorthy|Ankit Ajit Jain|Shantala Manchenahally
conf/pkdd/KumariCBC21,2021,ECML/PKDD (2),inproceedings,A Unified Batch Selection Policy for Active Metric Learning.,Priyadarshini Kumari|Siddhartha Chaudhuri|Vivek S. Borkar|Subhasis Chaudhuri
conf/pkdd/Einhaus0RS21,2021,PKDD/ECML Workshops (1),inproceedings,Towards Precomputed 1D-Convolutional Layers for Embedded FPGAs.,Lukas Einhaus|Chao Qian 0009|Christopher Ringhofer|Gregor Schiele
conf/pkdd/AllikiviK19,2019,ECML/PKDD (2),inproceedings,Non-parametric Bayesian Isotonic Calibration: Fighting Over-Confidence in Binary Classification.,Mari-Liis Allikivi|Meelis Kull
conf/pkdd/LorenzenP20,2020,ECML/PKDD (1),inproceedings,Revisiting Wedge Sampling for Budgeted Maximum Inner Product Search.,Stephan Sloth Lorenzen|Ninh Pham
conf/pkdd/BunseM21,2021,ECML/PKDD (2),inproceedings,Certification of Model Robustness in Active Class Selection.,Mirko Bunse|Katharina Morik
conf/pkdd/YuJSLZZ22,2022,ECML/PKDD (1),inproceedings,Improving Micro-video Recommendation by Controlling Position Bias.,Yisong Yu|Beihong Jin|Jiageng Song|Beibei Li 0001|Yiyuan Zheng|Wei Zhuo 0002
conf/pkdd/AbdelWahabL19,2019,ECML/PKDD (2),inproceedings,Quantile Layers: Statistical Aggregation in Deep Neural Networks for Eye Movement Biometrics.,Ahmed AbdelWahab|Niels Landwehr
conf/pkdd/VargasRGM19,2019,PKDD/ECML Workshops (2),inproceedings,A Mixed Information Source Approach for Biomedical Question Answering: MindLab at BioASQ 7B.,M|Andr|Fabio A. Gonz|Manuel Montes-y-G
conf/pkdd/BarrueQ23,2023,PKDD/ECML Workshops (5),inproceedings,Quantum Machine Learning for Malware Classification.,Gr|Tony Quertier
conf/pkdd/Seiffarth0W20,2020,ECML/PKDD (1),inproceedings,Maximum Margin Separations in Finite Closure Systems.,Florian Seiffarth|Tam|Stefan Wrobel
conf/pkdd/HuseljicHHRS24,2024,ECML/PKDD (7),inproceedings,Fast Fishing: Approximating Bait for Efficient and Scalable Deep Active Image Classification.,Denis Huseljic|Paul Hahn|Marek Herde|Lukas Rauch|Bernhard Sick
conf/pkdd/XiongEZJ22,2022,ECML/PKDD (3),inproceedings,Defending Observation Attacks in Deep Reinforcement Learning via Detection and Denoising.,Zikang Xiong|Joe Eappen|He Zhu 0001|Suresh Jagannathan
conf/pkdd/TsourakakisSLY18,2018,ECML/PKDD (2),inproceedings,Risk-Averse Matchings over Uncertain Graph Databases.,Charalampos E. Tsourakakis|Shreyas Sekar|Johnson Lam|Liu Yang
conf/pkdd/YaoL23,2023,ECML/PKDD (2),inproceedings,Graph Rebasing and Joint Similarity Reconstruction for Cross-Modal Hash Retrieval.,Dan Yao|Zhixin Li 0001
conf/pkdd/LanchantinSQ19,2019,ECML/PKDD (2),inproceedings,Neural Message Passing for Multi-label Classification.,Jack Lanchantin|Arshdeep Sekhon|Yanjun Qi
conf/pkdd/ParkR18,2018,ECML/PKDD (1),inproceedings,A Blended Metric for Multi-label Optimisation and Evaluation.,Laurence A. F. Park|Jesse Read
conf/pkdd/BuylB21,2021,ECML/PKDD (2),inproceedings,The KL-Divergence Between a Graph Model and its Fair I-Projection as a Fairness Regularizer.,Maarten Buyl|Tijl De Bie
conf/pkdd/ScheurerTMBO18,2018,ECML/PKDD (3),inproceedings,Monitoring Emergency First Responders' Activities via Gradient Boosting and Inertial Sensor Data.,Sebastian Scheurer|Salvatore Tedesco|Oscar Manzano|Kenneth N. Brown|Brendan O'Flynn
conf/pkdd/ZhangHG22,2022,ECML/PKDD (2),inproceedings,Bi-matching Mechanism to Combat Long-tail Senses of Word Sense Disambiguation.,Junwei Zhang 0009|Ruifang He|Fengyu Guo
conf/pkdd/KoppelMH23,2023,PKDD/ECML Workshops (1),inproceedings,Google Topics as a Way Out of the Cookie Dilemma?,Marius K|Jan-Philipp Muttach|Gerrit Hornung
conf/pkdd/DanS21,2021,ECML/PKDD (3),inproceedings,Variance Reduced Stochastic Proximal Algorithm for AUC Maximization.,Soham Dan|Dushyant Sahoo
conf/pkdd/Seiffarth0W19,2019,ECML/PKDD (1),inproceedings,Maximal Closed Set and Half-Space Separations in Finite Closure Systems.,Florian Seiffarth|Tam|Stefan Wrobel
conf/pkdd/VirinchiSM22,2022,ECML/PKDD (1),inproceedings,Recommending Related Products Using Graph Neural Networks in Directed Graphs.,Srinivas Virinchi|Anoop Saladi|Abhirup Mondal
conf/pkdd/MarjaniKG22,2022,ECML/PKDD (4),inproceedings,On the Complexity of All ε-Best Arms Identification.,Aymen Al Marjani|Tom|Aur
conf/pkdd/RiegerJR20,2020,PKDD/ECML Workshops,inproceedings,Assessing the Uncertainty of the Text Generating Process Using Topic Models.,Jonas Rieger|Carsten Jentsch|J
conf/pkdd/ChalapathyTC18,2018,ECML/PKDD (1),inproceedings,Group Anomaly Detection Using Deep Generative Models.,Raghavendra Chalapathy|Edward Toth|Sanjay Chawla
conf/pkdd/HegedusDJ19,2019,PKDD/ECML Workshops (1),inproceedings,Decentralized Recommendation Based on Matrix Factorization: A Comparison of Gossip and Federated Learning.,Istv|G|M
conf/pkdd/LiuW020,2020,ECML/PKDD (4),inproceedings,Strategic and Crowd-Aware Itinerary Recommendation.,Junhua Liu 0002|Kristin L. Wood|Kwan Hui Lim 0001
conf/pkdd/BanieckiCBB24,2024,ECML/PKDD (2),inproceedings,On the Robustness of Global Feature Effect Explanations.,Hubert Baniecki|Giuseppe Casalicchio|Bernd Bischl|Przemyslaw Biecek
conf/pkdd/YiCL22,2022,ECML/PKDD (1),inproceedings,A U-Shaped Hierarchical Recommender by Multi-resolution Collaborative Signal Modeling.,Peng Yi|Xiongcai Cai|Ziteng Li
conf/pkdd/MaletzkeRCB18,2018,LIDTA@ECML/PKDD,inproceedings,On the Need of Class Ratio Insensitive Drift Tests for Data Streams.,Andr|Denis Moreira dos Reis|Everton Alvares Cherman|Gustavo E. A. P. A. Batista
conf/pkdd/PrasseBKKBS21,2021,ECML/PKDD (4),inproceedings,Learning Explainable Representations of Malware Behavior.,Paul Prasse|Jan Brabec|Jan Kohout|Martin Kopp|Luk|Tobias Scheffer
conf/pkdd/MorinG21,2021,PKDD/ECML Workshops (2),inproceedings,Linguistic Analysis of Stack Overflow Data: Native English vs Non-native English Speakers.,Janneke Morin|Krishnendu Ghosh
conf/pkdd/GhandiQC24,2024,ECML/PKDD (3),inproceedings,Probabilistic Circuits with Constraints via Convex Optimization.,Soroush Ghandi|Benjamin Quost|Cassio de Campos
conf/pkdd/HeidariRDC23,2023,PKDD/ECML Workshops (3),inproceedings,Data-Efficient Interactive Multi-objective Optimization Using ParEGO.,Arash Heidari|Sebastian Rojas-Gonzalez|Tom Dhaene|Ivo Couckuyt
conf/pkdd/KasmiDSB22,2022,MACLEAN@PKDD/ECML,inproceedings,DeepSolar Tracker: Towards Unsupervised Assessment with Open-Source Data of the Accuracy of Deep Learning-Based Distributed PV Mapping.,Gabriel Kasmi|Laurent Dubus|Yves-Marie Saint-Drenan|Philippe Blanc
conf/pkdd/QiCGP24,2024,ECML/PKDD (4),inproceedings,KAF,Pian Qi|Diletta Chiaro|Fabio Giampaolo|Francesco Piccialli
conf/pkdd/SanchezSO20,2020,ECML/PKDD (4),inproceedings,Mutual Information Measure for Image Segmentation Using Few Labels.,Eduardo Hugo Sanchez|Mathieu Serrurier|Mathias Ortner
conf/pkdd/CartaSB20,2020,ECML/PKDD (1),inproceedings,Incremental Training of a Recurrent Neural Network Exploiting a Multi-scale Dynamic Memory.,Antonio Carta|Alessandro Sperduti|Davide Bacciu
conf/pkdd/MehtaSVG24,2024,ECML/PKDD (1),inproceedings,CircuitVQA: A Visual Question Answering Dataset for Electrical Circuit Images.,Rahul Mehta 0008|Bhavyajeet Singh|Vasudeva Varma|Manish Gupta 0001
conf/pkdd/ZhangYLH22,2022,ECML/PKDD (2),inproceedings,NE-WNA: A Novel Network Embedding Framework Without Neighborhood Aggregation.,Jijie Zhang|Yan Yang|Yong Liu 0029|Meng Han
conf/pkdd/YangH0GH20,2020,ECML/PKDD (2),inproceedings,Inductive Generalized Zero-Shot Learning with Adversarial Relation Network.,Guanyu Yang 0002|Kaizhu Huang|Rui Zhang 0012|John Yannis Goulermas|Amir Hussain 0001
conf/pkdd/KhoshbakhtianOAA24,2024,ECML/PKDD (7),inproceedings,MEGA: Multi-encoder GNN Architecture for Stronger Task Collaboration and Generalization.,Faraz Khoshbakhtian|Gaurav Oberoi|Dionne M. Aleman|Siddhartha Asthana
conf/pkdd/PangXSZH22,2022,ECML/PKDD (2),inproceedings,MFDG: A Multi-Factor Dialogue Graph Model for Dialogue Intent Classification.,Jinhui Pang|Huinan Xu|Shuangyong Song|Bo Zou|Xiaodong He 0001
conf/pkdd/ChenWLCD23,2023,ECML/PKDD (1),inproceedings,Real: A Representative Error-Driven Approach for Active Learning.,Cheng Chen 0050|Yong Wang 0021|Lizi Liao|Yueguo Chen|Xiaoyong Du 0001
conf/pkdd/SousaVS20,2020,PKDD/ECML Workshops,inproceedings,Approximate Explanations for Classification of Histopathology Patches.,Iam Palatnik de Sousa|Marley M. B. R. Vellasco|Eduardo Costa da Silva
conf/pkdd/DongKV21,2021,ECML/PKDD (3),inproceedings,Self-supervised Multi-task Representation Learning for Sequential Medical Images.,Nanqing Dong|Michael Kampffmeyer|Irina Voiculescu
conf/pkdd/BanerjeeDAHM24,2024,ECML/PKDD (10),inproceedings,DistALANER: Distantly Supervised Active Learning Augmented Named Entity Recognition in the Open Source Software Ecosystem.,Somnath Banerjee 0002|Avik Dutta|Aaditya Agrawal|Rima Hazra|Animesh Mukherjee 0001
conf/pkdd/PerssonKCL20,2020,MLSA@PKDD/ECML,inproceedings,Prediction of Tiers in the Ranking of Ice Hockey Players.,Timmy Lehmus Persson|Haris Kozlica|Niklas Carlsson|Patrick Lambrix
conf/pkdd/PhanTrongTSG24,2024,ECML/PKDD (2),inproceedings,PINN-BO: A Black-Box Optimization Algorithm Using Physics-Informed Neural Networks.,Dat Phan-Trong|Hung The Tran|Alistair Shilton|Sunil Gupta 0001
conf/pkdd/XuSDCL21,2021,ECML/PKDD (5),inproceedings,DeepPE: Emulating Parameterization in Numerical Weather Forecast Model Through Bidirectional Network.,Fengyang Xu|Wencheng Shi|Yunfei Du 0001|Zhiguang Chen 0001|Yutong Lu
conf/pkdd/DuLW21,2021,ECML/PKDD (2),inproceedings,Modeling Multi-factor and Multi-faceted Preferences over Sequential Networks for Next Item Recommendation.,Yingpeng Du|Hongzhi Liu 0001|Zhonghai Wu
conf/pkdd/LiJ19a,2019,ECML/PKDD (2),inproceedings,L,Yang Li 0146|Shihao Ji 0001
conf/pkdd/SchusterHBKT21,2021,PKDD/ECML Workshops (1),inproceedings,"Design Space Exploration of Time, Energy, and Error Rate Trade-offs for CNNs Using Accuracy-Programmable Instruction Set Processors.",Armin Schuster|Christian Heidorn|Marcel Brand|Oliver Kesz|J
conf/pkdd/LeibrandtG20,2020,ECML/PKDD (1),inproceedings,Gauss Shift: Density Attractor Clustering Faster Than Mean Shift.,Richard Leibrandt|Stephan G
conf/pkdd/CambrinCG22,2022,MACLEAN@PKDD/ECML,inproceedings,Vision Transformers for Burned Area Delineation.,Daniele Rege Cambrin|Luca Colomba|Paolo Garza
conf/pkdd/CarolisLMP23,2023,PKDD/ECML Workshops (4),inproceedings,Engaging Older Adults at Meal-Time Through AI-Empowered Socially Assistive Robots.,Berardina De Carolis|Corrado Loglisci|Nicola Macchiarulo|Giuseppe Palestra
conf/pkdd/GuptaESAF18,2018,ECML/PKDD (1),inproceedings,Beyond Outlier Detection: LookOut for Pictorial Explanation.,Nikhil Gupta 0007|Dhivya Eswaran|Neil Shah|Leman Akoglu|Christos Faloutsos
conf/pkdd/ZigrandATC21,2021,ECML/PKDD (4),inproceedings,Machine Learning Guided Optimization for Demand Responsive Transport Systems.,Louis Zigrand|Pegah Alizadeh|Emiliano Traversi|Roberto Wolfler Calvo
conf/pkdd/LiuDZ24,2024,ECML/PKDD (2),inproceedings,Frequency Enhanced Pre-training for Cross-City Few-shot Traffic Forecasting.,Zhanyu Liu|Jianrong Ding|Guanjie Zheng
conf/pkdd/MaeleVCD21,2021,PKDD/ECML Workshops (1),inproceedings,Disentangling What and Where for 3D Object-Centric Representations Through Active Inference.,Toon Van de Maele|Tim Verbelen|Ozan|Bart Dhoedt
conf/pkdd/DulnyHHK24,2024,ECML/PKDD (7),inproceedings,GrINd: Grid Interpolation Network for Scattered Observations.,Andrzej Dulny|Paul Heinisch|Andreas Hotho|Anna Krause
conf/pkdd/HuangMLSC22,2022,ECML/PKDD (4),inproceedings,SemiITE: Semi-supervised Individual Treatment Effect Estimation via Disagreement-Based Co-training.,Qiang Huang|Jing Ma 0002|Jundong Li|Huiyan Sun|Yi Chang 0001
conf/pkdd/GhoshM23,2023,ECML/PKDD (6),inproceedings,How Early Can We Detect? Detecting Misinformation on Social Media Using User Profiling and Network Characteristics.,Shreya Ghosh 0002|Prasenjit Mitra
conf/pkdd/Hlavackova-Schindler20,2020,ECML/PKDD (1),inproceedings,Poisson Graphical Granger Causality by Minimum Message Length.,Katerina Hlav|Claudia Plant
conf/pkdd/SukhijaK18,2018,ECML/PKDD (2),inproceedings,Web-Induced Heterogeneous Transfer Learning with Sample Selection.,Sanatan Sukhija|Narayanan Chatapuram Krishnan
conf/pkdd/ChauCS22,2022,ECML/PKDD (5),inproceedings,Spectral Ranking with Covariates.,Siu Lun Chau|Mihai Cucuringu|Dino Sejdinovic
conf/pkdd/ScafartoPB22,2022,ECML/PKDD (1),inproceedings,Calibrate to Interpret.,Gregory Scafarto|Nicolas Posocco|Antoine Bonnefoy
conf/pkdd/GaoO18,2018,ECML/PKDD (1),inproceedings,On Finer Control of Information Flow in LSTMs.,Hang Gao|Tim Oates 0001
conf/pkdd/SuWCQ23,2023,ECML/PKDD (5),inproceedings,Efficient Adaptive Spatial-Temporal Attention Network for Traffic Flow Forecasting.,Hongyang Su|Xiaolong Wang 0001|Qingcai Chen|Yang Qin 0001
conf/pkdd/AladwaniPAD24,2024,ECML/PKDD (4),inproceedings,The Price of Labelling: A Two-Phase Federated Self-learning Approach.,Tahani Aladwani|Shameem Puthiya Parambath|Christos Anagnostopoulos 0001|Fani Deligianni
conf/pkdd/SchlorRKH20,2020,MIDAS@PKDD/ECML,inproceedings,Financial Fraud Detection with Improved Neural Arithmetic Logic Units.,Daniel Schl|Markus Ring|Anna Krause|Andreas Hotho
conf/pkdd/LapidS23,2023,PKDD/ECML Workshops (5),inproceedings,I See Dead People: Gray-Box Adversarial Attack on Image-to-Text Models.,Raz Lapid|Moshe Sipper
conf/pkdd/EsakiMIM21,2021,PKDD/ECML Workshops (1),inproceedings,Sensorimotor Visual Perception on Embodied System Using Free Energy Principle.,Kanako Esaki|Tadayuki Matsumura|Kiyoto Ito|Hiroyuki Mizuno
conf/pkdd/MonteiroM21,2021,PKDD/ECML Workshops (2),inproceedings,A Framework for Building pro-bono Data for Good Projects.,Miguel Jos|Paulo Maia
conf/pkdd/YiCRYZ23,2023,PKDD/ECML Workshops (5),inproceedings,Transductive Fire-Affected Area Segmentation Using False-Color Composite Data.,Chao Yi|Xu-Yang Chen|Lu Ren|Han-Jia Ye|De-Chuan Zhan
conf/pkdd/MolnarCB19,2019,PKDD/ECML Workshops (1),inproceedings,Quantifying Model Complexity via Functional Decomposition for Better Post-hoc Interpretability.,Christoph Molnar|Giuseppe Casalicchio|Bernd Bischl
conf/pkdd/KiskinCSWR21,2021,ECML/PKDD (4),inproceedings,Automatic Acoustic Mosquito Tagging with Bayesian Neural Networks.,Ivan Kiskin|Adam D. Cobb|Marianne Sinka|Kathy Willis|Stephen J. Roberts
conf/pkdd/ScottiC24,2024,ECML/PKDD (8),inproceedings,LLM Support for Real-Time Technical Assistance.,Vincenzo Scotti 0001|Mark James Carman
conf/pkdd/NurlanovSB24,2024,ECML/PKDD (8),inproceedings,Adaptive Certified Training: Towards Better Accuracy-Robustness Tradeoffs.,Zhakshylyk Nurlanov|Frank R. Schmidt|Florian Bernard 0001
conf/pkdd/WangSW22,2022,ECML/PKDD (2),inproceedings,RDF Knowledge Base Summarization by Inducing First-Order Horn Rules.,Ruoyu Wang 0004|Daniel Sun 0004|Raymond K. Wong 0001
conf/pkdd/HenzeKS18,2018,DARE@PKDD/ECML,inproceedings,Sampling Strategies for Representative Time Series in Load Flow Calculations.,Janosch Henze|Stephan Kutzner|Bernhard Sick
conf/pkdd/PellungriniMG18,2018,MIDAS/PAP@PKDD/ECML,inproceedings,Privacy Risk for Individual Basket Patterns.,Roberto Pellungrini|Anna Monreale|Riccardo Guidotti
conf/pkdd/ZhongMWKL23,2023,ECML/PKDD (5),inproceedings,Bi-tuning: Efficient Transfer from Pre-trained Models.,Jincheng Zhong|Haoyu Ma|Ximei Wang|Zhi Kou|Mingsheng Long
conf/pkdd/SchallnerRSS19,2019,PKDD/ECML Workshops (1),inproceedings,Effect of Superpixel Aggregation on Explanations in LIME - A Case Study with Biological Data.,Ludwig Schallner|Johannes Rabold|Oliver Scholz|Ute Schmid
conf/pkdd/CaoAZSS20,2020,ECML/PKDD (1),inproceedings,"Simple, Scalable, and Stable Variational Deep Clustering.",Lele Cao|Sahar Asadi|Wenfei Zhu|Christian Schmidli|Michael Sj
conf/pkdd/WaadeMM21,2021,PKDD/ECML Workshops (1),inproceedings,Inferring in Circles: Active Inference in Continuous State Space Using Hierarchical Gaussian Filtering of Sufficient Statistics.,Peter Thestrup Waade|Nace Mikus|Christoph Mathys
conf/pkdd/RozenshteinPGV20,2020,ECML/PKDD (3),inproceedings,Mining Dense Subgraphs with Similar Edges.,Polina Rozenshtein|Giulia Preti|Aristides Gionis|Yannis Velegrakis
conf/pkdd/CastelijnsMV19,2019,PKDD/ECML Workshops (1),inproceedings,The ABC of Data: A Classifying Framework for Data Readiness.,Laurens A. Castelijns|Yuri Maas|Joaquin Vanschoren
conf/pkdd/MojaradACA20,2020,ECML/PKDD (4),inproceedings,A Context-Aware Approach to Detect Abnormal Human Behaviors.,Roghayeh Mojarad|Ferhat Attal|Abdelghani Chibani|Yacine Amirat
conf/pkdd/AntarisRA21,2021,ECML/PKDD (5),inproceedings,Multi-task Learning for User Engagement and Adoption in Live Video Streaming Events.,Stefanos Antaris|Dimitrios Rafailidis|Romina Arriaza
conf/pkdd/WilsonLDRR23,2023,PKDD/ECML Workshops (2),inproceedings,A Crossroads for Hybrid Human-Machine Decision-Making.,Ben Wilson 0002|Kayal Lakshmanan|Alan J. Dix|Alma A. M. Rahat|Matt J. Roach
conf/pkdd/GhoshC22,2022,ECML/PKDD (4),inproceedings,Model Selection in Reinforcement Learning with General Function Approximations.,Avishek Ghosh|Sayak Ray Chowdhury
conf/pkdd/OuyangZTXZ23,2023,ECML/PKDD (5),inproceedings,Click-Aware Structure Transfer with Sample Weight Assignment for Post-Click Conversion Rate Estimation.,Kai Ouyang|Wenhao Zheng 0001|Chen Tang|Xuanji Xiao|Hai-Tao Zheng 0002
conf/pkdd/BarbeSGBG20,2020,ECML/PKDD (2),inproceedings,Graph Diffusion Wasserstein Distances.,Am|Marc Sebban|Paulo Gon|Pierre Borgnat|R
conf/pkdd/RamosBAK21,2021,ECML/PKDD (5),inproceedings,Conditional Neural Relational Inference for Interacting Systems.,Joao A. Candido Ramos|Lionel Blond|St|Alexandros Kalousis
conf/pkdd/LiuLJZY23,2023,ECML/PKDD (2),inproceedings,Not All Tasks Are Equal: A Parameter-Efficient Task Reweighting Method for Few-Shot Learning.,Xin Liu 0086|Yilin Lyu|Liping Jing|Tieyong Zeng|Jian Yu 0001
conf/pkdd/PunziSPGP23,2023,PKDD/ECML Workshops (2),inproceedings,Towards Synergistic Human-AI Collaboration in Hybrid Decision-Making Systems.,Clara Punzi|Mattia Setzu|Roberto Pellungrini|Fosca Giannotti|Dino Pedreschi
conf/pkdd/WangQCGM22,2022,ECML/PKDD (6),inproceedings,Towards Federated COVID-19 Vaccine Side Effect Prediction.,Jiaqi Wang 0002|Cheng Qian 0001|Suhan Cui|Lucas Glass|Fenglong Ma
conf/pkdd/LanSCBC18,2018,ECML/PKDD (2),inproceedings,Personalized Thread Recommendation for MOOC Discussion Forums.,Andrew S. Lan|Jonathan C. Spencer|Ziqi Chen|Christopher G. Brinton|Mung Chiang
conf/pkdd/TanGL23,2023,ECML/PKDD (6),inproceedings,Target-Aware Molecular Graph Generation.,Cheng Tan 0012|Zhangyang Gao|Stan Z. Li
conf/pkdd/ShawG20,2020,MLSA@PKDD/ECML,inproceedings,Routine Inspection: A Playbook for Corner Kicks.,Laurie Shaw|Sudarshan Gopaladesikan
conf/pkdd/RammelaereG18,2018,ECML/PKDD (2),inproceedings,"Revisiting Conditional Functional Dependency Discovery: Splitting the ""C"" from the ""FD"".",Joeri Rammelaere|Floris Geerts
conf/pkdd/ThrunSU22,2022,ECML/PKDD (6),inproceedings,Interactive Toolbox for Two-Dimensional Gaussian Mixture Modeling.,Michael C. Thrun|Quirin Stier|Alfred Ultsch
conf/pkdd/ZhemchuzhnikovG24,2024,ECML/PKDD (4),inproceedings,ILPO-NET: Network for the Invariant Recognition of Arbitrary Volumetric Patterns in 3D.,Dmitrii Zhemchuzhnikov|Sergei Grudinin
conf/pkdd/LaiJLZZ23,2023,ECML/PKDD (6),inproceedings,A Vlogger-augmented Graph Neural Network Model for Micro-video Recommendation.,Weijiang Lai|Beihong Jin|Beibei Li 0001|Yiyuan Zheng|Rui Zhao
conf/pkdd/RogiersBKB24,2024,ECML/PKDD (8),inproceedings,KamerRaad: Enhancing Information Retrieval in Belgian National Politics Through Hierarchical Summarization and Conversational Interfaces.,Alexander Rogiers|Maarten Buyl|Bo Kang|Tijl De Bie
conf/pkdd/VermeireLRMD21,2021,PKDD/ECML Workshops (1),inproceedings,How to Choose an Explainability Method? Towards a Methodical Implementation of XAI in Practice.,Tom Vermeire|Thibault Laugel|Xavier Renard|David Martens|Marcin Detyniecki
conf/pkdd/YongSLSLL22,2022,ECML/PKDD (6),inproceedings,Recognizing Cognitive Load by a Hybrid Spatio-Temporal Causal Model from Multivariate Physiological Data.,Zirui Yong|Guoxin Su|Xiaohu Li|Lingyun Sun|Zejian Li|Li Liu 0001
conf/pkdd/TiwariSRSSB24,2024,ECML/PKDD (8),inproceedings,"Hi Model, generating ""nice"" instead of ""good"" is not as bad as generating ""rice""! Towards Context and Semantic Infused Dialogue Generation Loss Function.",Abhisek Tiwari|Muhammed Sinan|Kaushik Roy 0009|Amit P. Sheth|Sriparna Saha 0001|Pushpak Bhattacharyya
conf/pkdd/LiangL24,2024,ECML/PKDD (8),inproceedings,Centered Masking for Language-Image Pre-training.,Mingliang Liang|Martha A. Larson
conf/pkdd/Zervakis0CS21,2021,MLSMKG@PKDD/ECML,inproceedings,On Refining BERT Contextualized Embeddings using Semantic Lexicons.,Georgios Zervakis 0002|Emmanuel Vincent 0001|Miguel Couceiro|Marc Schoenauer
conf/pkdd/UematsuHSKTN24,2024,ECML/PKDD (1),inproceedings,Dimensionality-Induced Information Loss of Outliers in Deep Neural Networks.,Kazuki Uematsu|Kosuke Haruki|Taiji Suzuki|Mitsuhiro Kimura|Takahiro Takimoto|Hideyuki Nakagawa
conf/pkdd/MaedaWOOKN21,2021,ECML/PKDD (2),inproceedings,Reconnaissance for Reinforcement Learning with Safety Constraints.,Shin-ichi Maeda|Hayato Watahiki|Yi Ouyang|Shintarou Okada|Masanori Koyama|Prabhat Nagarajan
conf/pkdd/BhumikaD22,2022,ECML/PKDD (1),inproceedings,Deep Learning Based Urban Anomaly Prediction from Spatiotemporal Data.,Bhumika|Debasis Das 0001
conf/pkdd/BorgesFAM20,2020,ECML/PKDD (1),inproceedings,Networked Point Process Models Under the Lens of Scrutiny.,Guilherme R. Borges|Flavio Figueiredo|Renato M. Assun|Pedro O. S. Vaz de Melo
conf/pkdd/BjorklundMP22,2022,ECML/PKDD (6),inproceedings,SLISEMAP: Combining Supervised Dimensionality Reduction with Local Explanations.,Anton Bj|Jarmo M|Kai Puolam
conf/pkdd/HongNM21,2021,ECML/PKDD (1),inproceedings,Periodic Intra-ensemble Knowledge Distillation for Reinforcement Learning.,Zhang-Wei Hong|Prabhat Nagarajan|Guilherme Maeda
conf/pkdd/0004DLZZ20,2020,ECML/PKDD (2),inproceedings,Learning Implicit Generative Models by Teaching Density Estimators.,Kun Xu 0004|Chao Du|Chongxuan Li|Jun Zhu 0001|Bo Zhang 0010
conf/pkdd/ZgrajaGW18,2018,DMLE/IOTSTREAMING@PKDD/ECML,inproceedings,Active Learning by Clustering for Drifted Data Stream Classification.,Jakub Zgraja|Jo|Michal Wozniak 0001
conf/pkdd/MountantonakisT23,2023,ECML/PKDD (7),inproceedings,Using Multiple RDF Knowledge Graphs for Enriching ChatGPT Responses.,Michalis Mountantonakis|Yannis Tzitzikas
conf/pkdd/ProfetaS19,2019,PKDD/ECML Workshops (2),inproceedings,Feature-Based Classification of Electric Guitar Types.,Renato de Castro Rabelo Profeta|Gerald Schuller
conf/pkdd/LooverenK21,2021,ECML/PKDD (2),inproceedings,Interpretable Counterfactual Explanations Guided by Prototypes.,Arnaud Van Looveren|Janis Klaise
conf/pkdd/YuYZTN21,2021,ECML/PKDD (3),inproceedings,Active Learning in Gaussian Process State Space Model.,Hon Sum Alec Yu|Dingling Yao|Christoph Zimmer|Marc Toussaint|Duy Nguyen-Tuong
conf/pkdd/PeriniGV20,2020,PKDD/ECML Workshops,inproceedings,A Ranking Stability Measure for Quantifying the Robustness of Anomaly Detection Methods.,Lorenzo Perini|Connor Galvin|Vincent Vercruyssen
conf/pkdd/NBRMD23,2023,PKDD/ECML Workshops (3),inproceedings,Deep Networks Based Approach for Automatic Counting Panicles on UAV Captured Paddy RGB Imagery.,Tejasri N|Sam Mathew Betson|Pachamuthu Rajalakshmi|Balram Marathi|Uday B. Desai
conf/pkdd/XuZWZ24,2024,ECML/PKDD (5),inproceedings,Disagreement Evaluation of Solutions for Math Word Problem.,Yehui Xu|Xuejie Zhang 0002|Jin Wang 0008|Xiaobing Zhou
conf/pkdd/GalbrunCTTC18,2018,ECML/PKDD (2),inproceedings,Mining Periodic Patterns with a MDL Criterion.,Esther Galbrun|Peggy Cellier|Nikolaj Tatti|Alexandre Termier|Bruno Cr
conf/pkdd/DavariVR022,2022,PKDD/ECML Workshops (2),inproceedings,Fault Forecasting Using Data-Driven Modeling: A Case Study for Metro do Porto Data Set.,Narjes Davari|Bruno Veloso|Rita P. Ribeiro|Jo
conf/pkdd/BunseMSS22,2022,ECML/PKDD (5),inproceedings,Ordinal Quantification Through Regularization.,Mirko Bunse|Alejandro Moreo|Fabrizio Sebastiani 0001|Martin Senz
conf/pkdd/DuivesteijnD21,2021,MLSA@PKDD/ECML,inproceedings,Exceptional Gestalt Mining: Combining Magic Cards to Make Complex Coalitions Thrive.,Wouter Duivesteijn|Thomas C. van Dijk
conf/pkdd/DulnyHK23,2023,ECML/PKDD (1),inproceedings,DynaBench: A Benchmark Dataset for Learning Dynamical Systems from Low-Resolution Data.,Andrzej Dulny|Andreas Hotho|Anna Krause
conf/pkdd/GorantlaGDL23,2023,ECML/PKDD (1),inproceedings,Socially Fair Center-Based and Linear Subspace Clustering.,Sruthi Gorantla|Kishen N. Gowda|Amit Deshpande|Anand Louis
conf/pkdd/ParkJ24,2024,ECML/PKDD (2),inproceedings,Federated Learning with Flexible Architectures.,Jong-Ik Park|Carlee Joe-Wong
conf/pkdd/WangXLLCG21,2021,ECML/PKDD (4),inproceedings,CQNet: A Clustering-Based Quadruplet Network for Decentralized Application Classification via Encrypted Traffic.,Yu Wang 0134|Gang Xiong 0001|Chang Liu 0049|Zhen Li 0011|Mingxin Cui|Gaopeng Gou
conf/pkdd/YadavLDC18,2018,Nemesis/UrbReas/SoGood/IWAISe/GDM@PKDD/ECML,inproceedings,Computational Model for Urban Growth Using Socioeconomic Latent Parameters.,Piyush Yadav|Shamsuddin Ladha|Shailesh Deshpande|Edward Curry
conf/pkdd/SafinianainiSBL20,2020,ECML/PKDD (1),inproceedings,Orthogonal Mixture of Hidden Markov Models.,Negar Safinianaini|Camila P. E. de Souza|Henrik Bostr|Jens Lagergren
conf/pkdd/ClijmansRD22,2022,ECML/PKDD (6),inproceedings,Looking Beyond the Past: Analyzing the Intrinsic Playing Style of Soccer Teams.,Jeroen Clijmans|Maaike Van Roy|Jesse Davis
conf/pkdd/HajipourBSF21,2021,PKDD/ECML Workshops (2),inproceedings,SampleFix: Learning to Generate Functionally Diverse Fixes.,Hossein Hajipour|Apratim Bhattacharyya|Cristian-Alexandru Staicu|Mario Fritz
conf/pkdd/SunLBZCL24,2024,ECML/PKDD (9),inproceedings,Asymmetric Graph-Based Deep Reinforcement Learning for Portfolio Optimization.,Haoyu Sun|Xin Liu 0127|Yuxuan Bian|Peng Zhu 0002|Dawei Cheng|Yuqi Liang
conf/pkdd/TheisslerFE19,2019,ECML/PKDD (3),inproceedings,OCADaMi: One-Class Anomaly Detection and Data Mining Toolbox.,Andreas Theissler|Stephan Frey|Jens Ehlert
conf/pkdd/0003SR20,2020,MACLEAN@PKDD/ECML,inproceedings,Tri-Band Assessment of Multi-Spectral Satellite Data for Flood Detection.,Pallavi Jain 0003|Bianca Schoen-Phelan|Robert Ross 0001
conf/pkdd/SahaMSZ21,2021,MACLEAN@PKDD/ECML,inproceedings,Segmentation of VHR EO Images using Unsupervised Learning.,Sudipan Saha|Lichao Mou|Muhammad Shahzad 0002|Xiao Xiang Zhu 0001
conf/pkdd/CastroFR21,2021,ECML/PKDD (4),inproceedings,AIMED-RL: Exploring Adversarial Malware Examples with Reinforcement Learning.,Raphael Labaca Castro|Sebastian Franz|Gabi Dreo Rodosek
conf/pkdd/GritschLO24,2024,ECML/PKDD (5),inproceedings,Preserving Real-World Robustness of Neural Networks Under Sparsity Constraints.,Jasmin Viktoria Gritsch|Robert Legenstein|Ozan
conf/pkdd/ZhaoYLFP23,2023,ECML/PKDD (2),inproceedings,REST: Enhancing Group Robustness in DNNs Through Reweighted Sparse Training.,Jiaxu Zhao 0002|Lu Yin 0006|Shiwei Liu 0003|Meng Fang|Mykola Pechenizkiy
conf/pkdd/FedelePT23,2023,PKDD/ECML Workshops (1),inproceedings,Trustworthy AI Development in Education.,Andrea Fedele|Clara Punzi|Stefano Tramacere
conf/pkdd/ChuYLLJG22,2022,ECML/PKDD (1),inproceedings,Bi-directional Contrastive Distillation for Multi-behavior Recommendation.,Yabo Chu|Enneng Yang|Qiang Liu 0006|Yuting Liu 0003|Linying Jiang|Guibing Guo
conf/pkdd/Poux-MedardVL21,2021,ECML/PKDD (3),inproceedings,Information Interaction Profile of Choice Adoption.,Ga|Julien Velcin|Sabine Loudcher
conf/pkdd/AndoY22,2022,ECML/PKDD (1),inproceedings,Anomaly Detection via Few-Shot Learning on Normality.,Shin Ando|Ayaka Yamamoto
conf/pkdd/ShiDCCG23,2023,ECML/PKDD (4),inproceedings,Offline Reinforcement Learning with On-Policy Q-Function Regularization.,Laixi Shi|Robert Dadashi|Yuejie Chi|Pablo Samuel Castro|Matthieu Geist
conf/pkdd/GiraldoNHR19,2019,PKDD/ECML Workshops (2),inproceedings,A Machine Learning Approach to Study Expressive Performance Deviations in Classical Guitar.,Sergio I. Giraldo|Alberto Nasarre|Isabelle Heroux|Rafael Ramirez
conf/pkdd/XuTG21,2021,ECML/PKDD (5),inproceedings,AutoML Meets Time Series Regression Design and Analysis of the AutoSeries Challenge.,Zhen Xu 0007|Wei-Wei Tu|Isabelle Guyon
conf/pkdd/GryczaHKLPS20,2020,ECML/PKDD (5),inproceedings,multi-imbalance: Open Source Python Toolbox for Multi-class Imbalanced Classification.,Jacek Grycza|Damian Horna|Hanna Klimczak|Mateusz Lango|Kamil Plucinski|Jerzy Stefanowski
conf/pkdd/EswaranRDF18,2018,ECML/PKDD (2),inproceedings,Social-Affiliation Networks: Patterns and the SOAR Model.,Dhivya Eswaran|Reihaneh Rabbany|Artur W. Dubrawski|Christos Faloutsos
conf/pkdd/MohrVLR22,2022,ECML/PKDD (5),inproceedings,LCDB 1.0: An Extensive Learning Curves Database for Classification Tasks.,Felix Mohr|Tom J. Viering|Marco Loog|Jan N. van Rijn
conf/pkdd/WellmerK19,2019,ECML/PKDD (3),inproceedings,Policy Prediction Network: Model-Free Behavior Policy with Model-Based Learning in Continuous Action Space.,Zac Wellmer|James T. Kwok
conf/pkdd/MonteiroF20,2020,MIDAS@PKDD/ECML,inproceedings,How Much Does Stock Prediction Improve with Sentiment Analysis?,Frederico G. Monteiro|Diogo R. Ferreira
conf/pkdd/He0LW18,2018,ECML/PKDD (2),inproceedings,Inferring Continuous Latent Preference on Transition Intervals for Next Point-of-Interest Recommendation.,Jing He|Xin Li 0033|Lejian Liao|Mingzhong Wang
conf/pkdd/FangWLGSZ24,2024,ECML/PKDD (10),inproceedings,Intent Enhanced Self-supervised Hypergraph Learning for Session-Based Recommendation.,Xiu Susie Fang|Yonggang Wu|Jinhu Lu 0002|Xiaoyu Gu|Guohao Sun 0001|Yong Zhan
conf/pkdd/HoppnerJ19,2019,ECML/PKDD (1),inproceedings,Holistic Assessment of Structure Discovery Capabilities of Clustering Algorithms.,Frank H|Maximilian Jahnke
conf/pkdd/RaeMD19,2019,PKDD/ECML Workshops (2),inproceedings,Convolutional Neural Network for Automatic MeSH Indexing.,Alastair R. Rae|James G. Mork|Dina Demner-Fushman
conf/pkdd/FreyMS22,2022,ECML/PKDD (2),inproceedings,SEA: Graph Shell Attention in Graph Neural Networks.,Christian M. M. Frey|Yunpu Ma|Matthias Schubert
conf/pkdd/ShuiLQJY24,2024,ECML/PKDD (6),inproceedings,Hierarchical Graph Contrastive Learning for Review-Enhanced Recommendation.,Changsheng Shui|Xiang Li 0111|Jianpeng Qi|Guiyuan Jiang|Yanwei Yu
conf/pkdd/LongCDW23,2023,ECML/PKDD (6),inproceedings,DegUIL: Degree-Aware Graph Neural Networks for Long-Tailed User Identity Linkage.,Meixiu Long|Siyuan Chen 0005|Xin Du|Jiahai Wang
conf/pkdd/MedinaF23,2023,PKDD/ECML Workshops (4),inproceedings,On the Potentials of Input Repetition in CNN Networks for Reducing Multiplications.,Laura Medina|Jos
conf/pkdd/NguyenDinhT24,2024,ECML/PKDD (8),inproceedings,High-Dimensional Bayesian Optimization via Random Projection of Manifold Subspaces.,Hoang-Phuc Nguyen-Dinh|The Hung Tran
conf/pkdd/MarraGDG19,2019,ECML/PKDD (2),inproceedings,LYRICS: A General Interface Layer to Integrate Logic Inference and Deep Learning.,Giuseppe Marra|Francesco Giannini|Michelangelo Diligenti|Marco Gori
conf/pkdd/KiedanskiRR23,2023,PKDD/ECML Workshops (3),inproceedings,Seasonal Average Temperature Forecast with the AutoGluonTS Modern AutoML Tool.,Diego Kiedanski|Pablo Rodr|Gerardo Rubino
conf/pkdd/TayyabM23,2023,PKDD/ECML Workshops (4),inproceedings,Leveraging Low Rank Filters for Efficient and Knowledge-Preserving Lifelong Learning.,Muhammad Tayyab|Abhijit Mahalanobis
conf/pkdd/OhMJ20,2020,IoT Streams/ITEM@PKDD/ECML,inproceedings,"Explainable Process Monitoring Based on Class Activation Map: Garbage In, Garbage Out.",Cheolhwan Oh|Junhyung Moon 0002|Jongpil Jeong
conf/pkdd/LuongN0RV20,2020,ECML/PKDD (2),inproceedings,Bayesian Optimization with Missing Inputs.,Phuc Luong|Dang Nguyen 0002|Sunil Gupta 0001|Santu Rana|Svetha Venkatesh
conf/pkdd/HaugsdalMR23,2023,ECML/PKDD (7),inproceedings,Circle Attention: Forecasting Network Traffic by Learning Interpretable Spatial Relationships from Intersecting Circles.,Espen Haugsdal|Sara Malacarne|Massimiliano Ruocco
conf/pkdd/BerberidisLA22,2022,ECML/PKDD (2),inproceedings,Summarizing Labeled Multi-graphs.,Dimitris Berberidis|Pierre J. Liang|Leman Akoglu
conf/pkdd/ZhaoYN23,2023,ECML/PKDD (1),inproceedings,Transformer-Based Contrastive Multi-view Clustering via Ensembles.,Mingyu Zhao|Weidong Yang 0001|Feiping Nie 0001
conf/pkdd/HongSLWL24,2024,ECML/PKDD (9),inproceedings,BESTMVQA: A Benchmark Evaluation System for Medical Visual Question Answering.,Xiaojie Hong|Zixin Song|Liangzhi Li 0004|Xiaoli Wang 0002|Feiyan Liu
conf/pkdd/KatsakiAMMT23,2023,PKDD/ECML Workshops (1),inproceedings,On the Adaptability of Attention-Based Interpretability in Different Transformer Architectures for Multi-class Classification Tasks.,Sofia Katsaki|Christos Aivazidis|Nikolaos Mylonas|Ioannis Mollas|Grigorios Tsoumakas
conf/pkdd/ManandharMA18,2018,DARE@PKDD/ECML,inproceedings,"Urban Climate Data Sensing, Warehousing, and Analysis: A Case Study in the City of Abu Dhabi, United Arab Emirates.",Prajowal Manandhar|Prashanth Reddy Marpu|Zeyar Aung
conf/pkdd/DeeckeVRMK18,2018,ECML/PKDD (1),inproceedings,Image Anomaly Detection with Generative Adversarial Networks.,Lucas Deecke|Robert A. Vandermeulen|Lukas Ruff|Stephan Mandt|Marius Kloft
conf/pkdd/CastelnovoMMMC21,2021,PKDD/ECML Workshops (1),inproceedings,Towards Fairness Through Time.,Alessandro Castelnovo|Lorenzo Malandri|Fabio Mercorio|Mario Mezzanzanica|Andrea Cosentini
conf/pkdd/GrootendorstV19,2019,ECML/PKDD (2),inproceedings,Beyond Bag-of-Concepts: Vectors of Locally Aggregated Concepts.,Maarten Grootendorst|Joaquin Vanschoren
conf/pkdd/MenaTGPPV19,2019,PKDD/ECML Workshops (1),inproceedings,Analysis of Vocational Education and Training and the Labour Market in Catalonia. A Data-Driven Approach.,Jos|Marc Torrent-Moreno|Daniel Gonz|Laura Portell|Oriol Pujol|Jordi Vitri
conf/pkdd/00010CH19,2019,ECML/PKDD (1),inproceedings,Learning Aligned-Spatial Graph Convolutional Networks for Graph Classification.,Lu Bai 0001|Yuhang Jiao 0001|Lixin Cui|Edwin R. Hancock
conf/pkdd/ZhouLZLYH24,2024,ECML/PKDD (1),inproceedings,Backdoor Attacks with Input-Unique Triggers in NLP.,Xukun Zhou|Jiwei Li 0001|Tianwei Zhang 0004|Lingjuan Lyu|Muqiao Yang|Jun He 0008
conf/pkdd/ShethKMCL23,2023,ECML/PKDD (1),inproceedings,PEACE: Cross-Platform Hate Speech Detection - A Causality-Guided Framework.,Paras Sheth|Tharindu Kumarage|Raha Moraffah|Aman Chadha|Huan Liu 0001
conf/pkdd/MSM20,2020,ECML/PKDD (1),inproceedings,Neural Cross-Domain Collaborative Filtering with Shared Entities.,Vijaikumar M|Shirish K. Shevade|M. Narasimha Murty
conf/pkdd/YazdiCGM18,2018,ECML/PKDD (1),inproceedings,Time Warp Invariant Dictionary Learning for Time Series Clustering: Application to Music Data Stream Analysis.,Saeed Varasteh Yazdi|Ahlame Douzal Chouakria|Patrick Gallinari|Manuel Moussallam
conf/pkdd/ClaeysMG24,2024,ECML/PKDD (9),inproceedings,Time Series Clustering for Enhanced Dynamic Allocation in A/B Testing.,Emmanuelle Claeys|Myriam Maumy-Bertrand|Pierre Gan
conf/pkdd/BelfodilDPCL19,2019,ECML/PKDD (1),inproceedings,DEvIANT: Discovering Significant Exceptional (Dis-)Agreement Within Groups.,Adnene Belfodil|Wouter Duivesteijn|Marc Plantevit|Sylvie Cazalens|Philippe Lamarre
conf/pkdd/OualiHT21,2021,ECML/PKDD (1),inproceedings,Spatial Contrastive Learning for Few-Shot Classification.,Yassine Ouali|C|Myriam Tami
conf/pkdd/LahmadiDHF20,2020,PKDD/ECML Workshops,inproceedings,MitM Attack Detection in BLE Networks Using Reconstruction and Classification Machine Learning Techniques.,Abdelkader Lahmadi|Alexis Duque|Nathan Heraief|Julien Francq
conf/pkdd/WangT0J20,2020,ECML/PKDD (4),inproceedings,RADAR: Recurrent Autoencoder Based Detector for Adversarial Examples on Temporal EHR.,Wenjie Wang 0008|Pengfei Tang|Li Xiong 0001|Xiaoqian Jiang
conf/pkdd/Papagiannopoulou19,2019,ECML/PKDD (3),inproceedings,Investigating Time Series Classification Techniques for Rapid Pathogen Identification with Single-Cell MALDI-TOF Mass Spectrum Data.,Christina Papagiannopoulou|Ren|Willem Waegeman
conf/pkdd/WangZL22,2022,ECML/PKDD (6),inproceedings,Automatic Grading of Student Code with Similarity Measurement.,Dongxia Wang|En Zhang|Xuesong Lu
conf/pkdd/HippertFerrerBMVB23,2023,ECML/PKDD (4),inproceedings,Learning Graphical Factor Models with Riemannian Optimization.,Alexandre Hippert-Ferrer|Florent Bouchard|Ammar Mian|Titouan Vayer|Arnaud Breloy
conf/pkdd/ChawlaLFJ18,2018,Nemesis/UrbReas/SoGood/IWAISe/GDM@PKDD/ECML,inproceedings,Host Based Intrusion Detection System with Combined CNN/RNN Model.,Ashima Chawla|Brian Lee 0001|Sheila Fallon|Paul Jacob
conf/pkdd/YadavC21,2021,PKDD/ECML Workshops (1),inproceedings,Behavior of k-NN as an Instance-Based Explanation Method.,Chhavi Yadav|Kamalika Chaudhuri
conf/pkdd/HeatonM21,2021,MLSA@PKDD/ECML,inproceedings,Learning to Describe Player Form in the MLB.,Connor T. Heaton|Prasenjit Mitra
conf/pkdd/SantomauroAAM20,2020,MIDAS@PKDD/ECML,inproceedings,Ranking Cryptocurrencies by Brand Importance: A Social Media Analysis in ENEAGRID.,Giuseppe Santomauro|Daniela Alderuccio|Fiorenzo Ambrosino|Silvio Migliori
conf/pkdd/SoranoCCFP20,2020,ECML/PKDD (5),inproceedings,Automatic Pass Annotation from Soccer Video Streams Based on Object Detection and LSTM.,Danilo Sorano|Fabio Carrara|Paolo Cintia|Fabrizio Falchi|Luca Pappalardo
conf/pkdd/ChenL20,2020,IAL@PKDD/ECML,inproceedings,Improving Unsupervised Domain Adaptation with Representative Selection Techniques.,I-Ting Chen|Hsuan-Tien Lin
conf/pkdd/ZalmanF23,2023,ECML/PKDD (5),inproceedings,Multiple-Source Adaptation Using Variational R,Dana Oshri Zalman|Shai Fine
conf/pkdd/JinHRK19,2019,ECML/PKDD (1),inproceedings,node2bits: Compact Time- and Attribute-Aware Node Representations for User Stitching.,Di Jin 0003|Mark Heimann|Ryan A. Rossi|Danai Koutra
conf/pkdd/RotalintiTLMB22,2022,PKDD/ECML Workshops (2),inproceedings,Detecting Drift in Healthcare AI Models Based on Data Availability.,Ylenia Rotalinti|Allan Tucker|Michael Lonergan|Puja Myles|Richard Branson
conf/pkdd/RobberechtsBDM18,2018,DMLE/IOTSTREAMING@PKDD/ECML,inproceedings,Query Log Analysis: Detecting Anomalies in DNS Traffic at a TLD Resolver.,Pieter Robberechts|Maarten Bosteels|Jesse Davis|Wannes Meert
conf/pkdd/BertschingerDBB23,2023,ECML/PKDD (4),inproceedings,The Metric is the Message: Benchmarking Challenges for Neural Symbolic Regression.,Amanda Bertschinger|Q. Tyrell Davis|James P. Bagrow|Josh C. Bongard
conf/pkdd/TheeuwesHZ21,2021,ECML/PKDD (4),inproceedings,Improving Ambulance Dispatching with Machine Learning and Simulation.,Nikki Theeuwes|Geert-Jan van Houtum|Yingqian Zhang 0001
conf/pkdd/BoevaN19,2019,PKDD/ECML Workshops (2),inproceedings,Modeling Evolving User Behavior via Sequential Clustering.,Veselka Boeva|Christian Nordahl
conf/pkdd/MaretteMN23,2023,ECML/PKDD (1),inproceedings,Visualizing Overlapping Biclusterings and Boolean Matrix Factorizations.,Thibault Marette|Pauli Miettinen|Stefan Neumann 0003
conf/pkdd/HossainSITA24,2024,ECML/PKDD (8),inproceedings,Tackling Oversmoothing in GNN via Graph Sparsification.,Tanvir Hossain|Khaled Mohammed Saifuddin|Muhammad Ifte Khairul Islam|Farhan Tanvir|Esra Akbas
conf/pkdd/BurgessCS19,2019,ECML/PKDD (3),inproceedings,An Engineered Empirical Bernstein Bound.,Mark Alexander Burgess|Archie C. Chapman|Paul Scott 0002
conf/pkdd/LondresFG19,2019,PKDD/ECML Workshops (1),inproceedings,Optimizing Waste Collection: A Data Mining Approach.,Guilherme Londres|Nuno Filipe|Jo
conf/pkdd/ProencaGBL20,2020,ECML/PKDD (1),inproceedings,Discovering Outstanding Subgroup Lists for Numeric Targets Using MDL.,Hugo Manuel Proen|Peter Gr|Thomas B|Matthijs van Leeuwen
conf/pkdd/LiUP24,2024,ECML/PKDD (2),inproceedings,LayerGLAT: A Flexible Non-autoregressive Transformer for Single-Pass and Multi-pass Prediction.,Shijie Li|Inigo Jauregi Unanue|Massimo Piccardi
conf/pkdd/LiuZQSJ23,2023,ECML/PKDD (6),inproceedings,Contrastive Learning-Based Imputation-Prediction Networks for In-hospital Mortality Risk Modeling Using EHRs.,Yuxi Liu 0003|Zhenhao Zhang|Shaowen Qin|Flora D. Salim|Antonio Jimeno-Yepes
conf/pkdd/MonacoBA23,2023,PKDD/ECML Workshops (3),inproceedings,Lorentz-Invariant Augmentation for High-Energy Physics Deep Learning Models.,Simone Monaco|Sebastiano Barresi|Daniele Apiletti
conf/pkdd/RakowskiL23,2023,ECML/PKDD (2),inproceedings,DCID: Deep Canonical Information Decomposition.,Alexander Rakowski|Christoph Lippert
conf/pkdd/WangJFZ24,2024,ECML/PKDD (2),inproceedings,Enhancing Sharpness-Aware Minimization by Learning Perturbation Radius.,Xuehao Wang|Weisen Jiang|Shuai Fu|Yu Zhang 0006
conf/pkdd/YangL22,2022,ECML/PKDD (5),inproceedings,Truly Unordered Probabilistic Rule Sets for Multi-class Classification.,Lincen Yang|Matthijs van Leeuwen
conf/pkdd/BlairEHB21,2021,ECML/PKDD (5),inproceedings,Balancing Speed and Accuracy in Neural-Enhanced Phonetic Name Matching.,Philip Blair|Carmel Eliav|Fiona Hasanaj|Kfir Bar
conf/pkdd/YuanLZLZH20,2020,ECML/PKDD (3),inproceedings,DyHGCN: A Dynamic Heterogeneous Graph Convolutional Network to Learn Users' Dynamic Preferences for Information Diffusion Prediction.,Chunyuan Yuan|Jiacheng Li|Wei Zhou 0019|Yijun Lu|Xiaodan Zhang 0004|Songlin Hu 0001
conf/pkdd/FeremansVCMG19,2019,ECML/PKDD (1),inproceedings,Pattern-Based Anomaly Detection in Mixed-Type Time Series.,Len Feremans|Vincent Vercruyssen|Boris Cule|Wannes Meert|Bart Goethals
conf/pkdd/ShiHZY019,2019,ECML/PKDD (1),inproceedings,User-Guided Clustering in Heterogeneous Information Networks via Motif-Based Comprehensive Transcription.,Yu Shi 0002|Xinwei He|Naijing Zhang|Carl Yang 0001|Jiawei Han 0001
conf/pkdd/LewisS23,2023,PKDD/ECML Workshops (2),inproceedings,Tracing Videos to Their Social Network with Robust DCT Analysis.,Ben Lewis|Victor Sanchez
conf/pkdd/HongHBC23,2023,ECML/PKDD (5),inproceedings,Exploring and Exploiting Data-Free Model Stealing.,Chi Hong|Jiyue Huang|Robert Birke|Lydia Y. Chen
conf/pkdd/HaoZLCY20,2020,ECML/PKDD (4),inproceedings,Recommending Courses in MOOCs for Jobs: An Auto Weak Supervision Approach.,Bowen Hao|Jing Zhang 0001|Cuiping Li 0001|Hong Chen 0001|Hongzhi Yin
conf/pkdd/CoupletLVM0B23,2023,PKDD/ECML Workshops (1),inproceedings,Natively Interpretable t-SNE.,Edouard Couplet|Pierre Lambert|Michel Verleysen|Dounia Mulders|John A. Lee 0001|Cyril de Bodt
conf/pkdd/PaudiceML18,2018,Nemesis/UrbReas/SoGood/IWAISe/GDM@PKDD/ECML,inproceedings,Label Sanitization Against Label Flipping Poisoning Attacks.,Andrea Paudice|Luis Mu|Emil C. Lupu
conf/pkdd/YeZLXYX24,2024,ECML/PKDD (8),inproceedings,Hierarchical Structure-Aware Graph Prompting for Drug-Drug Interaction Prediction.,Yuhan Ye|Jingbo Zhou 0003|Shuangli Li|Congxi Xiao|Haochao Ying|Hui Xiong 0001
conf/pkdd/AlamTCWAM19,2019,ECML/PKDD (3),inproceedings,Towards a Predictive Patent Analytics and Evaluation Platform.,Nebula Alam|Khoi-Nguyen Tran|Sue Ann Chen|John Wagner|Josh Andres|Mukesh K. Mohania
conf/pkdd/OzKDHSG24,2024,ECML/PKDD (4),inproceedings,Model Fusion via Neuron Transplantation.,Muhammed|Nicholas Kiefer|Charlotte Debus|Jasmin H|Achim Streit|Markus G
conf/pkdd/VerhelstMSB23,2023,PKDD/ECML Workshops (4),inproceedings,A Churn Prediction Dataset from the Telecom Sector: A New Benchmark for Uplift Modeling.,Th|Denis Mercier|Jeevan Shrestha|Gianluca Bontempi
conf/pkdd/SabataPH18,2018,IAL@PKDD/ECML,inproceedings,Semi-supervised and Active Learning in Video Scene Classification from Statistical Features.,Tom|Petr Pulc|Martin Holena
conf/pkdd/YuZJWY20,2020,ECML/PKDD (3),inproceedings,Graph-Revised Convolutional Network.,Donghan Yu|Ruohong Zhang|Zhengbao Jiang|Yuexin Wu|Yiming Yang 0002
conf/pkdd/SoenenDCB20,2020,ECML/PKDD (2),inproceedings,Tackling Noise in Active Semi-supervised Clustering.,Jonas Soenen|Sebastijan Dumancic|Toon van Craenendonck|Hendrik Blockeel
conf/pkdd/BiermannWTMP22,2022,MLSA@PKDD/ECML,inproceedings,Towards Expected Counter - Using Comprehensible Features to Predict Counterattacks.,Henrik Biermann|Franz-Georg Wieland|Jens Timmer|Daniel Memmert|Ashwin Phatak
conf/pkdd/PecherSMTB20,2020,ECML/PKDD (5),inproceedings,FireAnt: Claim-Based Medical Misinformation Detection and Monitoring.,Branislav Pecher|Ivan Srba|R|Mat|M
conf/pkdd/FraPPMU23,2023,PKDD/ECML Workshops (5),inproceedings,Neu-BrAuER: A Neuromorphic Braille Letters Audio-Reader for Commercial Edge Devices.,Vittorio Fra|Andrea Pignata|Riccardo Pignari|Enrico Macii|Gianvito Urgese
conf/pkdd/PiernikBZ22,2022,ECML/PKDD (5),inproceedings,Random Similarity Forests.,Maciej Piernik|Dariusz Brzezinski|Pawel Zawadzki
conf/pkdd/KamalRP23,2023,PKDD/ECML Workshops (3),inproceedings,Game Theoretic Explanations for Graph Neural Networks.,Ataollah Kamal|C|Marc Plantevit
conf/pkdd/AkaviaLRRSV20,2020,ECML/PKDD (1),inproceedings,Privacy-Preserving Decision Trees Training and Prediction.,Adi Akavia|Max Leibovich|Yehezkel S. Resheff|Roey Ron|Moni Shahar|Margarita Vald
conf/pkdd/KumarSGRGV24,2024,ECML/PKDD (6),inproceedings,Enhanced Bayesian Optimization via Preferential Modeling of Abstract Properties.,A. V. Arun Kumar|Alistair Shilton|Sunil Gupta 0001|Santu Rana|Stewart Greenhill|Svetha Venkatesh
conf/pkdd/PeriniVD20,2020,ECML/PKDD (3),inproceedings,Quantifying the Confidence of Anomaly Detectors in Their Example-Wise Predictions.,Lorenzo Perini|Vincent Vercruyssen|Jesse Davis
conf/pkdd/MariSBM23,2023,PKDD/ECML Workshops (2),inproceedings,All-for-One and One-for-All: Deep Learning-Based Feature Fusion for Synthetic Speech Detection.,Daniele Mari|Davide Salvi|Paolo Bestagini|Simone Milani
conf/pkdd/VerbekePFJGT23,2023,PKDD/ECML Workshops (4),inproceedings,Automatic Tool Wear Inspection by Cascading Sensor and Image Data.,Robbert Verbeke|Lars De Pauw|Fabian Fingerhut|Tom Jacobs|Toon Goedem|Elena Tsiporkova
conf/pkdd/KarkarGR23,2023,ECML/PKDD (1),inproceedings,Adversarial Sample Detection Through Neural Network Transport Dynamics.,Skander Karkar|Patrick Gallinari|Alain Rakotomamonjy
conf/pkdd/VallW18,2018,ECML/PKDD (3),inproceedings,Machine Learning Approaches to Hybrid Music Recommender Systems.,Andreu Vall|Gerhard Widmer
conf/pkdd/HorzykBS23,2023,ECML/PKDD (3),inproceedings,Construction and Training of Multi-Associative Graph Networks.,Adrian Horzyk|Daniel Bulanda|Janusz A. Starzyk
conf/pkdd/DecroosRD20,2020,ECML/PKDD (5),inproceedings,SoccerMix: Representing Soccer Actions with Mixture Models.,Tom Decroos|Maaike Van Roy|Jesse Davis
conf/pkdd/AdilovaPS18,2018,DMLE/IOTSTREAMING@PKDD/ECML,inproceedings,Introducing Noise in Decentralized Training of Neural Networks.,Linara Adilova|Nathalie Paul|Peter Schlicht
conf/pkdd/ErtugrulLT19,2019,ECML/PKDD (3),inproceedings,CASTNet: Community-Attentive Spatio-Temporal Networks for Opioid Overdose Forecasting.,Ali Mert Ertugrul|Yu-Ru Lin|Tugba Taskaya-Temizel
conf/pkdd/DecroosD19,2019,ECML/PKDD (3),inproceedings,Player Vectors: Characterizing Soccer Players' Playing Style from Match Event Streams.,Tom Decroos|Jesse Davis
conf/pkdd/VogelBCJP19,2019,ECML/PKDD (2),inproceedings,Trade-Offs in Large-Scale Distributed Tuplewise Estimation And Learning.,Robin Vogel|Aur|St|Ons Jelassi|Guillaume Papa
conf/pkdd/CappuccioFLR23,2023,PKDD/ECML Workshops (3),inproceedings,FIPER: A Visual-Based Explanation Combining Rules and Feature Importance.,Eleonora Cappuccio|Daniele Fadda|Rosa Lanzilotti|Salvatore Rinzivillo
conf/pkdd/TaghiyarrenaniN22,2022,PKDD/ECML Workshops (2),inproceedings,Towards Geometry-Preserving Domain Adaptation for Fault Identification.,Zahra Taghiyarrenani|Slawomir Nowaczyk|Sepideh Pashami|Mohamed-Rafik Bouguelia
conf/pkdd/GregorovaRKM18,2018,ECML/PKDD (2),inproceedings,Large-Scale Nonlinear Variable Selection via Kernel Random Features.,Magda Gregorov|Jason Ramapuram|Alexandros Kalousis|St
conf/pkdd/FalknerTBS22,2022,ECML/PKDD (5),inproceedings,Learning to Control Local Search for Combinatorial Optimization.,Jonas K. Falkner|Daniela Thyssens|Ahmad Bdeir|Lars Schmidt-Thieme
conf/pkdd/PoyiadziYTS22,2022,ECML/PKDD (3),inproceedings,Hypothesis Testing for Class-Conditional Label Noise.,Rafael Poyiadzi|Weisong Yang|Niall Twomey|Ra
conf/pkdd/GuermaziSB20,2020,PKDD/ECML Workshops,inproceedings,Address Validation in Transportation and Logistics: A Machine Learning Based Entity Matching Approach.,Yassine Guermazi|Sana Sellami|Omar Boucelma
conf/pkdd/GunarathnaXTKB20,2020,ECML/PKDD (4),inproceedings,Real-Time Lane Configuration with Coordinated Reinforcement Learning.,Udesh Gunarathna|Hairuo Xie|Egemen Tanin|Shanika Karunasekera|Renata Borovica-Gajic
conf/pkdd/ZhouZLLWT21,2021,ECML/PKDD (5),inproceedings,Action Set Based Policy Optimization for Safe Power Grid Management.,Bo Zhou|Hongsheng Zeng 0001|Yuecheng Liu|Kejiao Li 0001|Fan Wang 0021|Hao Tian 0005
conf/pkdd/AudibertGA24,2024,ECML/PKDD (7),inproceedings,Exploring Contrastive Learning for Long-Tailed Multi-label Text Classification.,Alexandre Audibert|Aur|Massih-Reza Amini
conf/pkdd/LopesS023,2023,PKDD/ECML Workshops (2),inproceedings,PrivateCTGAN: Adapting GAN for Privacy-Aware Tabular Data Sharing.,Frederico Lopes|Carlos Soares|Paulo Cortez 0001
conf/pkdd/YildirimAO19,2019,NFMCP@PKDD/ECML,inproceedings,Neural Hybrid Recommender: Recommendation Needs Collaboration.,Ezgi Yildirim|Payam Azad|Sule G
conf/pkdd/CachuchoPLBK18,2018,ECML/PKDD (3),inproceedings,ClaRe: Classification and Regression Tool for Multivariate Time Series.,Ricardo Cachucho|Stylianos Paraschiakos|Kaihua Liu|Benjamin van der Burgh|Arno J. Knobbe
conf/pkdd/LiL21,2021,ECML/PKDD (1),inproceedings,Continuous-Time Markov-Switching GARCH Process with Robust State Path Identification and Volatility Estimation.,Yinan Li|Fang Liu 0006
conf/pkdd/AxmanRG023,2023,PKDD/ECML Workshops (5),inproceedings,Contextual Data Augmentation for Task-Oriented Dialog Systems.,Dustin Axman|Avik Ray|Shubham Garg|Jing Huang 0020
conf/pkdd/RevanurARK20,2020,IoT Streams/ITEM@PKDD/ECML,inproceedings,Embeddings Based Parallel Stacked Autoencoder Approach for Dimensionality Reduction and Predictive Maintenance of Vehicles.,Vandan Revanur|Ayodeji Ayibiowu|Mahmoud Rahat|Reza Khoshkangini
conf/pkdd/MaiaMGA21,2021,PKDD/ECML Workshops (2),inproceedings,"Applying Machine Learning for Traffic Forecasting in Porto, Portugal.",Paulo Maia|Joana Morgado|Tiago Gon|Tom
conf/pkdd/DuanLL21,2021,ECML/PKDD (1),inproceedings,FedDNA: Federated Learning with Decoupled Normalization-Layer Aggregation for Non-IID Data.,Jian-Hui Duan|Wenzhong Li|Sanglu Lu
conf/pkdd/SchreiberVS21,2021,ECML/PKDD (4),inproceedings,Task Embedding Temporal Convolution Networks for Transfer Learning Problems in Renewable Power Time Series Forecast.,Jens Schreiber|Stephan Vogt|Bernhard Sick
conf/pkdd/MairRCB18,2018,ECML/PKDD (2),inproceedings,Frame-Based Optimal Design.,Sebastian Mair 0001|Yannick Rudolph|Vanessa Closius|Ulf Brefeld
conf/pkdd/LinSCWT21,2021,ECML/PKDD (4),inproceedings,XRR: Explainable Risk Ranking for Financial Reports.,Ting-Wei Lin|Ruei-Yao Sun|Hsuan-Ling Chang|Chuan-Ju Wang|Ming-Feng Tsai
conf/pkdd/PotinFLL23,2023,ECML/PKDD (6),inproceedings,Pattern Mining for Anomaly Detection in Graphs: Application to Fraud in Public Procurement.,Lucas Potin|Rosa Figueiredo 0001|Vincent Labatut|Christine Largeron
conf/pkdd/GutfeterGP23,2023,PKDD/ECML Workshops (2),inproceedings,Detecting Sexually Explicit Content in the Context of the Child Sexual Abuse Materials (CSAM): End-to-End Classifiers and Region-Based Networks.,Weronika Gutfeter|Joanna Gajewska|Andrzej Pacut
conf/pkdd/DileoOPZ24,2024,ECML/PKDD (9),inproceedings,Graph Machine Learning for Fast Product Development from Formulation Trials.,Manuel Dileo|Raffaele Olmeda|Margherita Pindaro|Matteo Zignani
conf/pkdd/CaglieroAC23,2023,PKDD/ECML Workshops (3),inproceedings,Discovering SpatioTemporal Warning Contexts from Non-emergency Call Reports.,Luca Cagliero|Andrea Avignone|Silvia Chiusano
conf/pkdd/AbitbulD24,2024,ECML/PKDD (2),inproceedings,How Much Training Data Is Memorized in Overparameterized Autoencoders? An Inverse Problem Perspective on Memorization Evaluation.,Koren Abitbul|Yehuda Dar
conf/pkdd/ZhengJY23,2023,ECML/PKDD (1),inproceedings,Contrastive Learning with Cluster-Preserving Augmentation for Attributed Graph Clustering.,Yimei Zheng|Caiyan Jia|Jian Yu 0001
conf/pkdd/HadaC21,2021,PKDD/ECML Workshops (1),inproceedings,Exploring Counterfactual Explanations for Classification and Regression Trees.,Suryabhan Singh Hada|Miguel
conf/pkdd/NimiAUL21,2021,ECML/PKDD (1),inproceedings,EARLIN: Early Out-of-Distribution Detection for Resource-Efficient Collaborative Inference.,Sumaiya Tabassum Nimi|Md. Adnan Arefeen|Md. Yusuf Sarwar Uddin|Yugyung Lee
conf/pkdd/BanieckiKB22,2022,ECML/PKDD (3),inproceedings,Fooling Partial Dependence via Data Poisoning.,Hubert Baniecki|Wojciech Kretowicz|Przemyslaw Biecek
conf/pkdd/ChengXYW24,2024,ECML/PKDD (8),inproceedings,Achieving Counterfactual Explanation for Sequence Anomaly Detection.,He Cheng|Depeng Xu 0001|Shuhan Yuan|Xintao Wu
conf/pkdd/PellicaniPDC23,2023,PKDD/ECML Workshops (3),inproceedings,Real-Time Anomaly Prediction from Cryptocurrency Time Series.,Antonio Pellicani|Gianvito Pio|Sao Deroski|Michelangelo Ceci
conf/pkdd/LiaoHL20,2020,ECML/PKDD (4),inproceedings,Recognizing Complex Activities by a Temporal Causal Network-Based Model.,Jun Liao 0001|Junfeng Hu 0001|Li Liu 0001
conf/pkdd/LiZSLS21,2021,ECML/PKDD (1),inproceedings,FedPHP: Federated Personalization with Inherited Private Models.,Xin-Chun Li|De-Chuan Zhan|Yunfeng Shao 0001|Bingshuai Li|Shaoming Song
conf/pkdd/MochaourabSGP22,2022,ECML/PKDD (6),inproceedings,Demonstrator on Counterfactual Explanations for Differentially Private Support Vector Machines.,Rami Mochaourab|Sugandh Sinha|Stanley Greenstein|Panagiotis Papapetrou
conf/pkdd/JuraszekSCHM19,2019,AALTD@PKDD/ECML,inproceedings,Extended Kalman Filter for Large Scale Vessels Trajectory Tracking in Distributed Stream Processing Systems.,Katarzyna Juraszek|Nidhi Saini|Marcela Charfuelan|Holmer Hemsen|Volker Markl
conf/pkdd/HazraR23,2023,ECML/PKDD (4),inproceedings,Deep Explainable Relational Reinforcement Learning: A Neuro-Symbolic Approach.,Rishi Hazra|Luc De Raedt
conf/pkdd/MollasBT19,2019,PKDD/ECML Workshops (1),inproceedings,LioNets: Local Interpretation of Neural Networks Through Penultimate Layer Decoding.,Ioannis Mollas|Nikolaos Bassiliades|Grigorios Tsoumakas
conf/pkdd/ZonDIVP18,2018,MIDAS/PAP@PKDD/ECML,inproceedings,ICIE 1.0: A Novel Tool for Interactive Contextual Interaction Explanations.,Simon van der Zon|Wouter Duivesteijn|Werner van Ipenburg|Jan Veldsink|Mykola Pechenizkiy
conf/pkdd/JainVSGS23,2023,ECML/PKDD (6),inproceedings,Aspect-Based Complaint and Cause Detection: A Multimodal Generative Framework with External Knowledge Infusion.,Raghav Jain|Apoorv Verma|Apoorva Singh|Vivek Kumar Gangwar|Sriparna Saha 0001
conf/pkdd/OzenO20,2020,ECML/PKDD (2),inproceedings,Squeezing Correlated Neurons for Resource-Efficient Deep Neural Networks.,Elbruz Ozen|Alex Orailoglu
conf/pkdd/SchoutenDRPP24,2024,ECML/PKDD (10),inproceedings,Exceptional Subitizing Patterns: Exploring Mathematical Abilities of Finnish Primary School Children with Piecewise Linear Regression.,Rianne Margaretha Schouten|Wouter Duivesteijn|Pekka R|Jacob M. Paul|Mykola Pechenizkiy
conf/pkdd/LucesPPB23,2023,PKDD/ECML Workshops (3),inproceedings,Burnt Area Extraction from High-Resolution Satellite Images Based on Anomaly Detection.,Oscar David Rafael Narvaez Luces|Minh-Tan Pham|Quentin Poterek|R
conf/pkdd/DantasGI24,2024,ECML/PKDD (3),inproceedings,Semi-supervised Heterogeneous Domain Adaptation via Disentanglement and Pseudo-labelling.,C|Raffaele Gaetano|Dino Ienco
conf/pkdd/ShiZL23,2023,ECML/PKDD (3),inproceedings,ENGAGE: Explanation Guided Data Augmentation for Graph Representation Learning.,Yucheng Shi|Kaixiong Zhou|Ninghao Liu 0001
conf/pkdd/LeyvaEMS23,2023,PKDD/ECML Workshops (2),inproceedings,Detecting Face Synthesis Using a Concealed Fusion Model.,Roberto Leyva|Gregory Epiphaniou|Carsten Maple|Victor Sanchez
conf/pkdd/CavalloSI24,2024,ECML/PKDD (2),inproceedings,Spatiotemporal Covariance Neural Networks.,Andrea Cavallo|Mohammad Sabbaqi|Elvin Isufi
conf/pkdd/KunduGB21,2021,ECML/PKDD (3),inproceedings,Semi-structured Document Annotation Using Entity and Relation Types.,Arpita Kundu|Subhasis Ghosh|Indrajit Bhattacharya
conf/pkdd/SaulieresCS23,2023,PKDD/ECML Workshops (1),inproceedings,Predicate-Based Explanation of a Reinforcement Learning Agent via Action Importance Evaluation.,L|Martin C. Cooper|Florence Dupin de Saint-Cyr
conf/pkdd/LepakW24,2024,ECML/PKDD (9),inproceedings,Reinforcement Learning Meets Microeconomics: Learning to Designate Price-Dependent Supply and Demand for Automated Trading.,Lukasz Lepak|Pawel Wawrzynski
conf/pkdd/PolsterlSGW19,2019,PKDD/ECML Workshops (1),inproceedings,A Wide and Deep Neural Network for Survival Analysis from Anatomical Shape and Tabular Clinical Data.,Sebastian P|Ignacio Sarasua|Benjam|Christian Wachinger
conf/pkdd/WuXGLTL22,2022,ECML/PKDD (4),inproceedings,GraphMixup: Improving Class-Imbalanced Node Classification by Reinforcement Mixup and Self-supervised Context Prediction.,Lirong Wu|Jun Xia 0001|Zhangyang Gao|Haitao Lin|Cheng Tan 0012|Stan Z. Li
conf/pkdd/SudakT23,2023,ECML/PKDD (2),inproceedings,Posterior Consistency for Missing Data in Variational Autoencoders.,Timur Sudak|Sebastian Tschiatschek
conf/pkdd/BenhamouSOAL20,2020,ECML/PKDD (5),inproceedings,Deep Reinforcement Learning (DRL) for Portfolio Allocation.,Eric Benhamou|David Saltiel|Jean-Jacques Ohana|Jamal Atif|Rida Laraki
conf/pkdd/Segurola-GilZEU21,2021,PKDD/ECML Workshops (2),inproceedings,NBcoded: Network Attack Classifiers Based on Encoder and Naive Bayes Model for Resource Limited Devices.,Lander Segurola-Gil|Francesco Zola|Xabier Echeberria-Barrio|Raul Orduna Urrutia
conf/pkdd/BelleMW19,2019,MIDAS@PKDD,inproceedings,Representation Learning in Graphs for Credit Card Fraud Detection.,Rafa|Sandra Mitrovic|Jochen De Weerdt
conf/pkdd/RamachandranGRV18,2018,ECML/PKDD (2),inproceedings,Information-Theoretic Transfer Learning Framework for Bayesian Optimisation.,Anil Ramachandran|Sunil Gupta 0001|Santu Rana|Svetha Venkatesh
conf/pkdd/NarettoPNG20,2020,PKDD/ECML Workshops,inproceedings,Prediction and Explanation of Privacy Risk on Mobility Data with Neural Networks.,Francesca Naretto|Roberto Pellungrini|Franco Maria Nardini|Fosca Giannotti
conf/pkdd/ThomasMKGM19,2019,ECML/PKDD (3),inproceedings,Marine Mammal Species Classification Using Convolutional Neural Networks and a Novel Acoustic Representation.,Mark Thomas|Bruce Martin|Katie Kowarski|Briand J. Gaudet|Stan Matwin
conf/pkdd/LiGB24,2024,ECML/PKDD (5),inproceedings,Quantification Over Time.,Feiyu Li|Hassan Habibi Gharakheili|Gustavo Batista
conf/pkdd/JambigiCUS20,2020,PKDD/ECML Workshops,inproceedings,Assessing the Difficulty of Labelling an Instance in Crowdworking.,Neetha Jambigi|Tirtha Chanda|Vishnu Unnikrishnan 0002|Myra Spiliopoulou
conf/pkdd/MoultonVJG18,2018,ECML/PKDD (1),inproceedings,Clustering in the Presence of Concept Drift.,Richard Hugh Moulton|Herna L. Viktor|Nathalie Japkowicz|Jo
conf/pkdd/SohrabM24,2024,ECML/PKDD (9),inproceedings,KAT5: Knowledge-Aware Transfer Learning with a Text-to-Text Transfer Transformer.,Mohammad Golam Sohrab|Makoto Miwa
conf/pkdd/HuangZHRFB22,2022,ECML/PKDD (3),inproceedings,Automatic Feature Engineering Through Monte Carlo Tree Search.,Yiran Huang|Yexu Zhou|Michael Hefenbrock|Till Riedel|Likun Fang|Michael Beigl
conf/pkdd/GaoWZYY24,2024,ECML/PKDD (1),inproceedings,Secure Dataset Condensation for Privacy-Preserving and Efficient Vertical Federated Learning.,Dashan Gao 0002|Canhui Wu|Xiaojin Zhang 0002|Xin Yao|Qiang Yang 0001
conf/pkdd/GuidottiMMP19,2019,ECML/PKDD (1),inproceedings,Black Box Explanation by Learning Image Exemplars in the Latent Feature Space.,Riccardo Guidotti|Anna Monreale|Stan Matwin|Dino Pedreschi
conf/pkdd/SzycWM21,2021,ECML/PKDD (5),inproceedings,Checking Robustness of Representations Learned by Deep Neural Networks.,Kamil Szyc|Tomasz Walkowiak|Henryk Maciejewski
conf/pkdd/SaadallahJ23,2023,ECML/PKDD (5),inproceedings,Online Deep Hybrid Ensemble Learning for Time Series Forecasting.,Amal Saadallah|Matthias Jakobs
conf/pkdd/DedjaNPV21,2021,PKDD/ECML Workshops (2),inproceedings,Explaining a Random Survival Forest by Extracting Prototype Rules.,Klest Dedja|Felipe Kenji Nakano|Konstantinos Pliakos|Celine Vens
conf/pkdd/BerndsenSL20,2020,MLSA@PKDD/ECML,inproceedings,Mining Marathon Training Data to Generate Useful User Profiles.,Jakim Berndsen|Barry Smyth|Aonghus Lawlor
conf/pkdd/BanerjeeG22a,2022,ECML/PKDD (6),inproceedings,A Light Weight Cardiac Monitoring System for On-device ECG Analysis.,Rohan Banerjee|Avik Ghose
conf/pkdd/TissierL22,2022,ECML/PKDD (2),inproceedings,Understanding the Benefits of Forgetting When Learning on Dynamic Graphs.,Julien Tissier|Charlotte Laclau
conf/pkdd/Nodet0BC21,2021,IAL@PKDD/ECML,inproceedings,Contrastive Representations for Label Noise Require Fine-Tuning.,Pierre Nodet|Vincent Lemaire 0001|Alexis Bondu|Antoine Cornu
conf/pkdd/MelodiaL21,2021,PKDD/ECML Workshops (1),inproceedings,Homological Time Series Analysis of Sensor Signals from Power Plants.,Luciano Melodia|Richard Lenz
conf/pkdd/WaidaWANZK23,2023,ECML/PKDD (4),inproceedings,Towards Understanding the Mechanism of Contrastive Learning via Similarity Structure: A Theoretical Analysis.,Hiroki Waida|Yuichiro Wada|L|Takumi Nakagawa|Yuhui Zhang|Takafumi Kanamori
conf/pkdd/KhiariMSZD18,2018,ECML/PKDD (1),inproceedings,MetaBags: Bagged Meta-Decision Trees for Regression.,Jihed Khiari|Lu|Ammar Shaker|Bernard Zenko|Saso Dzeroski
conf/pkdd/TorgoMJKMB18,2018,LIDTA@ECML/PKDD,inproceedings,2nd Workshop on Learning with Imbalanced Domains: Preface.,Lu|Stan Matwin|Nathalie Japkowicz|Bartosz Krawczyk|Nuno Moniz|Paula Branco
conf/pkdd/MertensH22,2022,ECML/PKDD (6),inproceedings,Can we Learn from Outliers? Unsupervised Optimization of Intelligent Vehicle Traffic Management Systems.,Tom Mertens|Marwan Hassani
conf/pkdd/BielskiJWB23,2023,PKDD/ECML Workshops (3),inproceedings,Towards Automatically Refining Low-Quality Domain Knowledge: A Case Study in Healthcare.,Pawel Bielski|S|Lena Witterauf|Jakob Bach
conf/pkdd/KhalidRC18,2018,ECML/PKDD (2),inproceedings,Scalable Nonlinear AUC Maximization Methods.,Majdi Khalid|Indrakshi Ray|Hamidreza Chitsaz
conf/pkdd/BrunnerMRWZ19,2019,PKDD/ECML Workshops (2),inproceedings,Neural Symbolic Music Genre Transfer Insights.,Gino Brunner|Mazda Moayeri|Oliver Richter|Roger Wattenhofer|Chi Zhang
conf/pkdd/DeepKNMS23,2023,ECML/PKDD (6),inproceedings,DyCOD - Determining Cash on Delivery Limits for Real-Time E-commerce Transactions via Constrained Optimisation Modelling.,Akash Deep|Sri Charan Kattamuru|Meghana Negi|Jose Mathew 0003|Jairaj Sathyanarayana
conf/pkdd/SivanGS20,2020,ECML/PKDD (2),inproceedings,Incremental Sensitivity Analysis for Kernelized Models.,Hadar Sivan|Moshe Gabel|Assaf Schuster
conf/pkdd/HsuTC22,2022,MACLEAN@PKDD/ECML,inproceedings,Graph Attention Transformer for Unsupervised Multivariate Time Series Anomaly Detection.,Tzu-Hsuan Hsu|Yu-Chee Tseng|Jen-Jee Chen
conf/pkdd/RappMFNH20,2020,ECML/PKDD (3),inproceedings,Learning Gradient Boosted Multi-label Classification Rules.,Michael Rapp|Eneldo Loza Menc|Johannes F|Vu-Linh Nguyen|Eyke H
conf/pkdd/LaiZF24,2024,ECML/PKDD (7),inproceedings,Improved Topology Features for Node Classification on Heterophilic Graphs.,Yurui Lai|Taiyan Zhang|Rui Fan 0004
conf/pkdd/RistacheST24,2024,ECML/PKDD (5),inproceedings,Wiser than the Wisest of Crowds: The Asch Effect and Polarization Revisited.,Dragos Ristache|Fabian Spaeh|Charalampos E. Tsourakakis
conf/pkdd/IslekO20,2020,PKDD/ECML Workshops,inproceedings,A Hybrid Recommendation System Based on Bidirectional Encoder Representations.,Irem Islek|Sule G
conf/pkdd/IglesiasHZZ19,2019,PKDD/ECML Workshops (2),inproceedings,Are Network Attacks Outliers? A Study of Space Representations and Unsupervised Algorithms.,F|Alexander Hartl|Tanja Zseby|Arthur Zimek
conf/pkdd/RajendranZSP21,2021,PKDD/ECML Workshops (2),inproceedings,Embed Wisely: An Ensemble Approach to Predict ICD Coding.,Pavithra Rajendran|Alexandros Zenonos|Joshua Spear|Rebecca Pope
conf/pkdd/LeeGP20,2020,ECML/PKDD (1),inproceedings,Z-Embedding: A Spectral Representation of Event Intervals for Efficient Clustering and Classification.,Zed Lee|Sarunas Girdzijauskas|Panagiotis Papapetrou
conf/pkdd/PendyalaAG24,2024,ECML/PKDD (10),inproceedings,Solving a Real-World Optimization Problem Using Proximal Policy Optimization with Curriculum Learning and Reward Engineering.,Abhijeet Pendyala|Asma Atamna|Tobias Glasmachers
conf/pkdd/KonigZHKR24,2024,ECML/PKDD (7),inproceedings,Automated Design of Linear Bounding Functions for Sigmoidal Nonlinearities in Neural Networks.,Matthias K|Xiyue Zhang 0001|Holger H. Hoos|Marta Kwiatkowska|Jan N. van Rijn
conf/pkdd/GurumoorthySC20,2020,ECML/PKDD (5),inproceedings,Think Out of the Package: Recommending Package Types for E-Commerce Shipments.,Karthik S. Gurumoorthy|Subhajit Sanyal|Vineet Chaoji
conf/pkdd/DangBCCW21,2021,ECML/PKDD (4),inproceedings,Monte Carlo Search Algorithms for Network Traffic Engineering.,Chen Dang|Cristina Bazgan|Tristan Cazenave|Morgan Chopin|Pierre-Henri Wuillemin
conf/pkdd/GlizeHTLS20,2020,MACLEAN@PKDD/ECML,inproceedings,Clustering Sargassum Mats from Earth Observation Data.,Est|Marie-Jos|Gilles Tr|Marc Lucas|Marion Sutton
conf/pkdd/KholodnaJKGG24,2024,ECML/PKDD (10),inproceedings,LLMs in the Loop: Leveraging Large Language Model Annotations for Active Learning in Low-Resource Languages.,Nataliia Kholodna|Sahib Julka|Mohammad Khodadadi|Muhammed Nurullah Gumus|Michael Granitzer
conf/pkdd/DengL20,2020,ECML/PKDD (3),inproceedings,Efficiency of Coordinate Descent Methods for Structured Nonconvex Optimization.,Qi Deng|Chenghao Lan
conf/pkdd/StrechtMS18,2018,DMLE/IOTSTREAMING@PKDD/ECML,inproceedings,Generalizing Knowledge in Decentralized Rule-Based Models.,Pedro Strecht|Jo|Carlos Soares
conf/pkdd/TranT23,2023,ECML/PKDD (4),inproceedings,Invariant Lipschitz Bandits: A Side Observation Approach.,Nam Phuong Tran|Long Tran-Thanh
conf/pkdd/BasiriMHPPK23,2023,PKDD/ECML Workshops (4),inproceedings,Synthesizing Diabetic Foot Ulcer Images with Diffusion Model.,Reza Basiri|Karim Manji|Francois Harton|Alisha Poonja|Milos R. Popovic|Shehroz S. Khan
conf/pkdd/WendeniusKS22,2022,ECML/PKDD (5),inproceedings,Training Parameterized Quantum Circuits with Triplet Loss.,Christof Wendenius|Eileen Kuehn|Achim Streit
conf/pkdd/TubinoCTR23,2023,PKDD/ECML Workshops (5),inproceedings,Temporal and Geographical Analysis of Real Economic Activities in the Bitcoin Blockchain.,Rafael Ramos Tubino|R|Natkamon Tovanich|C
conf/pkdd/DawoodBRM21,2021,PKDD/ECML Workshops (2),inproceedings,All You Need is Color: Image Based Spatial Gene Expression Prediction Using Neural Stain Learning.,Muhammad Dawood|Kim Branson|Nasir M. Rajpoot|Fayyaz ul Amir Afsar Minhas
conf/pkdd/HaasH23,2023,ECML/PKDD (6),inproceedings,Rectifying Bias in Ordinal Observational Data Using Unimodal Label Smoothing.,Stefan Haas|Eyke H
conf/pkdd/RoseberryC18,2018,LIDTA@ECML/PKDD,inproceedings,Multi-label kNN Classifier with Self Adjusting Memory for Drifting Data Streams.,Martha I. Roseberry|Alberto Cano 0001
conf/pkdd/WangS0CM23,2023,PKDD/ECML Workshops (4),inproceedings,Multimodal Sensor Fusion for Daily Living Activity Recognition in Active Assisted Living for Older Adults.,Kang Wang 0005|Himalaya Sharma|Jasleen Kaur 0004|Shi Cao|Plinio P. Morita
conf/pkdd/NeumannRB18a,2018,MLSA@PKDD/ECML,inproceedings,Ranking the Teams in European Football Leagues with Agony.,Stefan Neumann 0003|Julian Ritter|Kailash Budhathoki
conf/pkdd/LiY22,2022,ECML/PKDD (3),inproceedings,Calibrating Distance Metrics Under Uncertainty.,Wenye Li 0001|Fangchen Yu
conf/pkdd/BanerjeeG22,2022,PKDD/ECML Workshops (2),inproceedings,A Light-Weight Deep Residual Network for Classification of Abnormal Heart Rhythms on Tiny Devices.,Rohan Banerjee|Avik Ghose
conf/pkdd/LiuSZL18,2018,ECML/PKDD (2),inproceedings,Toward Interpretable Deep Reinforcement Learning with Linear Model U-Trees.,Guiliang Liu|Oliver Schulte|Wang Zhu 0001|Qingcan Li
conf/pkdd/MusayevaB23,2023,ECML/PKDD (4),inproceedings,Improved Multi-label Propagation for Small Data with Multi-objective Optimization.,Khadija Musayeva|Micka
conf/pkdd/StolleVSS22,2022,ECML/PKDD (5),inproceedings,Block-Level Surrogate Models for Inference Time Estimation in Hardware-Aware Neural Architecture Search.,Kurt Stolle|Sebastian Vogel|Fons van der Sommen|Willem P. Sanberg
conf/pkdd/NguyenCNCV23,2023,ECML/PKDD (2),inproceedings,Efficient Fine-Tuning Large Language Models for Knowledge-Aware Response Planning.,Minh Nguyen 0007|Kishan K. C.|To|Ankit Chadha|Thuy Vu
conf/pkdd/StermannCVBR24,2024,ECML/PKDD (1),inproceedings,Attention-Driven Dropout: A Simple Method to Improve Self-supervised Contrastive Sentence Embeddings.,Fabian Stermann|Ilias Chalkidis|Amihossein Vahidi|Bernd Bischl|Mina Rezaei
conf/pkdd/SunARC21,2021,ECML/PKDD (4),inproceedings,Strategic Mitigation Against Wireless Attacks on Autonomous Platoons.,Guoxin Sun|Tansu Alpcan|Benjamin I. P. Rubinstein|Seyit Camtepe
conf/pkdd/GhoshSR22,2022,ECML/PKDD (4),inproceedings,Multi-agent Heterogeneous Stochastic Linear Bandits.,Avishek Ghosh|Abishek Sankararaman|Kannan Ramchandran
conf/pkdd/BesedinBCF18,2018,DMLE/IOTSTREAMING@PKDD/ECML,inproceedings,Deep Online Storage-Free Learning on Unordered Image Streams.,Andrey Besedin|Pierre Blanchart|Michel Crucianu|Marin Ferecatu
conf/pkdd/KanebakoT21,2021,ECML/PKDD (5),inproceedings,PuzzleShuffle: Undesirable Feature Learning for Semantic Shift Detection.,Yusuke Kanebako|Kazuki Tsukamoto
conf/pkdd/DasSCBB21,2021,ECML/PKDD (2),inproceedings,Finding High-Value Training Data Subset Through Differentiable Convex Programming.,Soumi Das|Arshdeep Singh|Saptarshi Chatterjee|Suparna Bhattacharya|Sourangshu Bhattacharya
conf/pkdd/ChanLS20,2020,ECML/PKDD (3),inproceedings,Algorithms for Optimizing the Ratio of Monotone k-Submodular Functions.,Hau Chan|Grigorios Loukides|Zhenghui Su
conf/pkdd/Ofori-BoatengSA21,2021,ECML/PKDD (1),inproceedings,Topological Anomaly Detection in Dynamic Multilayer Blockchain Networks.,Dorcas Ofori-Boateng|Ignacio Segovia-Dominguez|Cuneyt Gurcan Akcora|Murat Kantarcioglu|Yulia R. Gel
conf/pkdd/WuWWLZL23,2023,ECML/PKDD (3),inproceedings,Leveraging Free Labels to Power up Heterophilic Graph Learning in Weakly-Supervised Settings: An Empirical Study.,Xugang Wu|Huijun Wu 0001|Ruibo Wang|Duanyu Li|Xu Zhou 0004|Kai Lu 0001
conf/pkdd/ZhengWGC23,2023,ECML/PKDD (3),inproceedings,RBNets: A Reinforcement Learning Approach for Learning Bayesian Network Structure.,Zuowu Zheng|Chao Wang|Xiaofeng Gao 0001|Guihai Chen
conf/pkdd/BaiCN24,2024,ECML/PKDD (7),inproceedings,Leiden-Fusion Partitioning Method for Effective Distributed Training of Graph Embeddings.,Yuhe Bai|Cam|Hubert Naacke
conf/pkdd/SattariJWJL21,2021,MLSA@PKDD/ECML,inproceedings,The Interpretable Representation of Football Player Roles Based on Passing/Receiving Patterns.,Arsalan Sattari|Ulf Johansson|Erik Wilderoth|Jasmin Jakupovic|Peter Larsson-Green
conf/pkdd/0001MPON20,2020,IoT Streams/ITEM@PKDD/ECML,inproceedings,Valve Health Identification Using Sensors and Machine Learning Methods.,Muhammad Atif Qureshi 0001|Luis Miralles-Pechu|Jason Payne|Ronan O'Malley|Brian Mac Namee
conf/pkdd/Cong0LCT020,2020,ECML/PKDD (2),inproceedings,Inductive Unsupervised Domain Adaptation for Few-Shot Classification via Clustering.,Xin Cong|Bowen Yu 0002|Tingwen Liu|Shiyao Cui|Hengzhu Tang|Bin Wang 0004
conf/pkdd/WangX20,2020,ECML/PKDD (3),inproceedings,Escaping Saddle Points of Empirical Risk Privately and Scalably via DP-Trust Region Method.,Di Wang 0015|Jinhui Xu 0001
conf/pkdd/IdelbayevC21,2021,ECML/PKDD (3),inproceedings,More General and Effective Model Compression via an Additive Combination of Compressions.,Yerlan Idelbayev|Miguel
conf/pkdd/BeaujeanSY21,2021,PKDD/ECML Workshops (1),inproceedings,Graph Homomorphism Features: Why Not Sample?,Paul Beaujean|Florian Sikora|Florian Yger
conf/pkdd/Fournier-VigerL18a,2018,MLSA@PKDD/ECML,inproceedings,Football Pass Prediction Using Player Locations.,Philippe Fournier-Viger|Tianbiao Liu|Jerry Chun-Wei Lin
conf/pkdd/ParlierSY24,2024,ECML/PKDD (9),inproceedings,Learning Optimal Linear Precoding for Cell-Free Massive MIMO with GNN.,Benjamin Parlier|Lou Sala|Hong Yang 0001
conf/pkdd/YueCS21,2021,ECML/PKDD (4),inproceedings,VAMBC: A Variational Approach for Mobility Behavior Clustering.,Mingxuan Yue|Yao-Yi Chiang|Cyrus Shahabi
conf/pkdd/WangGB18,2018,ECML/PKDD (2),inproceedings,Differentially Private Hypothesis Transfer Learning.,Yang Wang|Quanquan Gu|Donald E. Brown
conf/pkdd/LorochPWK18,2018,DMLE/IOTSTREAMING@PKDD/ECML,inproceedings,Sparsity in Deep Neural Networks - An Empirical Investigation with TensorQuant.,Dominik Marek Loroch|Franz-Josef Pfreundt|Norbert Wehn|Janis Keuper
conf/pkdd/SachwehBL21,2021,PKDD/ECML Workshops (1),inproceedings,Differentially Private Learning from Label Proportions.,Timon Sachweh|Daniel Boiar|Thomas Liebig
conf/pkdd/JakubikSHVK22,2022,PKDD/ECML Workshops (1),inproceedings,An Empirical Evaluation of Predicted Outcomes as Explanations in Human-AI Decision-Making.,Johannes Jakubik|Jakob Sch|Vincent Hoge|Michael V|Niklas K
conf/pkdd/NawazA23,2023,PKDD/ECML Workshops (4),inproceedings,Explainable Artificial Intelligence in Medical Diagnostics: Insights into Alzheimer's Disease.,Ali Nawaz|Amir Ahmad
conf/pkdd/TheisslerKRE20,2020,IAL@PKDD/ECML,inproceedings,VIAL-AD: Visual Interactive Labelling for Anomaly Detection - An Approach and Open Research Questions.,Andreas Theissler|Anna-Lena Kraft|Max Rudeck|Fabian Erlenbusch
conf/pkdd/HicklingP23,2023,PKDD/ECML Workshops (5),inproceedings,"Flexible Tails for Normalising Flows, with Application to the Modelling of Financial Return Data.",Tennessee Hickling|Dennis Prangle
conf/pkdd/GibsonS21,2021,MACLEAN@PKDD/ECML,inproceedings,Semi-supervised Siamese Networks for Change Recognition with VHR Imagery.,Matthew J. Gibson|Arcot Sowmya
conf/pkdd/KastelH21,2021,PKDD/ECML Workshops (1),inproceedings,Ideas Worth Spreading: A Free Energy Proposal for Cumulative Cultural Dynamics.,Natalie Kastel|Casper Hesp
conf/pkdd/NavarroKG21,2021,PKDD/ECML Workshops (1),inproceedings,Desiderata for Explainable AI in Statistical Production Systems of the European Central Bank.,Carlos Mougan Navarro|Georgios Kanellos|Thomas Gottron
conf/pkdd/ChinMM21,2021,ECML/PKDD (3),inproceedings,Joslim: Joint Widths and Weights Optimization for Slimmable Neural Networks.,Ting-Wu Chin|Ari S. Morcos|Diana Marculescu
conf/pkdd/LienLW22,2022,ECML/PKDD (6),inproceedings,Uncertainty Awareness for Predicting Noisy Stock Price Movements.,Yun-Hsuan Lien|Yu-Syuan Lin|Yu-Shuen Wang
conf/pkdd/MurayamaWA21,2021,ECML/PKDD (4),inproceedings,Single Model for Influenza Forecasting of Multiple Countries by Multi-task Learning.,Taichi Murayama|Shoko Wakamiya|Eiji Aramaki
conf/pkdd/LiZBHS22,2022,ECML/PKDD (6),inproceedings,Distributional Correlation-Aware Knowledge Distillation for Stock Trading Volume Prediction.,Lei Li 0039|Zhiyuan Zhang 0001|Ruihan Bao|Keiko Harimoto|Xu Sun 0001
conf/pkdd/GuyomardFGBT23,2023,ECML/PKDD (3),inproceedings,Generating Robust Counterfactual Explanations.,Victor Guyomard|Fran|Thomas Guyet|Tassadit Bouadi|Alexandre Termier
conf/pkdd/AhmadYLd24,2024,ECML/PKDD (3),inproceedings,Deep Sketched Output Kernel Regression for Structured Prediction.,Tamim El Ahmad|Junjie Yang|Pierre Laforgue|Florence d'Alch
conf/pkdd/LiuZW24,2024,ECML/PKDD (9),inproceedings,SAGS-DynamicBio: Integrating Semantic-Aware and Graph Structure-Aware Embedding for Dynamic Biological Data with Knowledge Graphs.,Yao Liu|Yongfei Zhang|Xin Wang
conf/pkdd/MoysiadisAK18,2018,MIDAS/PAP@PKDD/ECML,inproceedings,Calibrating the Mean-Reversion Parameter in the Hull-White Model Using Neural Networks.,Georgios Moysiadis|Ioannis Anagnostou|Drona Kandhai
conf/pkdd/SimionatoV22,2022,ECML/PKDD (5),inproceedings,Bounding the Family-Wise Error Rate in Local Causal Discovery Using Rademacher Averages.,Dario Simionato|Fabio Vandin
conf/pkdd/LiuWL21,2021,ECML/PKDD (1),inproceedings,Discovering Proper Neighbors to Improve Session-Based Recommendation.,Lin Liu|Li Wang 0014|Tao Lian
conf/pkdd/MinZZFY22,2022,ECML/PKDD (6),inproceedings,TAMOR: Tier-Aware Multi-objective Recommendation for Ant Fortune Financial Marketing.,Xu Min|Xiaolu Zhang|Jun Zhou 0011|Changxun Fan|Junlin Yu
conf/pkdd/ImQ19,2019,ECML/PKDD (1),inproceedings,Fast and Parallelizable Ranking with Outliers from Pairwise Comparisons.,Sungjin Im|Mahshid Montazer Qaem
conf/pkdd/YanWTW23,2023,ECML/PKDD (2),inproceedings,Efficient Hyperdimensional Computing.,Zhanglu Yan|Shida Wang|Kaiwen Tang|Weng-Fai Wong
conf/pkdd/FloydV19,2019,NFMCP@PKDD/ECML,inproceedings,Soft Voting Windowing Ensembles for Learning from Partially Labelled Streams.,Sean L. A. Floyd|Herna L. Viktor
conf/pkdd/DingLCH23,2023,ECML/PKDD (6),inproceedings,PDF-VQA: A New Dataset for Real-World VQA on PDF Documents.,Yihao Ding|Siwen Luo|Hyunsuk Chung|Soyeon Caren Han
conf/pkdd/PitraH20,2020,IAL@PKDD/ECML,inproceedings,Towards Landscape Analysis in Adaptive Learning of Surrogate Models.,Zbynek Pitra|Martin Holena
conf/pkdd/Garcia-SantaC21,2021,PKDD/ECML Workshops (2),inproceedings,Extracting Multilingual Relations with Joint Learning of Language Models.,Nuria Garc|Kendrick Cetina
conf/pkdd/TsourakakisCKP19,2019,ECML/PKDD (1),inproceedings,Novel Dense Subgraph Discovery Primitives: Risk Aversion and Exclusion Queries.,Charalampos E. Tsourakakis|Tianyi Chen|Naonori Kakimura|Jakub Pachocki
conf/pkdd/KuniyoshiOM21,2021,ECML/PKDD (5),inproceedings,Analyzing Research Trends in Inorganic Materials Literature Using NLP.,Fusataka Kuniyoshi|Jun Ozawa|Makoto Miwa
conf/pkdd/SbeytiKWNA23,2023,ECML/PKDD (5),inproceedings,Overcoming the Limitations of Localization Uncertainty: Efficient and Exact Non-linear Post-processing and Calibration.,Moussa Kassem Sbeyti|Michelle Karg|Christian Wirth 0001|Azarm Nowzad|Sahin Albayrak
conf/pkdd/TheodoropoulosT19,2019,MASTER@PKDD/ECML,inproceedings,EvolvingClusters: Online Discovery of Group Patterns in Enriched Maritime Data.,George S. Theodoropoulos|Andreas Tritsarolis|Yannis Theodoridis
conf/pkdd/PfahlerM18,2018,ECML/PKDD (2),inproceedings,Nystr,Lukas Pfahler|Katharina Morik
conf/pkdd/FengLC19,2019,ECML/PKDD (1),inproceedings,CatchCore: Catching Hierarchical Dense Subtensor.,Wenjie Feng 0001|Shenghua Liu|Xueqi Cheng
conf/pkdd/YukselJG23,2023,PKDD/ECML Workshops (4),inproceedings,Semi-supervised Co-teaching for Monitoring Motor States of Parkinson's Disease Patients.,Kamer Ali Yuksel|Golara Javadi|Ahmet Gunduz
conf/pkdd/HePDZ18,2018,ECML/PKDD (3),inproceedings,SPEEDING Up the Metabolism in E-commerce by Reinforcement Mechanism DESIGN.,Hua-Lin He|Chun-Xiang Pan|Qing Da|Anxiang Zeng
conf/pkdd/SolankiKDG22,2022,ECML/PKDD (4),inproceedings,Differentially Private Federated Combinatorial Bandits with Constraints.,Sambhav Solanki|Samhita Kanaparthy|Sankarshan Damle|Sujit Gujar
conf/pkdd/GarnotL20,2020,AALTD@PKDD/ECML,inproceedings,Lightweight Temporal Self-attention for Classifying Satellite Images Time Series.,Vivien Sainte Fare Garnot|Lo
conf/pkdd/HoncharovSLS23,2023,ECML/PKDD (3),inproceedings,Skeletal Cores and Graph Resilience.,Danylo Honcharov|Ahmet Erdem Sariy|Ricky Laishram|Sucheta Soundarajan
conf/pkdd/CerqueiraPTSM18,2018,ECML/PKDD (1),inproceedings,Constructive Aggregation and Its Application to Forecasting with Dynamic Ensembles.,V|F|Lu|Carlos Soares|Nuno Moniz
conf/pkdd/BabikerKG22,2022,ECML/PKDD (1),inproceedings,Neural Networks with Feature Attribution and Contrastive Explanations.,Housam Khalifa Bashier Babiker|Mi-Young Kim|Randy Goebel
conf/pkdd/ReichlinMYVK23,2023,ECML/PKDD (4),inproceedings,Learning Geometric Representations of Objects via Interaction.,Alfredo Reichlin|Giovanni Luca Marchetti|Hang Yin 0001|Anastasiia Varava|Danica Kragic
conf/pkdd/LiuYW24,2024,ECML/PKDD (1),inproceedings,Hierarchical Fine-Grained Visual Classification Leveraging Consistent Hierarchical Knowledge.,Yuting Liu|Liu Yang|Yu Wang
conf/pkdd/BachmannSB24,2024,ECML/PKDD (10),inproceedings,Fast and Adaptive Questionnaires for Voting Advice Applications.,Fynn Bachmann|Cristina Sarasua|Abraham Bernstein
conf/pkdd/SudharsanPBA21,2021,ECML/PKDD (5),inproceedings,Enabling Machine Learning on the Edge Using SRAM Conserving Efficient Neural Networks Execution Approach.,Bharath Sudharsan|Pankesh Patel|John G. Breslin|Muhammad Intizar Ali
conf/pkdd/KuratomiLP20,2020,ECML/PKDD (4),inproceedings,Prediction of Global Navigation Satellite System Positioning Errors with Guarantees.,Alejandro Kuratomi|Tony Lindgren|Panagiotis Papapetrou
conf/pkdd/PereiraVACC22,2022,PKDD/ECML Workshops (2),inproceedings,Privacy-Preserving Machine Learning in Life Insurance Risk Prediction.,Klismam Pereira|Jo|Ana Nunes Alonso|F|Mel
conf/pkdd/WichMGHG21,2021,ECML/PKDD (5),inproceedings,Explainable Abusive Language Classification Leveraging User and Network Data.,Maximilian Wich|Edoardo Mosca|Adrian Gorniak|Johannes Hingerl|Georg Groh
conf/pkdd/RazmiLHX23,2023,ECML/PKDD (3),inproceedings,Interpretation Attacks and Defenses on Predictive Models Using Electronic Health Records.,Fereshteh Razmi|Jian Lou 0001|Yuan Hong 0001|Li Xiong 0001
conf/pkdd/SokarMP22,2022,ECML/PKDD (3),inproceedings,Avoiding Forgetting and Allowing Forward Transfer in Continual Learning via Sparse Networks.,Ghada Sokar|Decebal Constantin Mocanu|Mykola Pechenizkiy
conf/pkdd/BamfordTK24,2024,ECML/PKDD (9),inproceedings,AeroINR: Meta-learning for Efficient Generation of Aerodynamic Geometries.,Tom Bamford|David Toal|Andy J. Keane
conf/pkdd/OkawaSYN22,2022,ECML/PKDD (4),inproceedings,Safe Exploration Method for Reinforcement Learning Under Existence of Disturbance.,Yoshihiro Okawa|Tomotake Sasaki|Hitoshi Yanami|Toru Namerikawa
conf/pkdd/KuzelkaWS18,2018,ECML/PKDD (2),inproceedings,VC-Dimension Based Generalization Bounds for Relational Learning.,Ondrej Kuzelka|Yuyi Wang 0001|Steven Schockaert
conf/pkdd/LeiZWXZ23,2023,ECML/PKDD (1),inproceedings,Dynamic Thresholding for Accurate Crack Segmentation Using Multi-objective Optimization.,Qin Lei|Jiang Zhong|Chen Wang 0074|Yang Xia|Yangmei Zhou
conf/pkdd/BighashdelMJD21,2021,ECML/PKDD (1),inproceedings,Deep Adaptive Multi-intention Inverse Reinforcement Learning.,Ariyan Bighashdel|Panagiotis Meletis|Pavol Jancura|Gijs Dubbelman
conf/pkdd/MarchelloCB23,2023,ECML/PKDD (1),inproceedings,A Deep Dynamic Latent Block Model for the Co-Clustering of Zero-Inflated Data Matrices.,Giulia Marchello|Marco Corneli|Charles Bouveyron
conf/pkdd/Hernandez-Munoz20,2020,ECML/PKDD (3),inproceedings,Deep Gaussian Processes Using Expectation Propagation and Monte Carlo Methods.,Gonzalo Hern|Carlos Villacampa-Calvo|Daniel Hern
conf/pkdd/SunZJK23,2023,ECML/PKDD (5),inproceedings,Exploring the Training Robustness of Distributional Reinforcement Learning Against Noisy State Observations.,Ke Sun 0013|Yingnan Zhao|Shangling Jui|Linglong Kong
conf/pkdd/ChenXT24,2024,ECML/PKDD (4),inproceedings,Low-Hanging Fruit: Knowledge Distillation from Noisy Teachers for Open Domain Spoken Language Understanding.,Cheng Chen|Bowen Xing|Ivor W. Tsang
conf/pkdd/SandersL20,2020,PKDD/ECML Workshops,inproceedings,Knowledge Discovery on Blockchains: Challenges and Opportunities for Distributed Event Detection Under Constraints.,Cedric Sanders|Thomas Liebig
conf/pkdd/PalcuSLDPM19,2019,NFMCP@PKDD/ECML,inproceedings,Discovering Discriminative Nodes for Classification with Deep Graph Convolutional Methods.,Liana-Daniela Palcu|Marius Supuran|Camelia Lemnaru|Mihaela D|Rodica Potolea|Raul Cristian Muresan
conf/pkdd/LucasV18,2018,ECML/PKDD (1),inproceedings,Auxiliary Guided Autoregressive Variational Autoencoders.,Thomas Lucas 0002|Jakob Verbeek
conf/pkdd/HenkaTA24,2024,ECML/PKDD (10),inproceedings,Multiplex Community Detection for Resilient Electrical Segmentation Enabling Management of an Increasingly Complex Power Grid.,Noureddine Henka|Sami Tazi|Mohamad Assaad
conf/pkdd/FreryHSH18,2018,LIDTA@ECML/PKDD,inproceedings,Non-Linear Gradient Boosting for Class-Imbalance Learning.,Jordan Fr|Amaury Habrard|Marc Sebban|Liyun He-Guelton
conf/pkdd/0025ZG18,2018,ECML/PKDD (2),inproceedings,Learning Multi-granularity Dynamic Network Representations for Social Recommendation.,Peng Liu 0025|Lemei Zhang|Jon Atle Gulla
conf/pkdd/BrancoTR18,2018,LIDTA@ECML/PKDD,inproceedings,REBAGG: REsampled BAGGing for Imbalanced Regression.,Paula Branco|Lu|Rita P. Ribeiro
conf/pkdd/HeWAW23,2023,ECML/PKDD (6),inproceedings,Prototype-Guided Counterfactual Explanations via Variational Auto-encoder for Recommendation.,Ming He|Jiwen Wang|Boyang An|Hao Wen
conf/pkdd/HamerD21,2021,ECML/PKDD (3),inproceedings,Robust Selection Stability Estimation in Correlated Spaces.,Victor Hamer|Pierre Dupont
conf/pkdd/FitzpatrickCA20,2020,AALTD@PKDD/ECML,inproceedings,Creating and Characterising Electricity Load Profiles of Residential Buildings.,James Fitzpatrick|Paula Carroll|Deepak Ajwani
conf/pkdd/KumarMCK19,2019,AALTD@PKDD/ECML,inproceedings,Transform Learning Based Function Approximation for Regression and Forecasting.,Kriti Kumar|Angshul Majumdar|M. Girish Chandra|Achanna Anil Kumar
conf/pkdd/TaghiyarrenaniF22,2022,PKDD/ECML Workshops (2),inproceedings,Domain Adaptation with Maximum Margin Criterion with Application to Network Traffic Classification.,Zahra Taghiyarrenani|Hamed Farsi
conf/pkdd/GrzendaLW22,2022,ECML/PKDD (6),inproceedings,Urban Traveller Preference Miner: Modelling Transport Choices with Survey Data Streams.,Maciej Grzenda|Marcin Luckner|Przemyslaw Wrona
conf/pkdd/ShenC19,2019,AALTD@PKDD/ECML,inproceedings,An Initial Study on Adapting DTW at Individual Query for Electrocardiogram Analysis.,Daniel Shen|Min Chi
conf/pkdd/QuatraGCC23,2023,ECML/PKDD (7),inproceedings,Inclusively: An AI-Based Assistant for Inclusive Writing.,Moreno La Quatra|Salvatore Greco|Luca Cagliero|Tania Cerquitelli
conf/pkdd/GharahighehiVP20,2020,PKDD/ECML Workshops,inproceedings,Multi-stakeholder News Recommendation Using Hypergraph Learning.,Alireza Gharahighehi|Celine Vens|Konstantinos Pliakos
conf/pkdd/BayerZ20,2020,ChAT@PKDD/ECML,inproceedings,Team voyTECH: User Activity Modeling with Boosting Trees.,Immanuel Bayer|Anastasios Zouzias
conf/pkdd/BotariIC19,2019,PKDD/ECML Workshops (1),inproceedings,Local Interpretation Methods to Machine Learning Using the Domain of the Feature Space.,Tiago Botari|Rafael Izbicki|Andr
conf/pkdd/QuyNFN22,2022,PKDD/ECML Workshops (1),inproceedings,Evaluation of Group Fairness Measures in Student Performance Prediction Problems.,Tai Le Quy|Thi Huyen Nguyen|Gunnar Friege|Eirini Ntoutsi
conf/pkdd/Zheng0S19,2019,ECML/PKDD (3),inproceedings,Manufacturing Dispatching Using Reinforcement and Transfer Learning.,Shuai Zheng|Chetan Gupta 0001|Susumu Serita
conf/pkdd/SabataH20,2020,IAL@PKDD/ECML,inproceedings,Active Learning for LSTM-autoencoder-based Anomaly Detection in Electrocardiogram Readings.,Tom|Martin Holena
conf/pkdd/BausePK24,2024,ECML/PKDD (5),inproceedings,Approximating the Graph Edit Distance with Compact Neighborhood Representations.,Franka Bause|Christian Permann|Nils M. Kriege
conf/pkdd/SuHCW22,2022,ECML/PKDD (1),inproceedings,Basket Booster for Prototype-based Contrastive Learning in Next Basket Recommendation.,Ting-Ting Su|Zhenyu He 0009|Man-Sheng Chen|Chang-Dong Wang 0001
conf/pkdd/YaoHGWCZ24,2024,ECML/PKDD (3),inproceedings,Molecular Graph Representation Learning via Structural Similarity Information.,Chengyu Yao|Hong Huang 0004|Hang Gao 0004|Fengge Wu|Haiming Chen 0001|Junsuo Zhao
conf/pkdd/0002WRLGS21,2021,PKDD/ECML Workshops (1),inproceedings,The Effects of Randomness on the Stability of Node Embeddings.,Tobias Schumacher 0002|Hinrikus Wolf|Martin Ritzert|Florian Lemmerich|Martin Grohe|Markus Strohmaier
conf/pkdd/DaishRD23,2023,PKDD/ECML Workshops (2),inproceedings,"Enhancing Fairness, Justice and Accuracy of Hybrid Human-AI Decisions by Shifting Epistemological Stances.",Peter Daish|Matt J. Roach|Alan J. Dix
conf/pkdd/LemaireBPBRC19,2019,AALTD@PKDD/ECML,inproceedings,Proactive Fiber Break Detection Based on Quaternion Time Series and Automatic Variable Selection from Relational Data.,Vincent Lemaire 0001|Fabien Boitier|Jelena Pesic|Alexis Bondu|St|Fabrice Cl
conf/pkdd/KisselD23,2023,PKDD/ECML Workshops (4),inproceedings,Neural Networks Comprising Sequentially Semiseparable Matrices with One Dimensional State Variable are Universal Approximators.,Matthias Kissel|Klaus Diepold
conf/pkdd/ArratiaS19,2019,MIDAS@PKDD,inproceedings,"Convolutional Neural Networks, Image Recognition and Financial Time Series Forecasting.",Argimiro Arratia|Eduardo Sep
conf/pkdd/WuZMYZ23,2023,ECML/PKDD (7),inproceedings,TDCM: Transport Destination Calibrating Based on Multi-task Learning.,Tao Wu|Kaixuan Zhu|Jiali Mao|Miaomiao Yang|Aoying Zhou
conf/pkdd/YanLCYR24,2024,ECML/PKDD (8),inproceedings,Lifelong Hierarchical Topic Modeling via Nonparametric Word Embedding Clustering.,Jiaxing Yan|Yuyin Lu|Hegang Chen|Jianxing Yu|Yanghui Rao
conf/pkdd/ZhangXD23,2023,ECML/PKDD (7),inproceedings,Leveraging Queue Length and Attention Mechanisms for Enhanced Traffic Signal Control Optimization.,Liang Zhang 0041|Shubin Xie|Jianming Deng
conf/pkdd/FangLH20,2020,ECML/PKDD (4),inproceedings,A Multi-criteria System for Recommending Taxi Routes with an Advance Reservation.,Jie-Yu Fang|Fandel Lin|Hsun-Ping Hsieh
conf/pkdd/SinhaSK18,2018,Nemesis/UrbReas/SoGood/IWAISe/GDM@PKDD/ECML,inproceedings,Neural Networks in an Adversarial Setting and Ill-Conditioned Weight Space.,Abhishek Sinha|Mayank Singh 0007|Balaji Krishnamurthy
conf/pkdd/XuGLW24,2024,ECML/PKDD (1),inproceedings,RumorMixer: Exploring Echo Chamber Effect and Platform Heterogeneity for Rumor Detection.,Haowei Xu|Chao Gao 0001|Xianghua Li|Zhen Wang 0004
conf/pkdd/SchwienhorstKKN24,2024,ECML/PKDD (6),inproceedings,Dropout Regularization in Extended Generalized Linear Models Based on Double Exponential Families.,Benedikt L|Lucas Kock|Nadja Klein|David J. Nott
conf/pkdd/JulkaKGLA22,2022,ECML/PKDD (4),inproceedings,Deep Active Learning for Detection of Mercury's Bow Shock and Magnetopause Crossings.,Sahib Julka|Nikolas Kirschstein|Michael Granitzer|Alexander Lavrukhin|Ute V. Amerstorfer
conf/pkdd/DruryUM18,2018,Nemesis/UrbReas/SoGood/IWAISe/GDM@PKDD/ECML,inproceedings,An Information Retrieval System for CBRNe Incidents.,Brett Drury|Ihsan Ullah 0002|Michael G. Madden
conf/pkdd/CoeurdouxDC22,2022,ECML/PKDD (5),inproceedings,Learning Optimal Transport Between Two Empirical Distributions with Normalizing Flows.,Florentin Coeurdoux|Nicolas Dobigeon|Pierre Chainais
conf/pkdd/DincEOMA19,2019,PKDD/ECML Workshops (2),inproceedings,Forecasting of Product Quality Through Anomaly Detection.,Mehmet Din|Seyda Ertekin|Hadi|Can Meydanli|Volkan Atalay
conf/pkdd/WuQWM22,2022,PKDD/ECML Workshops (1),inproceedings,LDRNet: Enabling Real-Time Document Localization on Mobile Devices.,Han Wu 0001|Holland Qian|Huaming Wu|Aad van Moorsel
conf/pkdd/SunLF20,2020,ECML/PKDD (2),inproceedings,Partial Label Learning via Subspace Representation and Global Disambiguation.,Yue Sun|Gengyu Lyu|Songhe Feng
conf/pkdd/Fanaee-TBRBS20,2020,IoT Streams/ITEM@PKDD/ECML,inproceedings,CycleFootprint: A Fully Automated Method for Extracting Operation Cycles from Historical Raw Data of Multiple Sensors.,Hadi Fanaee-T|Mohamed-Rafik Bouguelia|Mahmoud Rahat|Jonathan Blixt|Harpal Singh
conf/pkdd/BuenoHL20,2020,AALTD@PKDD/ECML,inproceedings,Temporal Exceptional Model Mining Using Dynamic Bayesian Networks.,Marcos L. P. Bueno|Arjen Hommersom|Peter J. F. Lucas
conf/pkdd/NagarajanR24,2024,ECML/PKDD (5),inproceedings,Input Compression with Positional Consistency for Efficient Training and Inference of Transformer Neural Networks.,Amrit Nagarajan|Anand Raghunathan
conf/pkdd/QuarantaA23,2023,PKDD/ECML Workshops (1),inproceedings,The AI Act is Coming: Are E-Health Manufacturers Ready?,Marinella Quaranta|Ilaria Angela Amantea
conf/pkdd/BonenbergerKE19,2019,AALTD@PKDD/ECML,inproceedings,Feature-Based Gait Pattern Classification for a Robotic Walking Frame.,Christopher M. A. Bonenberger|Benjamin Kathan|Wolfgang Ertel
conf/pkdd/TiezziMBM24,2024,ECML/PKDD (2),inproceedings,Continual Neural Computation.,Matteo Tiezzi|Simone Marullo|Federico Becattini|Stefano Melacci
conf/pkdd/ChataingPPR24,2024,ECML/PKDD (6),inproceedings,DiffVersify: a Scalable Approach to Differentiable Pattern Mining with Coverage Regularization.,Thibaut Chataing|Julien Perez|Marc Plantevit|C
conf/pkdd/SalemM19,2019,ECML/PKDD (3),inproceedings,A Semi-supervised and Online Learning Approach for Non-Intrusive Load Monitoring.,Hajer Salem|Moamar Sayed-Mouchaweh
conf/pkdd/FakhraeiMA19,2019,ECML/PKDD (2),inproceedings,NSEEN: Neural Semantic Embedding for Entity Normalization.,Shobeir Fakhraei|Joel Mathew|Jos
conf/pkdd/NowakJ22,2022,ECML/PKDD (3),inproceedings,Discovering Wiring Patterns Influencing Neural Network Performance.,Aleksandra Nowak 0001|Romuald A. Janik
conf/pkdd/GuoPS22,2022,PKDD/ECML Workshops (1),inproceedings,Hierarchical Design Space Exploration for Distributed CNN Inference at the Edge.,Xiaotian Guo|Andy D. Pimentel|Todor P. Stefanov
conf/pkdd/CostaRZALK19,2019,ECML/PKDD (3),inproceedings,Data-Driven Policy on Feasibility Determination for the Train Shunting Problem.,Paulo Roberto de Oliveira da Costa|Jason Rhuggenaath|Yingqian Zhang 0001|Alp Akcay|Wan-Jui Lee|Uzay Kaymak
conf/pkdd/RidaLRM23,2023,PKDD/ECML Workshops (1),inproceedings,Dynamic Interpretability for Model Comparison via Decision Rules.,Adam Rida|Marie-Jeanne Lesot|Xavier Renard|Christophe Marsala
conf/pkdd/LinYSB23,2023,PKDD/ECML Workshops (3),inproceedings,LinC: Explaining Time Series Clusterings with User-Provided Constraints.,Simiao Lin|Aras Yurtman|Jonas Soenen|Hendrik Blockeel
conf/pkdd/WhiteC18,2018,Nemesis/UrbReas/SoGood/IWAISe/GDM@PKDD/ECML,inproceedings,Smart Cities with Deep Edges.,Gary White|Siobh
conf/pkdd/AssisAV20,2020,ECML/PKDD (5),inproceedings,Stop the Clock: Are Timeout Effects Real?,Niander Assis|Renato M. Assun|Pedro O. S. Vaz de Melo
conf/pkdd/MaragkoudakisPV23,2023,PKDD/ECML Workshops (1),inproceedings,Sampling Strategies for Mitigating Bias in Face Synthesis Methods.,Emmanouil Maragkoudakis|Symeon Papadopoulos|Iraklis Varlamis|Christos Diou
conf/pkdd/TreissWK20,2020,ECML/PKDD (5),inproceedings,An Uncertainty-Based Human-in-the-Loop System for Industrial Tool Wear Analysis.,Alexander Treiss|Jannis Walk|Niklas K
conf/pkdd/ZhengVPF23,2023,ECML/PKDD (6),inproceedings,Knowledge Distillation with Graph Neural Networks for Epileptic Seizure Detection.,Qinyue Zheng|Arun Venkitaraman|Simona Petravic|Pascal Frossard
conf/pkdd/DelobelleB22,2022,ECML/PKDD (2),inproceedings,FairDistillation: Mitigating Stereotyping in Language Models.,Pieter Delobelle|Bettina Berendt
conf/pkdd/HengAS24,2024,ECML/PKDD (2),inproceedings,Generative Modeling with Flow-Guided Density Ratio Learning.,Alvin Heng|Abdul Fatir Ansari|Harold Soh
conf/pkdd/LiuWWDZ24,2024,ECML/PKDD (6),inproceedings,HiGraphDTI: Hierarchical Graph Representation Learning for Drug-Target Interaction Prediction.,Bin Liu 0058|Siqi Wu|Jin Wang 0006|Xin Deng 0003|Ao Zhou
conf/pkdd/TomeRV022,2022,PKDD/ECML Workshops (2),inproceedings,An Online Data-Driven Predictive Maintenance Approach for Railway Switches.,Emanuel Sousa Tom|Rita P. Ribeiro|Bruno Veloso|Jo
conf/pkdd/KottkeSKS22,2022,ECML/PKDD (4),inproceedings,A Stopping Criterion for Transductive Active Learning.,Daniel Kottke|Christoph Sandrock|Georg Krempl|Bernhard Sick
conf/pkdd/CharlierOSH19,2019,MIDAS@PKDD,inproceedings,MQLV: Optimal Policy of Money Management in Retail Banking with Q-Learning.,J|Gaston Ormazabal|Radu State|Jean Hilger
conf/pkdd/KataokaG18a,2018,MLSA@PKDD/ECML,inproceedings,Real-Time Power Performance Prediction in Tour de France.,Yasuyuki Kataoka|Peter Gray
conf/pkdd/WangMW23,2023,ECML/PKDD (2),inproceedings,Towards Practical Federated Causal Structure Learning.,Zhaoyu Wang 0006|Pingchuan Ma 0004|Shuai Wang 0011
conf/pkdd/NatilliMGP18,2018,MIDAS/PAP@PKDD/ECML,inproceedings,Exploring Students Eating Habits Through Individual Profiling and Clustering Analysis.,Michela Natilli|Anna Monreale|Riccardo Guidotti|Luca Pappalardo
conf/pkdd/OikarinenPKP19,2019,PKDD/ECML Workshops (1),inproceedings,Supervised Human-Guided Data Exploration.,Emilia Oikarinen|Kai Puolam|Samaneh Khoshrou|Mykola Pechenizkiy
conf/pkdd/DanBS21,2021,ECML/PKDD (2),inproceedings,Learning from Noisy Similar and Dissimilar Data.,Soham Dan|Han Bao 0002|Masashi Sugiyama
conf/pkdd/LiDF23,2023,ECML/PKDD (4),inproceedings,Learning to Play Text-Based Adventure Games with Maximum Entropy Reinforcement Learning.,Weichen Li|Rati Devidze|Sophie Fellenz
conf/pkdd/FarasinNGR19,2019,MACLEAN@PKDD/ECML,inproceedings,Unsupervised Burned Area Estimation through Satellite Tiles: A Multimodal Approach by Means of Image Segmentation over Remote Sensing Imagery.,Alessandro Farasin|Giovanni Nini|Paolo Garza|Claudio Rossi 0003
conf/pkdd/NgoODA24,2024,ECML/PKDD (6),inproceedings,Secure Aggregation Is Not Private Against Membership Inference Attacks.,Khac-Hoang Ngo|Johan|Giuseppe Durisi|Alexandre Graell i Amat
conf/pkdd/NeubarthC19,2019,PKDD/ECML Workshops (2),inproceedings,Symbolic Music Classification Based on Multiple Sequential Patterns.,Kerstin Neubarth|Darrell Conklin
conf/pkdd/WangL23,2023,ECML/PKDD (5),inproceedings,CAENet: Efficient Multi-task Learning for Joint Semantic Segmentation and Depth Estimation.,Luxi Wang|Yingming Li
conf/pkdd/ChenSX20,2020,ECML/PKDD (3),inproceedings,FAWA: Fast Adversarial Watermark Attack on Optical Character Recognition (OCR) Systems.,Lu Chen|Jiao Sun|Wei Xu
conf/wsdm/WuBG0LY23,2023,WSDM,inproceedings,Modeling Fine-grained Information via Knowledge-aware Hierarchical Graph for Zero-shot Entity Retrieval.,Taiqiang Wu|Xingyu Bai|Weigang Guo|Weijie Liu 0002|Siheng Li|Yujiu Yang 0001
conf/wsdm/WhiteA19,2019,WSDM,inproceedings,Task Duration Estimation.,Ryen W. White|Ahmed Hassan Awadallah
conf/wsdm/LiWLY23,2023,WSDM,inproceedings,Self-Supervised Group Graph Collaborative Filtering for Group Recommendation.,Kang Li|Chang-Dong Wang 0001|Jian-Huang Lai|Huaqiang Yuan
conf/wsdm/BudylinDKT18,2018,WSDM,inproceedings,Consistent Transformation of Ratio Metrics for Efficient Online Controlled Experiments.,Roman Budylin|Alexey Drutsa|Ilya Katsev|Valeriya Tsoy
conf/wsdm/VirinchiS23,2023,WSDM,inproceedings,BLADE: Biased Neighborhood Sampling based Graph Neural Network for Directed Graphs.,Srinivas Virinchi|Anoop Saladi
conf/wsdm/KimJ021,2021,WSDM,inproceedings,Discovering Undisclosed Paid Partnership on Social Media via Aspect-Attentive Sponsored Post Learning.,Seungbae Kim|Jyun-Yu Jiang|Wei Wang 0010
conf/wsdm/Ben-EliezerEOF22,2022,WSDM,inproceedings,Sampling Multiple Nodes in Large Networks: Beyond Random Walks.,Omri Ben-Eliezer|Talya Eden|Joel Oren|Dimitris Fotakis 0001
conf/wsdm/XinSH0022,2022,WSDM,inproceedings,Informed Multi-context Entity Alignment.,Kexuan Xin|Zequn Sun 0001|Wen Hua|Wei Hu 0007|Xiaofang Zhou 0001
conf/wsdm/HuS24,2024,WSDM,inproceedings,User Consented Federated Recommender System Against Personalized Attribute Inference Attack.,Qi Hu|Yangqiu Song
conf/wsdm/KiyoharaSMNSY22,2022,WSDM,inproceedings,Doubly Robust Off-Policy Evaluation for Ranking Policies under the Cascade Behavior Model.,Haruka Kiyohara|Yuta Saito|Tatsuya Matsuhiro|Yusuke Narita|Nobuyuki Shimizu|Yasuo Yamamoto
conf/wsdm/RosinGR22,2022,WSDM,inproceedings,Time Masking for Temporal Language Models.,Guy D. Rosin|Ido Guy|Kira Radinsky
conf/wsdm/BorattoM21,2021,WSDM,inproceedings,Advances in Bias-aware Recommendation on the Web.,Ludovico Boratto|Mirko Marras
conf/wsdm/ZhangXJCDY21,2021,WSDM,inproceedings,Modeling Across-Context Attention For Long-Tail Query Classification in E-commerce.,Junhao Zhang|Weidi Xu|Jianhui Ji|Xi Chen|Hongbo Deng|Keping Yang
conf/wsdm/ZhangYHDYL18,2018,WSDM,inproceedings,Discrete Deep Learning for Fast Content-Aware Recommendation.,Yan Zhang 0036|Hongzhi Yin|Zi Huang|Xingzhong Du|Guowu Yang|Defu Lian
conf/wsdm/KongWPZH24,2024,WSDM,inproceedings,C²DR: Robust Cross-Domain Recommendation based on Causal Disentanglement.,Menglin Kong|Jia Wang 0009|Yushan Pan|Haiyang Zhang 0004|Muzhou Hou
conf/wsdm/AkbiyikEKVA23,2023,WSDM,inproceedings,"Ask ""Who"", Not ""What"": Bitcoin Volatility Forecasting with Twitter Data.",M. Eren Akbiyik|Mert Erkul|Killian K|Vaiva Vasiliauskaite|Nino Antulov-Fantulin
conf/wsdm/WenWZC23,2023,WSDM,inproceedings,Visual Matching is Enough for Scene Text Retrieval.,Lilong Wen|Yingrong Wang|Dongxiang Zhang|Gang Chen 0001
conf/wsdm/WuW0ZW22,2022,WSDM,inproceedings,Improving the Applicability of Knowledge-Enhanced Dialogue Generation Systems by Using Heterogeneous Knowledge from Multiple Sources.,Sixing Wu|Minghui Wang|Ying Li 0012|Dawei Zhang 0003|Zhonghai Wu
conf/wsdm/ZhouDW20,2020,WSDM,inproceedings,Enhancing Re-finding Behavior with External Memories for Personalized Search.,Yujia Zhou 0002|Zhicheng Dou|Ji-Rong Wen
conf/wsdm/HuSXHCL18,2018,WSDM,inproceedings,Who Will Share My Image?: Predicting the Content Diffusion Path in Online Social Networks.,Wenjian Hu|Krishna Kumar Singh|Fanyi Xiao|Jinyoung Han|Chen-Nee Chuah|Yong Jae Lee
conf/wsdm/AwadallahGSW19,2019,WSDM,inproceedings,Task Intelligence Workshop @ WSDM 2019.,Ahmed Hassan Awadallah|Cathal Gurrin|Mark Sanderson|Ryen W. White
conf/wsdm/LaenenZM18,2018,WSDM,inproceedings,Web Search of Fashion Items with Multimodal Querying.,Katrien Laenen|Susana Zoghbi|Marie-Francine Moens
conf/wsdm/ZhengHM19,2019,WSDM,inproceedings,FaceOff: Assisting the Manifestation Design of Web Graphical User Interface.,Shuyu Zheng|Ziniu Hu|Yun Ma 0003
conf/wsdm/0001CHA23,2023,WSDM,inproceedings,DeMEtRIS: Counting (near)-Cliques by Crawling.,Suman K. Bera 0001|Jayesh Choudhari|Shahrzad Haddadan|Sara Ahmadian
conf/wsdm/FuXTH23,2023,WSDM,inproceedings,Natural and Artificial Dynamics in GNNs: A Tutorial.,Dongqi Fu|Zhe Xu 0007|Hanghang Tong|Jingrui He
conf/wsdm/DaiXC018,2018,WSDM,inproceedings,Convolutional Neural Networks for Soft-Matching N-Grams in Ad-hoc Search.,Zhuyun Dai|Chenyan Xiong|Jamie Callan|Zhiyuan Liu 0001
conf/wsdm/LiLC21,2021,WSDM,inproceedings,Filter Pruning via Probabilistic Model-based Optimization for Accelerating Deep Convolutional Neural Networks.,Qinghua Li|Cuiping Li 0001|Hong Chen 0001
conf/wsdm/ChenLCL20,2020,WSDM,inproceedings,Context-aware Deep Model for Joint Mobility and Time Prediction.,Yile Chen 0001|Cheng Long 0001|Gao Cong|Chenliang Li
conf/wsdm/NourbakhshGP20,2020,WSDM,inproceedings,SPread: Automated Financial Metric Extraction and Spreading Tool from Earnings Reports.,Armineh Nourbakhsh|Mohammad M. Ghassemi|Steven Pomerville
conf/wsdm/GaoW0022,2022,WSDM,inproceedings,Graph Neural Networks for Recommender System.,Chen Gao 0001|Xiang Wang 0010|Xiangnan He 0001|Yong Li 0008
conf/wsdm/SteckDRJ20,2020,WSDM,inproceedings,ADMM SLIM: Sparse Recommendations for Many Users.,Harald Steck|Maria Dimakopoulou|Nickolai Riabov|Tony Jebara
conf/wsdm/JuHHH19,2019,WSDM,inproceedings,"A Sequential Test for Selecting the Better Variant: Online A/B testing, Adaptive Allocation, and Continuous Monitoring.",Nianqiao Ju|Diane Hu|Adam Henderson|Liangjie Hong
conf/wsdm/GaoRZZYY19,2019,WSDM,inproceedings,Product-Aware Answer Generation in E-Commerce Question-Answering.,Shen Gao|Zhaochun Ren|Yihong Eric Zhao|Dongyan Zhao 0001|Dawei Yin 0001|Rui Yan 0001
conf/wsdm/LinGW19,2019,WSDM,inproceedings,Learning Personalized Topical Compositions with Item Response Theory.,Lu Lin 0001|Lin Gong|Hongning Wang
conf/wsdm/Guo0W24,2024,WSDM,inproceedings,GEMRec: Towards Generative Model Recommendation.,Yuanhe Guo|Haoming Liu 0003|Hongyi Wen
conf/wsdm/YooLSK22,2022,WSDM,inproceedings,Directed Network Embedding with Virtual Negative Edges.,Hyunsik Yoo|Yeon-Chang Lee|Kijung Shin|Sang-Wook Kim
conf/wsdm/CalikusFNS19,2019,IDM@WSDM,inproceedings,Interactive-COSMO: Consensus Self-Organized Models for Fault Detection with Expert Feedback.,Ece Calikus|Yuantao Fan|Slawomir Nowaczyk|Anita Pinheiro Sant'Anna
conf/wsdm/BhowmickMDGM20,2020,WSDM,inproceedings,LouvainNE: Hierarchical Louvain Method for High Quality and Scalable Network Embedding.,Ayan Kumar Bhowmick|Koushik Meneni|Maximilien Danisch|Jean-Loup Guillaume|Bivas Mitra
conf/wsdm/BahriTZBMT21,2021,WSDM,inproceedings,Generative Models are Unsupervised Predictors of Page Quality: A Colossal-Scale Study.,Dara Bahri|Yi Tay|Che Zheng|Cliff Brunk|Donald Metzler|Andrew Tomkins
conf/wsdm/0006RA21,2021,WSDM,inproceedings,"Explain and Predict, and then Predict Again.",Zijian Zhang 0006|Koustav Rudra|Avishek Anand
conf/wsdm/WangWH24,2024,WSDM,inproceedings,FairIF: Boosting Fairness in Deep Learning via Influence Functions with Validation Set Sensitive Attributes.,Haonan Wang|Ziwei Wu|Jingrui He
conf/wsdm/CaoLGLL021,2021,WSDM,inproceedings,Bipartite Graph Embedding via Mutual Information Maximization.,Jiangxia Cao|Xixun Lin|Shu Guo|Luchen Liu|Tingwen Liu|Bin Wang 0004
conf/wsdm/SunLCWBZ24,2024,WSDM,inproceedings,Rethinking and Simplifying Bootstrapped Graph Latents.,Wangbin Sun|Jintang Li|Liang Chen 0001|Bingzhe Wu|Yatao Bian|Zibin Zheng
conf/wsdm/TianWPWX21,2021,WSDM,inproceedings,I2PS: An Online Item Intelligent Publishing System in Consumer to Consumer (C2C) Transaction Platform.,Lei Tian|Nanyang Wang|Pan Pan|Bin Wang|Yinghui Xu
conf/wsdm/HuangOR22,2022,WSDM,inproceedings,It Is Different When Items Are Older: Debiasing Recommendations When Selection Bias and User Preferences Are Dynamic.,Jin Huang 0010|Harrie Oosterhuis|Maarten de Rijke
conf/wsdm/DingLCL22,2022,WSDM,inproceedings,Graph Minimally-supervised Learning.,Kaize Ding|Jundong Li|Nitesh V. Chawla|Huan Liu 0001
conf/wsdm/Alonso024,2024,WSDM,inproceedings,"Some Useful Things to Know When Combining IR and NLP: The Easy, the Hard and the Ugly.",Omar Alonso|Kenneth Church 0001
conf/wsdm/WangF0NC21,2021,WSDM,inproceedings,Denoising Implicit Feedback for Recommendation.,Wenjie Wang 0007|Fuli Feng|Xiangnan He 0001|Liqiang Nie|Tat-Seng Chua
conf/wsdm/XuDZ22,2022,WSDM,inproceedings,Identifying Cost-effective Debunkers for Multi-stage Fake News Mitigation Campaigns.,Xiaofei Xu|Ke Deng|Xiuzhen Zhang 0001
conf/wsdm/GrbovicN18,2018,WSDM,inproceedings,"Workshop on Two-sided Marketplace Optimization: Search, Pricing, Matching & Growth.",Mihajlo Grbovic|Thanasis Noulas
conf/wsdm/SakotaP024,2024,WSDM,inproceedings,Fly-Swat or Cannon? Cost-Effective Language Model Choice via Meta-Modeling.,Marija Sakota|Maxime Peyrard|Robert West 0001
conf/wsdm/Abbasiantaeb0KA24,2024,WSDM,inproceedings,Let the LLMs Talk: Simulating Human-to-Human Conversational QA via Zero-Shot LLM-to-LLM Interactions.,Zahra Abbasiantaeb|Yifei Yuan 0002|Evangelos Kanoulas|Mohammad Aliannejadi
conf/wsdm/WenYTPS18,2018,WSDM,inproceedings,Customer Purchase Behavior Prediction from Payment Datasets.,Yu Ting Wen|Pei-Wen Yeh|Tzu-Hao Tsai|Wen-Chih Peng|Hong-Han Shuai
conf/wsdm/JagermanMR19,2019,WSDM,inproceedings,When People Change their Mind: Off-Policy Evaluation in Non-stationary Recommendation Environments.,Rolf Jagerman|Ilya Markov|Maarten de Rijke
conf/wsdm/Prado-RomeroPS23,2023,WSDM,inproceedings,Developing and Evaluating Graph Counterfactual Explanation with GRETEL.,Mario Alfonso Prado-Romero|Bardh Prenkaj|Giovanni Stilo
conf/wsdm/PibiriPM19,2019,WSDM,inproceedings,Fast Dictionary-Based Compression for Inverted Indexes.,Giulio Ermanno Pibiri|Matthias Petri|Alistair Moffat
conf/wsdm/YuL18,2018,WSDM,inproceedings,Review-Aware Answer Prediction for Product-Related Questions Incorporating Aspects.,Qian Yu|Wai Lam
conf/wsdm/MengKZM20,2020,WSDM,inproceedings,Separate and Attend in Personal Email Search.,Yu Meng 0001|Maryam Karimzadehgan|Honglei Zhuang|Donald Metzler
conf/wsdm/ChenGJH23,2023,WSDM,inproceedings,Relation Preference Oriented High-order Sampling for Recommendation.,Mukun Chen|Xiuwen Gong|YH Jin|Wenbin Hu 0001
conf/wsdm/GallagherCBC19,2019,WSDM,inproceedings,Joint Optimization of Cascade Ranking Models.,Luke Gallagher|Ruey-Cheng Chen|Roi Blanco|J. Shane Culpepper
conf/wsdm/GuZCLPQ19,2019,WSDM,inproceedings,Relevance Search over Schema-Rich Knowledge Graphs.,Yu Gu 0016|Tianshuo Zhou|Gong Cheng 0001|Ziyang Li 0005|Jeff Z. Pan|Yuzhong Qu
conf/wsdm/UstalovSBL23,2023,WSDM,inproceedings,4th Crowd Science Workshop - CANDLE: Collaboration of Humans and Learning Algorithms for Data Labeling.,Dmitry Ustalov|Saiph Savage|Niels van Berkel|Yang Liu 0018
conf/wsdm/DessiKMPS21a,2021,L2D@WSDM,inproceedings,Designing Intelligent Systems for Online Education: Open Challenges and Future Directions.,Danilo Dess|Tanja K|Mirko Marras|Elvira Popescu|Harald Sack
conf/wsdm/WangCDXG023,2023,WSDM,inproceedings,Effective Graph Kernels for Evolving Functional Brain Networks.,Xinlei Wang|Jinyi Chen|Bing Tian Dai|Junchang Xin|Yu Gu 0002|Ge Yu 0001
conf/wsdm/HopeS18,2018,WSDM,inproceedings,Ballpark Crowdsourcing: The Wisdom of Rough Group Comparisons.,Tom Hope|Dafna Shahaf
conf/wsdm/ISVGV24,2024,WSDM,inproceedings,Mitigating Factual Inconsistency and Hallucination in Large Language Models.,Muneeswaran I|Advaith Shankar|Varun V|Saisubramaniam Gopalakrishnan|Vishal Vaddina
conf/wsdm/WangZF22,2022,WSDM,inproceedings,Scalable Graph Topology Learning via Spectral Densification.,Yongyu Wang|Zhiqiang Zhao|Zhuo Feng
conf/wsdm/OvaisiHLZZX22,2022,WSDM,inproceedings,RGRecSys: A Toolkit for Robustness Evaluation of Recommender Systems.,Zohreh Ovaisi|Shelby Heinecke|Jia Li 0015|Yongfeng Zhang 0003|Elena Zheleva|Caiming Xiong
conf/wsdm/XiaLWL21,2021,WSDM,inproceedings,DeepIS: Susceptibility Estimation on Social Networks.,Wenwen Xia|Yuchen Li 0001|Jun Wu 0001|Shenghong Li 0001
conf/wsdm/WuWYLHX19,2019,WSDM,inproceedings,MSA: Jointly Detecting Drug Name and Adverse Drug Reaction Mentioning Tweets with Multi-Head Self-Attention.,Chuhan Wu|Fangzhao Wu|Zhigang Yuan|Junxin Liu|Yongfeng Huang 0001|Xing Xie 0001
conf/wsdm/DengZKZZC20,2020,WSDM,inproceedings,Meta-Learning with Dynamic-Memory-Based Prototypical Network for Few-Shot Event Detection.,Shumin Deng|Ningyu Zhang 0001|Jiaojian Kang|Yichi Zhang 0010|Wei Zhang 0127|Huajun Chen
conf/wsdm/LiuW0YLZ24,2024,WSDM,inproceedings,Capturing Temporal Node Evolution via Self-supervised Learning: A New Perspective on Dynamic Graph Learning.,Lingwen Liu|Guangqi Wen|Peng Cao 0001|Jinzhu Yang|Weiping Li 0002|Osmar R. Za
conf/wsdm/WuL18,2018,WSDM,inproceedings,Tracing Fake-News Footprints: Characterizing Social Media Messages by How They Propagate.,Liang Wu 0006|Huan Liu 0001
conf/wsdm/TrienesTSH20,2020,HSDM@WSDM,inproceedings,"Comparing Rule-based, Feature-based and Deep Neural Methods for De-identification of Dutch Medical Records.",Jan Trienes|Dolf Trieschnigg|Christin Seifert|Djoerd Hiemstra
conf/wsdm/PopescuGP21,2021,L2D@WSDM,inproceedings,Test Students' Attention in Class using a Mobile Application.,Doru Anastasiu Popescu|Cosmin Iulian Gosoiu|Ion Alexandru Popescu
conf/wsdm/Pujara018,2018,WSDM,inproceedings,Mining Knowledge Graphs From Text.,Jay Pujara|Sameer Singh 0001
conf/wsdm/SarrafzadehALLS19,2019,WSDM,inproceedings,Characterizing and Predicting Email Deferral Behavior.,Bahareh Sarrafzadeh|Ahmed Hassan Awadallah|Christopher H. Lin|Chia-Jung Lee|Milad Shokouhi|Susan T. Dumais
conf/wsdm/LuoL00022,2022,WSDM,inproceedings,Ada-GNN: Adapting to Local Patterns for Improving Graph Neural Networks.,Zihan Luo 0001|Jianxun Lian|Hong Huang 0001|Hai Jin 0001|Xing Xie 0001
conf/wsdm/YueWHZMW24,2024,WSDM,inproceedings,Linear Recurrent Units for Sequential Recommendation.,Zhenrui Yue|Yueqi Wang|Zhankui He|Huimin Zeng 0001|Julian J. McAuley|Dong Wang 0002
conf/wsdm/SchneebeliKK21,2021,WSDM,inproceedings,A Practical Federated Learning Framework for Small Number of Stakeholders.,Christian Schneebeli|Saikishore Kalloori|Severin Klingler
conf/wsdm/YangMZGZ023,2023,WSDM,inproceedings,Interpretable Research Interest Shift Detection with Temporal Heterogeneous Graphs.,Qiang Yang 0015|Changsheng Ma|Qiannan Zhang|Xin Gao 0001|Chuxu Zhang|Xiangliang Zhang 0001
conf/wsdm/NikolakopoulosK19,2019,WSDM,inproceedings,RecWalk: Nearly Uncoupled Random Walks for Top-N Recommendation.,Athanasios N. Nikolakopoulos|George Karypis
conf/wsdm/0006GL21,2021,WSDM,inproceedings,Toward User Engagement Optimization in 2D Presentation.,Liang Wu 0006|Mihajlo Grbovic|Jundong Li
conf/wsdm/FazelniaS0CL22,2022,WSDM,inproceedings,Variational User Modeling with Slow and Fast Features.,Ghazal Fazelnia|Eric Simon|Ian Anderson 0003|Benjamin A. Carterette|Mounia Lalmas
conf/wsdm/KarimiT20,2020,WSDM,inproceedings,Decision Boundary of Deep Neural Networks: Challenges and Opportunities.,Hamid Karimi|Jiliang Tang
conf/wsdm/BeheshtiHYMG020,2020,WSDM,inproceedings,personality2vec: Enabling the Analysis of Behavioral Disorders in Social Networks.,Amin Beheshti|Vahid Moraveji Hashemi|Shahpar Yakhchi|Hamid Reza Motahari-Nezhad|Seyed Mohssen Ghafari|Jian Yang 0001
conf/wsdm/ShenbinATMN20,2020,WSDM,inproceedings,RecVAE: A New Variational Autoencoder for Top-N Recommendations with Implicit Feedback.,Ilya Shenbin|Anton Alekseev 0001|Elena Tutubalina|Valentin Malykh|Sergey I. Nikolenko
conf/wsdm/SinhaVS18,2018,WSDM,inproceedings,Modeling Time to Open of Emails with a Latent State for User Engagement Level.,Moumita Sinha|Vishwa Vinay|Harvineet Singh
conf/wsdm/NaseemKKD23,2023,WSDM,inproceedings,A Multimodal Framework for the Identification of Vaccine Critical Memes on Twitter.,Usman Naseem|Jinman Kim|Matloob Khushi|Adam G. Dunn
conf/wsdm/KumarHMKFS18,2018,WSDM,inproceedings,REV2: Fraudulent User Prediction in Rating Platforms.,Srijan Kumar|Bryan Hooi|Disha Makhija|Mohit Kumar 0008|Christos Faloutsos|V. S. Subrahmanian
conf/wsdm/KoyejoL24,2024,WSDM,inproceedings,Towards Trustworthy Large Language Models.,Sanmi Koyejo|Bo Li 0026
conf/wsdm/WuRXL018,2018,WSDM,inproceedings,Indirect Supervision for Relation Extraction using Question-Answer Pairs.,Zeqiu Wu|Xiang Ren 0001|Frank F. Xu|Ji Li|Jiawei Han 0001
conf/wsdm/HanifBZWBF24,2024,WSDM,inproceedings,EvidenceQuest: An Interactive Evidence Discovery System for Explainable Artificial Intelligence.,Ambreen Hanif|Amin Beheshti|Xuyun Zhang|Steven Wood|Boualem Benatallah|EuJin Foo
conf/wsdm/TanDG022,2022,WSDM,inproceedings,Graph Few-shot Class-incremental Learning.,Zhen Tan 0001|Kaize Ding|Ruocheng Guo|Huan Liu 0001
conf/wsdm/LiK18,2018,WSDM,inproceedings,Bayesian Optimization for Optimizing Retrieval Systems.,Dan Li 0015|Evangelos Kanoulas
conf/wsdm/ZhaoDSW22,2022,WSDM,inproceedings,Towards Fair Classifiers Without Sensitive Attributes: Exploring Biases in Related Features.,Tianxiang Zhao 0001|Enyan Dai|Kai Shu|Suhang Wang
conf/wsdm/TigunovaMYW21,2021,WSDM,inproceedings,Exploring Personal Knowledge Extraction from Conversations with CHARM.,Anna Tigunova|Paramita Mirza|Andrew Yates|Gerhard Weikum
conf/wsdm/Chen0S0ZZ22,2022,WSDM,inproceedings,Graph Collaborative Reasoning.,Hanxiong Chen|Yunqi Li 0003|Shaoyun Shi|Shuchang Liu 0001|He Zhu 0001|Yongfeng Zhang 0003
conf/wsdm/MoffatP18,2018,WSDM,inproceedings,Index Compression Using Byte-Aligned ANS Coding and Two-Dimensional Contexts.,Alistair Moffat|Matthias Petri
conf/wsdm/SchedlGL23,2023,WSDM,inproceedings,Trustworthy Algorithmic Ranking Systems.,Markus Schedl|Emilia G|Elisabeth Lex
conf/wsdm/YuW0LQS19,2019,WSDM,inproceedings,NAIRS: A Neural Attentive Interpretable Recommendation System.,Shuai Yu 0002|Yongbo Wang|Min Yang 0007|Baocheng Li|Qiang Qu 0001|Jialie Shen 0001
conf/wsdm/ZhouLCWW20,2020,WSDM,inproceedings,GREASE: A Generative Model for Relevance Search over Knowledge Graphs.,Tianshuo Zhou|Ziyang Li 0005|Gong Cheng 0001|Jun Wang 0012|Yuang Wei
conf/wsdm/TangZ23,2023,WSDM,inproceedings,Range Restricted Route Recommendation Based on Spatial Keyword.,Hongwei Tang|Detian Zhang
conf/wsdm/LiuZZ024,2024,WSDM,inproceedings,Attribute Simulation for Item Embedding Enhancement in Multi-interest Recommendation.,Yaokun Liu|Xiaowang Zhang|Minghui Zou|Zhiyong Feng 0002
conf/wsdm/FabrisSSB23,2023,WSDM,inproceedings,Pairwise Fairness in Ranking as a Dissatisfaction Measure.,Alessandro Fabris|Gianmaria Silvello|Gian Antonio Susto|Asia J. Biega
conf/wsdm/RossiAKKRA20,2020,WSDM,inproceedings,A Structural Graph Representation Learning Framework.,Ryan A. Rossi|Nesreen K. Ahmed|Eunyee Koh|Sungchul Kim|Anup Rao 0002|Yasin Abbasi-Yadkori
conf/wsdm/XuYXG0W21,2021,WSDM,inproceedings,Adapting User Preference to Online Feedback in Multi-round Conversational Recommendation.,Kerui Xu|Jingxuan Yang|Jun Xu 0001|Sheng Gao 0001|Jun Guo 0002|Ji-Rong Wen
conf/wsdm/OhsakaM22,2022,WSDM,inproceedings,Reconfiguration Problems on Submodular Functions.,Naoto Ohsaka|Tatsuya Matsuoka
conf/wsdm/DietheF20,2020,PrivateNLP@WSDM,inproceedings,Preserving Privacy in Analyses of Textual Data.,Tom Diethe|Oluwaseyi Feyisetan
conf/wsdm/YangZ18,2018,WSDM,inproceedings,Differential Privacy for Information Retrieval.,Grace Hui Yang|Sicong Zhang
conf/wsdm/FriggstadGKSST18,2018,WSDM,inproceedings,Orienteering Algorithms for Generating Travel Itineraries.,Zachary Friggstad|Sreenivas Gollapudi|Kostas Kollias|Tam|Chaitanya Swamy|Andrew Tomkins
conf/wsdm/KrishnanSS0O21,2021,L2D@WSDM,inproceedings,Incorporating Wide Context Information for Deep Knowledge Tracing using Attentional Bi-interaction.,Raghava Krishnan|Janmajay Singh|Masahiro Sato|Qian Zhang 0061|Tomoko Ohkuma
conf/wsdm/Derr0DZA24,2024,WSDM,inproceedings,The 5th International Workshop on Machine Learning on Graphs (MLoG).,Tyler Derr|Yao Ma 0001|Kaize Ding|Tong Zhao 0003|Nesreen K. Ahmed
conf/wsdm/RanganathBL18,2018,WSDM,inproceedings,Leveraging Implicit Contribution Amounts to Facilitate Microfinancing Requests.,Suhas Ranganath|Ghazaleh Beigi|Huan Liu 0001
conf/wsdm/SajadmaneshG24,2024,WSDM,inproceedings,ProGAP: Progressive Graph Neural Networks with Differential Privacy Guarantees.,Sina Sajadmanesh|Daniel Gatica-Perez
conf/wsdm/MaGCZL21,2021,WSDM,inproceedings,Deconfounding with Networked Observational Data in a Dynamic Environment.,Jing Ma 0002|Ruocheng Guo|Chen Chen 0022|Aidong Zhang 0001|Jundong Li
conf/wsdm/VorwerkD21,2021,WebTour@WSDM,inproceedings,An Interactive Dashboard for Traveler Mobility Analysis.,Lukas Vorwerk|Linus W. Dietz
conf/wsdm/HolstBKB19,2019,IDM@WSDM,inproceedings,Interactive Clustering for Exploring Multiple Data Streams at Different Time Scales and Granularity.,Anders Holst|Juhee Bae|Alexander Karlsson 0001|Mohamed-Rafik Bouguelia
conf/wsdm/FeyisetanGT20,2020,WSDM,inproceedings,Workshop on Privacy in NLP (PrivateNLP 2020).,Oluwaseyi Feyisetan|Sepideh Ghanavati|Patricia Thaine
conf/wsdm/VedulaCAR23,2023,WSDM,inproceedings,Generating Explainable Product Comparisons for Online Shopping.,Nikhita Vedula|Marcus D. Collins|Eugene Agichtein|Oleg Rokhlenko
conf/wsdm/WangJRTY18,2018,WSDM,inproceedings,A Path-constrained Framework for Discriminating Substitutable and Complementary Products in E-commerce.,Zihan Wang 0002|Ziheng Jiang|Zhaochun Ren|Jiliang Tang|Dawei Yin 0001
conf/wsdm/SachdevaMRP19,2019,WSDM,inproceedings,Sequential Variational Autoencoders for Collaborative Filtering.,Noveen Sachdeva|Giuseppe Manco 0001|Ettore Ritacco|Vikram Pudi
conf/wsdm/XuanL0Y23,2023,WSDM,inproceedings,Knowledge Enhancement for Contrastive Multi-Behavior Recommendation.,Hongrui Xuan|Yi Liu 0071|Bohan Li 0001|Hongzhi Yin
conf/wsdm/LevyR23,2023,WSDM,inproceedings,DisKeyword: Tweet Corpora Exploration for Keyword Selection.,Sacha L|Reihaneh Rabbany
conf/wsdm/QiuWJZ20,2020,WSDM,inproceedings,Stepwise Reasoning for Multi-Relation Question Answering over Knowledge Graph with Weak Supervision.,Yunqi Qiu|Yuanzhuo Wang|Xiaolong Jin 0001|Kun Zhang 0041
conf/wsdm/ZhouZSL19,2019,WSDM,inproceedings,"Fake News: Fundamental Theories, Detection Strategies and Challenges.",Xinyi Zhou 0001|Reza Zafarani|Kai Shu|Huan Liu 0001
conf/wsdm/PetrovM24,2024,WSDM,inproceedings,RecJPQ: Training Large-Catalogue Sequential Recommenders.,Aleksandr V. Petrov|Craig Macdonald
conf/wsdm/DehghaniAKR19,2019,WSDM,inproceedings,"Learning to Transform, Combine, and Reason in Open-Domain Question Answering.",Mostafa Dehghani 0001|Hosein Azarbonyad|Jaap Kamps|Maarten de Rijke
conf/wsdm/ChenW21,2021,WSDM,inproceedings,An Efficient and Effective Framework for Session-based Social Recommendation.,Tianwen Chen|Raymond Chi-Wing Wong
conf/wsdm/FeyisetanDD20,2020,PrivateNLP@WSDM,inproceedings,Hyperbolic Embeddings for Preserving Privacy and Utility in Text.,Oluwaseyi Feyisetan|Tom Diethe|Thomas Drake
conf/wsdm/ZhuC22,2022,WSDM,inproceedings,Fighting Mainstream Bias in Recommender Systems via Local Fine Tuning.,Ziwei Zhu 0001|James Caverlee
conf/wsdm/DattaGGM22,2022,WSDM,inproceedings,Deep-QPP: A Pairwise Interaction-based Deep Learning Model for Supervised Query Performance Prediction.,Suchana Datta|Debasis Ganguly|Derek Greene|Mandar Mitra
conf/wsdm/DeffayetTRR23,2023,WSDM,inproceedings,Generative Slate Recommendation with Reinforcement Learning.,Romain Deffayet|Thibaut Thonet|Jean-Michel Renders|Maarten de Rijke
conf/wsdm/0001WZH24,2024,WSDM,inproceedings,TTC-QuAli: A Text-Table-Chart Dataset for Multimodal Quantity Alignment.,Haoyu Dong 0001|Haochen Wang|Anda Zhou|Yue Hu 0002
conf/wsdm/0001S22,2022,WSDM,inproceedings,How Do You Test a Test?: A Multifaceted Examination of Significance Tests.,Nicola Ferro 0001|Mark Sanderson
conf/wsdm/00440MC022,2022,WSDM,inproceedings,MotifClass: Weakly Supervised Text Classification with Higher-order Metadata Information.,Yu Zhang 0044|Shweta Garg 0004|Yu Meng 0001|Xiusi Chen|Jiawei Han 0001
conf/wsdm/DengSZ0023,2023,WSDM,inproceedings,S2TUL: A Semi-Supervised Framework for Trajectory-User Linking.,Liwei Deng 0001|Hao Sun 0015|Yan Zhao 0008|Shuncheng Liu 0001|Kai Zheng 0001
conf/wsdm/ZhouZZWJ022,2022,WSDM,inproceedings,C²-CRS: Coarse-to-Fine Contrastive Learning for Conversational Recommender System.,Yuanhang Zhou|Kun Zhou 0002|Wayne Xin Zhao|Cheng Wang|Peng Jiang|He Hu 0001
conf/wsdm/HeZLC20,2020,WSDM,inproceedings,Consistency-Aware Recommendation for User-Generated Item List Continuation.,Yun He 0001|Yin Zhang 0011|Weiwen Liu|James Caverlee
conf/wsdm/MaoWXLW20,2020,WSDM,inproceedings,MRAEA: An Efficient and Robust Entity Alignment Approach for Cross-lingual Knowledge Graph.,Xin Mao|Wenting Wang|Huimin Xu|Man Lan|Yuanbin Wu
conf/wsdm/ParaparR21,2021,WSDM,inproceedings,Diverse User Preference Elicitation with Multi-Armed Bandits.,Javier Parapar|Filip Radlinski
conf/wsdm/Katsogiannis-Meimarakis23,2023,WSDM,inproceedings,Data Democratisation with Deep Learning: The Anatomy of a Natural Language Data Interface.,George Katsogiannis-Meimarakis|Mike Xydas|Georgia Koutrika
conf/wsdm/BautistaBBS24,2024,WSDM,inproceedings,MAD: Multi-Scale Anomaly Detection in Link Streams.,Esteban Bautista|Laurent Brisson|C|Gr
conf/wsdm/LiT18,2018,WSDM,inproceedings,"Network Science of Teams: Characterization, Prediction, and Optimization.",Liangyue Li|Hanghang Tong
conf/wsdm/DessiKMPS21,2021,WSDM,inproceedings,L2D 2021: First International Workshop on Enabling Data-Driven Decisions from Learning on the Web.,Danilo Dess|Tanja K|Mirko Marras|Elvira Popescu|Harald Sack
conf/wsdm/YanBZLL24,2024,WSDM,inproceedings,Towards Alignment-Uniformity Aware Representation in Graph Contrastive Learning.,Rong Yan|Peng Bao|Xiao Zhang|Zhongyi Liu 0002|Hui Liu
conf/wsdm/NguyenTPN22,2022,WSDM,inproceedings,Node Co-occurrence based Graph Neural Networks for Knowledge Graph Link Prediction.,Dai Quoc Nguyen|Vinh Tong|Dinh Q. Phung|Dat Quoc Nguyen
conf/wsdm/ZhouSZH18,2018,WSDM,inproceedings,Predicting Multi-step Citywide Passenger Demands Using Attention-based Neural Networks.,Xian Zhou 0003|Yanyan Shen|Yanmin Zhu 0006|Linpeng Huang
conf/wsdm/WangDZZC20,2020,WSDM,inproceedings,Key Opinion Leaders in Recommendation Systems: Opinion Elicitation and Diffusion.,Jianling Wang|Kaize Ding|Ziwei Zhu 0001|Yin Zhang 0011|James Caverlee
conf/wsdm/Lin0HKDW24,2024,WSDM,inproceedings,Pre-trained Recommender Systems: A Causal Debiasing Perspective.,Ziqian Lin|Hao Ding 0003|Trong Nghia Hoang|Branislav Kveton|Anoop Deoras|Hao Wang 0014
conf/wsdm/WangNWYL20,2020,WSDM,inproceedings,Deep Learning for Anomaly Detection.,Ruoying Wang|Kexin Nie|Tie Wang|Yang Yang 0095|Bo Long
conf/wsdm/DaiJLW22,2022,WSDM,inproceedings,Towards Robust Graph Neural Networks for Noisy Graphs with Sparse Labels.,Enyan Dai|Wei Jin 0009|Hui Liu 0031|Suhang Wang
conf/wsdm/XuRKKA21,2021,WSDM,inproceedings,Theoretical Understandings of Product Embedding for E-commerce Machine Learning.,Da Xu|Chuanwei Ruan|Evren K|Sushant Kumar|Kannan Achan
conf/wsdm/GhoshRW23,2023,WSDM,inproceedings,CoQEx: Entity Counts Explained.,Shrestha Ghosh|Simon Razniewski|Gerhard Weikum
conf/wsdm/GoldenbergKLMKN21,2021,WebTour@WSDM,inproceedings,Booking.com WSDM WebTour 2021 Challenge.,Dmitri Goldenberg|Kostia Kofman|Pavel Levin|Sarai Mizrachi|Maayan Kafry|Guy Nadav
conf/wsdm/LiL0RCR21,2021,WSDM,inproceedings,Abstractive Opinion Tagging.,Qintong Li|Piji Li|Xinyi Li 0001|Zhaochun Ren|Zhumin Chen|Maarten de Rijke
conf/wsdm/HeL0ZW21,2021,WSDM,inproceedings,Improving Multi-hop Knowledge Base Question Answering by Learning Intermediate Supervision Signals.,Gaole He|Yunshi Lan|Jing Jiang 0001|Wayne Xin Zhao|Ji-Rong Wen
conf/wsdm/HaridasK20,2020,HSDM@WSDM,inproceedings,Clustering Large-scale Diverse Electronic Medical Records to Aid Annotation for Generic Named Entity Recognition.,Nithin Haridas|Yubin Kim 0001
conf/wsdm/SuY0Z23,2023,WSDM,inproceedings,Mining User-aware Multi-relations for Fake News Detection in Large Scale Online Social Networks.,Xing Su 0006|Jian Yang 0001|Jia Wu 0001|Yuchen Zhang
conf/wsdm/DeshpandeMDS21,2021,WSDM,inproceedings,Long Horizon Forecasting with Temporal Point Processes.,Prathamesh Deshpande|Kamlesh Marathe|Abir De|Sunita Sarawagi
conf/wsdm/RezvaniWL18,2018,WSDM,inproceedings,FACH: Fast Algorithm for Detecting Cohesive Hierarchies of Communities in Large Networks.,Mojtaba Rezvani|Qing Wang 0002|Weifa Liang
conf/wsdm/0001ZM22,2022,WSDM,inproceedings,Fast Learning of MNL Model from General Partial Rankings with Application to Network Formation Modeling.,Jiaqi Ma 0001|Xingjian Zhang 0002|Qiaozhu Mei
conf/wsdm/Zarate-CartasM24,2024,WSDM,inproceedings,Automatic Extraction of Patterns in Digital News Articles of Femicides occurred in Mexico by Text Mining Techniques.,Jonathan Z|Alejandro Molina-Villegas
conf/wsdm/WangZZLY21,2021,WSDM,inproceedings,Modeling Inter-station Relationships with Attentive Temporal Graph Convolutional Network for Air Quality Prediction.,Chunyang Wang 0001|Yanmin Zhu 0006|Tianzi Zang|Haobing Liu 0001|Jiadi Yu
conf/wsdm/Escobar-Turriza24,2024,WSDM,inproceedings,Genomic-World Fungi Data: Synteny Part.,Pedro Escobar-Turriza|Luis Mu|Alejandro Pereira-Santana
conf/wsdm/QiuDMLWT18,2018,WSDM,inproceedings,"Network Embedding as Matrix Factorization: Unifying DeepWalk, LINE, PTE, and node2vec.",Jiezhong Qiu|Yuxiao Dong|Hao Ma 0001|Jian Li 0015|Kuansan Wang|Jie Tang 0001
conf/wsdm/GabertPC21,2021,WSDM,inproceedings,A Unifying Framework to Identify Dense Subgraphs on Streams: Graph Nuclei to Hypergraph Cores.,Kasimir Gabert|Ali Pinar
conf/wsdm/SuHLZM18,2018,WSDM,inproceedings,"User Intent, Behaviour, and Perceived Satisfaction in Product Search.",Ning Su|Jiyin He|Yiqun Liu 0001|Min Zhang 0006|Shaoping Ma
conf/wsdm/YangWDW21,2021,WSDM,inproceedings,Explanation as a Defense of Recommendation.,Aobo Yang|Nan Wang|Hongbo Deng|Hongning Wang
conf/wsdm/WangZKH24,2024,WSDM,inproceedings,Cost-Effective Active Learning for Bid Exploration in Online Advertising.,Zixiao Wang 0007|Zhenzhe Zheng 0001|Yanrong Kang|Jiani Huang
conf/wsdm/ZhangJBM19,2019,WSDM,inproceedings,,Yating Zhang|Adam Jatowt|Sourav S. Bhowmick|Yuji Matsumoto 0001
conf/wsdm/0004W0Y24,2024,WSDM,inproceedings,DeSCo: Towards Generalizable and Scalable Deep Subgraph Counting.,Tianyu Fu 0004|Chiyue Wei|Yu Wang 0002|Rex Ying
conf/wsdm/RoyD21,2021,WebTour@WSDM,inproceedings,TripRec - A Recommender System for Planning Composite City Trips Based on Travel Mobility Analysis.,Rinita Roy|Linus W. Dietz
conf/wsdm/ChenHXWXL23,2023,WSDM,inproceedings,Heterogeneous Graph Contrastive Learning for Recommendation.,Mengru Chen|Chao Huang 0001|Lianghao Xia|Wei Wei 0027|Yong Xu 0007|Ronghua Luo
conf/wsdm/0001LP023,2023,WSDM,inproceedings,A Tutorial on Domain Generalization.,Jindong Wang 0001|Haoliang Li|Sinno Jialin Pan|Xing Xie 0001
conf/wsdm/LuoDWBYX24,2024,WSDM,inproceedings,An Interpretable Brain Graph Contrastive Learning Framework for Brain Disorder Analysis.,Xuexiong Luo|Guangwei Dong|Jia Wu 0001|Amin Beheshti|Jian Yang 0001|Shan Xue 0001
conf/wsdm/DengD0W24,2024,WSDM,inproceedings,CL4DIV: A Contrastive Learning Framework for Search Result Diversification.,Zhirui Deng|Zhicheng Dou|Yutao Zhu 0001|Ji-Rong Wen
conf/wsdm/Montazeralghaem22,2022,WSDM,inproceedings,Learning Relevant Questions for Conversational Product Search using Deep Reinforcement Learning.,Ali Montazeralghaem|James Allan 0001
conf/wsdm/BhargavSK22,2022,WSDM,inproceedings,'It's on the tip of my tongue': A new Dataset for Known-Item Retrieval.,Samarth Bhargav 0001|Georgios Sidiropoulos|Evangelos Kanoulas
conf/wsdm/ChienS24,2024,WSDM,inproceedings,Customized and Robust Deep Neural Network Watermarking.,Tzu-Yun Chien|Chih-Ya Shen
conf/wsdm/XuMMSK21,2021,WSDM,inproceedings,Split-Treatment Analysis to Rank Heterogeneous Causal Effects for Prospective Interventions.,Yanbo Xu|Divyat Mahajan|Liz Manrao|Amit Sharma 0007|Emre Kiciman
conf/wsdm/MalhotraWSA022,2022,WSDM,inproceedings,Speaker and Time-aware Joint Contextual Learning for Dialogue-act Classification in Counselling Conversations.,Ganeshan Malhotra|Abdul Waheed|Aseem Srivastava|Md. Shad Akhtar|Tanmoy Chakraborty 0002
conf/wsdm/WangZS22,2022,WSDM,inproceedings,Profiling the Design Space for Graph Neural Networks based Collaborative Filtering.,Zhenyi Wang|Huan Zhao 0002|Chuan Shi 0001
conf/wsdm/KashinskayaSA19,2019,WSDM,inproceedings,Spring-Electrical Models For Link Prediction.,Yana Kashinskaya|Egor Samosvat|Akmal Artikov
conf/wsdm/YuanYWZHW23,2023,WSDM,inproceedings,Federated Unlearning for On-Device Recommendation.,Wei Yuan 0003|Hongzhi Yin|Fangzhao Wu|Shijie Zhang|Tieke He|Hao Wang 0005
conf/wsdm/ShuangP24,2024,WSDM,inproceedings,Using Causal Inference to Solve Uncertainty Issues in Dataset Shift.,Song Shuang|Muhammad Syafiq Bin Mohd Pozi
conf/wsdm/TangLHWS22,2022,WSDM,inproceedings,Friend Story Ranking with Edge-Contextual Local Graph Convolutions.,Xianfeng Tang|Yozen Liu|Xinran He|Suhang Wang|Neil Shah
conf/wsdm/DizajiYH18,2018,WSDM,inproceedings,Joint Generative-Discriminative Aggregation Model for Multi-Option Crowd Labels.,Kamran Ghasedi Dizaji|Yanhua Yang|Heng Huang 0001
conf/wsdm/00010L23,2023,WSDM,inproceedings,Recent Advances on Deep Learning based Knowledge Tracing.,Zitao Liu 0001|Jiahao Chen 0006|Weiqi Luo 0002
conf/wsdm/ShinKLBX19,2019,WSDM,inproceedings,Visualizing Graph Differences from Social Media Streams.,Minjeong Shin|Dongwoo Kim 0002|Jae Hee Lee 0003|Umanga Bista|Lexing Xie
conf/wsdm/HarandizadehPM22,2022,WSDM,inproceedings,Keyword Assisted Embedded Topic Model.,Bahareh Harandizadeh|J. Hunter Priniski|Fred Morstatter
conf/wsdm/CMR24,2024,WSDM,inproceedings,Augmenting Keyword-based Search in Mobile Applications Using LLMs.,Harikrishnan C|Giridhar Sreenivasa Murthy|Kumar Rangarajan
conf/wsdm/KanatsoulisS22,2022,WSDM,inproceedings,GAGE: Geometry Preserving Attributed Graph Embeddings.,Charilaos I. Kanatsoulis|Nicholas D. Sidiropoulos
conf/wsdm/SeolGLP24,2024,WSDM,inproceedings,Proxy-based Item Representation for Attribute and Context-aware Recommendation.,Jinseok Seol|Minseok Gang|Sang-goo Lee|Jaehui Park
conf/wsdm/TangYLWL23,2023,WSDM,inproceedings,Graph Neural Networks with Interlayer Feature Representation for Image Super-Resolution.,Shenggui Tang|Kaixuan Yao|Jianqing Liang|Zhiqiang Wang 0005|Jiye Liang
conf/wsdm/Gondara0C22,2022,WSDM,inproceedings,Differentially Private Ensemble Classifiers for Data Streams.,Lovedeep Gondara|Ke Wang 0001|Ricardo Silva Carvalho
conf/wsdm/BiDFWHZ23,2023,WSDM,inproceedings,MM-GNN: Mix-Moment Graph Neural Network towards Modeling Neighborhood Feature Distribution.,Wendong Bi|Lun Du|Qiang Fu 0015|Yanlin Wang 0001|Shi Han|Dongmei Zhang 0001
conf/wsdm/HuL18,2018,WSDM,inproceedings,Collaborative Filtering via Additive Ordinal Regression.,Jun Hu|Ping Li 0001
conf/wsdm/VassoyRSA19,2019,WSDM,inproceedings,Time is of the Essence: A Joint Hierarchical RNN and Point Process Model for Time and Item Predictions.,Bj|Massimiliano Ruocco|Eliezer de Souza da Silva|Erlend Aune
conf/wsdm/LiDSC21,2021,WSDM,inproceedings,FluxEV: A Fast and Effective Unsupervised Framework for Time-Series Anomaly Detection.,Jia Li 0014|Shimin Di|Yanyan Shen|Lei Chen 0002
conf/wsdm/AlsuhaibaniZRJX24,2024,WSDM,inproceedings,IDoFew: Intermediate Training Using Dual-Clustering in Language Models for Few Labels Text Classification.,Abdullah Alsuhaibani|Hamad Zogan|Imran Razzak|Shoaib Jameel|Guandong Xu
conf/wsdm/ChinCC22,2022,WSDM,inproceedings,The Datasets Dilemma: How Much Do We Really Know About Recommendation Datasets?,Jin Yao Chin|Yile Chen 0001|Gao Cong
conf/wsdm/CeccarelloPP18,2018,WSDM,inproceedings,Fast Coreset-based Diversity Maximization under Matroid Constraints.,Matteo Ceccarello|Andrea Pietracaprina|Geppino Pucci
conf/wsdm/WangZS21,2021,WSDM,inproceedings,Modeling Context Pair Interaction for Pairwise Tasks on Graphs.,Zhen Wang 0041|Bo Zong|Huan Sun 0001
conf/wsdm/LiJJW19,2019,WSDM,inproceedings,CORALS: Who Are My Potential New Customers? Tapping into the Wisdom of Customers' Decisions.,Ruirui Li 0002|Jyun-Yu Jiang|Chelsea J.-T. Ju|Wei Wang 0010
conf/wsdm/0003ZS021,2021,WSDM,inproceedings,Combating Selection Biases in Recommender Systems with a Few Unbiased Ratings.,Xiaojie Wang 0003|Rui Zhang 0003|Yu Sun 0021|Jianzhong Qi 0001
conf/wsdm/LiG0LWC23,2023,WSDM,inproceedings,SGCCL: Siamese Graph Contrastive Consensus Learning for Personalized Recommendation.,Boyu Li 0003|Ting Guo 0005|Xingquan Zhu 0001|Qian Li 0003|Yang Wang 0002|Fang Chen 0001
conf/wsdm/YangQSYY22,2022,WSDM,inproceedings,Lightweight Composite Re-Ranking for Efficient Keyword Search with BERT.,Yingrui Yang|Yifan Qiao 0001|Jinjin Shao|Xifeng Yan|Tao Yang 0009
conf/wsdm/CraneLSV24,2024,WSDM,inproceedings,Overlapping and Robust Edge-Colored Clustering in Hypergraphs.,Alex Crane|Brian Lavallee|Blair D. Sullivan|Nate Veldt
conf/wsdm/GilotteCNAD18,2018,WSDM,inproceedings,Offline A/B Testing for Recommender Systems.,Alexandre Gilotte|Cl|Thomas Nedelec|Alexandre Abraham|Simon Doll
conf/wsdm/JosifoskiPPJ019,2019,WSDM,inproceedings,Crosslingual Document Embedding as Reduced-Rank Ridge Regression.,Martin Josifoski|Ivan S. Paskov|Hristo S. Paskov|Martin Jaggi|Robert West 0001
conf/wsdm/ChengG021,2021,WSDM,inproceedings,Long-Term Effect Estimation with Surrogate Representation.,Lu Cheng 0001|Ruocheng Guo|Huan Liu 0001
conf/wsdm/0009KMZ23,2023,WSDM,inproceedings,AgAsk: A Conversational Search Agent for Answering Agricultural Questions.,Hang Li 0009|Bevan Koopman|Ahmed Mourad|Guido Zuccon
conf/wsdm/MaKWWL19,2019,WSDM,inproceedings,Gated Attentive-Autoencoder for Content-Aware Recommendation.,Chen Ma 0001|Peng Kang|Bin Wu 0019|Qinglong Wang 0003|Xue Liu 0001
conf/wsdm/WeiZLZZ23,2023,WSDM,inproceedings,AntTS: A Toolkit for Time Series Forecasting in Industrial Scenarios.,Jianping Wei|Zhibo Zhu|Ziqi Liu|Zhiqiang Zhang 0012|Jun Zhou 0011
conf/wsdm/DingZCWZD23,2023,WSDM,inproceedings,"DistriBayes: A Distributed Platform for Learning, Inference and Attribution on Large Scale Bayesian Network.",Yi Ding 0006|Jun Zhou 0011|Qing Cui|Lin Wang 0098|Mengqi Zhang 0003|Yang Dong
conf/wsdm/KeGSC22,2022,WSDM,inproceedings,"ConsistSum: Unsupervised Opinion Summarization with the Consistency of Aspect, Sentiment and Semantic.",Wenjun Ke 0002|Jinhua Gao|Huawei Shen|Xueqi Cheng
conf/wsdm/YangSS22,2022,WSDM,inproceedings,Graph Neural Networks for the Global Economy with Microsoft DeepGraph.,Jaewon Yang|Baoxu Shi|Alex Samylkin
conf/wsdm/KenthapadiMT19,2019,WSDM,inproceedings,Privacy-preserving Data Mining in Industry.,Krishnaram Kenthapadi|Ilya Mironov|Abhradeep Guha Thakurta
conf/wsdm/RenZZYLL22,2022,WSDM,inproceedings,A Simple but Effective Bidirectional Framework for Relational Triple Extraction.,Feiliang Ren|Longhui Zhang|Xiaofeng Zhao|Shujuan Yin|Shilei Liu|Bochao Li
conf/wsdm/ZhuRSZE019,2019,WSDM,inproceedings,Integrating Local Context and Global Cohesiveness for Open Information Extraction.,Qi Zhu 0008|Xiang Ren 0001|Jingbo Shang|Yu Zhang 0044|Ahmed El-Kishky|Jiawei Han 0001
conf/wsdm/WangD023,2023,WSDM,inproceedings,Heterogeneous Graph-based Context-aware Document Ranking.,Shuting Wang 0002|Zhicheng Dou|Yutao Zhu 0001
conf/wsdm/Liu0HHH20,2020,WSDM,inproceedings,Athena: A Ranking Enabled Scholarly Search System.,Junfeng Liu|Shuai Ma 0001|Renjun Hu|Chunming Hu|Jinpeng Huai
conf/wsdm/YangWDSNE19,2019,WSDM,inproceedings,More Than Just Words: Modeling Non-Textual Characteristics of Podcasts.,Longqi Yang 0001|Yu Wang|Drew Dunne|Michael Sobolev|Mor Naaman|Deborah Estrin
conf/wsdm/ZhengWGS0K21,2021,WSDM,inproceedings,Scalable Graph Neural Networks with Deep Graph Library.,Da Zheng 0004|Minjie Wang|Quan Gan|Xiang Song 0003|Zheng Zhang 0001|George Karypis
conf/wsdm/ZhuoZYZH22,2022,WSDM,inproceedings,A Neighborhood-Attention Fine-grained Entity Typing for Knowledge Graph Completion.,Jianhuan Zhuo|Qiannan Zhu|Yinliang Yue|Yuhong Zhao|Weisi Han
conf/wsdm/DongLL022,2022,WSDM,inproceedings,Combinatorial Bandits under Strategic Manipulations.,Jing Dong 0008|Ke Li|Shuai Li 0010|Baoxiang Wang 0001
conf/wsdm/ZhangY0L24,2024,WSDM,inproceedings,Defense Against Model Extraction Attacks on Recommender Systems.,Sixiao Zhang|Hongzhi Yin|Hongxu Chen 0002|Cheng Long 0001
conf/wsdm/SchnabelBJ19,2019,WSDM,inproceedings,Shaping Feedback Data in Recommender Systems with Interventions Based on Information Foraging Theory.,Tobias Schnabel|Paul N. Bennett|Thorsten Joachims
conf/wsdm/AriannezhadLSR23,2023,WSDM,inproceedings,A Personalized Neighborhood-based Model for Within-basket Recommendation in Grocery Shopping.,Mozhdeh Ariannezhad|Ming Li 0068|Sebastian Schelter|Maarten de Rijke
conf/wsdm/ZhangBP24,2024,WSDM,inproceedings,Maximizing Malicious Influence in Node Injection Attack.,Xiao Zhang|Peng Bao|Shirui Pan
conf/wsdm/ZhuCLLZ24,2024,WSDM,inproceedings,Dance with Labels: Dual-Heterogeneous Label Graph Interaction for Multi-intent Spoken Language Understanding.,Zhihong Zhu|Xuxin Cheng|Hongxiang Li 0004|Yaowei Li 0001|Yuexian Zou
conf/wsdm/LiuQZKC23,2023,WSDM,inproceedings,MMBench: The Match Making Benchmark.,Yongsheng Liu|Yanxing Qi|Jiangwei Zhang|Connie Kou|Qiaolin Chen
conf/wsdm/WangX0ZZ21,2021,WSDM,inproceedings,AutoCite: Multi-Modal Representation Fusion for Contextual Citation Generation.,Qingqin Wang|Yun Xiong|Yao Zhang 0009|Jiawei Zhang 0001|Yangyong Zhu
conf/wsdm/ChengG022a,2022,WSDM,inproceedings,Causal Mediation Analysis with Hidden Confounders.,Lu Cheng 0001|Ruocheng Guo|Huan Liu 0001
conf/wsdm/ZhouWZ21,2021,WebTour@WSDM,inproceedings,Explore next destination prediction.,Yuanzhe Zhou|Shikang Wu|Chenyang Zheng
conf/wsdm/ChenDZZ23,2023,WSDM,inproceedings,Adversarial Autoencoder for Unsupervised Time Series Anomaly Detection and Interpretation.,Xuanhao Chen 0001|Liwei Deng 0001|Yan Zhao 0008|Kai Zheng 0001
conf/wsdm/DaiQZ20,2020,WSDM,inproceedings,Joint Recognition of Names and Publications in Academic Homepages.,Yimeng Dai|Jianzhong Qi 0001|Rui Zhang 0003
conf/wsdm/ZhangXZ20,2020,WSDM,inproceedings,Nearly Linear Time Algorithm for Mean Hitting Times of Random Walks on a Graph.,Zuobai Zhang|Wanyue Xu|Zhongzhi Zhang
conf/wsdm/LiuLZXT19,2019,WSDM,inproceedings,Spiral of Silence in Recommender Systems.,Dugang Liu|Chen Lin 0001|Zhilin Zhang 0001|Yanghua Xiao|Hanghang Tong
conf/wsdm/0002PZKFL21,2021,WSDM,inproceedings,DeepLight: Deep Lightweight Feature Interactions for Accelerating CTR Predictions in Ad Serving.,Wei Deng 0002|Junwei Pan|Tian Zhou 0006|Deguang Kong|Aaron Flores 0001|Guang Lin 0001
conf/wsdm/ZhangWLTZ24,2024,WSDM,inproceedings,IncMSR: An Incremental Learning Approach for Multi-Scenario Recommendation.,Kexin Zhang 0007|Yichao Wang 0002|Xiu Li 0001|Ruiming Tang|Rui Zhang 0003
conf/wsdm/MerchantM023,2023,WSDM,inproceedings,Graph Summarization via Node Grouping: A Spectral Algorithm.,Arpit Merchant|Michael Mathioudakis|Yanhao Wang 0001
conf/wsdm/HuangZKW24,2024,WSDM,inproceedings,From Second to First: Mixed Censored Multi-Task Learning for Winning Price Prediction.,Jiani Huang|Zhenzhe Zheng 0001|Yanrong Kang|Zixiao Wang 0007
conf/wsdm/WangTHH22,2022,WSDM,inproceedings,Hierarchical Imitation Learning via Subgoal Representation Learning for Dynamic Treatment Recommendation.,Lu Wang|Ruiming Tang|Xiaofeng He|Xiuqiang He 0001
conf/wsdm/HuertasS24,2024,WSDM,inproceedings,Profiling Urban Mobility Patterns with High Spatial and Temporal Resolution: A Deep Dive into Cellphone Geo-position Data.,Jos|Luisa Fernanda Chaparro Sierra
conf/wsdm/LiWM20,2020,WSDM,inproceedings,Time Interval Aware Self-Attention for Sequential Recommendation.,Jiacheng Li 0003|Yujie Wang|Julian J. McAuley
conf/wsdm/WangJLZ23,2023,WSDM,inproceedings,Improving News Recommendation with Channel-Wise Dynamic Representations and Contrastive User Modeling.,Jingkun Wang|Yongtao Jiang|Haochen Li 0001|Wen Zhao 0008
conf/wsdm/0025LHZ23,2023,WSDM,inproceedings,Dependency-aware Self-training for Entity Alignment.,Bing Liu 0025|Tiancheng Lan|Wen Hua|Guido Zuccon
conf/wsdm/LuoM22,2022,WSDM,inproceedings,RLMob: Deep Reinforcement Learning for Successive Mobility Prediction.,Ziyan Luo|Congcong Miao
conf/wsdm/CinusBMP21,2021,WSDM,inproceedings,WoMG: A Library for Word-of-Mouth Cascades Generation.,Federico Cinus|Francesco Bonchi|Corrado Monti|Andr
conf/wsdm/DengYKS23,2023,WSDM,inproceedings,Zero to Hero: Exploiting Null Effects to Achieve Variance Reduction in Experiments with One-sided Triggering.,Alex Deng|Lo-Hua Yuan|Naoya Kanai|Alexandre Salama-Manteau
conf/wsdm/FanARHYG19,2019,WSDM,inproceedings,DAPA: The WSDM 2019 Workshop on Deep Matching in Practical Applications.,Yixing Fan|Qingyao Ai|Zhaochun Ren|Liangjie Hong|Dawei Yin 0001|Jiafeng Guo
conf/wsdm/ChenBCJBC19,2019,WSDM,inproceedings,Top-K Off-Policy Correction for a REINFORCE Recommender System.,Minmin Chen|Alex Beutel|Paul Covington|Sagar Jain|Francois Belletti|Ed H. Chi
conf/wsdm/FarseevYFLCL21,2021,WSDM,inproceedings,SoMin.ai: Personality-Driven Content Generation Platform.,Aleksandr Farseev|Qi Yang 0005|Andrey Filchenkov|Kirill Lepikhin|Yu-Yi Chu-Farseeva|Daron-Benjamin Loo
conf/wsdm/EntezariADP20,2020,WSDM,inproceedings,All You Need Is Low (Rank): Defending Against Adversarial Attacks on Graphs.,Negin Entezari|Saba A. Al-Sayouri|Amirali Darvishzadeh|Evangelos E. Papalexakis
conf/wsdm/ButlerDK22,2022,WSDM,inproceedings,iLFQA: A Platform for Efficient and Accurate Long-Form Question Answering.,Rhys Butler|Vishnu Dutt Duggirala|Farnoush Banaei Kashani
conf/wsdm/ZhangZLZCC19,2019,WSDM,inproceedings,Enabling Privacy-Preserving Sharing of Genomic Data for GWASs in Decentralized Networks.,Yanjun Zhang|Xin Zhao 0013|Xue Li 0001|Mingyang Zhong|Caitlin Curtis|Chen Chen 0056
conf/wsdm/SuGFLC20,2020,WSDM,inproceedings,Label Distribution Augmented Maximum Likelihood Estimation for Reading Comprehension.,Lixin Su|Jiafeng Guo|Yixing Fan|Yanyan Lan|Xueqi Cheng
conf/wsdm/YaoZHYGZ24,2024,WSDM,inproceedings,COTER: Conditional Optimal Transport meets Table Retrieval.,Xun Yao|Zhixin Zhang|Xinrong Hu|Jie (Jack) Yang|Yi Guo 0001|Daniel (Dianliang) Zhu
conf/wsdm/FanLC0QZ24,2024,WSDM,inproceedings,Guardian: Guarding against Gradient Leakage with Provable Defense for Federated Learning.,Mingyuan Fan 0003|Yang Liu 0118|Cen Chen 0001|Chengyu Wang 0001|Minghui Qiu|Wenmeng Zhou
conf/wsdm/Hu0CYR21,2021,WSDM,inproceedings,Time-Series Event Prediction with Evolutionary State Graph.,Wenjie Hu 0003|Yang Yang 0009|Ziqiang Cheng|Carl Yang 0001|Xiang Ren 0001
conf/wsdm/XianTPL24,2024,WSDM,inproceedings,Vector Search with OpenAI Embeddings: Lucene Is All You Need.,Jasper Xian|Tommaso Teofili|Ronak Pradeep|Jimmy Lin
conf/wsdm/MaGWYZL22,2022,WSDM,inproceedings,Learning Fair Node Representations with Graph Counterfactual Fairness.,Jing Ma 0002|Ruocheng Guo|Mengting Wan|Longqi Yang 0001|Aidong Zhang 0001|Jundong Li
conf/wsdm/ZamaniC20,2020,WSDM,inproceedings,Learning a Joint Search and Recommendation Model from User-Item Interactions.,Hamed Zamani|W. Bruce Croft
conf/wsdm/ZhouDTY18,2018,WSDM,inproceedings,Micro Behaviors: A New Perspective in E-commerce Recommender Systems.,Meizi Zhou|Zhuoye Ding|Jiliang Tang|Dawei Yin 0001
conf/wsdm/RastegarpanahGC19,2019,WSDM,inproceedings,Fighting Fire with Fire: Using Antidote Data to Improve Polarization and Fairness of Recommender Systems.,Bashir Rastegarpanah|Krishna P. Gummadi|Mark Crovella
conf/wsdm/GuyMHRS18,2018,WSDM,inproceedings,Identifying Informational vs. Conversational Questions on Community Question Answering Archives.,Ido Guy|Victor Makarenkov|Niva Hazon|Lior Rokach|Bracha Shapira
conf/wsdm/KuangWCK022,2022,WSDM,inproceedings,Efficient Two-stage Label Noise Reduction for Retrieval-based Tasks.,Mengmeng Kuang|Weiyan Wang|Zhenhong Chen|Lie Kang|Qiang Yan 0001
conf/wsdm/FlaggFMM20,2020,HSDM@WSDM,inproceedings,Streaming Gait Assessment for Parkinson's Disease.,Cristopher Flagg|Ophir Frieder|Sean MacAvaney|Gholam Motamedi
conf/wsdm/LiuLZL22,2022,WSDM,inproceedings,Surrogate Representation Learning with Isometric Mapping for Gray-box Graph Adversarial Attacks.,Zihan Liu|Yun Luo|Zelin Zang|Stan Z. Li
conf/wsdm/ZhaoZZC20,2020,WSDM,inproceedings,Improving the Estimation of Tail Ratings in Recommender System with Multi-Latent Representations.,Xing Zhao 0003|Ziwei Zhu 0001|Yin Zhang 0011|James Caverlee
conf/wsdm/ZhangLDHZ24,2024,WSDM,inproceedings,A Scalable Open-Source System for Segmenting Urban Areas with Road Networks.,Ming Zhang|Yanyan Li|Jianguo Duan|Jizhou Huang|Jingbo Zhou 0003
conf/wsdm/LiuDH19,2019,WSDM,inproceedings,Representation Interpretation with Spatial Encoding and Multimodal Analytics.,Ninghao Liu 0001|Mengnan Du|Xia Hu 0001
conf/wsdm/QuOHYZ19,2019,WSDM,inproceedings,Discovering Correlations between Sparse Features in Distant Supervision for Relation Extraction.,Jianfeng Qu|Dantong Ouyang|Wen Hua|Yuxin Ye|Xiaofang Zhou 0001
conf/wsdm/LiHLDP23,2023,WSDM,inproceedings,"International Workshop on Learning with Knowledge Graphs: Construction, Embedding, and Reasoning.",Qing Li 0001|Xiao Huang 0001|Ninghao Liu 0001|Yuxiao Dong|Guansong Pang
conf/wsdm/XuLLSHJ23,2023,WSDM,inproceedings,Self-supervised Graph Representation Learning for Black Market Account Detection.,Zequan Xu|Lianyun Li|Hui Li 0057|Qihang Sun|Shaofeng Hu|Rongrong Ji
conf/wsdm/JoYK18,2018,WSDM,inproceedings,Fast and Scalable Distributed Loopy Belief Propagation on Real-World Graphs.,Saehan Jo|Jaemin Yoo|U Kang
conf/wsdm/LiuYXWL24,2024,WSDM,inproceedings,Interact with the Explanations: Causal Debiased Explainable Recommendation System.,Xu Liu|Tong Yu 0001|Kaige Xie|Junda Wu|Shuai Li 0010
conf/wsdm/Guo023,2023,WSDM,inproceedings,Student Behavior Pattern Mining and Analysis: Towards Smart Campuses.,Teng Guo 0002|Feng Xia 0001
conf/wsdm/LuoADG22,2022,WSDM,inproceedings,The Multi-vehicle Ride-Sharing Problem.,Kelin Luo|Chaitanya Agarwal|Syamantak Das|Xiangyu Guo
conf/wsdm/XuR22,2022,WSDM,inproceedings,Modern Theoretical Tools for Understanding and Designing Next-generation Information Retrieval System.,Da Xu|Chuanwei Ruan
conf/wsdm/NiuLLT0D21,2021,WSDM,inproceedings,Heterogeneous Graph Augmented Multi-Scenario Sharing Recommendation with Tree-Guided Expert Networks.,Xichuan Niu|Bofang Li|Chenliang Li 0005|Jun Tan|Rong Xiao 0005|Hongbo Deng
conf/wsdm/WangC19,2019,WSDM,inproceedings,Recurrent Recommendation with Local Coherence.,Jianling Wang|James Caverlee
conf/wsdm/HuangZLL19,2019,WSDM,inproceedings,Knowledge Graph Embedding Based Question Answering.,Xiao Huang 0001|Jingyuan Zhang|Dingcheng Li|Ping Li 0001
conf/wsdm/XieZW0L22,2022,WSDM,inproceedings,A Peep into the Future: Adversarial Future Encoding in Recommendation.,Ruobing Xie|Shaoliang Zhang|Rui Wang 0068|Feng Xia 0006|Leyu Lin
conf/wsdm/FarnadiTCM18,2018,WSDM,inproceedings,User Profiling through Deep Multimodal Fusion.,Golnoosh Farnadi|Jie Tang 0001|Martine De Cock|Marie-Francine Moens
conf/wsdm/ChowdharyGVMG23,2023,WSDM,inproceedings,Unsupervised Question Duplicate and Related Questions Detection in e-learning platforms.,Maksimjeet Chowdhary|Sanyam Goyal|Venktesh V|Mukesh K. Mohania|Vikram Goyal
conf/wsdm/0004MHBML21,2021,WSDM,inproceedings,Shifting Consumption towards Diverse Content on Music Streaming Platforms.,Christian Hansen 0004|Rishabh Mehrotra|Casper Hansen|Brian Brost|Lucas Maystre|Mounia Lalmas
conf/wsdm/ZhangWH22,2022,WSDM,inproceedings,GraSP: Optimizing Graph-based Nearest Neighbor Search with Subgraph Sampling and Pruning.,Minjia Zhang|Wenhan Wang|Yuxiong He
conf/wsdm/DuanBZ21,2021,WSDM,inproceedings,Online Experimentation with Surrogate Metrics: Guidelines and a Case Study.,Weitao Duan|Shan Ba|Chunzhe Zhang
conf/wsdm/ChenYJZ18,2018,WSDM,inproceedings,Improving Negative Sampling for Word Representation using Self-embedded Features.,Long Chen 0008|Fajie Yuan|Joemon M. Jose|Weinan Zhang 0001
conf/wsdm/HubeF19,2019,WSDM,inproceedings,Neural Based Statement Classification for Biased Language.,Christoph Hube|Besnik Fetahu
conf/wsdm/SankarZK020,2020,WSDM,inproceedings,Inf-VAE: A Variational Autoencoder Framework to Integrate Homophily and Influence in Diffusion Prediction.,Aravind Sankar|Xinyang Zhang 0002|Adit Krishnan|Jiawei Han 0001
conf/wsdm/WiSP24,2024,WSDM,inproceedings,Continuous-time Autoencoders for Regular and Irregular Time Series Imputation.,Hyowon Wi|Yehjin Shin|Noseong Park
conf/wsdm/WangGBMN18,2018,WSDM,inproceedings,Position Bias Estimation for Unbiased Learning to Rank in Personal Search.,Xuanhui Wang|Nadav Golbandi|Michael Bendersky|Donald Metzler|Marc Najork
conf/wsdm/QianTMC18,2018,WSDM,inproceedings,DSANLS: Accelerating Distributed Nonnegative Matrix Factorization via Sketching.,Yuqiu Qian|Conghui Tan|Nikos Mamoulis|David W. Cheung
conf/wsdm/HuiYBM18,2018,WSDM,inproceedings,Co-PACRR: A Context-Aware Neural IR Model for Ad-hoc Retrieval.,Kai Hui 0001|Andrew Yates|Klaus Berberich|Gerard de Melo
conf/wsdm/GaoW0LF023,2023,WSDM,inproceedings,Alleviating Structural Distribution Shift in Graph Anomaly Detection.,Yuan Gao 0020|Xiang Wang 0010|Xiangnan He 0001|Zhenguang Liu|Huamin Feng|Yongdong Zhang 0001
conf/wsdm/YangKC022,2022,WSDM,inproceedings,Personalized Information Retrieval for Touristic Attractions in Augmented Reality.,Felix Yang|Saikishore Kalloori|Ribin Chalumattu|Markus Gross 0001
conf/wsdm/NandanwarMM18,2018,WSDM,inproceedings,Fusing Diversity in Recommendations in Heterogeneous Information Networks.,Sharad Nandanwar|Aayush Moroney|M. Narasimha Murty
conf/wsdm/TorbatiTW24,2024,WSDM,inproceedings,SIRUP: Search-based Book Recommendation Playground.,Ghazaleh Haratinezhad Torbati|Anna Tigunova|Gerhard Weikum
conf/wsdm/RenM19,2019,WSDM,inproceedings,Investment Recommendation System for Low-Liquidity Online Peer to Peer Lending (P2PL) Marketplaces.,Ke Ren|Avinash Malik
conf/wsdm/BruchHBN20,2020,WSDM,inproceedings,A Stochastic Treatment of Learning to Rank Scoring Functions.,Sebastian Bruch 0001|Shuguang Han|Michael Bendersky|Marc Najork
conf/wsdm/LemmerichS0Z19,2019,WSDM,inproceedings,Why the World Reads Wikipedia: Beyond English Speakers.,Florian Lemmerich|Diego S|Robert West 0001|Leila Zia
conf/wsdm/LabhishettyZXGS22,2022,WSDM,inproceedings,Differential Query Semantic Analysis: Discovery of Explicit Interpretable Knowledge from E-Com Search Logs.,Sahiti Labhishetty|ChengXiang Zhai|Min Xie 0002|Lin Gong|Rahul Sharnagat|Satya Chembolu
conf/wsdm/LaiCZCH23,2023,WSDM,inproceedings,Disentangled Negative Sampling for Collaborative Filtering.,Riwei Lai|Li Chen 0009|Yuhan Zhao 0001|Rui Chen 0012|Qilong Han
conf/wsdm/OosterhuisR21,2021,WSDM,inproceedings,Unifying Online and Counterfactual Learning to Rank: A Novel Counterfactual Estimator that Effectively Utilizes Online Interventions.,Harrie Oosterhuis|Maarten de Rijke
conf/wsdm/HaddadanMRU21,2021,WSDM,inproceedings,RePBubLik: Reducing Polarized Bubble Radius with Link Insertions.,Shahrzad Haddadan|Cristina Menghini|Matteo Riondato|Eli Upfal
conf/wsdm/ArefievaESS23,2023,WSDM,inproceedings,Travel Bird: A Personalized Destination Recommender with TourBERT and Airbnb Experiences.,Veronika Arefieva|Roman Egger|Michael Schrefl|Markus Schedl
conf/wsdm/FerdjaouiAN24,2024,WSDM,inproceedings,WordGraph: A Python Package for Reconstructing Interactive Causal Graphical Models from Text Data.,Amine Ferdjaoui|S|Mohamed Nadif
conf/wsdm/SantanaS21,2021,WebTour@WSDM,inproceedings,Hybrid Model with Time Modeling for Sequential Recommender Systems.,Marlesson R. O. Santana|Anderson Soares 0001
conf/wsdm/ChowdhuryCMRW20,2020,WSDM,inproceedings,Illustrate Your Story: Enriching Text with Images.,Sreyasi Nag Chowdhury|William Cheng|Gerard de Melo|Simon Razniewski|Gerhard Weikum
conf/wsdm/LiSCZLL24,2024,WSDM,inproceedings,CDRNP: Cross-Domain Recommendation to Cold-Start Users via Neural Process.,Xiaodong Li 0012|Jiawei Sheng|Jiangxia Cao|Wenyuan Zhang 0002|Quangang Li|Tingwen Liu
conf/wsdm/BingZD23,2023,WSDM,inproceedings,Cognition-aware Knowledge Graph Reasoning for Explainable Recommendation.,Qingyu Bing|Qiannan Zhu|Zhicheng Dou
conf/wsdm/KongRX20,2020,WSDM,inproceedings,Modeling Information Cascades with Self-exciting Processes via Generalized Epidemic Models.,Quyu Kong|Marian-Andrei Rizoiu|Lexing Xie
conf/wsdm/WangZW24,2024,WSDM,inproceedings,Distribution Consistency based Self-Training for Graph Neural Networks with Sparse Labels.,Fali Wang|Tianxiang Zhao 0001|Suhang Wang
conf/wsdm/LahotiGG18,2018,WSDM,inproceedings,Joint Non-negative Matrix Factorization for Learning Ideological Leaning on Twitter.,Preethi Lahoti|Kiran Garimella 0001|Aristides Gionis
conf/wsdm/CaoL0GL023,2023,WSDM,inproceedings,Towards Universal Cross-Domain Recommendation.,Jiangxia Cao|Shaoshuai Li|Bowen Yu 0002|Xiaobo Guo|Tingwen Liu|Bin Wang 0004
conf/wsdm/EickhoffKW20,2020,WSDM,inproceedings,Overview of the Health Search and Data Mining (HSDM 2020) Workshop.,Carsten Eickhoff|Yubin Kim 0001|Ryen W. White
conf/wsdm/ChaudhariBT18,2018,WSDM,inproceedings,Putting Data in the Driver's Seat: Optimizing Earnings for On-Demand Ride-Hailing.,Harshal A. Chaudhari|John W. Byers|Evimaria Terzi
conf/wsdm/FettalLN23,2023,WSDM,inproceedings,Simultaneous Linear Multi-view Attributed Graph Representation Learning and Clustering.,Chakib Fettal|Lazhar Labiod|Mohamed Nadif
conf/wsdm/XieXCS21,2021,WSDM,inproceedings,How to Measure Your App: A Couple of Pitfalls and Remedies in Measuring App Performance in Online Controlled Experiments.,Yuxiang Xie|Meng Xu 0015|Evan Chow|Xiaolin Shi
conf/wsdm/FanJS23,2023,WSDM,inproceedings,Metropolitan-scale Mobility Digital Twin.,Zipei Fan|Renhe Jiang|Ryosuke Shibasaki
conf/wsdm/XuXQ21,2021,WSDM,inproceedings,Privacy Monitoring Service for Conversations.,Qiongkai Xu|Chenchen Xu|Lizhen Qu
conf/wsdm/LiuBC19,2019,WSDM,inproceedings,Sampling Methods for Counting Temporal Motifs.,Paul Liu 0001|Austin R. Benson|Moses Charikar
conf/wsdm/LalmasH18,2018,WSDM,inproceedings,"Tutorial on Metrics of User Engagement: Applications to News, Search and E-Commerce.",Mounia Lalmas|Liangjie Hong
conf/wsdm/0001H0VO24,2024,WSDM,inproceedings,Unbiased Learning to Rank: On Recent Advances and Practical Applications.,Shashank Gupta 0001|Philipp Hager 0001|Jin Huang 0010|Ali Vardasbi|Harrie Oosterhuis
conf/wsdm/XiaoW22,2022,WSDM,inproceedings,Towards Unbiased and Robust Causal Ranking for Recommender Systems.,Teng Xiao|Suhang Wang
conf/wsdm/KenterBGDRM18,2018,WSDM,inproceedings,Neural Networks for Information Retrieval.,Tom Kenter|Alexey Borisov|Christophe Van Gysel|Mostafa Dehghani 0001|Maarten de Rijke|Bhaskar Mitra 0001
conf/wsdm/TuckerJ23,2023,WSDM,inproceedings,Variance-Minimizing Augmentation Logging for Counterfactual Evaluation in Contextual Bandits.,Aaron David Tucker|Thorsten Joachims
conf/wsdm/TangLSYMW20,2020,WSDM,inproceedings,Transferring Robustness for Graph Neural Network Against Poisoning Attacks.,Xianfeng Tang|Yandong Li|Yiwei Sun|Huaxiu Yao|Prasenjit Mitra|Suhang Wang
conf/wsdm/ParkCBPK22,2022,WSDM,inproceedings,Reinforcement Learning over Sentiment-Augmented Knowledge Graphs towards Accurate and Explainable Recommendation.,Sung-Jun Park|Dong-Kyu Chae|Hong-Kyun Bae|Sumin Park|Sang-Wook Kim
conf/wsdm/GamzuLS18,2018,WSDM,inproceedings,Unsubscription: A Simple Way to Ease Overload in Email.,Iftah Gamzu|Liane Lewin-Eytan|Natalia Silberstein
conf/wsdm/Zhu0ZZWC21,2021,WSDM,inproceedings,Popularity-Opportunity Bias in Collaborative Filtering.,Ziwei Zhu 0001|Yun He 0001|Xing Zhao 0003|Yin Zhang 0011|Jianling Wang|James Caverlee
conf/wsdm/MaCP022,2022,WSDM,inproceedings,VAE++: Variational AutoEncoder for Heterogeneous One-Class Collaborative Filtering.,Wanqi Ma|Xiancong Chen|Weike Pan|Zhong Ming 0001
conf/wsdm/ParkCYK23,2023,WSDM,inproceedings,Never Too Late to Learn: Regularizing Gender Bias in Coreference Resolution.,Sunyoung Park|Kyuri Choi|Haeun Yu|Youngjoong Ko
conf/wsdm/YesilerMSG22,2022,WSDM,inproceedings,Assessing Algorithmic Biases for Musical Version Identification.,Furkan Yesiler|Marius Miron|Joan Serr|Emilia G
conf/wsdm/0008T20,2020,WSDM,inproceedings,DDTCDR: Deep Dual Transfer Cross Domain Recommendation.,Pan Li 0008|Alexander Tuzhilin
conf/wsdm/RenRS0YR20,2020,WSDM,inproceedings,NLP4REC: The WSDM 2020 Workshop on Natural Language Processing for Recommendations.,Pengjie Ren|Zhaochun Ren|Fei Sun 0001|Xiangnan He 0001|Dawei Yin 0001|Maarten de Rijke
conf/wsdm/Cruz-PerezM24,2024,WSDM,inproceedings,Automated Topic Generation for the Mexican Platform for Access to Government Public Information During the Period 2003-2020.,Hermelando Cruz-P|Alejandro Molina-Villegas
conf/wsdm/MehrotraAY18,2018,WSDM,inproceedings,LearnIR: WSDM 2018 Workshop on Learning from User Interactions.,Rishabh Mehrotra|Ahmed Hassan Awadallah|Emine Yilmaz
conf/wsdm/AlipourfardFL18,2018,WSDM,inproceedings,Can you Trust the Trend?: Discovering Simpson's Paradoxes in Social Data.,Nazanin Alipourfard|Peter G. Fennell|Kristina Lerman
conf/wsdm/GrubenmannCL20,2020,WSDM,inproceedings,TSA: A Truthful Mechanism for Social Advertising.,Tobias Grubenmann|Reynold C. K. Cheng|Laks V. S. Lakshmanan
conf/wsdm/ZhaoX0CDW23,2023,WSDM,inproceedings,Separating Examination and Trust Bias from Click Predictions for Unbiased Relevance Ranking.,Haiyuan Zhao|Jun Xu 0001|Xiao Zhang 0034|Guohao Cai|Zhenhua Dong|Ji-Rong Wen
conf/wsdm/ZhanM0GZM22,2022,WSDM,inproceedings,Learning Discrete Representations via Constrained Clustering for Effective and Efficient Dense Retrieval.,Jingtao Zhan|Jiaxin Mao|Yiqun Liu 0001|Jiafeng Guo|Min Zhang 0006|Shaoping Ma
conf/wsdm/LiUH21,2021,WSDM,inproceedings,Leave No User Behind: Towards Improving the Utility of Recommender Systems for Non-mainstream Users.,Roger Zhe Li|Juli|Alan Hanjalic
conf/wsdm/YangSGLJ20,2020,WSDM,inproceedings,Model Compression with Two-stage Multi-teacher Knowledge Distillation for Web Question Answering System.,Ze Yang 0005|Linjun Shou|Ming Gong 0001|Wutao Lin|Daxin Jiang
conf/wsdm/ZhouWLW0L23,2023,WSDM,inproceedings,Inductive Graph Transformer for Delivery Time Estimation.,Xin Zhou 0008|Jinglong Wang|Yong Liu 0020|Xingyu Wu|Zhiqi Shen 0001|Cyril Leung
conf/wsdm/Qu0NY24,2024,WSDM,inproceedings,Budgeted Embedding Table For Recommender Systems.,Yunke Qu|Tong Chen 0005|Quoc Viet Hung Nguyen|Hongzhi Yin
conf/wsdm/LinBW22,2022,WSDM,inproceedings,Graph Embedding with Hierarchical Attentive Membership.,Lu Lin 0001|Ethan Blaser|Hongning Wang
conf/wsdm/NakovMA22,2022,WSDM,inproceedings,"Fact-Checking, Fake News, Propaganda, Media Bias, and the COVID-19 Infodemic.",Preslav Nakov|Giovanni Da San Martino|Firoj Alam
conf/wsdm/FuXZZ21,2021,WSDM,inproceedings,WSDM 2021 Tutorial on Conversational Recommendation Systems.,Zuohui Fu|Yikun Xian|Yongfeng Zhang 0003|Yi Zhang 0001
conf/wsdm/SekulicAC22,2022,WSDM,inproceedings,Evaluating Mixed-initiative Conversational Search Systems via User Simulation.,Ivan Sekulic|Mohammad Aliannejadi|Fabio Crestani
conf/wsdm/DanilukRG021,2021,WebTour@WSDM,inproceedings,Modeling Multi-Destination Trips with Sketch-Based Model.,Michal Daniluk|Barbara Rychalska|Konrad Goluchowski|Jacek Dabrowski 0004
conf/wsdm/YangTNPF23,2023,WSDM,inproceedings,"""Just To See You Smile"": SMILEY, a Voice-Guided GUY GAN.",Qi Yang 0005|Christos Tzelepis|Sergey I. Nikolenko|Ioannis Patras|Aleksandr Farseev
conf/wsdm/RoblesMPPM24,2024,WSDM,inproceedings,Preserving Heritage: Developing a Translation Tool for Indigenous Dialects.,Melissa Robles|Cristian A. Mart|Juan Camilo Prieto|Sara Palacios|Rub
conf/wsdm/CohenSJA21,2021,WSDM,inproceedings,A Black-Box Attack Model for Visually-Aware Recommender Systems.,Rami Cohen|Oren Sar Shalom|Dietmar Jannach|Amihood Amir
conf/wsdm/ZhangPZBC19,2019,WSDM,inproceedings,Interaction Embeddings for Prediction and Explanation in Knowledge Graphs.,Wen Zhang 0015|Bibek Paudel|Wei Zhang 0127|Abraham Bernstein|Huajun Chen
conf/wsdm/LiuGLTYH20,2020,WSDM,inproceedings,End-to-End Deep Reinforcement Learning based Recommendation with Supervised Embedding.,Feng Liu 0034|Huifeng Guo|Xutao Li 0003|Ruiming Tang|Yunming Ye|Xiuqiang He 0001
conf/wsdm/HangDZSWZ22,2022,WSDM,inproceedings,Outside In: Market-aware Heterogeneous Graph Neural Network for Employee Turnover Prediction.,Jinquan Hang|Zheng Dong|Hongke Zhao|Xin Song|Peng Wang 0173|Hengshu Zhu
conf/wsdm/RegevJ024,2024,WSDM,inproceedings,Future Timelines: Extraction and Visualization of Future-related Content From News Articles.,Juwal Regev|Adam Jatowt|Michael F
conf/wsdm/WangJ23,2023,WSDM,inproceedings,Uncertainty Quantification for Fairness in Two-Stage Recommender Systems.,Lequn Wang|Thorsten Joachims
conf/wsdm/FarfadeVCM24,2024,WSDM,inproceedings,Scaling Use-case Based Shopping using LLMs.,Sachin Farfade|Sachin Vernekar|Vineet Chaoji|Rajdeep Mukherjee
conf/wsdm/IshiharaGM21,2021,WebTour@WSDM,inproceedings,Weighted Averaging of Various LSTM Models for Next Destination Recommendation.,Shotaro Ishihara|Shuhei Goda|Yuya Matsumura
conf/wsdm/TruongSL21,2021,WSDM,inproceedings,Bilateral Variational Autoencoder for Collaborative Filtering.,Quoc-Tuan Truong|Aghiles Salah|Hady W. Lauw
conf/wsdm/BurySS18,2018,WSDM,inproceedings,Sketch 'Em All: Fast Approximate Similarity Search for Dynamic Data Streams.,Marc Bury|Chris Schwiegelshohn|Mara Sorella
conf/wsdm/LiuCS024,2024,WSDM,inproceedings,ONCE: Boosting Content-based Recommendation with Both Open- and Closed-source Large Language Models.,Qijiong Liu|Nuo Chen 0004|Tetsuya Sakai|Xiao-Ming Wu 0003
conf/wsdm/ZhaoZZLZ22,2022,WSDM,inproceedings,Joint Learning of E-commerce Search and Recommendation with a Unified Graph Neural Network.,Kai Zhao 0009|Yukun Zheng|Tao Zhuang|Xiang Li 0107|Xiaoyi Zeng
conf/wsdm/KimKO19,2019,WSDM,inproceedings,Homogeneity-Based Transmissive Process to Model True and False News in Social Networks.,Jooyeon Kim|Dongkwan Kim 0001|Alice Oh
conf/wsdm/KuflikMW21,2021,WebTour@WSDM,inproceedings,Tourist recommendations with a touch of SPICE: A TRS with Deep Cultural Understanding.,Tsvi Kuflik|Paul Mulholland|Alan J. Wecker
conf/wsdm/RageshSIBL21,2021,WSDM,inproceedings,HeteGCN: Heterogeneous Graph Convolutional Networks for Text Classification.,Rahul Ragesh|Sundararajan Sellamanickam|Arun Iyer|Ramakrishna Bairi|Vijay Lingam
conf/wsdm/Deng0D22,2022,WSDM,inproceedings,Improving Personalized Search with Dual-Feedback Network.,Chenlong Deng|Yujia Zhou 0002|Zhicheng Dou
conf/wsdm/Chen0SXY21,2021,WSDM,inproceedings,Temporal Meta-path Guided Explainable Recommendation.,Hongxu Chen 0002|Yicong Li 0001|Xiangguo Sun|Guandong Xu|Hongzhi Yin
conf/wsdm/LiuLSYZ23,2023,WSDM,inproceedings,Multimodal Pre-Training with Self-Distillation for Product Understanding in E-Commerce.,Shilei Liu|Lin Li|Jun Song|Yonghua Yang|Xiaoyi Zeng
conf/wsdm/ShethMKC024,2024,WSDM,inproceedings,Causality Guided Disentanglement for Cross-Platform Hate Speech Detection.,Paras Sheth|Raha Moraffah|Tharindu S. Kumarage|Aman Chadha|Huan Liu 0001
conf/wsdm/SunLLRGN20,2020,WSDM,inproceedings,LARA: Attribute-to-feature Adversarial Learning for New-item Recommendation.,Changfeng Sun|Han Liu|Meng Liu 0006|Zhaochun Ren|Tian Gan 0002|Liqiang Nie
conf/wsdm/AfzaliDB023,2023,WSDM,inproceedings,UserSimCRS: A User Simulation Toolkit for Evaluating Conversational Recommender Systems.,Jafar Afzali|Aleksander Mark Drzewiecki|Krisztian Balog|Shuo Zhang 0006
conf/wsdm/DongZHTZZ23,2023,WSDM,inproceedings,Active Ensemble Learning for Knowledge Graph Error Detection.,Junnan Dong|Qinggang Zhang|Xiao Huang 0001|Qiaoyu Tan|Daochen Zha|Zihao Zhao
conf/wsdm/WanNMM20,2020,WSDM,inproceedings,Addressing Marketing Bias in Product Recommendations.,Mengting Wan|Jianmo Ni|Rishabh Misra|Julian J. McAuley
conf/wsdm/JuYQSSZ22,2022,WSDM,inproceedings,KGNN: Harnessing Kernel-based Networks for Semi-supervised Graph Classification.,Wei Ju 0001|Junwei Yang|Meng Qu|Weiping Song|Jianhao Shen|Ming Zhang 0004
conf/wsdm/DasSVWX24,2024,WSDM,inproceedings,Applications of LLMs in E-Commerce Search and Product Knowledge Graph: The DoorDash Case Study.,Sudeep Das|Raghav Saboo|Chaitanya S. K. Vadrevu|Bruce Wang|Steven Xu
conf/wsdm/Fang00L0C23,2023,WSDM,inproceedings,Cooperative Explanations of Graph Neural Networks.,Junfeng Fang|Xiang Wang 0010|An Zhang 0003|Zemin Liu|Xiangnan He 0001|Tat-Seng Chua
conf/wsdm/ChenLJJDH24,2024,WSDM,inproceedings,Towards Mitigating Dimensional Collapse of Representations in Collaborative Filtering.,Huiyuan Chen|Vivian Lai|Hongye Jin|Zhimeng Jiang|Mahashweta Das|Xia Hu 0001
conf/wsdm/0022SCZ21,2021,WSDM,inproceedings,Personalized Food Recommendation as Constrained Question Answering over a Large-scale Food Knowledge Graph.,Yu Chen 0022|Ananya Subburathinam|Ching-Hua Chen|Mohammed J. Zaki
conf/wsdm/LentiMM24,2024,WSDM,inproceedings,Likelihood-Based Methods Improve Parameter Estimation in Opinion Dynamics Models.,Jacopo Lenti|Corrado Monti|Gianmarco De Francisci Morales
conf/wsdm/EbrahimiVPN18,2018,WSDM,inproceedings,Predicting Audio Advertisement Quality.,Samaneh Ebrahimi 0001|Hossein Vahabi|Matthew Prockup|Oriol Nieto
conf/wsdm/SagtaniJMJ24,2024,WSDM,inproceedings,Ad-load Balancing via Off-policy Learning in a Content Marketplace.,Hitesh Sagtani|Madan Gopal Jhawar|Rishabh Mehrotra|Olivier Jeunen
conf/wsdm/TepperHBRL18,2018,WSDM,inproceedings,Collabot: Personalized Group Chat Summarization.,Naama Tepper|Anat Hashavit|Maya Barnea|Inbal Ronen|Lior Leiba
conf/wsdm/ShishkinBFDG20,2020,WSDM,inproceedings,Text Recognition Using Anonymous CAPTCHA Answers.,Alexander Shishkin|Anastasia A. Bezzubtseva|Valentina Fedorova|Alexey Drutsa|Gleb Gusev
conf/wsdm/PetrovM21,2021,WebTour@WSDM,inproceedings,Attention-based neural re-ranking approach for next city in trip recommendations.,Aleksandr V. Petrov|Yuriy Makarov
conf/wsdm/SariyuceP18,2018,WSDM,inproceedings,Peeling Bipartite Networks for Dense Subgraph Discovery.,Ahmet Erdem Sariy|Ali Pinar
conf/wsdm/ShinKSS22,2022,WSDM,inproceedings,"Finding a Concise, Precise, and Exhaustive Set of Near Bi-Cliques in Dynamic Graphs.",Hyeonjeong Shin|Taehyung Kwon|Neil Shah|Kijung Shin
conf/wsdm/YinBL19,2019,WSDM,inproceedings,The Local Closure Coefficient: A New Perspective On Network Clustering.,Hao Yin|Austin R. Benson|Jure Leskovec
conf/wsdm/KicimanS19,2019,WSDM,inproceedings,Causal Inference and Counterfactual Reasoning (3hr Tutorial).,Emre Kiciman|Amit Sharma 0007
conf/wsdm/LiL020,2020,WSDM,inproceedings,Incremental Filter Pruning via Random Walk for Accelerating Deep Convolutional Neural Networks.,Qinghua Li|Cuiping Li 0001|Hong Chen 0001
conf/wsdm/LiYM20,2020,WSDM,inproceedings,Learning with Small Data.,Zhenhui Li|Huaxiu Yao|Fenglong Ma
conf/wsdm/LuoHP23,2023,WSDM,inproceedings,Graph Sequential Neural ODE Process for Link Prediction on Dynamic and Sparse Graphs.,Linhao Luo|Gholamreza Haffari|Shirui Pan
conf/wsdm/ZhangLLXZ22,2022,WSDM,inproceedings,Leaving No One Behind: A Multi-Scenario Multi-Task Meta Learning Approach for Advertiser Modeling.,Qianqian Zhang|Xinru Liao|Quan Liu 0008|Jian Xu 0015|Bo Zheng 0007
conf/wsdm/HibshmanGSW21,2021,WSDM,inproceedings,Joint Subgraph-to-Subgraph Transitions: Generalizing Triadic Closure for Powerful and Interpretable Graph Modeling.,Justus Isaiah Hibshman|Daniel Gonzalez 0001|Satyaki Sikdar|Tim Weninger
conf/wsdm/BayirXZS19,2019,WSDM,inproceedings,Genie: An Open Box Counterfactual Policy Estimator for Optimizing Sponsored Search Marketplace.,Murat Ali Bayir|Mingsen Xu|Yaojia Zhu|Yifan Shi
conf/wsdm/ZhaoLZW23,2023,WSDM,inproceedings,Towards Faithful and Consistent Explanations for Graph Neural Networks.,Tianxiang Zhao 0001|Dongsheng Luo|Xiang Zhang 0001|Suhang Wang
conf/wsdm/DuY00023,2023,WSDM,inproceedings,IDNP: Interest Dynamics Modeling Using Generative Neural Processes for Sequential Recommendation.,Jing Du 0003|Zesheng Ye|Bin Guo 0001|Zhiwen Yu 0001|Lina Yao 0001
conf/wsdm/JainBCV19,2019,WSDM,inproceedings,Slice: Scalable Linear Extreme Classifiers Trained on 100 Million Labels for Related Searches.,Himanshu Jain|Venkatesh Balasubramanian|Bhanu Chunduri|Manik Varma
conf/wsdm/TruongL23,2023,WSDM,inproceedings,Concept-Oriented Transformers for Visual Sentiment Analysis.,Quoc-Tuan Truong|Hady W. Lauw
conf/wsdm/LiaoYS23,2023,WSDM,inproceedings,Proactive Conversational Agents.,Lizi Liao|Grace Hui Yang|Chirag Shah 0001
conf/wsdm/Zhou0VET22,2022,WSDM,inproceedings,Learning Transferable Node Representations for Attribute Extraction from Web Documents.,Yichao Zhou 0001|Ying Sheng 0002|Nguyen Vo|Nick Edmonds|Sandeep Tata
conf/wsdm/ManousakasM21,2021,WSDM,inproceedings,β-Cores: Robust Large-Scale Bayesian Data Summarization in the Presence of Outliers.,Dionysis Manousakas|Cecilia Mascolo
conf/wsdm/SankarWGZY20,2020,WSDM,inproceedings,DySAT: Deep Neural Representation Learning on Dynamic Graphs via Self-Attention Networks.,Aravind Sankar|Yanhong Wu|Liang Gou|Wei Zhang 0189|Hao Yang 0007
conf/wsdm/KeCW22,2022,WSDM,inproceedings,An Unsupervised Detection Framework for Chinese Jargons in the Darknet.,Liang Ke|Xinyu Chen|Haizhou Wang 0001
conf/wsdm/AzarbonyadSW19,2019,WSDM,inproceedings,Domain Adaptation for Commitment Detection in Email.,Hosein Azarbonyad|Robert Sim|Ryen W. White
conf/wsdm/Jin0L024,2024,WSDM,inproceedings,Bridging Text Data and Graph Data: Towards Semantics and Structure-aware Knowledge Discovery.,Bowen Jin|Yu Zhang 0044|Sha Li|Jiawei Han 0001
conf/wsdm/KoopmanZ19,2019,WSDM,inproceedings,WSDM 2019 Tutorial on Health Search (HS2019): A Full-Day from Consumers to Clinicians.,Bevan Koopman|Guido Zuccon
conf/wsdm/UpadhyayDPG19,2019,WSDM,inproceedings,On the Complexity of Opinions and Online Discussions.,Utkarsh Upadhyay|Abir De|Aasish Pappu|Manuel Gomez-Rodriguez
conf/wsdm/ShuWL19,2019,WSDM,inproceedings,Beyond News Contents: The Role of Social Context for Fake News Detection.,Kai Shu|Suhang Wang|Huan Liu 0001
conf/wsdm/ChengG022,2022,WSDM,inproceedings,Estimating Causal Effects of Multi-Aspect Online Reviews with Multi-Modal Proxies.,Lu Cheng 0001|Ruocheng Guo|Huan Liu 0001
conf/wsdm/LuoZACY023,2023,WSDM,inproceedings,Model-based Unbiased Learning to Rank.,Dan Luo 0004|Lixin Zou|Qingyao Ai|Zhiyu Chen 0001|Dawei Yin 0001|Brian D. Davison 0001
conf/wsdm/LeL21,2021,WSDM,inproceedings,Explainable Recommendation with Comparative Constraints on Product Aspects.,Trung-Hoang Le|Hady W. Lauw
conf/wsdm/BeigiGNZ019,2019,WSDM,inproceedings,Protecting User Privacy: An Approach for Untraceable Web Browsing History and Unambiguous User Profiles.,Ghazaleh Beigi|Ruocheng Guo|Alexander Nou|Yanchao Zhang|Huan Liu 0001
conf/wsdm/0003S20,2020,WSDM,inproceedings,The Power of Pivoting for Exact Clique Counting.,Shweta Jain 0003|C. Seshadhri 0001
conf/wsdm/ZhaoZF21,2021,WSDM,inproceedings,Towards Scalable Spectral Embedding and Data Visualization via Spectral Coarsening.,Zhiqiang Zhao|Ying Zhang|Zhuo Feng
conf/wsdm/MaGZFJC21,2021,WSDM,inproceedings,PROP: Pre-training with Representative Words Prediction for Ad-hoc Retrieval.,Xinyu Ma|Jiafeng Guo|Ruqing Zhang 0001|Yixing Fan|Xiang Ji|Xueqi Cheng
conf/wsdm/SchedlMSHL24,2024,WSDM,inproceedings,Psychology-informed Information Access Systems Workshop.,Markus Schedl|Marta Moscati|Bruno Sguerra|Romain Hennequin|Elisabeth Lex
conf/wsdm/GangulyVSPJ21,2021,WSDM,inproceedings,Overview of the Supporting and Understanding of Conversational Dialogues (SUD) Workshop.,Debasis Ganguly|Manisha Verma|Procheta Sen|Dipasree Pal|Gareth J. F. Jones
conf/wsdm/GuDWY20,2020,WSDM,inproceedings,Hierarchical User Profiling for E-commerce Recommender Systems.,Yulong Gu|Zhuoye Ding|Shuaiqiang Wang|Dawei Yin 0001
conf/wsdm/JinDW0LT21,2021,WSDM,inproceedings,Node Similarity Preserving Graph Convolutional Networks.,Wei Jin 0009|Tyler Derr|Yiqi Wang 0001|Yao Ma 0001|Zitao Liu 0001|Jiliang Tang
conf/wsdm/FairsteinHLL22,2022,WSDM,inproceedings,External Evaluation of Ranking Models under Extreme Position-Bias.,Yaron Fairstein|Elad Haramaty|Arnon Lazerson|Liane Lewin-Eytan
conf/wsdm/YangLZTC24,2024,WSDM,inproceedings,GAP: A Grammar and Position-Aware Framework for Efficient Recognition of Multi-Line Mathematical Formulas.,Zhe Yang|Qi Liu 0003|Kai Zhang 0038|Shiwei Tong|Enhong Chen
conf/wsdm/FeyisetanB20,2020,PrivateNLP@WSDM,inproceedings,Privacy-Preserving Textual Analysis via Calibrated Perturbations.,Oluwaseyi Feyisetan|Borja Balle
conf/wsdm/HuangKMRS23,2023,WSDM,inproceedings,Global Counterfactual Explainer for Graph Neural Networks.,Zexi Huang|Mert Kosan|Sourav Medya|Sayan Ranu|Ambuj K. Singh
conf/wsdm/WangLC24,2024,WSDM,inproceedings,Fresh Content Recommendation at Scale: A Multi-funnel Solution and the Potential of LLMs.,Jianling Wang|Haokai Lu|Minmin Chen
conf/wsdm/HuangRZHWD19,2019,WSDM,inproceedings,Taxonomy-Aware Multi-Hop Reasoning Networks for Sequential Recommendation.,Jin Huang 0010|Zhaochun Ren|Wayne Xin Zhao|Gaole He|Ji-Rong Wen|Daxiang Dong
conf/wsdm/ZhouZZ19,2019,WSDM,inproceedings,The 1st International Workshop on Context-Aware Recommendation Systems with Big Data Analytics (CARS-BDA).,Xiangmin Zhou|Ji Zhang 0001|Yanchun Zhang
conf/wsdm/ZhuLCZ24,2024,WSDM,inproceedings,The Devil is in the Data: Learning Fair Graph Neural Networks via Partial Knowledge Distillation.,Yuchang Zhu|Jintang Li|Liang Chen 0001|Zibin Zheng
conf/wsdm/WangHLS23,2023,WSDM,inproceedings,Graph Explicit Neural Networks: Explicitly Encoding Graphs for Efficient and Accurate Inference.,Yiwei Wang 0001|Bryan Hooi|Yozen Liu|Neil Shah
conf/wsdm/XuRKKA20,2020,WSDM,inproceedings,Product Knowledge Graph Embedding for E-commerce.,Da Xu|Chuanwei Ruan|Evren K|Sushant Kumar|Kannan Achan
conf/wsdm/PangAX21,2021,WSDM,inproceedings,Beyond Probability Ranking Principle: Modeling the Dependencies among Documents.,Liang Pang 0001|Qingyao Ai|Jun Xu 0001
conf/wsdm/KimKSK24,2024,WSDM,inproceedings,MONET: Modality-Embracing Graph Convolutional Network and Target-Aware Attention for Multimedia Recommendation.,Yungi Kim|Taeri Kim 0001|Won-Yong Shin|Sang-Wook Kim
conf/wsdm/ChakrabortyRMD23,2023,WSDM,inproceedings,Learning and Maximizing Influence in Social Networks Under Capacity Constraints.,Pritish Chakraborty|Sayan Ranu|Krishna Sri Ipsit Mantri|Abir De
conf/wsdm/YongDS23,2023,WSDM,inproceedings,DOCoR: Document-level OpenIE with Coreference Resolution.,Shan Jie Yong|Kuicai Dong|Aixin Sun
conf/wsdm/QuT018,2018,WSDM,inproceedings,Curriculum Learning for Heterogeneous Star Network Embedding via Deep Reinforcement Learning.,Meng Qu|Jian Tang 0005|Jiawei Han 0001
conf/wsdm/LiuZSW023,2023,WSDM,inproceedings,WSDM 2023 Workshop on Interactive Recommender Systems.,Yong Liu 0020|Hao Zhang 0048|Zhu Sun 0001|Shoujin Wang|Jie Zhang 0002
conf/wsdm/DeldariSMKSM24,2024,WSDM,inproceedings,CroSSL: Cross-modal Self-Supervised Learning for Time-series through Latent Masking.,Shohreh Deldari|Dimitris Spathis|Mohammad Malekzadeh|Fahim Kawsar|Flora D. Salim|Akhil Mathur
conf/wsdm/ZhangW023,2023,WSDM,inproceedings,Disentangled Representation for Diversified Recommendations.,Xiaoying Zhang|Hongning Wang|Hang Li 0001
conf/wsdm/ZhengMLSZM20,2020,WSDM,inproceedings,Investigating Examination Behavior in Mobile Search.,Yukun Zheng|Jiaxin Mao|Yiqun Liu 0001|Mark Sanderson|Min Zhang 0006|Shaoping Ma
conf/wsdm/DrutsaFUMZB20,2020,WSDM,inproceedings,"Practice of Efficient Data Collection via Crowdsourcing: Aggregation, Incremental Relabelling, and Pricing.",Alexey Drutsa|Valentina Fedorova|Dmitry Ustalov|Olga Megorskaya|Evfrosiniya Zerminova|Daria Baidakova
conf/wsdm/ShenCCZX22,2022,WSDM,inproceedings,Diversified Query Generation Guided by Knowledge Graph.,Xinyao Shen|Jiangjie Chen|Jiaze Chen|Chun Zeng|Yanghua Xiao
conf/wsdm/ChenZWLX24,2024,WSDM,inproceedings,TemporalMed: Advancing Medical Dialogues with Time-Aware Responses in Large Language Models.,Yuyan Chen|Jin Zhao 0004|Zhihao Wen|Zhixu Li|Yanghua Xiao
conf/wsdm/GhosalSH20,2020,HSDM@WSDM,inproceedings,Lung Nodule Classification Using Convolutional Autoencoder and Clustering Augmented Learning Method(CALM).,Soumya Suvra Ghosal|Indranil Sarkar|Issmail El Hallaoui
conf/wsdm/ChenWQM20,2020,WSDM,inproceedings,Parameter Tuning in Personal Search Systems.,Suming J. Chen|Xuanhui Wang|Zhen Qin 0001|Donald Metzler
conf/wsdm/ChowdhuryTFW18,2018,WSDM,inproceedings,VISIR: Visual and Semantic Image Label Refinement.,Sreyasi Nag Chowdhury|Niket Tandon|Hakan Ferhatosmanoglu|Gerhard Weikum
conf/wsdm/Clarke0A23,2023,WSDM,inproceedings,Preference-Based Offline Evaluation.,Charles L. A. Clarke|Fernando Diaz 0001|Negar Arabzadeh
conf/wsdm/WangZHXGL18,2018,WSDM,inproceedings,SHINE: Signed Heterogeneous Information Network Embedding for Sentiment Link Prediction.,Hongwei Wang 0004|Fuzheng Zhang|Min Hou 0004|Xing Xie 0001|Minyi Guo|Qi Liu 0003
conf/wsdm/LiouCTHC21,2021,WSDM,inproceedings,FinSense: An Assistant System for Financial Journalists and Investors.,Yi-Ting Liou|Chung-Chi Chen 0001|Tsun-Hsien Tang|Hen-Hsen Huang|Hsin-Hsi Chen
conf/wsdm/KlettiRL22,2022,WSDM,inproceedings,Introducing the Expohedron for Efficient Pareto-optimal Fairness-Utility Amortizations in Repeated Rankings.,Till Kletti|Jean-Michel Renders|Patrick Loiseau
conf/wsdm/RakeshWSL19,2019,WSDM,inproceedings,Linked Variational AutoEncoders for Inferring Substitutable and Supplementary Items.,Vineeth Rakesh|Suhang Wang|Kai Shu|Huan Liu 0001
conf/wsdm/ShuWTWL18,2018,WSDM,inproceedings,CrossFire: Cross Media Joint Friend and Item Recommendations.,Kai Shu|Suhang Wang|Jiliang Tang|Yilin Wang 0002|Huan Liu 0001
conf/wsdm/Xie0YZDH24,2024,WSDM,inproceedings,Making Small Language Models Better Multi-task Learners with Mixture-of-Task-Adapters.,Yukang Xie|Chengyu Wang 0001|Junbing Yan|Jiyong Zhou|Feiqi Deng|Jun Huang 0007
conf/wsdm/Vedula021,2021,WSDM,inproceedings,FACE-KEG: Fact Checking Explained using KnowledgE Graphs.,Nikhita Vedula|Srinivasan Parthasarathy 0001
conf/wsdm/ParkLMCFD22,2022,WSDM,inproceedings,EvoKG: Jointly Modeling Event Time and Network Structure for Reasoning over Temporal Knowledge Graphs.,Namyong Park 0001|Fuchen Liu|Purvanshi Mehta|Dana Cristofor|Christos Faloutsos|Yuxiao Dong
conf/wsdm/Derr0RSP23,2023,WSDM,inproceedings,The 3rd International Workshop on Machine Learning on Graphs (MLoG).,Tyler Derr|Yao Ma 0001|Benedek Rozemberczki|Neil Shah|Shirui Pan
conf/wsdm/PrabhuKGV20,2020,WSDM,inproceedings,Extreme Regression for Dynamic Search Advertising.,Yashoteja Prabhu|Aditya Kusupati|Nilesh Gupta|Manik Varma
conf/wsdm/GomezC24,2024,WSDM,inproceedings,Framework for Bias Detection in Machine Learning Models: A Fairness Approach.,Alveiro Alonso Rosado Gomez|Maritza Liliana Calder
conf/wsdm/JagermanKPQBN21,2021,WSDM,inproceedings,Improving Cloud Storage Search with User Activity.,Rolf Jagerman|Weize Kong|Rama Kumar Pasumarthi|Zhen Qin 0001|Michael Bendersky|Marc Najork
conf/wsdm/Jhaveri0V19,2019,WSDM,inproceedings,clstk: The Cross-Lingual Summarization Tool-Kit.,Nisarg Jhaveri|Manish Gupta 0001|Vasudeva Varma
conf/wsdm/SpitzAG19,2019,WSDM,inproceedings,TopExNet: Entity-Centric Network Topic Exploration in News Streams.,Andreas Spitz|Satya Almasian|Michael Gertz 0001
conf/wsdm/StamenkovicKAXK22,2022,WSDM,inproceedings,Choosing the Best of Both Worlds: Diverse and Novel Recommendations through Multi-Objective Reinforcement Learning.,Dusan Stamenkovic|Alexandros Karatzoglou|Ioannis Arapakis|Xin Xin 0003|Kleomenis Katevas
conf/wsdm/WangLHCCH20,2020,WSDM,inproceedings,Time to Shop for Valentine's Day: Shopping Occasions and Sequential Recommendation in E-commerce.,Jianling Wang|Raphael Louca|Diane Hu|Caitlin Cellier|James Caverlee|Liangjie Hong
conf/wsdm/BhallaLM23,2023,WSDM,inproceedings,Local Edge Dynamics and Opinion Polarization.,Nikita Bhalla|Adam Lechowicz|Cameron Musco
conf/wsdm/YuPXZ023,2023,WSDM,inproceedings,Web of Conferences: A Conference Knowledge Graph.,Shuo Yu 0001|Ciyuan Peng|Chengchuan Xu|Chen Zhang 0032|Feng Xia 0001
conf/wsdm/FlaggFMM21,2021,WSDM,inproceedings,Real-time Streaming of Gait Assessment for Parkinson's Disease.,Cristopher Flagg|Ophir Frieder|Sean MacAvaney|Gholam Motamedi
conf/wsdm/KornilovaB21,2021,WSDM,inproceedings,Mining the Stars: Learning Quality Ratings with User-facing Explanations for Vacation Rentals.,Anastasiia Kornilova|Lucas Bernardi
conf/wsdm/XuRCKKA20,2020,WSDM,inproceedings,Knowledge-aware Complementary Product Representation Learning.,Da Xu|Chuanwei Ruan|Jason H. D. Cho|Evren K|Sushant Kumar|Kannan Achan
conf/wsdm/YuanKAJ019,2019,WSDM,inproceedings,A Simple Convolutional Generative Network for Next Item Recommendation.,Fajie Yuan|Alexandros Karatzoglou|Ioannis Arapakis|Joemon M. Jose|Xiangnan He 0001
conf/wsdm/WuSDHC19,2019,WSDM,inproceedings,Neural Tensor Factorization for Temporal Interaction Learning.,Xian Wu 0003|Baoxu Shi|Yuxiao Dong|Chao Huang 0001|Nitesh V. Chawla
conf/wsdm/Lin0Y18,2018,WSDM,inproceedings,"The 5th International Workshop on Social Web for Disaster Management(SWDM'18): Collective Sensing, Trust, and Resilience in Global Crises.",Yu-Ru Lin|Carlos Castillo 0001|Jie Yin 0001
conf/wsdm/Benson0T18,2018,WSDM,inproceedings,A Discrete Choice Model for Subset Selection.,Austin R. Benson|Ravi Kumar 0001|Andrew Tomkins
conf/wsdm/ArnaoutNRW23,2023,WSDM,inproceedings,UnCommonSense in Action! Informative Negations for Commonsense Knowledge Bases.,Hiba Arnaout|Tuan-Phong Nguyen|Simon Razniewski|Gerhard Weikum
conf/wsdm/ZhuSZWMN24,2024,WSDM,inproceedings,Collaboration and Transition: Distilling Item Transitions into Multi-Query Self-Attention for Sequential Recommendation.,Tianyu Zhu|Yansong Shi|Yuan Zhang 0024|Yihong Wu 0006|Fengran Mo|Jian-Yun Nie
conf/wsdm/XieLRHZM18,2018,WSDM,inproceedings,Why People Search for Images using Web Search Engines.,Xiaohui Xie|Yiqun Liu 0001|Maarten de Rijke|Jiyin He|Min Zhang 0006|Shaoping Ma
conf/wsdm/MaLWT0C24,2024,WSDM,inproceedings,Leveraging Multimodal Features and Item-level User Feedback for Bundle Construction.,Yunshan Ma 0002|Xiaohao Liu|Yinwei Wei|Zhulin Tao|Xiang Wang 0010|Tat-Seng Chua
conf/wsdm/Pan0T0021,2021,WSDM,inproceedings,Unsupervised Attributed Network Embedding via Cross Fusion.,Guosheng Pan|Yuan Yao 0001|Hanghang Tong|Feng Xu 0007|Jian Lu 0001
conf/wsdm/HoPKBW20,2020,WSDM,inproceedings,"Entities with Quantities: Extraction, Search, and Ranking.",Vinh Thinh Ho|Koninika Pal|Niko Kleer|Klaus Berberich|Gerhard Weikum
conf/wsdm/ShirzadkhaniHKR24,2024,WSDM,inproceedings,Temporal Graph Analysis with TGX.,Razieh Shirzadkhani|Shenyang Huang|Elahe Kooshafar|Reihaneh Rabbany|Farimah Poursafaei
conf/wsdm/ZengSLS19,2019,WSDM,inproceedings,Attitude Detection for One-Round Conversation: Jointly Extracting Target-Polarity Pairs.,Zhaohao Zeng|Ruihua Song|Pingping Lin|Tetsuya Sakai
conf/wsdm/ChenXLC18,2018,WSDM,inproceedings,WSDM Cup 2018: Music Recommendation and Churn Prediction.,Yian Chen|Xing Xie 0001|Shou-De Lin|Arden Chiu
conf/wsdm/YangBGHE18,2018,WSDM,inproceedings,OpenRec: A Modular Framework for Extensible and Adaptable Recommendation Algorithms.,Longqi Yang 0001|Eugene Bagdasaryan|Joshua Gruenstein|Cheng-Kang Hsieh|Deborah Estrin
conf/wsdm/MehdyM20,2020,PrivateNLP@WSDM,inproceedings,A User-Centric and Sentiment Aware Privacy-Disclosure Detection Framework based on Multi-input Neural Network.,A. K. M. Nuhil Mehdy|Hoda Mehrpouyan
conf/wsdm/HassonNFA21,2021,WSDM,inproceedings,Category Recognition in E-Commerce using Sequence-to-Sequence Hierarchical Classification.,Idan Hasson|Slava Novgorodov|Gilad Fuchs|Yoni Acriche
conf/wsdm/XuTLHB18,2018,WSDM,inproceedings,GTA,Jiejun Xu|Hanghang Tong|Tsai-Ching Lu|Jingrui He|Nadya Bliss
conf/wsdm/WangCN22,2022,WSDM,inproceedings,A New Class of Polynomial Activation Functions of Deep Learning for Precipitation Forecasting.,Jiachuan Wang|Lei Chen 0002|Charles Wang Wai Ng
conf/wsdm/FeyisetanBDD20a,2020,PrivateNLP@WSDM,inproceedings,Calibrating Mechanisms for Privacy Preserving Text Analysis.,Oluwaseyi Feyisetan|Borja Balle|Tom Diethe|Thomas Drake
conf/wsdm/ChenCXC21,2021,WSDM,inproceedings,User Response Models to Improve a REINFORCE Recommender System.,Minmin Chen|Bo Chang 0002|Can Xu|Ed H. Chi
conf/wsdm/RajGDSSV24,2024,WSDM,inproceedings,"""Maya""- A Conversational Shopping Assistant for Fashion at Myntra.",Akhil Raj|Hrishikesh Ganu|Saikat Kumar Das|R. Sandeep|Satyajeet Singh|Sreekanth Vempati
conf/wsdm/DaiW21,2021,WSDM,inproceedings,Say No to the Discrimination: Learning Fair Graph Neural Networks with Limited Sensitive Attribute Information.,Enyan Dai|Suhang Wang
conf/wsdm/GuptaSDFM20,2020,WSDM,inproceedings,"Challenges, Best Practices and Pitfalls in Evaluating Results of Online Controlled Experiments.",Somit Gupta|Xiaolin Shi|Pavel A. Dmitriev|Xin Fu|Avijit Mukherjee
conf/wsdm/Fan0HH22,2022,WSDM,inproceedings,Building Multi-turn Query Interpreters for E-commercial Chatbots with Sparse-to-dense Attentive Modeling.,Yan Fan|Chengyu Wang 0001|Peng He|Yunhua Hu
conf/wsdm/LiCCC020,2020,WSDM,inproceedings,Interpretable Click-Through Rate Prediction through Hierarchical Attention.,Zeyu Li 0001|Wei Cheng 0002|Yang Chen 0063|Haifeng Chen|Wei Wang 0010
conf/wsdm/AnandKSZZ19,2019,WSDM,inproceedings,Asynchronous Training of Word Embeddings for Large Text Corpora.,Avishek Anand|Megha Khosla|Jaspreet Singh|Jan-Hendrik Zab|Zijian Zhang 0006
conf/wsdm/Song0WCZT19,2019,WSDM,inproceedings,Session-Based Social Recommendation via Dynamic Graph Attention Networks.,Weiping Song|Zhiping Xiao 0001|Yifan Wang 0014|Laurent Charlin|Ming Zhang 0004|Jian Tang 0005
conf/wsdm/PonzaCFMK21,2021,WSDM,inproceedings,Contextualizing Trending Entities in News Stories.,Marco Ponza|Diego Ceccarelli|Paolo Ferragina|Edgar Meij|Sambhav Kothari
conf/wsdm/Derr0FLAT20,2020,WSDM,inproceedings,Epidemic Graph Convolutional Network.,Tyler Derr|Yao Ma 0001|Wenqi Fan|Xiaorui Liu|Charu C. Aggarwal|Jiliang Tang
conf/wsdm/StergiouRT18,2018,WSDM,inproceedings,Shortcutting Label Propagation for Distributed Connected Components.,Stergios Stergiou|Dipen Rughwani|Kostas Tsioutsiouliklis
conf/wsdm/YuanZCYR19,2019,WSDM,inproceedings,A State Transition Model for Mobile Notifications via Survival Analysis.,Yiping Yuan|Jing Zhang|Shaunak Chatterjee|Shipeng Yu|R
conf/wsdm/ChatterjeeGA20,2020,WSDM,inproceedings,FAQAugmenter: Suggesting Questions for Enterprise FAQ Pages.,Ankush Chatterjee|Manish Gupta 0001|Puneet Agrawal
conf/wsdm/YaoSDRX18,2018,WSDM,inproceedings,Dynamic Word Embeddings for Evolving Semantic Discovery.,Zijun Yao 0001|Yifan Sun 0001|Weicong Ding|Nikhil Rao 0001|Hui Xiong 0001
conf/wsdm/HiranandaniSKA19,2019,WSDM,inproceedings,Clustered Monotone Transforms for Rating Factorization.,Gaurush Hiranandani|Raghav Somani|Oluwasanmi Koyejo|Sreangsu Acharyya
conf/wsdm/0007SBQ19,2019,WSDM,inproceedings,Intelligent Traffic Analytics: From Monitoring to Controlling.,Sheng Wang 0007|Yunzhuang Shen|Zhifeng Bao|Xiaolin Qin
conf/wsdm/KalifaSGRR22,2022,WSDM,inproceedings,Leveraging World Events to Predict E-Commerce Consumer Demand under Anomaly.,Dan Kalifa|Uriel Singer|Ido Guy|Guy D. Rosin|Kira Radinsky
conf/wsdm/WangSWZ024,2024,WSDM,inproceedings,Dynamic Sparse Learning: A Novel Paradigm for Efficient Recommendation.,Shuyao Wang|Yongduo Sui|Jiancan Wu|Zhi Zheng 0008|Hui Xiong 0001
conf/wsdm/ZhangYCHNC22,2022,WSDM,inproceedings,PipAttack: Poisoning Federated Recommender Systems for Manipulating Item Promotion.,Shijie Zhang|Hongzhi Yin|Tong Chen 0005|Zi Huang|Quoc Viet Hung Nguyen|Lizhen Cui
conf/wsdm/AliSKMR21,2021,WSDM,inproceedings,Ad Delivery Algorithms: The Hidden Arbiters of Political Messaging.,Muhammad Ali 0014|Piotr Sapiezynski|Aleksandra Korolova|Alan Mislove|Aaron Rieke
conf/wsdm/SachdevaWM22,2022,WSDM,inproceedings,On Sampling Collaborative Filtering Datasets.,Noveen Sachdeva|Carole-Jean Wu|Julian J. McAuley
conf/wsdm/TanjimA18,2018,WSDM,inproceedings,sSketch: A Scalable Sketching Technique for PCA in the Cloud.,Md. Mehrab Tanjim|Muhammad Abdullah Adnan
conf/wsdm/BendreDWY21,2021,WSDM,inproceedings,GPR: Global Personalized Restaurant Recommender System Leveraging Billions of Financial Transactions.,Mangesh Bendre|Mahashweta Das|Fei Wang 0062|Hao Yang 0007
conf/wsdm/0001SRC22,2022,WSDM,inproceedings,Translating Human Mobility Forecasting through Natural Language Generation.,Hao Xue 0001|Flora D. Salim|Yongli Ren|Charles L. A. Clarke
conf/wsdm/SawhneyJGS21,2021,WSDM,inproceedings,Towards Ordinal Suicide Ideation Detection on Social Media.,Ramit Sawhney|Harshit Joshi|Saumya Gandhi|Rajiv Ratn Shah
conf/wsdm/FeyisetanBDD20,2020,WSDM,inproceedings,Privacy- and Utility-Preserving Textual Analysis via Calibrated Multivariate Perturbations.,Oluwaseyi Feyisetan|Borja Balle|Thomas Drake|Tom Diethe
conf/wsdm/PelechrinisP18,2018,WSDM,inproceedings,Athlytics: Winning in Sports with Data.,Konstantinos Pelechrinis|Evangelos E. Papalexakis
conf/wsdm/ChitraM20,2020,WSDM,inproceedings,Analyzing the Impact of Filter Bubbles on Social Network Polarization.,Uthsav Chitra|Christopher Musco
conf/wsdm/Gad-Elrab0UW19,2019,WSDM,inproceedings,ExFaKT: A Framework for Explaining Facts over Knowledge Graphs and Text.,Mohamed H. Gad-Elrab|Daria Stepanova 0001|Jacopo Urbani|Gerhard Weikum
conf/wsdm/ChenML0M20,2020,WSDM,inproceedings,A Context-Aware Click Model for Web Search.,Jia Chen 0003|Jiaxin Mao|Yiqun Liu 0001|Min Zhang 0006|Shaoping Ma
conf/wsdm/Wood-DoughtyB22,2022,WSDM,inproceedings,The Incentives Platform at Lyft.,Alex Wood-Doughty|Cameron Bruggeman
conf/wsdm/ZhangSA0ZL23,2023,WSDM,inproceedings,A Semantic Search Framework for Similar Audit Issue Recommendation in Financial Industry.,Chuchu Zhang|Can Song|Samarth Agarwal|Huayu Wu 0001|Xuejie Zhang|John Jianan Lu
conf/wsdm/Li0Y0MX23,2023,WSDM,inproceedings,Exploiting Explicit and Implicit Item relationships for Session-based Recommendation.,Zihao Li 0005|Xianzhi Wang 0001|Chao Yang 0024|Lina Yao 0001|Julian J. McAuley|Guandong Xu
conf/wsdm/WallatJA24,2024,WSDM,inproceedings,Temporal Blind Spots in Large Language Models.,Jonas Wallat|Adam Jatowt|Avishek Anand
conf/wsdm/TaoSCHC21,2021,WSDM,inproceedings,Adversarial Immunization for Certifiable Robustness on Graphs.,Shuchang Tao|Huawei Shen|Qi Cao 0005|Liang Hou|Xueqi Cheng
conf/wsdm/MengLBZ19,2019,WSDM,inproceedings,Co-Embedding Attributed Networks.,Zaiqiao Meng|Shangsong Liang|Hongyan Bao|Xiangliang Zhang 0001
conf/wsdm/FengWLLW24,2024,WSDM,inproceedings,Contextual MAB Oriented Embedding Denoising for Sequential Recommendation.,Zhichao Feng|Pengfei Wang 0009|Kaiyuan Li|Chenliang Li 0005|Shangguang Wang
conf/wsdm/GhazimatinRW19,2019,WSDM,inproceedings,FAIRY: A Framework for Understanding Relationships Between Users' Actions and their Social Feeds.,Azin Ghazimatin|Rishiraj Saha Roy|Gerhard Weikum
conf/wsdm/ChoiJLL21,2021,WSDM,inproceedings,Local Collaborative Autoencoders.,Minjin Choi 0001|Yoonki Jeong|Joonseok Lee|Jongwuk Lee
conf/wsdm/XuHSW22,2022,WSDM,inproceedings,MAF: A General Matching and Alignment Framework for Multimodal Named Entity Recognition.,Bo Xu 0023|Shizhou Huang|Chaofeng Sha|Hongya Wang
conf/wsdm/RazniewskiTV21,2021,WSDM,inproceedings,Information to Wisdom: Commonsense Knowledge Extraction and Compilation.,Simon Razniewski|Niket Tandon|Aparna S. Varde
conf/wsdm/RenKWS18,2018,WSDM,inproceedings,"First Workshop on Knowledge Base Construction, Mining and Reasoning.",Xiang Ren 0001|Craig A. Knoblock|William Yang Wang|Yu Su 0001
conf/wsdm/DuanJ19,2019,WSDM,inproceedings,Across-Time Comparative Summarization of News Articles.,Yijun Duan|Adam Jatowt
conf/wsdm/WangFGCH19,2019,WSDM,inproceedings,Solving the Sparsity Problem in Recommendations via Cross-Domain Item Embedding Based on Co-Clustering.,Yaqing Wang 0004|Chunyan Feng|Caili Guo|Yunfei Chu|Jenq-Neng Hwang
conf/wsdm/WuLZWZM19,2019,WSDM,inproceedings,The Influence of Image Search Intents on User Behavior and Satisfaction.,Zhijing Wu 0001|Yiqun Liu 0001|Qianfan Zhang 0002|Kailu Wu|Min Zhang 0006|Shaoping Ma
conf/wsdm/LiuYXL023,2023,WSDM,inproceedings,Position-Aware Subgraph Neural Networks with Data-Efficient Learning.,Chang Liu 0078|Yuwen Yang|Zhe Xie|Hongtao Lu 0001|Yue Ding 0001
conf/wsdm/ZhouC0LH22,2022,WSDM,inproceedings,AngHNE: Representation Learning for Bipartite Heterogeneous Networks with Angular Loss.,Cangqi Zhou|Hui Chen|Jing Zhang 0015|Qianmu Li|Dianming Hu
conf/wsdm/MasudPDGNC22,2022,WSDM,inproceedings,"Half-Day Tutorial on Combating Online Hate Speech: The Role of Content, Networks, Psychology, User Behavior, etc.",Sarah Masud|Pinkesh Pinkesh|Amitava Das 0001|Manish Gupta 0001|Preslav Nakov|Tanmoy Chakraborty 0002
conf/wsdm/WangHLD22,2022,WSDM,inproceedings,Learning-To-Ensemble by Contextual Rank Aggregation in E-Commerce.,Xuesi Wang|Guangda Huzhang|Qianying Lin|Qing Da
conf/wsdm/JagatapF24,2024,WSDM,inproceedings,Recent Advances in Refinement Recommendations.,Akshay Jagatap|Sachin Farfade
conf/wsdm/AfsharinejadH18,2018,WSDM,inproceedings,Performance Analysis of a Privacy Constrained kNN Recommendation Using Data Sketches.,Armita Afsharinejad|Neil Hurley
conf/wsdm/LiYC22,2022,WSDM,inproceedings,a2RegInf: An Interactive System for Maximizing Influence within Arbitrary Number of Arbitrary Shaped Query Regions.,Hui Li 0005|Qiting Yang|Jiangtao Cui
conf/wsdm/MiaoLZW20,2020,WSDM,inproceedings,Predicting Human Mobility via Attentive Convolutional Network.,Congcong Miao|Ziyan Luo|Fengzhu Zeng|Jilong Wang 0001
conf/wsdm/JiangQX024,2024,WSDM,inproceedings,Incomplete Graph Learning via Attribute-Structure Decoupled Variational Auto-Encoder.,Xinke Jiang|Zidi Qin|Jiarong Xu|Xiang Ao 0001
conf/wsdm/MahajanCLGS21,2021,WSDM,inproceedings,Community Connect: A Mock Social Media Platform to Study Online Behavior.,Khyati Mahajan|Sourav Roy Choudhury|Sara Levens|Tiffany Gallicano|Samira Shaikh
conf/wsdm/RosinGR21,2021,WSDM,inproceedings,Event-Driven Query Expansion.,Guy D. Rosin|Ido Guy|Kira Radinsky
conf/wsdm/YouCWS22,2022,WSDM,inproceedings,Bringing Your Own View: Graph Contrastive Learning without Prefabricated Data Augmentations.,Yuning You|Tianlong Chen 0001|Zhangyang Wang|Yang Shen 0001
conf/wsdm/LiuD0P23,2023,WSDM,inproceedings,GOOD-D: On Unsupervised Graph Out-Of-Distribution Detection.,Yixin Liu 0001|Kaize Ding|Huan Liu 0001|Shirui Pan
conf/wsdm/WangXKZYZ23,2023,WSDM,inproceedings,Reducing Negative Effects of the Biases of Language Models in Zero-Shot Setting.,Xiaosu Wang|Yun Xiong|Beichen Kang|Yao Zhang 0009|Philip S. Yu|Yangyong Zhu
conf/wsdm/LoDXJK21,2021,WSDM,inproceedings,All the Wiser: Fake News Intervention Using User Reading Preferences.,Kuan-Chieh Lo|Shih-Chieh Dai|Aiping Xiong|Jing Jiang 0001|Lun-Wei Ku
conf/wsdm/MaedaYHT21,2021,WSDM,inproceedings,ColorfulFeedback: Enhancing Interest Prediction Performance through Multi-dimensional Labeled Feedback from Users.,Yuki Maeda|Shuji Yamaguchi|Tatsuru Higurashi|Kota Tsubouchi
conf/wsdm/SahaDM023,2023,WSDM,inproceedings,"Hate Speech: Detection, Mitigation and Beyond.",Punyajoy Saha|Mithun Das|Binny Mathew|Animesh Mukherjee 0001
conf/wsdm/0002B19,2019,WSDM,inproceedings,Structured Search in Annotated Document Collections.,Dhruv Gupta 0002|Klaus Berberich
conf/wsdm/ChenZLM19,2019,WSDM,inproceedings,Social Attentional Memory Network: Modeling Aspect- and Friend-Level Differences in Recommendation.,Chong Chen 0001|Min Zhang 0006|Yiqun Liu 0001|Shaoping Ma
conf/wsdm/KasturiaGH22,2022,WSDM,inproceedings,Query Interpretations from Entity-Linked Segmentations.,Vaibhav Kasturia|Marcel Gohsen|Matthias Hagen
conf/wsdm/Papakyriakopoulos23,2023,WSDM,inproceedings,Considerations for Ethical Speech Recognition Datasets.,Orestis Papakyriakopoulos|Alice Xiang
conf/wsdm/QinYZ0ZS24,2024,WSDM,inproceedings,Intent Contrastive Learning with Cross Subsequences for Sequential Recommendation.,Xiuyuan Qin|Huanhuan Yuan|Pengpeng Zhao 0001|Guanfeng Liu 0001|Fuzhen Zhuang|Victor S. Sheng
conf/wsdm/WangZC20,2020,WSDM,inproceedings,User Recommendation in Content Curation Platforms.,Jianling Wang|Ziwei Zhu 0001|James Caverlee
conf/wsdm/WangPWS22,2022,WSDM,inproceedings,Personalized Long-distance Fuel-efficient Route Recommendation Through Historical Trajectories Mining.,Zhan Wang|Zhaohui Peng|Senzhang Wang|Qiao Song
conf/wsdm/LiaoLMZ21,2021,WSDM,inproceedings,Learning Dynamic Embeddings for Temporal Knowledge Graphs.,Siyuan Liao|Shangsong Liang|Zaiqiao Meng|Qiang Zhang 0026
conf/wsdm/KhanK22,2022,WSDM,inproceedings,Cluster-Aware Heterogeneous Information Network Embedding.,Rayyan Ahmad Khan|Martin Kleinsteuber
conf/wsdm/PangC021,2021,WSDM,inproceedings,"Deep Learning for Anomaly Detection: Challenges, Methods, and Opportunities.",Guansong Pang|Longbing Cao|Charu Aggarwal 0001
conf/wsdm/YuJJJY019,2019,WSDM,inproceedings,WassRank: Listwise Document Ranking Using Optimal Transport Theory.,Haitao Yu 0003|Adam Jatowt|Hideo Joho|Joemon M. Jose|Xiao Yang|Long Chen 0008
conf/wsdm/ChenXWD21,2021,WSDM,inproceedings,Decomposed Collaborative Filtering: Modeling Explicit and Implicit Factors For Recommender Systems.,Hao Chen 0099|Xin Xin 0003|Dong Wang 0024|Yue Ding 0001
conf/wsdm/ChoudhuryPLWHA18,2018,WSDM,inproceedings,Percolator: Scalable Pattern Discovery in Dynamic Graphs.,Sutanay Choudhury|Sumit Purohit|Peng Lin|Yinghui Wu 0001|Lawrence B. Holder|Khushbu Agarwal
conf/wsdm/ChristmannRW22,2022,WSDM,inproceedings,Beyond NED: Fast and Effective Search Space Reduction for Complex Question Answering over Knowledge Bases.,Philipp Christmann|Rishiraj Saha Roy|Gerhard Weikum
conf/wsdm/WuCZHY021,2021,WSDM,inproceedings,Unbiased Learning to Rank in Feeds Recommendation.,Xinwei Wu 0001|Hechang Chen|Jiashu Zhao|Li He|Dawei Yin 0001|Yi Chang 0001
conf/wsdm/JinWCZ20,2020,WSDM,inproceedings,WebShapes: Network Visualization with 3D Shapes.,Shengmin Jin|Richard Wituszynski|Max Caiello-Gingold|Reza Zafarani
conf/wsdm/JiaB19,2019,WSDM,inproceedings,Random Spatial Network Models for Core-Periphery Structure.,Junteng Jia|Austin R. Benson
conf/wsdm/SikdarSW22,2022,WSDM,inproceedings,Attributed Graph Modeling with Vertex Replacement Grammars.,Satyaki Sikdar|Neil Shah|Tim Weninger
conf/wsdm/MartinsMC19,2019,WSDM,inproceedings,Modeling Temporal Evidence from External Collections.,Fl|Jo|Jamie Callan
conf/wsdm/SadequeXB18,2018,WSDM,inproceedings,Measuring the Latency of Depression Detection in Social Media.,Farig Sadeque|Dongfang Xu|Steven Bethard
conf/wsdm/LiJLH020,2020,WSDM,inproceedings,Automatic Speaker Recognition with Limited Data.,Ruirui Li 0002|Jyun-Yu Jiang|Jiahao Liu|Chu-Cheng Hsieh|Wei Wang 0010
conf/wsdm/ChenLZLGG22,2022,WSDM,inproceedings,A Personalized Cross-Platform Post Style Transfer Method Based on Transformer and Bi-Attention Mechanism.,Zhuo Chen|Baoxi Liu|Peng Zhang 0060|Tun Lu|Hansu Gu|Ning Gu 0001
conf/wsdm/JainG20,2020,PrivateNLP@WSDM,inproceedings,Is It Possible to Preserve Privacy in the Age of AI?,Vijayanta Jain|Sepideh Ghanavati
conf/wsdm/WangZ21,2021,WSDM,inproceedings,CONQ: CONtinuous Quantile Treatment Effects for Large-Scale Online Controlled Experiments.,Weinan Wang|Xi Zhang
conf/wsdm/YangJWZ23,2023,WSDM,inproceedings,Feature Missing-aware Routing-and-Fusion Network for Customer Lifetime Value Prediction in Advertising.,Xuejiao Yang|Binfeng Jia|Shuangyang Wang|Shijie Zhang
conf/wsdm/PisoniGCN21,2021,L2D@WSDM,inproceedings,Collaboration Patterns in Students' Teams Working on Business Cases.,Galena Pisoni|Hannie Gijlers|Hsin-Chueh Chen|Thu Ha Nguyen
conf/wsdm/ZhangLZ0YP22,2022,WSDM,inproceedings,Learning Concept Prerequisite Relations from Educational Data via Multi-Head Attention Variational Graph Auto-Encoders.,Juntao Zhang|Nanzhou Lin|Xuelong Zhang|Wei Song 0006|Xiandi Yang|Zhiyong Peng 0001
conf/wsdm/BenderskyWNM22,2022,WSDM,inproceedings,Search and Discovery in Personal Email Collections.,Michael Bendersky|Xuanhui Wang|Marc Najork|Donald Metzler
conf/wsdm/WangLZ23,2023,WSDM,inproceedings,MeSH Suggester: A Library and System for MeSH Term Suggestion for Systematic Review Boolean Query Construction.,Shuai Wang 0032|Hang Li 0009|Guido Zuccon
conf/wsdm/HillLT24,2024,WSDM,inproceedings,Ginkgo-P: General Illustrations of Knowledge Graphs for Openness as a Platform.,Blaine Hill|Lihui Liu|Hanghang Tong
conf/wsdm/0001GPG022,2022,WSDM,inproceedings,Wikipedia Reader Navigation: When Synthetic Data Is Enough.,Akhil Arora 0001|Martin Gerlach|Tiziano Piccardi|Alberto Garc|Robert West 0001
conf/wsdm/ZhangWSDFP20,2020,WSDM,inproceedings,AutoBlock: A Hands-off Blocking Framework for Entity Matching.,Wei Zhang 0058|Hao Wei|Bunyamin Sisman|Xin Luna Dong|Christos Faloutsos|David Page
conf/wsdm/ZengBPCK21,2021,WSDM,inproceedings,Causal Transfer Random Forest: Combining Logged Data and Randomized Experiments for Robust Prediction.,Shuxi Zeng|Murat Ali Bayir|Joseph J. Pfeiffer III|Denis Charles|Emre Kiciman
conf/wsdm/NaseemKKD24,2024,WSDM,inproceedings,A Linguistic Grounding-Infused Contrastive Learning Approach for Health Mention Classification on Social Media.,Usman Naseem|Jinman Kim|Matloob Khushi|Adam G. Dunn
conf/wsdm/YuanZC024,2024,WSDM,inproceedings,PhoGAD: Graph-based Anomaly Behavior Detection with Persistent Homology Optimization.,Ziqi Yuan|Haoyi Zhou|Tianyu Chen|Jianxin Li 0002
conf/wsdm/DuW0L0N23,2023,WSDM,inproceedings,Multi-queue Momentum Contrast for Microvideo-Product Retrieval.,Yali Du 0002|Yinwei Wei|Wei Ji 0008|Fan Liu 0008|Xin Luo 0006|Liqiang Nie
conf/wsdm/SongCZ021,2021,WSDM,inproceedings,Triangular Bidword Generation for Sponsored Search Auction.,Zhenqiao Song|Jiaze Chen|Hao Zhou 0012|Lei Li 0005
conf/wsdm/KawaseMS23,2023,WSDM,inproceedings,Stochastic Solutions for Dense Subgraph Discovery in Multilayer Networks.,Yasushi Kawase|Atsushi Miyauchi 0001|Hanna Sumita
conf/wsdm/VakulenkoLTA21,2021,WSDM,inproceedings,Question Rewriting for Conversational Question Answering.,Svitlana Vakulenko|Shayne Longpre|Zhucheng Tu|Raviteja Anantha
conf/wsdm/RamKR21,2021,WSDM,inproceedings,Birdspotter: A Tool for Analyzing and Labeling Twitter Users.,Rohit Ram|Quyu Kong|Marian-Andrei Rizoiu
conf/wsdm/ZhangYS24,2024,WSDM,inproceedings,AAGenRec: A Novel Approach for Mitigating Inter-task Interference in Multi-task Optimization of Sequential Behavior Modeling.,Jiawei Zhang|Shimin Yang|Liang Shen
conf/wsdm/ZhangZZJL22,2022,WSDM,inproceedings,A Counterfactual Modeling Framework for Churn Prediction.,Guozhen Zhang|Jinwei Zeng|Zhengyue Zhao|Depeng Jin|Yong Li 0008
conf/wsdm/HsiehWSH21,2021,WSDM,inproceedings,Explainable Multivariate Time Series Classification: A Deep Neural Network Which Learns to Attend to Important Variables As Well As Time Intervals.,Tsung-Yu Hsieh|Suhang Wang|Yiwei Sun|Vasant G. Honavar
conf/wsdm/HuLBLL18,2018,WSDM,inproceedings,Listening to Chaotic Whispers: A Deep Learning Framework for News-oriented Stock Trend Prediction.,Ziniu Hu|Weiqing Liu|Jiang Bian 0002|Xuanzhe Liu|Tie-Yan Liu
conf/wsdm/XuHL19,2019,WSDM,inproceedings,Deep Learning for Matching in Search and Recommendation.,Jun Xu 0001|Xiangnan He 0001|Hang Li 0001
conf/wsdm/LuWZLX23,2023,WSDM,inproceedings,VRKG4Rec: Virtual Relational Knowledge Graph for Recommendation.,Lingyun Lu|Bang Wang 0001|Zizhuo Zhang|Shenghao Liu|Han Xu 0003
conf/wsdm/NarvaezM24,2024,WSDM,inproceedings,Integrating Knowledge Graph Data with Large Language Models for Explainable Inference.,Carlos Efrain Quintero Narvaez|Ra
conf/wsdm/XuSLH023,2023,WSDM,inproceedings,Hansel: A Chinese Few-Shot and Zero-Shot Entity Linking Benchmark.,Zhenran Xu|Zifei Shan|Yuxin Li|Baotian Hu|Bing Qin 0001
conf/wsdm/BirdKKM19,2019,WSDM,inproceedings,Fairness-Aware Machine Learning: Practical Challenges and Lessons Learned.,Sarah Bird|Krishnaram Kenthapadi|Emre Kiciman|Margaret Mitchell
conf/wsdm/YooKSCZ20,2020,WSDM,inproceedings,Sampling Subgraphs with Guaranteed Treewidth for Accurate and Efficient Graphical Inference.,Jaemin Yoo|U Kang|Mauro Scanagatta|Giorgio Corani|Marco Zaffalon
conf/wsdm/AkkerJL0NP24,2024,WSDM,inproceedings,Practical Bandits: An Industry Perspective.,Bram van den Akker|Olivier Jeunen|Ying Li 0124|Ben London 0001|Zahra Nazari|Devesh Parekh
conf/wsdm/WuQ0YDZ22,2022,WSDM,inproceedings,Crowdsourcing-based Multi-Device Communication Cooperation for Mobile High-Quality Video Enhancement.,Xiaotong Wu|Lianyong Qi|Xiaolong Xu 0001|Shui Yu 0001|Wanchun Dou|Xuyun Zhang
conf/wsdm/SarviHASR22,2022,WSDM,inproceedings,Understanding and Mitigating the Effect of Outliers in Fair Ranking.,Fatemeh Sarvi|Maria Heuss|Mohammad Aliannejadi|Sebastian Schelter|Maarten de Rijke
conf/wsdm/FakhraeiLSW18,2018,WSDM,inproceedings,HeteroNAM: International Workshop on Heterogeneous Networks Analysis and Mining.,Shobeir Fakhraei|Yanen Li|Yizhou Sun|Tim Weninger
conf/wsdm/ZhangYLL23,2023,WSDM,inproceedings,Reducing the Bias of Visual Objects in Multimodal Named Entity Recognition.,Xin Zhang 0159|Jingling Yuan|Lin Li 0001|Jianquan Liu
conf/wsdm/TogashiOS21,2021,WSDM,inproceedings,Alleviating Cold-Start Problems in Recommendation through Pseudo-Labelling over Knowledge Graph.,Riku Togashi|Mayu Otani|Shin'ichi Satoh 0001
conf/wsdm/WangCZWZW23,2023,WSDM,inproceedings,A Multi-graph Fusion Based Spatiotemporal Dynamic Learning Framework.,Xu Wang 0029|Lianliang Chen|Hongbo Zhang|Pengkun Wang 0001|Zhengyang Zhou|Yang Wang 0015
conf/wsdm/YatesNL21,2021,WSDM,inproceedings,Pretrained Transformers for Text Ranking: BERT and Beyond.,Andrew Yates|Rodrigo Nogueira 0001|Jimmy Lin
conf/wsdm/ChetanJD019,2019,WSDM,inproceedings,CoReRank: Ranking to Detect Users Involved in Blackmarket-Based Collusive Retweeting Activities.,Aditya Chetan|Brihi Joshi|Hridoy Sankar Dutta|Tanmoy Chakraborty 0002
conf/wsdm/MaY0HH20,2020,WSDM,inproceedings,Beyond Statistical Relations: Integrating Knowledge Relations into Style Correlations for Multi-Label Music Style Classification.,Qianwen Ma|Chunyuan Yuan|Wei Zhou 0019|Jizhong Han|Songlin Hu 0001
conf/wsdm/ZhuZYGC18,2018,WSDM,inproceedings,IFUP: Workshop on Multi-dimensional Information Fusion for User Modeling and Personalization.,Feida Zhu 0001|Yongfeng Zhang 0003|Neil Yorke-Smith|Guibing Guo|Xu Chen 0017
conf/wsdm/ThaineP20a,2020,PrivateNLP@WSDM,inproceedings,Perfectly Privacy-Preserving AI What Is It and How Do We Achieve It?,Patricia Thaine|Gerald Penn
conf/wsdm/BeigiMGAN020,2020,WSDM,inproceedings,Privacy-Aware Recommendation with Private-Attribute Protection using Adversarial Learning.,Ghazaleh Beigi|Ahmadreza Mosallanezhad|Ruocheng Guo|Hamidreza Alvari|Alexander Nou|Huan Liu 0001
conf/wsdm/LiuCWWB24,2024,WSDM,inproceedings,Generative Models for Complex Logical Reasoning over Knowledge Graphs.,Yu Liu 0118|Yanan Cao 0001|Shi Wang 0002|Qingyue Wang|Guanqun Bi
conf/wsdm/PascaW19,2019,WSDM,inproceedings,Lightweight Lexical and Semantic Evidence for Detecting Classes Among Wikipedia Articles.,Marius Pasca|Travis Wolfe
conf/wsdm/SaidPBP19,2019,WSDM,inproceedings,IDM-WSDM 2019: Workshop on Interactive Data Mining.,Alan Said|Denis Parra|Juhee Bae|Sepideh Pashami
conf/wsdm/PhamSF18,2018,WSDM,inproceedings,Learning to Discover Domain-Specific Web Content.,Kien Pham|A|Juliana Freire
conf/wsdm/MaGTW22,2022,WSDM,inproceedings,Diversified Subgraph Query Generation with Group Fairness.,Hanchao Ma|Sheng Guan|Christopher Toomey|Yinghui Wu 0001
conf/wsdm/AgichteinHKM20,2020,WSDM,inproceedings,ConvERSe'20: The WSDM 2020 Workshop on Conversational Systems for E-Commerce Recommendations and Search.,Eugene Agichtein|Dilek Hakkani-T|Surya Kallumadi|Shervin Malmasi
conf/wsdm/FettalLN22,2022,WSDM,inproceedings,Efficient Graph Convolution for Joint Node Representation Learning and Clustering.,Chakib Fettal|Lazhar Labiod|Mohamed Nadif
conf/wsdm/He0WZYX23,2023,WSDM,inproceedings,Simplifying Graph-based Collaborative Filtering for Recommendation.,Li He|Xianzhi Wang 0001|Dingxian Wang|Haoyuan Zou|Hongzhi Yin|Guandong Xu
conf/wsdm/ChenLWCW024,2024,WSDM,inproceedings,Empathetic Response Generation with Relation-aware Commonsense Knowledge.,Changyu Chen|Yanran Li|Chen Wei|Jianwei Cui 0002|Bin Wang 0004|Rui Yan 0001
conf/wsdm/NargesianAJ23,2023,WSDM,inproceedings,Next-generation Challenges of Responsible Data Integration.,Fatemeh Nargesian|Abolfazl Asudeh|H. V. Jagadish
conf/wsdm/DingLL19,2019,WSDM,inproceedings,Interactive Anomaly Detection on Attributed Networks.,Kaize Ding|Jundong Li|Huan Liu 0001
conf/wsdm/XieWZY0L21,2021,WSDM,inproceedings,Real-time Relevant Recommendation Suggestion.,Ruobing Xie|Rui Wang 0068|Shaoliang Zhang|Zhihong Yang|Feng Xia 0006|Leyu Lin
conf/wsdm/0020MKKZ19,2019,WSDM,inproceedings,A General View for Network Embedding as Matrix Factorization.,Xin Liu 0020|Tsuyoshi Murata|Kyoung-Sook Kim 0001|Chatchawan Kotarasu|Chenyi Zhuang
conf/wsdm/ZhangZMJM023,2023,WSDM,inproceedings,Effective Seed-Guided Topic Discovery by Integrating Multiple Types of Contexts.,Yu Zhang 0044|Yunyi Zhang 0001|Martin Michalski|Yucheng Jiang|Yu Meng 0001|Jiawei Han 0001
conf/wsdm/BandyopadhyayNV20,2020,WSDM,inproceedings,Outlier Resistant Unsupervised Deep Architectures for Attributed Network Embedding.,Sambaran Bandyopadhyay|Lokesh N|Saley Vishal Vivek|M. Narasimha Murty
conf/wsdm/LuoNWBYZ20,2020,WSDM,inproceedings,Deep Multi-Graph Clustering via Attentive Cross-Graph Association.,Dongsheng Luo|Jingchao Ni|Suhang Wang|Yuchen Bian|Xiong Bill Yu|Xiang Zhang 0001
conf/wsdm/BrantleyFDJ24,2024,WSDM,inproceedings,Ranking with Long-Term Constraints.,Kiant|Zhichong Fang|Sarah Dean|Thorsten Joachims
conf/wsdm/HaoZYL021,2021,WSDM,inproceedings,Pre-Training Graph Neural Networks for Cold-Start Users and Items Representation.,Bowen Hao|Jing Zhang 0001|Hongzhi Yin|Cuiping Li 0001|Hong Chen 0001
conf/wsdm/SaitoYNSN20,2020,WSDM,inproceedings,Unbiased Recommender Learning from Missing-Not-At-Random Implicit Feedback.,Yuta Saito|Suguru Yaginuma|Yuta Nishino|Hayato Sakata|Kazuhide Nakata
conf/wsdm/ZakeriSAH019,2019,IDM@WSDM,inproceedings,Smart Farm: A System for Proactive Management of Raw Milk Quality.,Atefe Zakeri|Morteza Saberi|Saeed Aboutalebi|Omar Khadeer Hussain|Elizabeth Chang 0001
conf/wsdm/ZamaniMSCT18,2018,WSDM,inproceedings,Neural Ranking Models with Multiple Document Fields.,Hamed Zamani|Bhaskar Mitra 0001|Xia Song|Nick Craswell|Saurabh Tiwary
conf/wsdm/ZhangMDZ23,2023,WSDM,inproceedings,SimSumIoT: A Platform for Simulating the Summarisation from Internet of Things.,Wei Emma Zhang|Adnan Mahmood|Lixin Deng|Minhao Zhu
conf/wsdm/LiFLLZ21,2021,WSDM,inproceedings,"AnaSearch: Extract, Retrieve and Visualize Structured Results from Unstructured Text for Analytical Queries.",Tongliang Li|Lei Fang 0004|Jian-Guang Lou|Zhoujun Li 0001|Dongmei Zhang 0001
conf/wsdm/QinRF0020,2020,WSDM,inproceedings,Sequential Recommendation with Dual Side Neighbor-based Collaborative Relation Modeling.,Jiarui Qin|Kan Ren|Yuchen Fang|Weinan Zhang 0001|Yong Yu 0001
conf/wsdm/KumarJJLL18,2018,WSDM,inproceedings,MIS2: Misinformation and Misbehavior Mining on the Web.,Srijan Kumar|Meng Jiang 0001|Taeho Jung|Roger Jie Luo|Jure Leskovec
conf/wsdm/CarmelHLLM20,2020,WSDM,inproceedings,Why Do People Buy Seemingly Irrelevant Items in Voice Product Search?: On the Relation between Product Relevance and Customer Satisfaction in eCommerce.,David Carmel|Elad Haramaty|Arnon Lazerson|Liane Lewin-Eytan|Yoelle Maarek
conf/wsdm/YatesAZYJL20,2020,WSDM,inproceedings,Capreolus: A Toolkit for End-to-End Neural Ad Hoc Retrieval.,Andrew Yates|Siddhant Arora|Xinyu Zhang 0018|Wei Yang 0017|Kevin Martin Jose|Jimmy Lin
conf/wsdm/KermanyY0P22,2022,WSDM,inproceedings,Fair-SRS: A Fair Session-based Recommendation System.,Naime Ranjbar Kermany|Jian Yang 0001|Jia Wu 0001|Luiz Pizzato
conf/wsdm/GoldenbergKAMHT21,2021,WSDM,inproceedings,Personalization in Practice: Methods and Applications.,Dmitri Goldenberg|Kostia Kofman|Javier Albert|Sarai Mizrachi|Adam Horowitz|Irene Teinemaa
conf/wsdm/YangXWTA23,2023,WSDM,inproceedings,Marginal-Certainty-Aware Fair Ranking Algorithm.,Tao Yang 0030|Zhichao Xu 0001|Zhenduo Wang|Anh Tran|Qingyao Ai
conf/wsdm/PopescuGN21,2021,L2D@WSDM,inproceedings,Learning Testing Model using Test Generators and Mobile Applications.,Doru Anastasiu Popescu|Cosmin Iulian Gosoiu|Daniel Nijloveanu
conf/wsdm/KucukC22,2022,WSDM,inproceedings,A Tutorial on Stance Detection.,Dilek K|Fazli Can
conf/wsdm/SunLWFFL18,2018,WSDM,inproceedings,Logician: A Unified End-to-End Neural Approach for Open-Domain Information Extraction.,Mingming Sun 0001|Xu Li 0001|Xin Wang 0017|Miao Fan|Yue Feng 0002|Ping Li 0001
conf/wsdm/JiangYXH24,2024,WSDM,inproceedings,DiffKG: Knowledge Graph Diffusion Model for Recommendation.,Yangqin Jiang|Yuhao Yang 0002|Lianghao Xia|Chao Huang 0001
conf/wsdm/SarkarS23,2023,WSDM,inproceedings,A Synthetic Search Session Generator for Task-Aware Information Seeking and Retrieval.,Shawon Sarkar|Chirag Shah 0001
conf/wsdm/HubeIF20,2020,WSDM,inproceedings,Debiasing Word Embeddings from Sentiment Associations in Names.,Christoph Hube|Maximilian Idahl|Besnik Fetahu
conf/wsdm/Gou023,2023,WSDM,inproceedings,Telecommunication Traffic Forecasting via Multi-task Learning.,Xiaochuan Gou|Xiangliang Zhang 0001
conf/wsdm/MackenzieCBCCL18,2018,WSDM,inproceedings,Query Driven Algorithm Selection in Early Stage Retrieval.,Joel M. Mackenzie|J. Shane Culpepper|Roi Blanco|Matt Crane|Charles L. A. Clarke|Jimmy Lin
conf/wsdm/FenuG21,2021,L2D@WSDM,inproceedings,Modelling Student Behavior in Synchronous Online Learning during the COVID-19 Pandemic.,Gianni Fenu|Roberta Galici
conf/wsdm/CottaHJL19,2019,WSDM,inproceedings,Off-Policy Evaluation of Probabilistic Identity Data in Lookalike Modeling.,Randell Cotta|Mingyang Hu|Dan Jiang|Peizhou Liao
conf/wsdm/WangDDCL23,2023,WSDM,inproceedings,Few-shot Node Classification with Extremely Weak Supervision.,Song Wang 0013|Yushun Dong|Kaize Ding|Chen Chen 0022|Jundong Li
conf/wsdm/NemirovskyTXG21,2021,WSDM,inproceedings,Providing Actionable Feedback in Hiring Marketplaces using Generative Adversarial Networks.,Daniel Nemirovsky|Nicolas Thiebaut|Ye Xu|Abhishek Gupta
conf/wsdm/BagadMDSGK21,2021,WSDM,inproceedings,Data-Sharing Economy: Value-Addition from Data meets Privacy.,Piyush Bagad|Subrata Mitra|Sunny Dhamnani|Atanu R. Sinha|Raunak Gautam|Haresh Khanna
conf/wsdm/KordanK18,2018,WSDM,inproceedings,Deep Neural Architecture for Multi-Modal Retrieval based on Joint Embedding Space for Text and Images.,Saeid Balaneshin Kordan|Alexander Kotov 0001
conf/wsdm/TanLNL23,2023,WSDM,inproceedings,Compliance Analyses of Australia's Online Household Appliances.,Chang How Tan|Vincent C. S. Lee|Jessie Nghiem|Priya Laxman
conf/wsdm/KongRR21,2021,WSDM,inproceedings,Evently: Modeling and Analyzing Reshare Cascades with Hawkes Processes.,Quyu Kong|Rohit Ram|Marian-Andrei Rizoiu
conf/wsdm/PodschwadtT20,2020,PrivateNLP@WSDM,inproceedings,Classification of Encrypted Word Embeddings using Recurrent Neural Networks.,Robert Podschwadt|Daniel Takabi
conf/wsdm/ZhangCS0H22,2022,WSDM,inproceedings,ESC-GAN: Extending Spatial Coverage of Physical Sensors.,Xiyuan Zhang 0001|Ranak Roy Chowdhury|Jingbo Shang|Rajesh K. Gupta 0001|Dezhi Hong
conf/wsdm/ChenLX19,2019,WSDM,inproceedings,How A/B Tests Could Go Wrong: Automatic Diagnosis of Invalid Online Experiments.,Nanyu Chen|Min Liu|Ya Xu
conf/wsdm/LyuFMW21,2021,WSDM,inproceedings,Centrality with Diversity.,Liang Lyu 0001|Brandon Fain|Kamesh Munagala|Kangning Wang 0001
conf/wsdm/BernardKB24,2024,WSDM,inproceedings,IAI MovieBot 2.0: An Enhanced Research Platform with Trainable Neural Components and Transparent User Modeling.,Nolwenn Bernard|Ivica Kostric|Krisztian Balog
conf/wsdm/TrabelsiHC22,2022,WSDM,inproceedings,DAME: Domain Adaptation for Matching Entities.,Mohamed Trabelsi 0003|Jeff Heflin|Jin Cao
conf/wsdm/Wang0WW21,2021,WSDM,inproceedings,Non-Clicks Mean Irrelevant? Propensity Ratio Scoring As a Correction.,Nan Wang|Zhen Qin 0001|Xuanhui Wang|Hongning Wang
conf/wsdm/ZhangC0021,2021,WSDM,inproceedings,Hierarchical Metadata-Aware Document Categorization under Weak Supervision.,Yu Zhang 0044|Xiusi Chen|Yu Meng 0001|Jiawei Han 0001
conf/wsdm/TarcarTRDRD20,2020,HSDM@WSDM,inproceedings,Healthcare NER Models Using Language Model Pretraining.,Amogh Kamat Tarcar|Aashis Tiwari|Dattaraj Rao|Vineet Naique Dhaimodker|Penjo Rebelo|Rahul Desai
conf/wsdm/ChangAM24,2024,WSDM,inproceedings,"To Copy, or not to Copy; That is a Critical Issue of the Output Softmax Layer in Neural Sequential Recommenders.",Haw-Shiuan Chang|Nikhil Agarwal|Andrew McCallum
conf/wsdm/DeSUG20,2020,WSDM,inproceedings,Can A User Guess What Her Followers Want?,Abir De|Adish Singla|Utkarsh Upadhyay|Manuel Gomez-Rodriguez
conf/wsdm/NiuCL18,2018,WSDM,inproceedings,Neural Personalized Ranking for Image Recommendation.,Wei Niu 0003|James Caverlee|Haokai Lu
conf/wsdm/SchnabelBDJ18,2018,WSDM,inproceedings,Short-Term Satisfaction and Long-Term Coverage: Understanding How Users Tolerate Algorithmic Exploration.,Tobias Schnabel|Paul N. Bennett|Susan T. Dumais|Thorsten Joachims
conf/wsdm/HuangSS22,2022,WSDM,inproceedings,POLE: Polarized Embedding for Signed Networks.,Zexi Huang|Arlei Silva|Ambuj K. Singh
conf/wsdm/ChenLLXLC23,2023,WSDM,inproceedings,Can Pre-trained Language Models Understand Chinese Humor?,Yuyan Chen|Zhixu Li|Jiaqing Liang|Yanghua Xiao|Bang Liu 0003|Yunwen Chen
conf/wsdm/WeiHXXZY22,2022,WSDM,inproceedings,Contrastive Meta Learning with Behavior Multiplicity for Recommendation.,Wei Wei 0027|Chao Huang 0001|Lianghao Xia|Yong Xu 0007|Jiashu Zhao|Dawei Yin 0001
conf/wsdm/0002L22,2022,WSDM,inproceedings,Sentiment Analysis of Fashion Related Posts in Social Media.,Yifei Yuan 0002|Wai Lam
conf/wsdm/TanZXL20,2020,WSDM,inproceedings,Fast Item Ranking under Neural Network based Measures.,Shulong Tan|Zhixin Zhou|Zhaozhuo Xu|Ping Li 0001
conf/wsdm/CaoSGWC20,2020,WSDM,inproceedings,Popularity Prediction on Social Platforms with Coupled Graph Neural Networks.,Qi Cao 0005|Huawei Shen|Jinhua Gao|Bingzheng Wei|Xueqi Cheng
conf/wsdm/0002WJZ023,2023,WSDM,inproceedings,Self-Supervised Graph Structure Refinement for Graph Neural Networks.,Jianan Zhao 0002|Qianlong Wen|Mingxuan Ju|Chuxu Zhang|Yanfang Ye 0001
conf/wsdm/ShivaswamyC21,2021,WSDM,inproceedings,Bias-Variance Decomposition for Ranking.,Pannaga Shivaswamy|Ashok Chandrashekar
conf/wsdm/GhazimatinBRW20,2020,WSDM,inproceedings,PRINCE: Provider-side Interpretability with Counterfactual Explanations in Recommender Systems.,Azin Ghazimatin|Oana Balalau|Rishiraj Saha Roy|Gerhard Weikum
conf/wsdm/KaiserRW24,2024,WSDM,inproceedings,Robust Training for Conversational Question Answering Models with Reinforced Reformulation Generation.,Magdalena Kaiser|Rishiraj Saha Roy|Gerhard Weikum
conf/wsdm/BuiRR18,2018,WSDM,inproceedings,Neural Graph Learning: Training Neural Networks Using Graphs.,Thang D. Bui|Sujith Ravi|Vivek Ramavajjala
conf/wsdm/JiangLFWZ18,2018,WSDM,inproceedings,Recommendation in Heterogeneous Information Networks Based on Generalized Random Walk Model and Bayesian Personalized Ranking.,Zhengshen Jiang|Hongzhi Liu 0001|Bin Fu|Zhonghai Wu|Tao Zhang 0070
conf/wsdm/0001RJTY18,2018,WSDM,inproceedings,Multi-Dimensional Network Embedding with Hierarchical Structure.,Yao Ma 0001|Zhaochun Ren|Ziheng Jiang|Jiliang Tang|Dawei Yin 0001
conf/wsdm/WeiH020,2020,WSDM,inproceedings,VISION-KG: Topic-centric Visualization System for Summarizing Knowledge Graph.,Jiaqi Wei|Shuo Han 0010|Lei Zou 0001
conf/wsdm/HirschNGN21,2021,WSDM,inproceedings,Generating Tips from Product Reviews.,Sharon Hirsch|Slava Novgorodov|Ido Guy|Alexander Nus
conf/wsdm/DeldjooNM20,2020,WSDM,inproceedings,Adversarial Machine Learning in Recommender Systems (AML-RecSys).,Yashar Deldjoo|Tommaso Di Noia|Felice Antonio Merra
conf/wsdm/ZhangSC19,2019,WSDM,inproceedings,SHNE: Representation Learning for Semantic-Associated Heterogeneous Networks.,Chuxu Zhang|Ananthram Swami|Nitesh V. Chawla
conf/wsdm/0001WSZW22,2022,WSDM,inproceedings,CMT-Net: A Mutual Transition Aware Framework for Taxicab Pick-ups and Drop-offs Co-Prediction.,Yudong Zhang 0005|Binwu Wang|Ziyang Shan|Zhengyang Zhou|Yang Wang 0015
conf/wsdm/KimKZLRK19,2019,WSDM,inproceedings,Domain Switch-Aware Holistic Recurrent Neural Network for Modeling Multi-Domain User Behavior.,Donghyun Kim 0007|Sungchul Kim|Handong Zhao|Sheng Li 0001|Ryan A. Rossi|Eunyee Koh
conf/wsdm/VaucherSC021,2021,WSDM,inproceedings,Quotebank: A Corpus of Quotations from a Decade of News.,Timot|Andreas Spitz|Michele Catasta|Robert West 0001
conf/wsdm/Chen0F0023,2023,WSDM,inproceedings,Unbiased Knowledge Distillation for Recommendation.,Gang Chen 0047|Jiawei Chen 0007|Fuli Feng|Sheng Zhou 0004|Xiangnan He 0001
conf/wsdm/AslayLLX18,2018,WSDM,inproceedings,Influence Maximization in Online Social Networks.,Laks V. S. Lakshmanan|Wei Lu 0002|Xiaokui Xiao
conf/wsdm/LiCWL18,2018,WSDM,inproceedings,Streaming Link Prediction on Dynamic Attributed Networks.,Jundong Li|Kewei Cheng|Liang Wu 0006|Huan Liu 0001
conf/wsdm/ChuRW20,2020,WSDM,inproceedings,ENTYFI: Entity Typing in Fictional Texts.,Cuong Xuan Chu|Simon Razniewski|Gerhard Weikum
conf/wsdm/ZhangCZXG22,2022,WSDM,inproceedings,Geometric Inductive Matrix Completion: A Hyperbolic Approach with Unified Message Passing.,Chengkun Zhang|Hongxu Chen 0002|Sixiao Zhang|Guandong Xu|Junbin Gao
conf/wsdm/Chang0SASL21,2021,WSDM,inproceedings,F-FADE: Frequency Factorization for Anomaly Detection in Edge Streams.,Yen-Yu Chang|Pan Li 0005|Rok Sosic|M. H. Afifi|Marco Schweighauser|Jure Leskovec
conf/wsdm/GuyNPS18,2018,WSDM,inproceedings,Care to Share?: Learning to Rank Personal Photos for Public Sharing.,Ido Guy|Alexander Nus|Dan Pelleg|Idan Szpektor
conf/wsdm/ZhangZHW021,2021,WSDM,inproceedings,WULAI-QA: Web Understanding and Learning with AI towards Document-based Question Answering against COVID-19.,Yuan Zhang|Xiaoqing Zhang 0017|Yichuan Hu|Guanchun Wang|Rui Yan 0001
conf/wsdm/SuWZCM22,2022,WSDM,inproceedings,Efficient Reachability Query with Extreme Labeling Filter.,Zhixiang Su|Di Wang 0004|Xiaofeng Zhang 0002|Lizhen Cui|Chunyan Miao
conf/wsdm/ZhuCLYYX20,2020,WSDM,inproceedings,Sequential Modeling of Hierarchical User Intention and Preference for Next-item Recommendation.,Nengjun Zhu|Jian Cao 0001|Yanchi Liu|Yang Yang 0074|Haochao Ying|Hui Xiong 0001
conf/wsdm/ZuoDW22,2022,WSDM,inproceedings,Improving Session Search by Modeling Multi-Granularity Historical Query Change.,Xiaochen Zuo|Zhicheng Dou|Ji-Rong Wen
conf/wsdm/ErbilW21,2021,WebTour@WSDM,inproceedings,Generating Multi-Day Round Trip Itineraries for Tourists.,Elif Erbil|Wolfgang W
conf/wsdm/HaoY0YY24,2024,WSDM,inproceedings,Motif-based Prompt Learning for Universal Cross-domain Recommendation.,Bowen Hao|Chaoqun Yang 0002|Lei Guo 0008|Junliang Yu|Hongzhi Yin
conf/wsdm/JinKRK22,2022,WSDM,inproceedings,On Generalizing Static Node Embedding to Dynamic Settings.,Di Jin 0003|Sungchul Kim|Ryan A. Rossi|Danai Koutra
conf/wsdm/WeiGZ00H23,2023,WSDM,inproceedings,CLNode: Curriculum Learning for Node Classification.,Xiaowen Wei|Xiuwen Gong|Yibing Zhan|Bo Du 0001|Yong Luo 0002|Wenbin Hu 0001
conf/wsdm/HolstPB19,2019,IDM@WSDM,inproceedings,Incremental Causal Discovery and Visualization.,Anders Holst|Sepideh Pashami|Juhee Bae
conf/wsdm/SiedlaczekMS22,2022,WSDM,inproceedings,Using Conjunctions for Faster Disjunctive Top-k Queries.,Michal Siedlaczek|Antonio Mallia|Torsten Suel
conf/wsdm/0001XRL0023,2023,WSDM,inproceedings,Knowledge-Augmented Methods for Natural Language Processing.,Chenguang Zhu 0001|Yichong Xu|Xiang Ren 0001|Bill Yuchen Lin|Meng Jiang 0001|Wenhao Yu 0002
conf/wsdm/LinHZCC20,2020,WSDM,inproceedings,Initialization for Network Embedding: A Graph Partition Approach.,Wenqing Lin|Feng He|Faqiang Zhang|Xu Cheng|Hongyun Cai 0001
conf/wsdm/WicaksonoM20,2020,WSDM,inproceedings,"Metrics, User Models, and Satisfaction.",Alfan Farizki Wicaksono|Alistair Moffat
conf/wsdm/KimTOSG18,2018,WSDM,inproceedings,Leveraging the Crowd to Detect and Reduce the Spread of Fake News and Misinformation.,Jooyeon Kim|Behzad Tabibian|Alice Oh|Bernhard Sch|Manuel Gomez-Rodriguez
conf/wsdm/WuKWYL20,2020,WSDM,inproceedings,"PERQ: Predicting, Explaining, and Rectifying Failed Questions in KB-QA Systems.",Zhiyong Wu 0003|Ben Kao|Tien-Hsuan Wu|Pengcheng Yin|Qun Liu 0001
conf/wsdm/LinHG19,2019,WSDM,inproceedings,Sparsemax and Relaxed Wasserstein for Topic Sparsity.,Tianyi Lin|Zhiyue Hu|Xin Guo 0001
conf/wsdm/PashanasangiS20,2020,WSDM,inproceedings,"Efficiently Counting Vertex Orbits of All 5-vertex Subgraphs, by EVOKE.",Noujan Pashanasangi|C. Seshadhri 0001
conf/wsdm/ChengLDZFZ22,2022,WSDM,inproceedings,An Adaptive Unified Allocation Framework for Guaranteed Display Advertising.,Xiao Cheng|Chuanren Liu|Liang Dai|Peng Zhang 0001|Zhen Fang|Zhonglin Zu
conf/wsdm/RahmanH24,2024,WSDM,inproceedings,Customer Understanding for Recommender Systems.,Md. Mostafizur Rahman|Yu Hirate
conf/wsdm/DifallahFI18,2018,WSDM,inproceedings,Demographics and Dynamics of Mechanical Turk Workers.,Djellel Eddine Difallah|Elena Filatova|Panos Ipeirotis
conf/wsdm/WangLT24,2024,WSDM,inproceedings,CityCAN: Causal Attention Network for Citywide Spatio-Temporal Forecasting.,Chengxin Wang|Yuxuan Liang 0002|Gary Tan
conf/wsdm/TaoWXHZY19,2019,WSDM,inproceedings,Multi-Representation Fusion Network for Multi-Turn Response Selection in Retrieval-Based Chatbots.,Chongyang Tao|Wei Wu 0014|Can Xu|Wenpeng Hu|Dongyan Zhao 0001|Rui Yan 0001
conf/wsdm/0001BCS19,2019,WSDM,inproceedings,Interactive Visualization of Urban Areas of Interest: A Parameter-Free and Efficient Footprint Method.,Mingzhao Li 0001|Zhifeng Bao|Farhana Murtaza Choudhury|Timos Sellis
conf/wsdm/GuoLL20,2020,WSDM,inproceedings,Learning Individual Causal Effects from Networked Observational Data.,Ruocheng Guo|Jundong Li|Huan Liu 0001
conf/wsdm/WuWLHHX19,2019,WSDM,inproceedings,Neural Demographic Prediction using Search Query.,Chuhan Wu|Fangzhao Wu|Junxin Liu|Shaojian He|Yongfeng Huang 0001|Xing Xie 0001
conf/wsdm/OlteanuK018,2018,WSDM,inproceedings,"A Critical Review of Online Social Data: Biases, Methodological Pitfalls, and Ethical Boundaries.",Alexandra Olteanu|Emre Kiciman|Carlos Castillo 0001
conf/wsdm/HeZYY18,2018,WSDM,inproceedings,Robust Transfer Learning for Cross-domain Collaborative Filtering Using Multiple Rating Patterns Approximation.,Ming He 0001|Jiuling Zhang|Peng Yang|Kaisheng Yao
conf/wsdm/YuZHLZ21,2021,WSDM,inproceedings,Chebyshev Accelerated Spectral Clustering.,Tianyu Yu 0005|Yonghua Zhao|Rongfeng Huang|Shifang Liu|Xinyin Zhang
conf/wsdm/0001R023,2023,WSDM,inproceedings,Scalable Adversarial Attack Algorithms on Influence Maximization.,Lichao Sun 0001|Xiaobin Rui|Wei Chen 0013
conf/wsdm/RenHZZZ23,2023,WSDM,inproceedings,Slate-Aware Ranking for Recommendation.,Yi Ren|Xiao Han|Xu Zhao 0007|Shenzheng Zhang|Yan Zhang
conf/wsdm/WakamiyaS0KAJ19,2019,WSDM,inproceedings,Pleasant Route Suggestion based on Color and Object Rates.,Shoko Wakamiya|Panote Siriaraya|Yihong Zhang 0001|Yukiko Kawai|Eiji Aramaki|Adam Jatowt
conf/wsdm/Zhao0W22,2022,WSDM,inproceedings,ST-GSP: Spatial-Temporal Global Semantic Representation Learning for Urban Flow Prediction.,Liang Zhao|Min Gao 0001|Zongwei Wang 0002
conf/wsdm/LiangSPGZJ21,2021,WSDM,inproceedings,CalibreNet: Calibration Networks for Multilingual Sequence Labeling.,Shining Liang|Linjun Shou|Jian Pei 0001|Ming Gong 0001|Wanli Zuo|Daxin Jiang
conf/wsdm/Wang0C20,2020,WSDM,inproceedings,Learning and Reasoning on Graph for Recommendation.,Xiang Wang 0010|Xiangnan He 0001|Tat-Seng Chua
conf/wsdm/SuG022,2022,WSDM,inproceedings,Automating ETL and Mining of Ethereum Blockchain Network.,Voon Hou Su|Sourav Sen Gupta 0001|Arijit Khan 0001
conf/wsdm/0001DM22,2022,WSDM,inproceedings,Adversarial Attack on Graph Neural Networks as An Influence Maximization Problem.,Jiaqi Ma 0001|Junwei Deng|Qiaozhu Mei
conf/wsdm/GongLSW20,2020,WSDM,inproceedings,JNET: Learning User Representations via Joint Network Embedding and Topic Embedding.,Lin Gong|Lu Lin 0001|Weihao Song|Hongning Wang
conf/wsdm/SinghA19,2019,WSDM,inproceedings,EXS: Explainable Search Using Local Model Agnostic Interpretability.,Jaspreet Singh|Avishek Anand
conf/wsdm/ChoiKLSL22,2022,WSDM,inproceedings,S-Walk: Accurate and Scalable Session-based Recommendation with Random Walks.,Minjin Choi 0001|Jinhong Kim|Joonseok Lee|Hyunjung Shim|Jongwuk Lee
conf/wsdm/ThaineP20,2020,PrivateNLP@WSDM,inproceedings,Perfectly Privacy-Preserving AI What Is It and How Do We Achieve It?,Patricia Thaine|Gerald Penn
conf/wsdm/AhujaRKSR20,2020,WSDM,inproceedings,Language-Agnostic Representation Learning for Product Search on E-Commerce Platforms.,Aman Ahuja|Nikhil Rao 0001|Sumeet Katariya|Karthik Subbian|Chandan K. Reddy
conf/wsdm/HuangYA23,2023,WSDM,inproceedings,Improving Cross-lingual Information Retrieval on Low-Resource Languages via Optimal Transport Distillation.,Zhiqi Huang 0002|Puxuan Yu|James Allan 0001
conf/wsdm/LeL22,2022,WSDM,inproceedings,Collaborative Curating for Discovery and Expansion of Visual Clusters.,Dung D. Le|Hady W. Lauw
conf/wsdm/AlmanzaEPR22,2022,WSDM,inproceedings,k-Clustering with Fair Outliers.,Matteo Almanza|Alessandro Epasto|Alessandro Panconesi|Giuseppe Re
conf/wsdm/KumarLCB20,2020,WSDM,inproceedings,Retrieving Top Weighted Triangles in Graphs.,Raunak Kumar|Paul Liu 0001|Moses Charikar|Austin R. Benson
conf/wsdm/WangBHZ18,2018,WSDM,inproceedings,A Unified Processing Paradigm for Interactive Location-based Web Search.,Sheng Wang 0007|Zhifeng Bao|Shixun Huang|Rui Zhang 0003
conf/wsdm/XiaoYZJNY24,2024,WSDM,inproceedings,Deep Evolutional Instant Interest Network for CTR Prediction in Trigger-Induced Recommendation.,Zhibo Xiao|Luwei Yang|Tao Zhang 0124|Wen Jiang|Wei Ning|Yujiu Yang 0001
conf/wsdm/ShankarSMSMS23,2023,WSDM,inproceedings,Privacy Aware Experiments without Cookies.,Shiv Shankar|Ritwik Sinha|Saayan Mitra|Viswanathan (Vishy) Swaminathan|Sridhar Mahadevan|Moumita Sinha
conf/wsdm/AgarwalZWLNJ19,2019,WSDM,inproceedings,Estimating Position Bias without Intrusive Interventions.,Aman Agarwal|Ivan Zaitsev|Xuanhui Wang|Cheng Li 0012|Marc Najork|Thorsten Joachims
conf/wsdm/SunCYC20,2020,WSDM,inproceedings,Influence Maximization with Spontaneous User Adoption.,Lichao Sun 0001|Albert C. Chen 0002|Philip S. Yu|Wei Chen 0013
conf/wsdm/ChuWXLW23,2023,WSDM,inproceedings,Meta Policy Learning for Cold-Start Conversational Recommendation.,Zhendong Chu|Hongning Wang|Yun Xiao|Bo Long|Lingfei Wu 0001
conf/wsdm/JainVMVK23,2023,WSDM,inproceedings,Self-supervised Multi-view Disentanglement for Expansion of Visual Collections.,Nihal Jain|Praneetha Vaddamanu|Paridhi Maheshwari|Vishwa Vinay|Kuldeep Kulkarni
conf/wsdm/0001JF0S23,2023,WSDM,inproceedings,Towards an Event-Aware Urban Mobility Prediction System.,Zhaonan Wang 0001|Renhe Jiang|Zipei Fan|Xuan Song 0001|Ryosuke Shibasaki
conf/wsdm/LuBH22,2022,WSDM,inproceedings,An Ensemble Model for Combating Label Noise.,Yangdi Lu|Yang Bo|Wenbo He
conf/wsdm/ZhaoZW21,2021,WSDM,inproceedings,GraphSMOTE: Imbalanced Node Classification on Graphs with Graph Neural Networks.,Tianxiang Zhao 0001|Xiang Zhang 0001|Suhang Wang
conf/wsdm/TosicCNRTP22,2022,WSDM,inproceedings,Towards a Cross-domain Semantically Interoperable Ecosystem.,Milenko Tosic|F|Barry Nouwt|David Emanuel Rua|Aleksandar Tomcic|Sasa Pesic
conf/wsdm/ZhaoYY22,2022,WSDM,inproceedings,Multi-Sparse-Domain Collaborative Recommendation via Enhanced Comprehensive Aspect Preference Learning.,Xiaoyun Zhao|Ning Yang 0001|Philip S. Yu
conf/wsdm/SharmaGMRB21,2021,WSDM,inproceedings,Balance Maximization in Signed Networks via Edge Deletions.,Kartik Sharma|Iqra Altaf Gillani|Sourav Medya|Sayan Ranu|Amitabha Bagchi
conf/wsdm/ShikhriLP21,2021,WebTour@WSDM,inproceedings,Evaluation Framework for Improving 360 Virtual Tours User Experience.,Roman Shikhri|Joel Lanir|Lev Poretski
conf/wsdm/HanHZ0WS23,2023,WSDM,inproceedings,Search Behavior Prediction: A Hypergraph Perspective.,Yan Han 0001|Edward W. Huang|Wenqing Zheng|Nikhil Rao 0001|Zhangyang Wang|Karthik Subbian
conf/wsdm/MontalvoS23,2023,WSDM,inproceedings,Learning to Infer Product Attribute Values From Descriptive Texts and Images.,Pablo Montalvo|Aghiles Salah
conf/wsdm/LiTHXCJ22,2022,WSDM,inproceedings,Unsupervised Cross-Domain Adaptation for Response Selection Using Self-Supervised and Adversarial Training.,Jia Li 0012|Chongyang Tao|Huang Hu|Can Xu|Yining Chen|Daxin Jiang
conf/wsdm/MalliaSS21,2021,WSDM,inproceedings,Fast Disjunctive Candidate Generation Using Live Block Filtering.,Antonio Mallia|Michal Siedlaczek|Torsten Suel
conf/wsdm/SuDJJ22,2022,WSDM,inproceedings,An Interactive Knowledge Graph Based Platform for COVID-19 Clinical Research.,Juntao Su|Edward T. Dougherty|Shuang Jiang|Fang Jin
conf/wsdm/LinLL20,2020,WSDM,inproceedings,Balanced Influence Maximization in Attributed Social Network Based on Sampling.,Mingkai Lin|Wenzhong Li|Sanglu Lu
conf/wsdm/ChoudharyRKSR22,2022,WSDM,inproceedings,ANTHEM: Attentive Hyperbolic Entity Model for Product Search.,Nurendra Choudhary|Nikhil Rao 0001|Sumeet Katariya|Karthik Subbian|Chandan K. Reddy
conf/wsdm/ZhaoZ00L23,2023,WSDM,inproceedings,Differentially Private Temporal Difference Learning with Stochastic Nonconvex-Strongly-Concave Optimization.,Canzhe Zhao|Yanjie Ze|Jing Dong 0008|Baoxiang Wang 0001|Shuai Li 0010
conf/wsdm/AkujuobiZY020,2020,WSDM,inproceedings,Recurrent Attention Walk for Semi-supervised Classification.,Uchenna Akujuobi|Qiannan Zhang|Yufei Han 0001|Xiangliang Zhang 0001
conf/wsdm/LiW020,2020,WSDM,inproceedings,Adversarial Learning to Compare: Self-Attentive Prospective Customer Recommendation in Location based Social Networks.,Ruirui Li 0002|Xian Wu 0001|Wei Wang 0010
conf/wsdm/CaiFWYLX23,2023,WSDM,inproceedings,A Causal View for Item-level Effect of Recommendation on User Preference.,Wei Cai|Fuli Feng|Qifan Wang 0001|Tian Yang|Zhenguang Liu|Congfu Xu
conf/wsdm/KaghazgaranCS18,2018,WSDM,inproceedings,Combating Crowdsourced Review Manipulators: A Neighborhood-Based Approach.,Parisa Kaghazgaran|James Caverlee|Anna Cinzia Squicciarini
conf/wsdm/TranT0CL20,2020,WSDM,inproceedings,HyperML: A Boosting Metric Learning Approach in Hyperbolic Space for Recommender Systems.,Lucas Vinh Tran|Yi Tay|Shuai Zhang 0007|Gao Cong|Xiaoli Li 0001
conf/wsdm/DevinsTL22,2022,WSDM,inproceedings,Aligning the Research and Practice of Building Search Applications: Elasticsearch and Pyserini.,Josh Devins|Julie Tibshirani|Jimmy Lin
conf/wsdm/LabiodNS24,2024,WSDM,inproceedings,WSDM 2024 Workshop on Representation Learning & Clustering.,Lazhar Labiod|Mohamed Nadif|Aghiles Salah
conf/wsdm/QiuHYW22,2022,WSDM,inproceedings,Contrastive Learning for Representation Degeneration Problem in Sequential Recommendation.,Ruihong Qiu|Zi Huang|Hongzhi Yin|Zijian Wang 0009
conf/wsdm/TangW18,2018,WSDM,inproceedings,Personalized Top-N Sequential Recommendation via Convolutional Sequence Embedding.,Jiaxi Tang|Ke Wang 0001
conf/wsdm/WangYXZT22,2022,WSDM,inproceedings,Structure Meets Sequences: Predicting Network of Co-evolving Sequences.,Yaojing Wang|Yuan Yao 0001|Feng Xu 0007|Yada Zhu|Hanghang Tong
conf/wsdm/ChengLSHL19,2019,WSDM,inproceedings,XBully: Cyberbullying Detection within a Multi-Modal Context.,Lu Cheng 0001|Jundong Li|Yasin N. Silva|Deborah L. Hall|Huan Liu 0001
conf/wsdm/Pougue-BiyongGH23,2023,WSDM,inproceedings,Learning Stance Embeddings from Signed Social Graphs.,John Pougu|Akshay Gupta|Aria Haghighi|Ahmed El-Kishky
conf/wsdm/SopranoRBM22,2022,WSDM,inproceedings,Crowd_Frame: A Simple and Complete Framework to Deploy Complex Crowdsourcing Tasks Off-the-shelf.,Michael Soprano|Kevin Roitero|Francesco Bombassei De Bona|Stefano Mizzaro
conf/wsdm/LockardSDH20,2020,WSDM,inproceedings,Web-scale Knowledge Collection.,Colin Lockard|Prashant Shiralkar|Xin Luna Dong|Hannaneh Hajishirzi
conf/wsdm/DuttaCC022,2022,WSDM,inproceedings,Semi-supervised Stance Detection of Tweets Via Distant Network Supervision.,Subhabrata Dutta|Samiya Caur|Soumen Chakrabarti|Tanmoy Chakraborty 0002
conf/wsdm/KonarS21,2021,WSDM,inproceedings,Exploring the Subgraph Density-Size Trade-off via the Lovaśz Extension.,Aritra Konar|Nicholas D. Sidiropoulos
conf/wsdm/BaoCLLLX22,2022,WSDM,inproceedings,Harvesting More Answer Spans from Paragraph beyond Annotation.,Qiaoben Bao|Jiangjie Chen|Linfang Liu|Jingping Liu|Jiaqing Liang|Yanghua Xiao
conf/wsdm/KangLZ21,2021,WSDM,inproceedings,QueryBlazer: Efficient Query Autocompletion Framework.,Young Mo Kang|Wenhao Liu 0003|Yingbo Zhou 0002
conf/wsdm/GeH0023,2023,WSDM,inproceedings,"FineSum: Target-Oriented, Fine-Grained Opinion Summarization.",Suyu Ge|Jiaxin Huang 0001|Yu Meng 0001|Jiawei Han 0001
conf/wsdm/TayTH18,2018,WSDM,inproceedings,Hyperbolic Representation Learning for Fast and Efficient Neural Question Answering.,Yi Tay|Luu Anh Tuan|Siu Cheung Hui
conf/wsdm/ZhangXZZ20,2020,WSDM,inproceedings,Distilling Structured Knowledge into Embeddings for Explainable and Accurate Recommendation.,Yuan Zhang 0024|Xiaoran Xu|Hanning Zhou|Yan Zhang 0004
conf/wsdm/ChenLJZC19,2019,WSDM,inproceedings,Review-Driven Answer Generation for Product-Related Questions in E-Commerce.,Shiqian Chen|Chenliang Li|Feng Ji|Wei Zhou|Haiqing Chen
conf/wsdm/HuangSLH18,2018,WSDM,inproceedings,Exploring Expert Cognition for Attributed Network Embedding.,Xiao Huang 0001|Qingquan Song|Jundong Li|Xia Hu 0001
conf/wsdm/LiuS23,2023,WSDM,inproceedings,Combining vs. Transferring Knowledge: Investigating Strategies for Improving Demographic Inference in Low Resource Settings.,Yaguang Liu|Lisa Singh
conf/wsdm/0004K20,2020,WSDM,inproceedings,Listwise Learning to Rank by Exploring Unique Ratings.,Xiaofeng Zhu 0004|Diego Klabjan
conf/wsdm/SuhHWA21,2021,WSDM,inproceedings,Population-Scale Study of Human Needs During the COVID-19 Pandemic: Analysis and Implications.,Jina Suh|Eric Horvitz|Ryen W. White|Tim Althoff
conf/wsdm/BaiDBCSW19,2019,WSDM,inproceedings,SimGNN: A Neural Network Approach to Fast Graph Similarity Computation.,Yunsheng Bai|Hao Ding 0003|Song Bian 0002|Ting Chen 0007|Yizhou Sun|Wei Wang 0010
conf/wsdm/LiBCS18,2018,WSDM,inproceedings,Supporting Large-scale Geographical Visualization in a Multi-granularity Way.,Mingzhao Li 0001|Zhifeng Bao|Farhana Murtaza Choudhury|Timos Sellis
conf/wsdm/BondarenkoADHBH22,2022,WSDM,inproceedings,Towards Understanding and Answering Comparative Questions.,Alexander Bondarenko 0001|Yamen Ajjour|Valentin Dittmar|Niklas Homann|Pavel Braslavski 0001|Matthias Hagen
conf/wsdm/LiuSZ18,2018,WSDM,inproceedings,Inferring Dockless Shared Bike Distribution in New Cities.,Zhaoyang Liu 0003|Yanyan Shen|Yanmin Zhu 0006
conf/wsdm/SuiZZH024,2024,WSDM,inproceedings,Table Meets LLM: Can Large Language Models Understand Structured Table Data? A Benchmark and Empirical Study.,Yuan Sui 0001|Mengyu Zhou|Mingjie Zhou|Shi Han|Dongmei Zhang 0001
conf/wsdm/AnwarSR21,2021,WSDM,inproceedings,Balanced Influence Maximization in the Presence of Homophily.,Md Sanzeed Anwar|Martin Saveski|Deb Roy
conf/wsdm/MaPCH22,2022,WSDM,inproceedings,Deep Graph-level Anomaly Detection by Glocal Knowledge Distillation.,Rongrong Ma|Guansong Pang|Ling Chen 0006|Anton van den Hengel
conf/wsdm/XinKAJ22,2022,WSDM,inproceedings,Supervised Advantage Actor-Critic for Recommender Systems.,Xin Xin 0003|Alexandros Karatzoglou|Ioannis Arapakis|Joemon M. Jose
conf/wsdm/MarquezW19,2019,WSDM,inproceedings,Overlapping Community Detection in Static and Dynamic Social Networks.,Renny M|Richard Weber 0002
conf/wsdm/BalashankarBS21,2021,WSDM,inproceedings,Enhancing Neural Recommender Models through Domain-Specific Concordance.,Ananth Balashankar|Alex Beutel|Lakshminarayanan Subramanian
conf/wsdm/KarisaniK21,2021,WSDM,inproceedings,Semi-Supervised Text Classification via Self-Pretraining.,Payam Karisani|Negin Karisani
conf/wsdm/YangZZ022,2022,WSDM,inproceedings,Interpretable Relation Learning on Heterogeneous Graphs.,Qiang Yang 0015|Qiannan Zhang|Chuxu Zhang|Xiangliang Zhang 0001
conf/wsdm/GuoWYLW22,2022,WSDM,inproceedings,Multi-Scale Variational Graph AutoEncoder for Link Prediction.,Zhihao Guo|Feng Wang 0038|Kaixuan Yao|Jiye Liang|Zhiqiang Wang 0005
conf/aaltd/HuangZYZ23,2023,AALTD@ECML/PKDD,inproceedings,Change Point Detection via Synthetic Signals.,Ting-Ji Huang|Qi-Le Zhou|Han-Jia Ye|De-Chuan Zhan
conf/aaltd/KoohfarD22,2022,AALTD@ECML/PKDD,inproceedings,Adjustable Context-Aware Transformer.,Sepideh Koohfar|Laura Dietz
conf/aaltd/OuerkVY23,2023,AALTD@ECML/PKDD,inproceedings,Rail Crack Propagation Forecasting Using Multi-horizons RNNs.,Sara Yasmine Ouerk|Olivier Vo Van|Mouadh Yagoubi
conf/aaltd/IsmailFawazDBWF24,2024,AALTD@ECML/PKDD,inproceedings,Weighted Average of Human Motion Sequences for Improving Rehabilitation Assessment.,Ali Ismail-Fawaz|Maxime Devanne|Stefano Berretti|Jonathan Weber|Germain Forestier
conf/aaltd/AudibertMGZ21,2021,AALTD@ECML/PKDD,inproceedings,From Univariate to Multivariate Time Series Anomaly Detection with Non-Local Information.,Julien Audibert|S|Fr|Maria A. Zuluaga
conf/aaltd/BennettA23,2023,AALTD@ECML/PKDD,inproceedings,RED CoMETS: An Ensemble Classifier for Symbolically Represented Multivariate Time Series.,Luca A. Bennett|Zahraa S. Abdallah
conf/aaltd/SolanaFU24,2024,AALTD@ECML/PKDD,inproceedings,Classification of Raw MEG/EEG Data with Detach-Rocket Ensemble: An Improved ROCKET Algorithm for Multivariate Time Series Analysis.,Adri|Erik Frans|Gonzalo Uribarri
conf/aaltd/NotarianniLSFB24,2024,AALTD@ECML/PKDD,inproceedings,Change Detection in Multivariate Data Streams: Online Analysis with Kernel-QuantTree.,Michelangelo Olmo Nogara Notarianni|Filippo Leveni|Diego Stucchi|Luca Frittoli|Giacomo Boracchi
conf/aaltd/DhariyalNI21,2021,AALTD@ECML/PKDD,inproceedings,Fast Channel Selection for Scalable Multivariate Time Series Classification.,Bhaskar Dhariyal|Thach Le Nguyen|Georgiana Ifrim
conf/aaltd/MacKinnonA23,2023,AALTD@ECML/PKDD,inproceedings,Designing a New Search Space for Multivariate Time-Series Neural Architecture Search.,Christopher MacKinnon|Robert C. Atkinson
conf/aaltd/AgarwalNNI21,2021,AALTD@ECML/PKDD,inproceedings,Ranking by Aggregating Referees: Evaluating the Informativeness of Explanation Methods for Time Series Classification.,Surabhi Agarwal|Trang Thu Nguyen|Thach Le Nguyen|Georgiana Ifrim
conf/aaltd/HillsTL23,2023,AALTD@ECML/PKDD,inproceedings,Time-Aware Predictions of Moments of Change in Longitudinal User Posts on Social Media.,Anthony Hills|Adam Tsakalidis|Maria Liakata
conf/aaltd/FiebackDSG23,2023,AALTD@ECML/PKDD,inproceedings,Temporal Performance Prediction for Deep Convolutional Long Short-Term Memory Networks.,Laura Fieback|Bidya Dash|Jakob Spiegelberg|Hanno Gottschalk
conf/aaltd/PiallaDWIF22,2022,AALTD@ECML/PKDD,inproceedings,Data Augmentation for Time Series Classification with Deep Learning Models.,Gautier Pialla|Maxime Devanne|Jonathan Weber|Lhassane Idoumghar|Germain Forestier
conf/aaltd/Rinta-KoskiSNH21,2021,AALTD@ECML/PKDD,inproceedings,State Discovery and Prediction from Multivariate Sensor Data.,Olli-Pekka Rinta-Koski|Miki Sirola|Le Ngu Nguyen|Jaakko Hollm
conf/aaltd/DashBBSBF23,2023,AALTD@ECML/PKDD,inproceedings,Deep Long Term Prediction for Semantic Segmentation in Autonomous Driving.,Bidya Dash|Shreyas Bilagi|Jasmin Breitenstein|Volker Schomerus|Thorsten Bagdonat|Tim Fingscheidt
conf/aaltd/ErmshausSL24,2024,AALTD@ECML/PKDD,inproceedings,Multivariate Human Activity Segmentation: Systematic Benchmark with ClaSP.,Arik Ermshaus|Patrick Sch|Ulf Leser
conf/aaltd/JinUN23,2023,AALTD@ECML/PKDD,inproceedings,Do Cows Have Fingerprints? Using Time Series Techniques and Milk Flow Profiles to Characterise Cow Milking Performance and Detect Health Issues.,Changhong Jin|John Upton|Brian Mac Namee
conf/aaltd/MiddlehurstB23,2023,AALTD@ECML/PKDD,inproceedings,Extracting Features from Random Subseries: A Hybrid Pipeline for Time Series Classification and Extrinsic Regression.,Matthew Middlehurst|Anthony J. Bagnall
conf/aaltd/Pineda-ArangoHM21,2021,AALTD@ECML/PKDD,inproceedings,Multimodal Meta-Learning for Time Series Regression.,Sebastian Pineda-Arango|Felix Heinrich|Kiran Madhusudhanan|Lars Schmidt-Thieme
conf/aaltd/ShiMSSN23,2023,AALTD@ECML/PKDD,inproceedings,Explainable Parallel RCNN with Novel Feature Representation for Time Series Forecasting.,Jimeng Shi|Rukmangadh Myana|Vitalii Stebliankin|Azam Shirali|Giri Narasimhan
conf/aaltd/ImaniS23,2023,AALTD@ECML/PKDD,inproceedings,tGLAD: A Sparse Graph Recovery Based Approach for Multivariate Time Series Segmentation.,Shima Imani|Harsh Shrivastava 0001
conf/aaltd/ZangrandoFTPVH22,2022,AALTD@ECML/PKDD,inproceedings,ODIN AD: A Framework Supporting the Life-Cycle of Time Series Anomaly Detection Applications.,Niccol|Piero Fraternali|Rocio Nahime Torres|Marco Petri|Nicol|Sergio Herrera
conf/aaltd/NajariBLDG22,2022,AALTD@ECML/PKDD,inproceedings,RESIST: Robust Transformer for Unsupervised Time Series Anomaly Detection.,Naji Najari|Samuel Berlemont|Gr|Stefan Duffner|Christophe Garcia
conf/aaltd/StoopDFB21,2021,AALTD@ECML/PKDD,inproceedings,Detection of Critical Events in Renewable Energy Production Time Series.,Laurens P. Stoop|Erik Duijm|Ad Feelders|Machteld van den Broek
conf/aaltd/RuizB22,2022,AALTD@ECML/PKDD,inproceedings,Dimension Selection Strategies for Multivariate Time Series Classification with HIVE-COTEv2.0.,Alejandro Pasos Ruiz|Anthony J. Bagnall
conf/aaltd/AzeemiSZMYS21,2021,AALTD@ECML/PKDD,inproceedings,RevDet: Robust and Memory Efficient Event Detection and Tracking in Large News Feeds.,Abdul Hameed Azeemi|Muhammad Hamza Sohail|Talha Zubair|Muaz Maqbool|Irfan Younas|Omair Shafiq 0001
conf/aaltd/DempsterTMFSW24,2024,AALTD@ECML/PKDD,inproceedings,Highly Scalable Time Series Classification for Very Large Datasets.,Angus Dempster|Chang Wei Tan|Lynn Miller|Navid Mohammadi Foumani|Daniel F. Schmidt|Geoffrey I. Webb
conf/aaltd/BaruahO23,2023,AALTD@ECML/PKDD,inproceedings,Exploiting Context and Attention Using Recurrent Neural Network for Sensor Time Series Prediction.,Rashmi Dutta Baruah|Mario Mu
conf/aaltd/GoffinetLAGC21,2021,AALTD@ECML/PKDD,inproceedings,Non-parametric Multivariate Time Series Co-clustering Model Applied to Driving-Assistance Systems Validation.,Mustapha Lebbah|Hanane Azzag|Lo|Anthony Coutant
conf/aaltd/SerramazzaNNI23,2023,AALTD@ECML/PKDD,inproceedings,Evaluating Explanation Methods for Multivariate Time Series Classification.,Davide Italo Serramazza|Thu Trang Nguyen|Thach Le Nguyen|Georgiana Ifrim
conf/aaltd/ErmshausSL22,2022,AALTD@ECML/PKDD,inproceedings,Window Size Selection in Unsupervised Time Series Analytics: A Review and Benchmark.,Arik Ermshaus|Patrick Sch|Ulf Leser
conf/aaltd/MbouopdaGLH22,2022,AALTD@ECML/PKDD,inproceedings,Experimental Study of Time Series Forecasting Methods for Groundwater Level Prediction.,Michael Franklin Mbouopda|Thomas Guyet|Nicolas Labroche|Abel Henriot
conf/aaltd/BenavoliC21,2021,AALTD@ECML/PKDD,inproceedings,State Space Approximation of Gaussian Processes for Time Series Forecasting.,Alessio Benavoli|Giorgio Corani
conf/aaltd/PantTG22,2022,AALTD@ECML/PKDD,inproceedings,Application of Attention Mechanism Combined with Long Short-Term Memory for Forecasting Dissolved Oxygen in Ganga River.,Neha Pant|Durga Toshniwal|Bhola Ram Gurjar
conf/aaltd/NguyenI22,2022,AALTD@ECML/PKDD,inproceedings,Fast Time Series Classification with Random Symbolic Subsequences.,Thach Le Nguyen|Georgiana Ifrim
conf/aaltd/OConnorPV24,2024,AALTD@ECML/PKDD,inproceedings,Conformal Prediction Techniques for Electricity Price Forecasting.,Ciaran O'Connor|Steven D. Prestwich|Andrea Visentin
conf/aaltd/DhariyalNI23,2023,AALTD@ECML/PKDD,inproceedings,Back to Basics: A Sanity Check on Modern Time Series Classification Algorithms.,Bhaskar Dhariyal|Thach Le Nguyen|Georgiana Ifrim
conf/aaltd/ChambardGNA21,2021,AALTD@ECML/PKDD,inproceedings,Temporal Phenotyping for Characterisation of Hospital Care Pathways of COVID19 Patients.,Mathieu Chambard|Thomas Guyet|Y|Etienne Audureau
conf/aaltd/HolderGB23,2023,AALTD@ECML/PKDD,inproceedings,Clustering Time Series with k-Medoids Based Algorithms.,Christopher Holder|David Guijo-Rubio|Anthony J. Bagnall
conf/aaltd/RubattuMC23,2023,AALTD@ECML/PKDD,inproceedings,"Electricity Load and Peak Forecasting: Feature Engineering, Probabilistic LightGBM and Temporal Hierarchies.",Nicol|Gabriele Maroni|Giorgio Corani
conf/aaltd/ZahmatkeshZ24,2024,AALTD@ECML/PKDD,inproceedings,Comparing the Performance of Recurrent Neural Network and Some Well-Known Statistical Methods in the Case of Missing Multivariate Time Series Data.,Samira Zahmatkesh|Philipp Zech
conf/aaltd/LooijA21,2021,AALTD@ECML/PKDD,inproceedings,Cluster-Based Forecasting for Intermittent and Non-intermittent Time Series.,Tom van de Looij|Mozhdeh Ariannezhad
conf/aaltd/LopezOrionaMV22,2022,AALTD@ECML/PKDD,inproceedings,Clustering of Time Series Based on Forecasting Performance of Global Models.,Pablo Montero-Manso|Jos
conf/icisdm/KowsariHBMB18,2018,ICISDM,inproceedings,RMDL: Random Multimodel Deep Learning for Classification.,Kamran Kowsari|Mojtaba Heidarysafa|Donald E. Brown|Kiana Jafari Meimandi|Laura E. Barnes
conf/icisdm/MirazD19,2019,ICISDM,inproceedings,"LApps: Technological, Legal and Market Potentials of Blockchain Lightning Network Applications.",Mahdi H. Miraz|David C. Donald
conf/icisdm/IqbalWRBA22,2022,ICISDM,inproceedings,BD-ECG: Identification of Myocardial Infarction in ECG via Behavior Coupling.,Uzair Iqbal|Teh Ying Wah|Muhammad Habib Ur Rehman|Muhammad Bilal 0012|Adeel Ahmed
conf/icisdm/ChengXJ22,2022,ICISDM,inproceedings,The Impact of Perceived Customer Participation on Employees' Emotional Labor: The Cross-Level Moderating Effect of Customer Orientation.,Pengfei Cheng|Sanbin Xie|Jingxuan Jiang
conf/icisdm/TamaruTUN22,2022,ICISDM,inproceedings,Recipe Recommendation Method by Similarity Measure with Food Image Recognition.,Shota Tamaru|Hyuga Taki|Rune Usuki|Takafumi Nakanishi
conf/icisdm/GeL19,2019,ICISDM,inproceedings,Analysis of competitive Power of Chinese Sports Apparel Brand based on Porter's five Force Model.,Lu Ge|Chenggang Li
conf/icisdm/GhoshAKJH21,2021,ICISDM,inproceedings,Use of Efficient Machine Learning Techniques in the Identification of Patients with Heart Diseases.,Pronab Ghosh|Sami Azam|Asif Karim|Mirjam Jonkman|Md. Zahid Hasan
conf/icisdm/ShahaniAV21,2021,ICISDM,inproceedings,Selection and Verification of Privacy Parameters for Local Differentially Private Data Aggregation.,Snehkumar Shahani|Jibi Abraham|R. Venkateswaran
conf/icisdm/AlmasoudM19,2019,ICISDM,inproceedings,Instant Adaptation Enrichment Technique to Improve Web Accessibility for Blind Users.,Suliman K. Almasoud|Hassan I. Mathkour
conf/icisdm/ChengJT22,2022,ICISDM,inproceedings,Influence of Transformational Leadership on Emotional Labor of Employees: - Mediating Role of Psychological Empowerment.,Pengfei Cheng|Jingxuan Jiang|Shasha Tian
conf/icisdm/VeithS18,2018,ICISDM,inproceedings,Machine Learning-based Prediction of ICU Patient Mortality at Time of Admission.,Nick Veith|Robert Steele
conf/icisdm/ShanthakumarBMP20,2020,ICISDM,inproceedings,Uncooperative RF Direction Finding with I/Q Data.,Vaidyanath Areyur Shanthakumar|Chaity Banerjee|Tathagata Mukherjee|Eduardo Pasiliao
conf/icisdm/Diaz-GonzalezHY23,2023,ICISDM,inproceedings,Applying BioBERT to Extract Germline Gene-Disease Associations for Building a Knowledge Graph from the Biomedical Literature.,Armando D. Diaz-Gonzalez|Kevin S. Hughes|Songhui Yue|Sean T. Hayes
conf/icisdm/JallowRSA19,2019,ICISDM,inproceedings,Implementing a BIM Collaborative Workflow In The UK Infrastructure Sector.,Haddy Jallow|Suresh Renukappa|Subashini Suresh|Ahmed Alneyadi
conf/icisdm/ZhaoZ18,2018,ICISDM,inproceedings,Application of GA-SVM for County Ecological Security Prediction of Land Resources: Taking Guanzhong Urban Agglomeration as a Case.,Jing Zhao|Ziru Zhao
conf/icisdm/Mehr-un-NisaANI19,2019,ICISDM,inproceedings,Comparative Analysis of Unstructured P2P File Sharing Networks.,Mehr-Un-Nisa|Fasiha Ashraf|Ateeqa Naseer|Shaukat Iqbal
conf/icisdm/MeiryaniCKUL22,2022,ICISDM,inproceedings,Examining User Acceptance and Adoption of the Internet of Things in Indonesia.,Meiryani Meiryani|Cindy Cornelia|Satami Doi Kikkawa|Hana Ulinnuha|Lidiyawati Lidiyawati
conf/icisdm/LuLL19,2019,ICISDM,inproceedings,Network Traffic Anomaly Detection Based on Information Gain and Deep Learning.,Xianglin Lu|Pengju Liu|Jiayi Lin 0001
conf/icisdm/IslamSR24,2024,ICISDM,inproceedings,A Generative AI Powered Approach to Cyberbullying Detection.,Mohammad Shafiqul Islam|Sara M. Sutton|Rahat Ibn Rafiq
conf/icisdm/MiaoGW19,2019,ICISDM,inproceedings,Identification of the Technology Convergence in the Field of Elderly Smart Home Based on Louvain Community Discovery Algorithm.,Hong Miao|Xin Guo 0012|Feifei Wu
conf/icisdm/AlqazzazAAAZM19,2019,ICISDM,inproceedings,A Practical Evaluation of a Secure and Energy-Efficient Smart Parking System Using the MQTT Protocol.,Ali Alqazzaz|Raed Alharthi|Ibrahim Alrashdi|Esam Aloufi|Mohamed A. Zohdy|Ming Hua 0003
conf/icisdm/LiN19,2019,ICISDM,inproceedings,A Weight-adjusting Approach on an Ensemble of Classifiers for Time Series Forecasting.,Lin Li|Chun-Kit Ngan
conf/icisdm/ToapantaBG20,2020,ICISDM,inproceedings,Parameters to Determine Cyberbullying in Social Networks in the Ecuador.,Segundo Mois|Kevin Enrique Yagual B.|Luis Enrique Mafla Gallegos
conf/icisdm/AbdullahK18,2018,ICISDM,inproceedings,Application of Near-Infra-Red Spectroscopy for the Analysis of the Impact of Black Color on Neural Response.,Ahsan Abdullah 0002|Imtiaz Hussain Khan
conf/icisdm/ElshakankeryFF21,2021,ICISDM,inproceedings,LASTD: A Manually Annotated and Tested Large Arabic Sentiment Tweets Dataset.,Kariman Elshakankery|Magda B. Fayek|Mona Farouk
conf/icisdm/RocaNCDO21,2021,ICISDM,inproceedings,Characterization of the organizational climate in public schools from the teacher's perception using the Estanones scale.,Karim Roca|Belinda Navarro|Hector Carlos|Edwin Delgado|Marina Ore
conf/icisdm/SangkhasukRA18,2018,ICISDM,inproceedings,Automation Managed Inventory System (AMI) Creation for OTOP Distribution Center.,Rataphol Sangkhasuk|Sukhuman Rianthong|Kamolnut Arunrat
conf/icisdm/GuptaSR19,2019,ICISDM,inproceedings,Authorship Identification using Recurrent Neural Networks.,Shriya T. P. Gupta|Jajati Keshari Sahoo|Rajendra Kumar Roul
conf/icisdm/MayastinasariLE19,2019,ICISDM,inproceedings,"Knowledge Management System Approach of Police Performance Management in Regional Police of Yogyakarta Special Region, Indonesia.",Vita Mayastinasari|Benyamin Lufpi|Novi Indah Earlyanti
conf/icisdm/OnwujekweTO19,2019,ICISDM,inproceedings,Using Robust Data Governance to Mitigate the Impact of Cybercrime.,Gerald Onwujekwe|Manoj A. Thomas|Kweku-Muata Osei-Bryson
conf/icisdm/AlqaaidiK24,2024,ICISDM,inproceedings,Relations Prediction in Knowledge Graph Completion using Large Language Models.,Sakher Khalil Alqaaidi|Krzysztof J. Kochut
conf/icisdm/AhbabiAG24,2024,ICISDM,inproceedings,Behavioral Economics Influences On Decision Decision-making In Online Electronics Retail.,Fares Al Ahbabi|Hamzah Ali Alkhazaleh|Amjad Gawanmeh
conf/icisdm/CampiP21,2021,ICISDM,inproceedings,Twitter Association Rule Mining using Clustering and Graph Databases.,Alessandro Campi|Corrado Palese
conf/icisdm/SchuhKLB19,2019,ICISDM,inproceedings,Development and Application of a Systematic Knowledge Management Process Model for the Tooling Industry.,G|Christoph Kelzenberg|Johan de Lange|Julian Boshof
conf/icisdm/ShanAA20,2020,ICISDM,inproceedings,Hybrid Unsupervised Scale-invariant Slide Detection (HUSSD) for Video Presentation.,Bingzhao Shan|Muhammad Rizwan Abid|Ehsan Amjadian
conf/icisdm/BalfagihKT22,2022,ICISDM,inproceedings,N-gram and Word2Vec Feature Engineering Approaches for Spam Recognition on Some Influential Twitter Topics in Saudi Arabia.,Ahmed M. Balfagih|Vlado Keselj|Stacey Taylor
conf/icisdm/ToapantaOG20,2020,ICISDM,inproceedings,Definition of a Prototype for Performing Computer Audits in a Public Organization of Ecuador.,Segundo Mois|Sandra Elizabeth Marquez Ortiz|Luis Enrique Mafla Gallegos
conf/icisdm/KekecMT18,2018,ICISDM,inproceedings,PAWE: Polysemy Aware Word Embeddings.,Taygun Keke|Laurens van der Maaten|David M. J. Tax
conf/icisdm/ShahG24,2024,ICISDM,inproceedings,Verification and Validation of Software System Class Models.,Kruti P. Shah|Emanuel S. Grant
conf/icisdm/AssiriAMFBB20,2020,ICISDM,inproceedings,Current Shipment Tracking Technologies and Trends in Research.,Saud Assiri|Mansour Alyamani|Abdullah Mansour|Bahjat Fakieh|Sahar Badri|Amal Babour
conf/icisdm/BanerjeeLRPM21,2021,ICISDM,inproceedings,An Application of Generative Adversarial Networks for Robust Inference in Computational Fluid Dynamics.,Chaity Banerjee|Chad Lilian|Daniel Reasor|Eduardo Pasiliao|Tathagata Mukherjee
conf/icisdm/WhitingA20,2020,ICISDM,inproceedings,Drift and Erosion in Software Architecture: Summary and Prevention Strategies.,Erik Whiting|Sharon Andrews
conf/icisdm/PhilipsT23,2023,ICISDM,inproceedings,Bibliographic Reference Classification in Historiographic Documents using Supervised Machine Learning and Grammatical Features.,James Philips|Nasseh Tabrizi
conf/icisdm/KimK23,2023,ICISDM,inproceedings,Development of a Server-based Construction Cost Data Collection System.,Kyeong-Baek Kim|Sang-Bum Kim
conf/icisdm/PoengCA18,2018,ICISDM,inproceedings,The issues affecting employees' adoption of online banking in Mahikeng.,Katlego Prudence Poeng|Joshua Ebere Chukwuere|Nelson Tochukwu Agu
conf/icisdm/KaoH24,2024,ICISDM,inproceedings,Forecasting Seasonal Sales in Supermarket Chains Using FFT-GA and LightGBM Models.,Chia-Wen Kao|Jui-Chung Hung
conf/icisdm/LiWM19,2019,ICISDM,inproceedings,Analysis of Research Status and Development Trend of Hydrogen Storage Technology.,Yiwei Li|Feifei Wu|Hong Miao
conf/icisdm/Wang0C021,2021,ICISDM,inproceedings,A Survey on Mainstream Dimensions of Edge Computing.,Yuanda Wang|Haibo Wang 0004|Shigang Chen|Ye Xia 0001
conf/icisdm/ShahG22,2022,ICISDM,inproceedings,Towards Simplifying and Formalizing UML Class Diagram Generalization/Specialization Relationship with Mathematical Set Theory.,Kruti Shah|Emanuel S. Grant
conf/icisdm/LiG19,2019,ICISDM,inproceedings,Study on Polymorphic Equilibrium of Internet Economy.,Chenggang Li|Lu Ge
conf/icisdm/ToapantaCSG20,2020,ICISDM,inproceedings,An Approach of Security Model to Mitigate Risk of Cyberattacks on Public Institutions in Ecuador.,Segundo Mois|Peter S. Mu|Dario Fernando Huilcapi Subia|Luis Enrique Mafla Gallegos
conf/icisdm/OzdemirCGG20,2020,ICISDM,inproceedings,Assessing Employee Attrition Using Classifications Algorithms.,Fatma Ozdemir|Mustafa Coskun|Cengiz Gezer|Vehbi
conf/icisdm/YangHX18,2018,ICISDM,inproceedings,A new text representation method for clustering based on higher order Markov model.,Weifeng Yang|Guosheng Han|Xiaoqiang Xie
conf/icisdm/Wang0C021a,2021,ICISDM,inproceedings,Rumor Remove Order Strategy on Social Networks.,Yuanda Wang|Haibo Wang 0004|Shigang Chen|Ye Xia 0001
conf/icisdm/JoshiULAG18,2018,ICISDM,inproceedings,Machine Learning Approach for Malware Detection Using Random Forest Classifier on Process List Data Structure.,Santosh Joshi|Himanshu Upadhyay|Leonel E. Lagos|Naga Suryamitra Akkipeddi|Valerie Guerra
conf/icisdm/GidadoE24,2024,ICISDM,inproceedings,iHSPRec: Image Enhanced Historical Sequential Pattern Recommendation.,Abdulrauf A. Gidado|Christie I. Ezeife
conf/icisdm/ClaymanCM19,2019,ICISDM,inproceedings,Clustering Analysis of Brain Protein Expression Levels in Trisomic and Control Mice.,Carly L. Clayman|Scott N. Clayman|Partha Mukherjee
conf/icisdm/HasanAS18,2018,ICISDM,inproceedings,Full Disk Encryption: A Comparison on Data Management Attributes.,Shiza Hasan|Muhammad Awais 0002|Munam Ali Shah
conf/icisdm/0005ZA19,2019,ICISDM,inproceedings,Specular reflection Surface Defects Detection by using Deep Learning.,Zhong Zhang 0005|Borui Zhang|Takuma Akiduki
conf/icisdm/AdebayoY23,2023,ICISDM,inproceedings,Automatic IQ Estimation from Written text using Stylometry Methods.,Glory Olajide Adebayo|Roman V. Yampolskiy
conf/icisdm/ChenCYHXL19,2019,ICISDM,inproceedings,Using Intelligent Algorithms to Construct a Wafer Foundry System in Manufacturing Industry.,Ruey-Shun Chen|Yeh-Cheng Chen|Jyh-haw Yeh|Yu-Xi Hu|Naixue Xiong|C.-P. Lee
conf/icisdm/KhanR18,2018,ICISDM,inproceedings,Semantic Oriented Document Clustering Using Distribution Semantics.,Umar Ali Khan|Muhammad Rafi
conf/icisdm/BoukenzeQ23,2023,ICISDM,inproceedings,Predictive Health: Chronic Kidney Disease Case Study.,Basma Boukenze|Mohammed Quafafou
conf/icisdm/AsharA024,2024,ICISDM,inproceedings,"A Survey on Object Detection and Recognition for Blurred and Low-Quality Images: Handling, Deblurring, and Reconstruction.",Aetesam Ali Khan Ashar|Asir Abrar|Jiangjiang Liu 0002
conf/icisdm/ArshadMYS18,2018,ICISDM,inproceedings,Complex Adaptive Systems: A Data Modelling and Engineering Perspective.,Saba Arshad|Hafsa Maryam|Humera Yasmeen|Munam Ali Shah
conf/icisdm/BishopA18,2018,ICISDM,inproceedings,Survey of Locomotion Systems in Virtual Reality.,Ian Bishop|Muhammad Rizwan Abid
conf/icisdm/ZengJC19,2019,ICISDM,inproceedings,Automatic Seismic Salt Interpretation with Deep Convolutional Neural Networks.,Yu Zeng|Kebei Jiang|Jie Chen
conf/icisdm/KhalidAJA024,2024,ICISDM,inproceedings,Cyber-Threat-Intelligence: Detection of Selective Packet Drops and Fake Packet Attacks in Opportunistic Networks (DOSFAN).,Waqar Khalid|Naveed Ahmed 0003|Yasir Javed|Arshad Alam|Muhammad Arshad 0001
conf/icisdm/GinigeM21,2021,ICISDM,inproceedings,Ethnicity Based Consumer Buying Behavior Analysis and Prediction on Online Clothing Platforms in Sri Lanka.,T. N. D. S. Ginige|K. T. Yasas Mahima
conf/icisdm/AlhaidariZ19,2019,ICISDM,inproceedings,Hybrid Learning Approach of Combining Cluster-Based Partitioning and Hidden Markov Model for IoT Intrusion Detection.,Sulaiman Alhaidari|Mohamed A. Zohdy
conf/icisdm/ChidumijeGKMSZ21,2021,ICISDM,inproceedings,A Survey of CNN and Facial Recognition Methods in the Age of COVID-19∗.,Adinma Chidumije|Fatima Gowher|Ehsan Kamalinejad|Justin Mercado|Jiwanjot Soni|Jiaofei Zhong
conf/icisdm/KieferASAA23,2023,ICISDM,inproceedings,A Catalog of Public Glaucoma Datasets for Machine Learning Applications: A detailed description and analysis of public glaucoma datasets available to machine learning engineers tackling glaucoma-related problems using retinal fundus images and OCT images.,Riley Kiefer|Muhammad R. Abid 0001|Jessica Steen|Mahsa Raeisi Ardali|Ehsan Amjadian
conf/icisdm/DanielsK21,2021,ICISDM,inproceedings,"Predicting Water Quality Parameters in Lake Pontchartrain using Machine Learning: A comparison on K-Nearest Neighbors, Decision Trees, and Neural Networks to Predict Water Quality.",Alexis Daniels|Cris Koutsougeras
conf/icisdm/AlshehriMAAF19,2019,ICISDM,inproceedings,PUREDroid: Permission Usage and Risk Estimation for Android Applications.,Ali Alshehri|Pawel Marcinek|Abdulrahman Alzahrani|Hani Alshahrani|Huirong Fu
conf/icisdm/BurrisR24,2024,ICISDM,inproceedings,Bridging Theory and Practice: Preparing Future IT Service Leaders through Experiential Learning in Cybersecurity Policy and Governance.,John Welsey Burris|Paulo Alexandre Regis
conf/icisdm/SunKW18,2018,ICISDM,inproceedings,An Interactive Web System for Group Project Management and Peer Evaluation.,Fu-Shing Sun|Xueying Kong|Yi-Hua Weng
conf/icisdm/MalikS22,2022,ICISDM,inproceedings,Access Control using Blockchain: A Taxonomy and Review.,Shahrukh Malik|Munam Ali Shah
conf/icisdm/PlettD19,2019,ICISDM,inproceedings,A Multi-Agent Model of Energy Transactions in Microgrid under Equilibrium.,Eduard Plett|Sanjoy Das
conf/icisdm/MenkhoffT22,2022,ICISDM,inproceedings,Engaging Undergraduate Students in an Introductory A.I. Course through a Knowledge-Based Chatbot Workshop.,Thomas Menkhoff|Ying Qian Lydia Teo
conf/icisdm/ManandharB19,2019,ICISDM,inproceedings,An Application of Image Classification to Saltwater Fish Identification in Louisiana Fisheries.,Nibha Manandhar|John W. Burris
conf/icisdm/HuJGZY24,2024,ICISDM,inproceedings,Keypoints-based multimodal network for robust human action recognition.,Zesheng Hu|Genlin Ji|Jiaquan Gao|Bin Zhao|Xichen Yang
conf/icisdm/PhoM22,2022,ICISDM,inproceedings,Link prediction with Simple Graph Convolution and regularized Simple Graph Convolution.,Patrick Pho|Alexander V. Mantzaris
conf/icisdm/RamroachDCJ19,2019,ICISDM,inproceedings,CUDA Optimized Neural Network Predicts Blood Glucose Control from Quantified Joint Mobility and Anthropometrics.,Sterling Ramroach|Andrew Dhanoo|Brian Cockburn|Ajay Joshi
conf/icisdm/AndoK24,2024,ICISDM,inproceedings,An Ensemble OOD Detection with Norm-enhancing Representation Learning.,Shin Ando|Takeshi Kounoike
conf/icisdm/ChengT20,2020,ICISDM,inproceedings,"Customer Expertise, Involvement and Perceived Online Review Trustworthiness.",Pengfei Cheng|Shasha Tian
conf/icisdm/TamondongFD24,2024,ICISDM,inproceedings,Nude Content Detection on Video Using Haar Cascade Classifier.,Erick Evener Garay Tamondong|Shairhem Evens Reyes Fernandez|Iluminada Vivien Ruiz Domingo
conf/icisdm/TajgardanKM24,2024,ICISDM,inproceedings,Steered Metaheuristic Optimization Approach for Vehicle Breakdown Prediction.,Mohsen Tajgardan|Reza Khoshkangini|Peyman Mashhadi
conf/icisdm/AwadSL19,2019,ICISDM,inproceedings,Evaluating Learning Management System Usage at a Small University.,Mohammed Awad|Khouloud Salameh|Ernst L. Leiss
conf/icisdm/CoskunGG21,2021,ICISDM,inproceedings,Email Clustering & Generating Email Templates Based on Their Topics.,Fatih Coskun|Cengiz Gezer|Vehbi C. Gungor
conf/icisdm/MaierS21,2021,ICISDM,inproceedings,On Biclique Connectivity in Bipartite Graphs and Recommendation Systems.,Cristina Maier|Dan A. Simovici
conf/icisdm/RajanRK24,2024,ICISDM,inproceedings,Knowledge Graphs Applications in Smart Cities.,Shilpa Rajan|Enayat Rajabi|Reza Khoshkangini
conf/icisdm/SoiniFA19,2019,ICISDM,inproceedings,Citrus Greening Infection Detection (CiGID) by Computer Vision and Deep Learning.,Charles T. Soini|Sofiane Fellah|Muhammad Rizwan Abid
conf/icisdm/JungbluthYV18,2018,ICISDM,inproceedings,Quality data extraction methodology based on the labeling of coffee leaves with nutritional deficiencies.,Adolfo Jungbluth|Jon Li Yeng|Luis Vives
conf/icisdm/LangenkampA18,2018,ICISDM,inproceedings,Phone based Video Processing Aimed at Outdoor Guidance for the Visually Impaired.,Stephen P. P. C. Langenkamp|Muhammad Rizwan Abid
conf/icisdm/OjuriPM18,2018,ICISDM,inproceedings,In Search of The Holy Grail: An Exploration of Value Co-Creation in Service Ecosystems Using Knowledge Network Analysis.,Omoleye Ojuri|Stephen Pryke|Grant Mills
conf/icisdm/MohseniM22,2022,ICISDM,inproceedings,A Framework for Exploring Computational Models of Novelty in Unstructured Text.,Maryam Mohseni|Mary Lou Maher
conf/icisdm/ToapantaAG20,2020,ICISDM,inproceedings,Appropriate Security Algorithms to Mitigate the Risks in a Database of the National Customs Service of Ecuador.,Segundo Mois|Karen Lissette Ponce Astudillo|Luis Enrique Mafla Gallegos
conf/icisdm/YanLZ18,2018,ICISDM,inproceedings,An Ontology Framework of Software Requirements Change Management Process Based on Causality.,Yuqing Yan|Pupei Liao|Zhenhua Zhang
conf/icisdm/HalbaM18,2018,ICISDM,inproceedings,In-Vehicle Software Defined Networking: An Enabler for Data Interoperability.,Khalid Halba|Charif Mahmoudi
conf/icisdm/AsharA023,2023,ICISDM,inproceedings,A Survey on Deep Learning-based Smart Assistive Aids for Visually Impaired Individuals.,Aetesam Ali Khan Ashar|Asir Abrar|Jiangjiang Liu 0002
conf/icisdm/AlhaidariAAZD19,2019,ICISDM,inproceedings,Network Traffic Anomaly Detection based on Viterbi Algorithm Using SNMP MIB Data.,Sulaiman Alhaidari|Ali Alharbi|Mansour Alshaikhsaleh|Mohamed A. Zohdy|Debatosh Debnath
conf/icisdm/DahalR23,2023,ICISDM,inproceedings,What Makes A Good Course and Professor: Through The Lens of RateMyProfessor Website.,Kushal Dahal|Rahat Ibn Rafiq
conf/icisdm/BegianK20,2020,ICISDM,inproceedings,Analysis of Fuel Pump Skimming Devices.,Charles Begian|Houssain Kettani
conf/icisdm/Alghamedy019,2019,ICISDM,inproceedings,Imputation Strategies for Cold-Start Users in NMF-Based Recommendation Systems.,Fatemah H. Alghamedy|Jun Zhang 0001
conf/icisdm/BelachewBB23,2023,ICISDM,inproceedings,Intelligent water quality monitoring using WSN and Machine Learning Approaches.,Ermiyas Birihanu Belachew|Mebiratu Beyene Bekele|Birtukan Adamu Birawo
conf/icisdm/AlamilRAN19,2019,ICISDM,inproceedings,Drivers for Sharing Knowledge in the Kingdom of Saudi Arabia Construction Industry: An Empirical Study.,Hani Alamil|Suresh Renukappa|Hanouf Alosaimi|Saeed Al Nabt
conf/icisdm/MorganGK24,2024,ICISDM,inproceedings,Survey of Soft Computing Methods to Predict Soccer Win/Loss Probability.,Kayanna A. Morgan|Emanuel S. Grant|Eunjin Kim
conf/icisdm/AltafSR19,2019,ICISDM,inproceedings,Student Performance Prediction using Multi-Layers Artificial Neural Networks: A Case Study on Educational Data Mining.,Saud Altaf|Waseem Soomro|Mohd Izani Mohamed Rawi
conf/icisdm/RamadhaniSI18,2018,ICISDM,inproceedings,Improving Creativity of Graphic Design for Deaf Students Using Contextual Teaching Learning Method (CTL).,Siti Ramadhani|Saide 0001|Richardus Eko Indrajit
conf/icisdm/DingL22,2022,ICISDM,inproceedings,A Visualized Knowledge Map of Enterprise Social Capital in the Context of Incubation Networks.,Ke Ding|Hongxia Li
conf/icisdm/AlsubhiAAJEK18,2018,ICISDM,inproceedings,An Architecture for Translating Sequential Code to Parallel.,Khalid Alsubhi|Fawaz Alsolami 0001|Abdullah M. Algarni|Kamal Mansur Jambi|Fathy E. Eassa|Maher Khemakhem
conf/icisdm/FazalFKJ19,2019,ICISDM,inproceedings,Vinfomize: A Framework for Multiple Voice-based Information Communication.,Muhammad Abu ul Fazal|Sam Ferguson|M. Shuaib Karim|Andrew Johnston
conf/icisdm/ToapantaCRG20,2020,ICISDM,inproceedings,Prototype of an alignment model of the Ministry of Telecommunications and the Information Society to a public organization in Ecuador.,Segundo Mois|Mauricio Jeanpierre M|Javier Gonzalo Ortiz Rojas|Luis Enrique Mafla Gallegos
conf/icisdm/SunYL24,2024,ICISDM,inproceedings,The Application of Constructing Knowledge Graph of Oral Historical Archives Resources Based on LLM-RAG.,Yi Sun|Wanru Yang|Yin Liu
conf/icisdm/ToapantaPG20,2020,ICISDM,inproceedings,Security Model for the Integration of the Ministry of Telecommunications and the Information Society with a Public Organization of Ecuador.,Segundo Mois|Gary Xavier R|Luis Enrique Mafla Gallegos
conf/icisdm/AshrafAK18,2018,ICISDM,inproceedings,A Comprehensive Comparative Analysis on Energy Efficient Approaches in SDN.,Fasiha Ashraf|Muhammad Aslam 0001|Yaser Daanial Khan
conf/icisdm/JonesD22,2022,ICISDM,inproceedings,Long Short-Term Memory for Bitcoin Price Prediction.,Jordan Jones|Doga Demirel
conf/icisdm/Al-ThubaityAA18,2018,ICISDM,inproceedings,Do Words with Certain Part of Speech Tags Improve the Performance of Arabic Text Classification?,Abdulmohsen Al-Thubaity|Aali Alqarni|Ahmad Alnafessah
conf/icisdm/DaboolAM24,2024,ICISDM,inproceedings,Enhancing Diagnostic Accuracy by Bypassing Traditional Imputation and Leveraging Missing Data in Alzheimer's Disease Detection Models.,Hamzah Dabool|Hany Alashwal|Ahmed A. Moustafa
conf/icisdm/GaoKL19,2019,ICISDM,inproceedings,Mining Frequent Itemsets Using Improved Apriori on Spark.,Fei Gao|Ashutosh Khandelwal|Jiangjiang Liu 0002
conf/icisdm/LamK19,2019,ICISDM,inproceedings,PhAttApp: A Phishing Attack Detection Application.,Thuy Lam|Houssain Kettani
conf/icisdm/VaidaP20,2020,ICISDM,inproceedings,Semi-Supervised Graph Neural Network with Probabilistic Modeling to Mitigate Uncertainty.,Maria Vaida|Pranita Patil
conf/icisdm/Vizuete-Salazar19,2019,ICISDM,inproceedings,Estimating poverty: A state-of-the-art of methods.,Yasmina Vizuete-Salazar|Marco Segura-Morales|Edison Loza Aguirre
conf/icisdm/FaiziR20,2020,ICISDM,inproceedings,Effect of Fear on Behavioral Intention to Comply.,Salman M. Faizi|Shawon S. M. Rahman
conf/icisdm/ChioinoCBV18,2018,ICISDM,inproceedings,Designing a decision tree for Cross-device communication technology aimed at iOS and Android developers.,Jamil Chioino|Ivan Contreras|Alfredo Barrientos|Luis Vives
conf/icisdm/YilmazGAG21,2021,ICISDM,inproceedings,Data Mining Techniques in Direct Marketing on Imbalanced Data using Tomek Link Combined with Random Under-sampling.,Cengiz Gezer|Zafer Aydin|Vehbi
conf/icisdm/AbidK21,2021,ICISDM,inproceedings,Automated Dataset Amplification and its Application to Small Dataset Object Detection Transfer Learning.,Muhammad R. Abid 0001|Riley Kiefer
conf/icisdm/SureshRK19,2019,ICISDM,inproceedings,Building Information Modelling in the Framework of Knowledge Management: A Water Industry Case Study.,Subashini Suresh|Suresh Renukappa|Andrew Kamunda
conf/icisdm/FandangoW18,2018,ICISDM,inproceedings,Towards investigation of iterative strategy for data mining of short-term traffic flow with Recurrent Neural Networks.,Armando Fandango|R. Paul Wiegand
conf/icisdm/FaghihiCMA22,2022,ICISDM,inproceedings,A Nonsynaptic Memory Based Neural Network for Hand-Written Digit Classification Using an Explainable Feature Extraction Method.,Faramarz Faghihi|Siqi Cai 0002|Ahmed A. Moustafa|Hany Alashwal
conf/icisdm/MorganNB24,2024,ICISDM,inproceedings,"The Application of Machine Learning to Empowerment, Stress and Workplace Outcomes.",Yun-Chen T. Morgan|Taylor V. Nichols|John W. Burris
conf/icisdm/AlshalaliJ20,2020,ICISDM,inproceedings,Evaluating Extreme Learning Machine Models in the Presence of Concept Drift in Streaming Data.,Tagrid Alshalali|Darsana Josyula
conf/icisdm/TranNN24,2024,ICISDM,inproceedings,Unveiling Valuable Skills and Credentials in the Information Technology Job Market through Social Media Mining.,Tuan Tran 0001|Dong Nguyen 0003|Ngoc-Anh Nguyen
conf/icisdm/SteinhagenK20,2020,ICISDM,inproceedings,An Inventory of Existing Neuroprivacy Controls.,Dustin Steinhagen|Houssain Kettani
conf/icisdm/BishtS21,2021,ICISDM,inproceedings,Weighted Ensemble of Neural and Probabilistic Graphical Models for Click Prediction.,Kritarth Bisht|Seba Susan
conf/icisdm/YanZ19,2019,ICISDM,inproceedings,"Knowledge Transfer, Sharing, and Management System Based on Causality for Requirements Change Management.",Yuqing Yan|Zhenhua Zhang
conf/icisdm/MaierS20,2020,ICISDM,inproceedings,Betweenness Centrality of Sets of Vertices in Graphs: which Vertices to Associate.,Cristina Maier|Dan A. Simovici
conf/icisdm/AbrarA024,2024,ICISDM,inproceedings,A Survey on Early-Stage Dementia Detection Using Natural Language Processing: Datasets and Approaches.,Asir Abrar|Aetesam Ali Khan Ashar|Jiangjiang Liu 0002
conf/icisdm/GBNN22,2022,ICISDM,inproceedings,Docker Container based Crowd Control Analysis Using Dask Hadoop Framework.,Radhika E. G|Jai Bhaarath|Naveen|Ritesh Nirmal
conf/icisdm/HusainG19,2019,ICISDM,inproceedings,"Research Trends in Knowledge Management: Past, Present and Future.",Shabahat Husain|Rumman Gul
conf/icisdm/GinigeV22,2022,ICISDM,inproceedings,"Effective online learning management system to improve and enhance the online learning and student engagement experience.: This document contains how the proposed solution, an extension, can help enhance distance learning.",T. N. D. S. Ginige|Shenal Thilaksha Vanderwall
conf/icisdm/CostalesCCB22,2022,ICISDM,inproceedings,Kaiser-Meyer-Olkin Factor Analysis: A Quantitative Approach on Mobile Gaming Addiction using Random Forest Classifier.,Jefferson A. Costales|Jeff Jojer Jones Catulay|Jeffrey Costales|Noel Bermudez
conf/icisdm/GillGSG23,2023,ICISDM,inproceedings,Preserving Users' Sensitive Data in Physical and Virtual World Using Machine Learning: A Strategy.,Nasib Singh Gill|Preeti Gulia|Amit Sagu|Bharti Goyal
conf/icisdm/ToapantaEG20,2020,ICISDM,inproceedings,Analysis of appropriate standards to solve cybersecurity problems in public organizations.,Segundo Mois|Gustavo Salomon Gaibor E.|Luis Enrique Mafla Gallegos
conf/icisdm/BashairehZS20,2020,ICISDM,inproceedings,"Twitter Data Collection and Extraction: A Method and a New Dataset, the UTD-MI.",Rasha Al Bashaireh|Mohamed Zohdy|Vian Sabeeh
conf/icisdm/LiLCC18,2018,ICISDM,inproceedings,Study on Transit-Time Ultrasonic Flow Meter with Waveform Analysis.,Bin Li 0019|Jiwei Lu|Jie Chen 0043|Siyuan Chen
conf/icisdm/ZunigaCIDM18,2018,ICISDM,inproceedings,Master Data Management Maturity Model for the Microfinance Sector in Peru.,Daniel V|Romina Kukurelo Cruz|Carlos Raymundo Iba|Francisco Dominguez|Javier M. Moguerza
conf/icisdm/TariqSMN18,2018,ICISDM,inproceedings,Snow Leopard Recognition Using Deep Convolution Neural Network.,Naveed Tariq|Khalid Saleem|Mubashar Mushtaq|Muhammad Ali Nawaz
conf/icisdm/ZhakubayevH22,2022,ICISDM,inproceedings,Clustering Faster and Better with Projected Data.,Alibek Zhakubayev|Greg Hamerly
conf/icisdm/ArzaniHZM23,2023,ICISDM,inproceedings,Exploiting Topic Modelling for the Identification of Untapped Scientific Collaborations.,Arman Arzani|Marcus Handte|Matteo Zella|Pedro Jos
conf/icisdm/WangL23,2023,ICISDM,inproceedings,The Trend and Path of Data Governance in University Library Informatization Construction: Taking the library of Wuhan university of Technology as an example.,Li Wang 0143|Xianhua Li
conf/csw/KrasilnikovLTAK23,2023,CSW@WSDM,inproceedings,Utilising Crowdsourcing to Assess the Effectiveness of Item-based Explanations of Merchant Recommendations.,Denis Krasilnikov|Oleg Lashinin|Maksim Tsygankov|Marina Ananyeva|Sergey Kolesnikov
conf/csw/WeiZLAKL23,2023,CSW@WSDM,inproceedings,To Aggregate or Not? Learning with Separate Noisy Labels.,Jiaheng Wei|Zhaowei Zhu|Tianyi Luo|Ehsan Amid|Abhishek Kumar|Yang Liu 0018
conf/csw/UstalovPLS23,2023,CSW@WSDM,inproceedings,WSDM Cup 2023 Challenge on Visual Question Answering.,Dmitry Ustalov|Nikita Pavlichenko|Daniil Likhobaba|Alisa Smirnova
conf/csw/PopescuDB23,2023,CSW@WSDM,inproceedings,The Determination of the Learning Performance based on Assessment Item Analysis.,Doru Anastasiu Popescu|Ovidiu Domsa|Nicolae Bold
conf/csw/KosanHALC23,2023,CSW@WSDM,inproceedings,AI Decision Systems with Feedback Loop Active Learner.,Mert Kosan|Linyun He|Shubham Agrawal|Hongyi Liu|Chiranjeet Chetia
conf/kddcd/LeLKTL22,2022,CD@KDD,inproceedings,Preface: The 2022 ACM SIGKDD Workshop on Causal Discovery.,Thuc Duy Le|Lin Liu 0003|Emre Kiciman|Sofia Triantafyllou|Huan Liu 0001
conf/kddcd/MianKK22,2022,CD@KDD,inproceedings,Regret-based Federated Causal Discovery.,Osman Mian|David Kaltenpoth|Michael Kamp
conf/kddcd/HagedornLHS22,2022,CD@KDD,inproceedings,GPU Acceleration for Information-theoretic Constraint-based Causal Discovery.,Christopher Hagedorn|Constantin Lange|Johannes Huegle|Rainer Schlosser
conf/kddcd/ValogianniP22,2022,CD@KDD,inproceedings,Causal ABMs: Learning Plausible Causal Models using Agent-based Modeling.,Konstantina Valogianni|Balaji Padmanabhan
conf/ial/DeckeHSG24,2024,IAL@PKDD/ECML,inproceedings,Active Learning with Physics-Informed Graph Neural Networks on Unstructured Meshes.,Jens Decke|Alexander Heinen|Bernhard Sick|Christian Gruhl
conf/ial/HuangHHHS23,2023,IAL@PKDD/ECML,inproceedings,Active Learning with Fast Model Updates and Class-Balanced Selection for Imbalanced Datasets.,Zhixin Huang|Yujiang He|Marek Herde|Denis Huseljic|Bernhard Sick
conf/ial/DedjaNV23,2023,IAL@PKDD/ECML,inproceedings,Active Learning for Survival Analysis with Incrementally Disclosed Label Information.,Klest Dedja|Felipe Kenji Nakano|Celine Vens
conf/ial/FaraounMML24,2024,IAL@PKDD/ECML,inproceedings,Contextual kNN Ensemble Retrieval Approach for Semantic Postal Address Matching.,El Moundir Faraoun|N|St|Myriam Lamolle
conf/ial/HolenaK24,2024,IAL@PKDD/ECML,inproceedings,Suitability of Modern Neural Networks for Active and Transfer Learning in Surrogate-Assisted Black-Box Optimization.,Martin Holena|Jan Koza
conf/ial/BronGCSB24,2024,IAL@PKDD/ECML,inproceedings,Combining Large Language Model Classifications and Active Learning for Improved Technology-Assisted Review.,Michiel P. Bron|Berend Greijn|Bruno Messina Coimbra|Rens van de Schoot|Ayoub Bagheri
conf/ial/HerdeMTS24,2024,IAL@PKDD/ECML,inproceedings,Tutorial: Interactive Adaptive Learning.,Marek Herde|Tuan Pham Minh|Alaa Tharwat|Bernhard Sick
conf/ial/WeertsTW23,2023,IAL@PKDD/ECML,inproceedings,Look and You Will Find It: Fairness-Aware Data Collection through Active Learning.,Hilde J. P. Weerts|Ren|Martijn C. Willemsen
conf/ial/HerdeHSBO23,2023,IAL@PKDD/ECML,inproceedings,Who knows best? A Case Study on Intelligent Crowdworker Selection via Deep Learning.,Marek Herde|Denis Huseljic|Bernhard Sick|Ulrich Bretschneider|Sarah Oeste-Rei
conf/ial/LiTRZ24,2024,IAL@PKDD/ECML,inproceedings,Amortized Active Learning for Nonparametric Functions.,Cen-You Li|Marc Toussaint|Barbara Rakitsch|Christoph Zimmer
conf/ial/BeyerBS23,2023,IAL@PKDD/ECML,inproceedings,Challenges for Active Feature Acquisition and Imputation on Data Streams.,Christian Beyer|Maik B|Myra Spiliopoulou
conf/ial/BunseKTS23,2023,IAL@PKDD/ECML,inproceedings,Tutorial: Interactive Adaptive Learning.,Mirko Bunse|Georg Krempl|Alaa Tharwat|Amal Saadallah
conf/ial/SaadallahR23,2023,IAL@PKDD/ECML,inproceedings,Interpretable Meta-Active Learning for Regression Ensemble Learning.,Ons Saadallah|Zied Rouissi
conf/ial/RoderS24,2024,IAL@PKDD/ECML,inproceedings,Deep Transfer Hashing for Adaptive Learning on Federated Streaming Data.,Manuel R|Frank-Michael Schleif
conf/ial/RauchHWDS024,2024,IAL@PKDD/ECML,inproceedings,Towards Deep Active Learning in Avian Bioacoustics.,Lukas Rauch|Denis Huseljic|Moritz Wirth|Jens Decke|Bernhard Sick|Christoph Scholz 0001
conf/ial/HuseljicHHS23,2023,IAL@PKDD/ECML,inproceedings,Role of Hyperparameters in Deep Active Learning.,Denis Huseljic|Marek Herde|Paul Hahn|Bernhard Sick
conf/ial/HahnHHS24,2024,IAL@PKDD/ECML,inproceedings,General Reusability: Ensuring Long-Term Benefits of Deep Active Learning.,Paul Hahn|Denis Huseljic|Marek Herde|Bernhard Sick
conf/icdm/Lin0G23,2023,ICDM (Workshops),inproceedings,Enhancing Interpretability in AI-Generated Image Detection with Genetic Programming.,Mingqian Lin|Lin Shang 0001|Xiaoying Gao
conf/icdm/HondaMS18,2018,ICDM Workshops,inproceedings,Automatic Mining of Large IoT Sensor Tensor.,Takato Honda|Yasuko Matsubara|Yasushi Sakurai
conf/icdm/AnwarZ23,2023,ICDM,inproceedings,Reinforcement Learning based Hyper-heuristics for Many-objective Pickup and Delivery Problem.,Adeem Ali Anwar|Xuyun Zhang
conf/icdm/HolodnakBML22,2022,ICDM (Workshops),inproceedings,Backdoor Poisoning of Encrypted Traffic Classifiers.,John T. Holodnak|Olivia M. Brown|Jason Matterer|Andrew Lemke
conf/icdm/LefortBOGS24,2024,ICDM (Workshops),inproceedings,Sentiment Score of Bloomberg Market Wraps with ChatGPT.,Baptiste Lefort|Eric Benhamou|Jean-Jacques Ohana|Beatrice Guez|David Saltiel
conf/icdm/GomesRN18,2018,ICDM,inproceedings,Multi-level Hypothesis Testing for Populations of Heterogeneous Networks.,Guilherme Gomes|Vinayak A. Rao|Jennifer Neville
conf/icdm/GuoWL18,2018,ICDM Workshops,inproceedings,Large Margin Graph Construction for Semi-Supervised Learning.,Lan-Zhe Guo|Shao-Bo Wang|Yufeng Li 0008
conf/icdm/Qiu0X23,2023,ICDM,inproceedings,A Progressive Sampling Method for Dual-Node Imbalanced Learning with Restricted Data Access.,Yixuan Qiu|Weitong Chen 0001|Miao Xu 0001
conf/icdm/EmmadiSAN22,2022,ICDM (Workshops),inproceedings,Simplifying Process Navigations - Divide and Rule way.,Sai Charan Emmadi|Satya Samudrala|Parag Agrawal|Maitreya Natu
conf/icdm/ZhaoZL0LH18,2018,ICDM Workshops,inproceedings,Query of Marine Big Data Based on Graph Compression and Views.,Danfeng Zhao|Yeyi Zhang|Junchen Lin|Wei Song 0007|Antonio Liotta|Dongmei Huang
conf/icdm/WangLPCHW19,2019,ICDM,inproceedings,Fast Semantic Preserving Hashing for Large-Scale Cross-Modal Retrieval.,Xingzhi Wang|Xin Liu 0011|Shu-Juan Peng|Yiu-ming Cheung|Zhikai Hu|Nannan Wang 0001
conf/icdm/TianJZ22,2022,ICDM (Workshops),inproceedings,Exploiting Cross-Order Patterns and Link Prediction in Higher-Order Networks.,Hao Tian|Shengmin Jin|Reza Zafarani
conf/icdm/Hwang0CL0P21,2021,ICDM,inproceedings,Climate Modeling with Neural Diffusion Equations.,Jeehyun Hwang|Jeongwhan Choi 0002|Hwangyong Choi|Kookjin Lee|Dongeun Lee 0001|Noseong Park
conf/icdm/WuLBZYL18,2018,ICDM,inproceedings,Human-Centric Urban Transit Evaluation and Planning.,Guojun Wu|Yanhua Li|Jie Bao 0003|Yu Zheng 0004|Jieping Ye|Jun Luo 0007
conf/icdm/LiQWYS20,2020,ICDM,inproceedings,Exploiting Inconsistency Problem in Multi-label Classification via Metric Learning.,Peiyan Li 0002|Zhili Qin|Honglian Wang|Qinli Yang|Junming Shao
conf/icdm/Yu0YLGW19,2019,ICDM,inproceedings,Generating Reliable Friends via Adversarial Training to Improve Social Recommendation.,Junliang Yu|Min Gao 0001|Hongzhi Yin|Jundong Li|Chongming Gao|Qinyong Wang
conf/icdm/ImaniK19,2019,ICDM,inproceedings,Matrix Profile XIX: Time Series Semantic Motifs: A New Primitive for Finding Higher-Level Structure in Time Series.,Shima Imani|Eamonn J. Keogh
conf/icdm/GiladiK23,2023,ICDM,inproceedings,Feedback Decision Transformer: Offline Reinforcement Learning With Feedback.,Liad Giladi|Gilad Katz
conf/icdm/0002W21,2021,ICDM,inproceedings,Fair Decision-making Under Uncertainty.,Wenbin Zhang 0002|Jeremy C. Weiss
conf/icdm/HenryS19,2019,ICDM Workshops,inproceedings,Predictive Models for Early Detection of Hoax Spread in Twitter.,Didier Henry|Erick Stattner
conf/icdm/WangSWDJ20,2020,ICDM,inproceedings,CorDEL: A Contrastive Deep Learning Approach for Entity Linkage.,Zhengyang Wang|Bunyamin Sisman|Hao Wei|Xin Luna Dong|Shuiwang Ji
conf/icdm/LiZ0Y18,2018,ICDM,inproceedings,Concept Mining via Embedding.,Keqian Li|Hanwen Zha|Yu Su 0001|Xifeng Yan
conf/icdm/LinCFEA20,2020,ICDM,inproceedings,Building Autocorrelation-Aware Representations for Fine-Scale Spatiotemporal Prediction.,Yijun Lin 0001|Yao-Yi Chiang|Meredith Franklin|Sandrah P. Eckel|Jos
conf/icdm/GaoZHZFY22,2022,ICDM,inproceedings,Towards Feature Distribution Alignment and Diversity Enhancement for Data-Free Quantization.,Yangcheng Gao|Zhao Zhang 0001|Richang Hong|Haijun Zhang 0002|Jicong Fan 0001|Shuicheng Yan
conf/icdm/GuanQLSGL18,2018,ICDM Workshops,inproceedings,An Efficient ADMM-Based Algorithm to Nonconvex Penalized Support Vector Machines.,Lei Guan|Linbo Qiao|Dongsheng Li 0001|Tao Sun 0005|Keshi Ge|Xicheng Lu
conf/icdm/MarinescuRL20,2020,ICDM (Workshops),inproceedings,Improving object detection in paintings based on time contexts.,Maria-Cristina V. Marinescu|Artem Reshetnikov|Joaquim Mor
conf/icdm/LiHD18,2018,ICDM Workshops,inproceedings,Learning Network Representations with Neighboring Affinity.,Zhao Li 0007|Jiaming Huang|Donghui Ding
conf/icdm/WeiSZ23,2023,ICDM (Workshops),inproceedings,ESOA Algorithm Based on learning rate optimization in Convolutional neural networks.,Peiyang Wei|Xiaoyu Shi 0001|Jiesan Zhou
conf/icdm/ZhaoDLM19,2019,ICDM Workshops,inproceedings,Data Mining in Railway Defect Image Based on Object Detection Technology.,Bing Zhao 0003|Mingrui Dai|Ping Li 0038|Xiao-ning Ma
conf/icdm/Klikowski024,2024,ICDM (Workshops),inproceedings,Non-stationary Imbalanced Data Stream Classification with Weighted One-Class Ensemble.,Jakub Klikowski|Michal Wozniak 0001
conf/icdm/SakajiKIM19,2019,ICDM Workshops,inproceedings,Extraction of Volitional Utterances from Japanese Local Political Corpus.,Hiroki Sakaji|Yasutomo Kimura|Kiyoshi Izumi|Hiroyasu Matsushima
conf/icdm/HeZ0C0T24,2024,ICDM,inproceedings,Influence-Aware Group Recommendation for Social Media Propagation.,Chengkun He|Xiangmin Zhou|Chen Wang 0008|Longbing Cao|Jie Shao 0001|Zahir Tari
conf/icdm/YangCLYX21,2021,ICDM,inproceedings,Hyper Meta-Path Contrastive Learning for Multi-Behavior Recommendation.,Haoran Yang 0001|Hongxu Chen 0002|Lin Li 0001|Philip S. Yu|Guandong Xu
conf/icdm/ChenN19,2019,ICDM Workshops,inproceedings,Deep Learning Ethereum Token Price Prediction with Network Motif Analysis.,Yuzhou Chen|Hon Keung Tony Ng
conf/icdm/HoCL20,2020,ICDM (Workshops),inproceedings,A Short-Term Cryptocurrency Price Movement Prediction Using Centrality Measures.,Kin-Hon Ho|Wai-Han Chiu|Chin Li
conf/icdm/SuzukiITF023,2023,ICDM,inproceedings,Rule Mining for Correcting Classification Models.,Hirofumi Suzuki|Hiroaki Iwashita|Takuya Takagi|Yuta Fujishige|Satoshi Hara 0001
conf/icdm/SunZZY22,2022,ICDM (Workshops),inproceedings,Improving Your Graph Neural Networks: A High-Frequency Booster.,Jiaqi Sun|Lin Zhang|Shenglin Zhao|Yujiu Yang 0001
conf/icdm/ZhangZZ0Q023,2023,ICDM,inproceedings,Cognition-Mode Aware Variational Representation Learning Framework for Knowledge Tracing.,Moyu Zhang|Xinning Zhu|Chunhong Zhang|Feng Pan 0010|Wenchen Qian|Hui Zhao 0001
conf/icdm/HeLZLNH18,2018,ICDM,inproceedings,A General Cross-Domain Recommendation Framework via Bayesian Neural Network.,Jia He 0001|Rui Liu 0007|Fuzhen Zhuang|Fen Lin|Cheng Niu|Qing He 0003
conf/icdm/AshokLP18,2018,ICDM Workshops,inproceedings,JobSense: A Data-Driven Career Knowledge Exploration Framework and System.,Xavier Jayaraj Siddarth Ashok|Ee-Peng Lim|Philips Kokoh Prasetyo
conf/icdm/LeeWZ18,2018,ICDM Workshops,inproceedings,Dimension Reduction on Open Data Using Variational Autoencoder.,Hyunmin Lee|Zhen Hao Wu|Zhaolei Zhang
conf/icdm/KonarS20,2020,ICDM,inproceedings,Soft Graph Matching: Submodular Relaxation and Lov,Aritra Konar|Nicholas D. Sidiropoulos
conf/icdm/OloruntobaCL19,2019,ICDM Workshops,inproceedings,Clan-Based Cultural Algorithm for Feature Selection.,Oluwabunmi Oloruntoba|Georgina Cosma|Antonio Liotta
conf/icdm/ChenCC20,2020,ICDM,inproceedings,GraphEBM: Energy-based Graph Construction for Semi-Supervised Learning.,Zhijie Chen|Hongtai Cao|Kevin Chen-Chuan Chang
conf/icdm/RenZFZXW21,2021,ICDM,inproceedings,Robust Low-rank Deep Feature Recovery in CNNs: Toward Low Information Loss and Fast Convergence.,Jiahuan Ren|Zhao Zhang 0001|Jicong Fan 0001|Haijun Zhang 0002|Mingliang Xu 0001|Meng Wang 0001
conf/icdm/ParambathAAK24,2024,ICDM (Workshops),inproceedings,Sequential Block Elimination for Dynamic Pricing.,Shameem Puthiya Parambath|Saleh Abdullah M. Alfahad|Christos Anagnostopoulos 0001|Kostas Kolomvatsos
conf/icdm/SenarathMVPND21,2021,ICDM,inproceedings,Practitioner-Centric Approach for Early Incident Detection Using Crowdsourced Data for Emergency Services.,Yasas Senarath|Ayan Mukhopadhyay|Sayyed Mohsen Vazirizade|Hemant Purohit|Saideep Nannapaneni|Abhishek Dubey
conf/icdm/WangCYWW018,2018,ICDM,inproceedings,A Reinforcement Learning Framework for Explainable Recommendation.,Xiting Wang|Yiru Chen|Jie Yang|Le Wu|Zhengtao Wu|Xing Xie 0001
conf/icdm/VijaikumarHS21,2021,ICDM,inproceedings,HyperTeNet: Hypergraph and Transformer-based Neural Network for Personalized List Continuation.,M. Vijaikumar|Deepesh V. Hada|Shirish K. Shevade
conf/icdm/LiuC19,2019,ICDM Workshops,inproceedings,IIRank: A Novel Algorithm for Identifying Influencers in Micro-Blog Social Networks.,Yufei Liu 0001|Jie Cao 0001
conf/icdm/DoanVK18,2018,ICDM Workshops,inproceedings,Generating Realistic Sequences of Customer-Level Transactions for Retail Datasets.,Thang Doan|Neil Veira|Brian Keng
conf/icdm/YangSM0S24,2024,ICDM,inproceedings,Combining Self-Supervision and Privileged Information for Representation Learning from Tabular Data.,Haoyu Yang|Michael S. Steinbach|Genevieve B. Melton|Vipin Kumar 0001|Gy
conf/icdm/RenW0GLF22,2022,ICDM,inproceedings,Mitigating Popularity Bias in Recommendation with Unbalanced Interactions: A Gradient Perspective.,Weijieying Ren|Lei Wang 0185|Kunpeng Liu 0001|Ruocheng Guo|Ee-Peng Lim|Yanjie Fu
conf/icdm/TabeiYP19,2019,ICDM,inproceedings,Space-Efficient Feature Maps for String Alignment Kernels.,Yasuo Tabei|Yoshihiro Yamanishi|Rasmus Pagh
conf/icdm/PhamYMZZ21,2021,ICDM,inproceedings,Cardiac Complication Risk Profiling for Cancer Survivors via Multi-View Multi-Task Learning.,Thai-Hoang Pham|Changchang Yin|Laxmi Mehta|Xueru Zhang|Ping Zhang 0016
conf/icdm/WangG0Z23,2023,ICDM,inproceedings,BDVFL: Blockchain-based Decentralized Vertical Federated Learning.,Shuo Wang 0026|Keke Gai|Jing Yu 0007|Liehuang Zhu
conf/icdm/YuanCD24,2024,ICDM,inproceedings,A Parameter Update Balancing Algorithm for Multi-task Ranking Models in Recommendation Systems.,Jun Yuan 0008|Guohao Cai|Zhenghua Dong
conf/icdm/Chen0LZL18,2018,ICDM,inproceedings,Rational Neural Networks for Approximating Graph Convolution Operator on Jump Discontinuities.,Zhiqian Chen|Feng Chen 0001|Rongjie Lai|Xuchao Zhang|Chang-Tien Lu
conf/icdm/ZhangQZSW23,2023,ICDM,inproceedings,A Mixed-State Streaming Edge Partitioning based on Combinatorial Design.,Zhenyu Zhang 0023|Wenwen Qu|Weixi Zhang|Junlin Shang|Xiaoling Wang
conf/icdm/YangP00LZ18,2018,ICDM,inproceedings,Binarized attributed network embedding.,Hong Yang 0003|Shirui Pan|Peng Zhang 0001|Ling Chen 0006|Defu Lian|Chengqi Zhang
conf/icdm/ShiLQ24,2024,ICDM (Workshops),inproceedings,Structure Aware Loss for Deep Unsupervised Industrial Image Registration.,Yong Shi|Mengjin Lyu|Zhiquan Qi
conf/icdm/BaranK22,2022,ICDM (Workshops),inproceedings,Linguistic Knowledge Application to Neuro-Symbolic Transformers in Sentiment Analysis.,Joanna Baran|Jan Kocon
conf/icdm/ZhangZW18,2018,ICDM,inproceedings,A Machine Reading Comprehension-Based Approach for Featured Snippet Extraction.,Chen Zhang|Xuyuanyu Zhang|Hao Wang
conf/icdm/AtzmuellerSSB18,2018,ICDM Workshops,inproceedings,MinerLSD: Efficient Local Pattern Mining on Attributed Graphs.,Martin Atzmueller|Henry Soldano|Guillaume Santini|Dominique Bouthinon
conf/icdm/ChenWCLL024,2024,ICDM,inproceedings,A Novel Shadow Variable Catcher for Addressing Selection Bias in Recommendation Systems.,Qingfeng Chen|Boquan Wei|Debo Cheng|Jiuyong Li|Lin Liu 0003|Shichao Zhang 0001
conf/icdm/LiC23,2023,ICDM (Workshops),inproceedings,A fast incremental spectral clustering algorithm with cosine similarity.,Ran Li|Guangliang Chen
conf/icdm/BiswasMR22,2022,ICDM (Workshops),inproceedings,AARS: A novel adaptive archive-based efficient counting method for machine learning applications.,Sajib K. Biswas|Pranab K. Muhuri|Uttam K. Roy
conf/icdm/DinhBCG23,2023,ICDM (Workshops),inproceedings,E2EG: End-to-End Node Classification Using Graph Topology and Text-based Node Attributes.,Tu Anh Dinh|Jeroen den Boef|Joran Cornelisse|Paul Groth
conf/icdm/KongH0S23,2023,ICDM,inproceedings,Tree-based Kendall's τ Maximization for Explainable Unsupervised Anomaly Detection.,Lanfang Kong|Alexis Huet|Dario Rossi 0001|Mauro Sozio
conf/icdm/KhiariO20,2020,ICDM (Workshops),inproceedings,Boosting Algorithms for Delivery Time Prediction in Transportation Logistics.,Jihed Khiari|Cristina Olaverri-Monreal
conf/icdm/AndonovM23,2023,ICDM (Workshops),inproceedings,LogGC: Novel Approach for Graph-based Log Anomaly Detection.,Stefan Andonov|Gjorgji Madjarov
conf/icdm/GurumoorthyDCA19,2019,ICDM,inproceedings,Efficient Data Representation by Selecting Prototypes with Importance Weights.,Karthik S. Gurumoorthy|Amit Dhurandhar|Guillermo A. Cecchi|Charu C. Aggarwal
conf/icdm/HuSSDZ21,2021,ICDM,inproceedings,Source Inference Attacks in Federated Learning.,Hongsheng Hu|Zoran Salcic|Lichao Sun 0001|Gillian Dobbie|Xuyun Zhang
conf/icdm/PintilieMB23,2023,ICDM (Workshops),inproceedings,Time Series Anomaly Detection using Diffusion-based Models.,Ioana Pintilie|Andrei Manolache|Florin Brad
conf/icdm/YuYWD020,2020,ICDM,inproceedings,Partial Multi-label Learning using Label Compression.,Tingting Yu|Guoxian Yu|Jun Wang 0035|Carlotta Domeniconi|Xiangliang Zhang 0001
conf/icdm/ShuLY020,2020,ICDM,inproceedings,Learning from Multi-Class Positive and Unlabeled Data.,Senlin Shu|Zhuoyi Lin|Yan Yan|Li Li 0006
conf/icdm/XiaoJMXP22,2022,ICDM,inproceedings,Spatiotemporal Contextual Consistency Network for Precipitation Nowcasting.,Xinyu Xiao|Qizhao Jin|Gaofeng Meng|Shiming Xiang|Chunhong Pan
conf/icdm/HakimiALS21,2021,ICDM,inproceedings,LAGA: Lagged AllReduce with Gradient Accumulation for Minimal Idle Time.,Ido Hakimi|Rotem Zamir Aviv|Kfir Y. Levy|Assaf Schuster
conf/icdm/HanN22,2022,ICDM,inproceedings,Text-enhanced Multi-Granularity Temporal Graph Learning for Event Prediction.,Xiaoxue Han|Yue Ning 0001
conf/icdm/XieZ20,2020,ICDM,inproceedings,Robust Product Rating Rules Against Herding Effects: Theory and Applications.,Hong Xie 0004|Mingze Zhong
conf/icdm/XiaoL0WWL24,2024,ICDM,inproceedings,Towards Dynamic University Course Timetabling Problem: An Automated Approach Augmented via Reinforcement Learning.,Yanan Xiao|XiangLin Li|Lu Jiang 0007|Pengfei Wang 0008|Kaidi Wang|Na Luo
conf/icdm/XieMLZL18,2018,ICDM,inproceedings,Unsupervised User Identity Linkage via Factoid Embedding.,Wei Xie 0005|Xin Mu|Roy Ka-Wei Lee|Feida Zhu 0001|Ee-Peng Lim
conf/icdm/WittkoppAK23,2023,ICDM (Workshops),inproceedings,Progressing from Anomaly Detection to Automated Log Labeling and Pioneering Root Cause Analysis.,Thorsten Wittkopp|Alexander Acker|Odej Kao
conf/icdm/KosmanOC22,2022,ICDM (Workshops),inproceedings,LSP: Acceleration of Graph Neural Networks via Locality Sensitive Pruning of Graphs.,Eitan Kosman|Joel Oren|Dotan Di Castro
conf/icdm/LiXYLZ23,2023,ICDM,inproceedings,Anti-Noise Muiti-View Feature Selection With Sample Constraints.,Jiaye Li 0001|Hang Xu|Hao Yu|Weixin Li|Shichao Zhang 0001
conf/icdm/ZhangWC20,2020,ICDM (Workshops),inproceedings,Hybrid Learning with Teacher-student Knowledge Distillation for Recommenders.,Hangbin Zhang|Raymond K. Wong 0001|Victor W. Chu
conf/icdm/ParkKSY022,2022,ICDM,inproceedings,Multi-view POI-level Cellular Trajectory Reconstruction for Digital Contact Tracing of Infectious Diseases.,Dongmin Park|Junhyeok Kang|Hwanjun Song|Susik Yoon|Jae-Gil Lee 0001
conf/icdm/MoonBC20,2020,ICDM (Workshops),inproceedings,Learning Disentangled Representation of Residential Power Demand Peak via Convolutional-Recurrent Triplet Network.,Hyung-Jun Moon|Seok-Jun Bu|Sung-Bae Cho
conf/icdm/Liu0XW23,2023,ICDM,inproceedings,IE-Evo: Internal and External Evolution-Enhanced Temporal Knowledge Graph Forecasting.,Kangzheng Liu|Feng Zhao 0003|Guandong Xu|Shiqing Wu 0001
conf/icdm/RathinavelMOR22,2022,ICDM,inproceedings,Detecting Irregular Network Activity with Adversarial Learning and Expert Feedback.,Gopikrishna Rathinavel|Nikhil Muralidhar|Timothy J. O'Shea|Naren Ramakrishnan
conf/icdm/HuoYLZ18,2018,ICDM,inproceedings,Learning Semantic Features for Software Defect Prediction by Code Comments Embedding.,Xuan Huo|Yang Yang 0074|Ming Li 0005|De-Chuan Zhan
conf/icdm/Schreckenberger20,2020,ICDM (Workshops),inproceedings,Restructuring of Hoeffding Trees for Trapezoidal Data Streams.,Christian Schreckenberger|Tim Glockner|Heiner Stuckenschmidt|Christian Bartelt
conf/icdm/BaytasXW0Z18,2018,ICDM,inproceedings,Heterogeneous Hyper-Network Embedding.,Inci M. Baytas|Cao Xiao|Fei Wang 0001|Anil K. Jain 0001|Jiayu Zhou
conf/icdm/KalofoliasBV19,2019,ICDM,inproceedings,Discovering Robustly Connected Subgraphs with Simple Descriptions.,Janis Kalofolias|Mario Boley|Jilles Vreeken
conf/icdm/WangFC23,2023,ICDM (Workshops),inproceedings,FedNAT: Byzantine-robust Federated Learning through Activation-based Attention Transfer.,Mengxin Wang|Liming Fang 0001|Kuiqi Chen
conf/icdm/SasakiO21,2021,ICDM,inproceedings,Alternative Ruleset Discovery to Support Black-box Model Predictions.,Yoichi Sasaki 0002|Yuzuru Okajima
conf/icdm/JinZ18,2018,ICDM,inproceedings,Representing Networks with 3D Shapes.,Shengmin Jin|Reza Zafarani
conf/icdm/FangL23,2023,ICDM,inproceedings,Concordance Learning with Spectral Decay on Triplet Similarity.,Jiansheng Fang|Jiajian Li
conf/icdm/ZhangNPT22,2022,ICDM (Workshops),inproceedings,A Multi -level Alignment Training Scheme for Video-and-Language Grounding.,Yubo Zhang 0004|Feiyang Niu|Qing Ping|Govind Thattai
conf/icdm/WangKZ22,2022,ICDM (Workshops),inproceedings,Towards Fair Representation Learning in Knowledge Graph with Stable Adversarial Debiasing.,Yihe Wang|Mohammad Mahdi Khalili|Xiang Zhang 0012
conf/icdm/LiufuJLL20,2020,ICDM (Workshops),inproceedings,A Recommender Algorithm: Gradient Recurrent Neural Network Applied to Yang-Baxter-Like Equation.,Ying Liufu|Long Jin 0001|Mei Liu|Shuai Li 0002
conf/icdm/EjiriIS18,2018,ICDM Workshops,inproceedings,Realization of Data Exchange and Utilization Society by Blockchain and Data Jacket: Merit of Consortium to Accelerate Co-Creation.,Yusuke Ejiri|Eiji Ikeda|Hiromichi Sasaki
conf/icdm/ZhangLK23,2023,ICDM (Workshops),inproceedings,Probabilistic Forecast Reconciliation with Kullback-Leibler Divergence Regularization.,Guanyu Zhang|Feng Li 0028|Yanfei Kang
conf/icdm/LangfordKH18,2018,ICDM Workshops,inproceedings,Wildfire Mapping in Interior Alaska Using Deep Neural Networks on Imbalanced Datasets.,Zachary L. Langford|Jitendra Kumar 0001|Forrest M. Hoffman
conf/icdm/SankarLH22,2022,ICDM (Workshops),inproceedings,Above Ground Biomass Estimation of a Cocoa Plantation using Machine Learning.,Sabrina Sankar|Marvin Lewis|Patrick Hosein
conf/icdm/ChenRNPKS23,2023,ICDM (Workshops),inproceedings,Toward Solving Domain Adaptation with Limited Source Labeled Data.,Kunru Chen|Thorsteinn S. R|Slawomir Nowaczyk|Sepideh Pashami|Jonas Klang|Gustav Sternel
conf/icdm/XiaoLZJYW22,2022,ICDM (Workshops),inproceedings,Streaming Traffic Flow Prediction Based on Continuous Reinforcement Learning.,Yanan Xiao|Minyu Liu|Zichen Zhang 0014|Lu Jiang 0007|Minghao Yin|Jianan Wang
conf/icdm/NitandaMS19,2019,ICDM,inproceedings,Sharp Characterization of Optimal Minibatch Size for Stochastic Finite Sum Convex Optimization.,Atsushi Nitanda|Tomoya Murata|Taiji Suzuki
conf/icdm/MaWHLG18,2018,ICDM Workshops,inproceedings,Learning via Social Preference: A Coarse-to-Fine Training Strategy for Style Transfer Systems.,Zhuoqi Ma|Nannan Wang 0001|Yi Hao|Jie Li 0001|Xinbo Gao 0001
conf/icdm/VictorZ18,2018,ICDM Workshops,inproceedings,Geofences on the Blockchain: Enabling Decentralized Location-Based Services.,Friedhelm Victor|Sebastian Zickau
conf/icdm/LiuL0YDZ19,2019,ICDM,inproceedings,Cross-Modal Zero-Shot Hashing.,Xuanwu Liu|Zhao Li 0007|Jun Wang 0035|Guoxian Yu|Carlotta Domeniconi|Xiangliang Zhang 0001
conf/icdm/MaoY024,2024,ICDM,inproceedings,Towards Expressive Graph Representations for Graph Neural Networks.,Chengsheng Mao|Liang Yao|Yuan Luo 0001
conf/icdm/YangL023,2023,ICDM,inproceedings,Fact-Preserved Personalized News Headline Generation.,Zhao Yang|Junhong Lian|Xiang Ao 0001
conf/icdm/Mo022,2022,ICDM,inproceedings,Bayesian Deep Structured Semantic Model for Sub-Linear-Time Information Retrieval.,Yuji Mo|Stephen D. Scott 0001
conf/icdm/SonPJ18,2018,ICDM Workshops,inproceedings,Country Interest Analysis Based on Long-Term Short-Term Memory(LSTM) In Decentralized System.,Hojae Son|Anand Paul 0001|Gwanggil Jeon
conf/icdm/TanZDH23,2023,ICDM (Workshops),inproceedings,Graph Neural Networks with Non-Recursive Message Passing.,Qiaoyu Tan|Xin Zhang 0104|Jiahe Du|Xiao Huang 0001
conf/icdm/AbrahamD20,2020,ICDM (Workshops),inproceedings,Rebuilding Trust in Active Learning with Actionable Metrics.,Alexandre Abraham|L
conf/icdm/YeoMNL18,2018,ICDM,inproceedings,DE-RNN: Forecasting the Probability Density Function of Nonlinear Time Series.,Kyongmin Yeo|Igor Melnyk|Nam Nguyen|Eun Kyung Lee
conf/icdm/RahmanSA20,2020,ICDM,inproceedings,Force2Vec: Parallel force-directed graph embedding.,Md. Khaledur Rahman|Majedul Haque Sujon|Ariful Azad
conf/icdm/EswaranF18,2018,ICDM,inproceedings,SedanSpot: Detecting Anomalies in Edge Streams.,Dhivya Eswaran|Christos Faloutsos
conf/icdm/WeiSKO18,2018,ICDM,inproceedings,Uncluttered Domain Sub-Similarity Modeling for Transfer Regression.,Pengfei Wei 0001|Ram|Yiping Ke|Yew-Soon Ong
conf/icdm/YehG22,2022,ICDM (Workshops),inproceedings,An Efficient and Reliable Tolerance- Based Algorithm for Principal Component Analysis.,Michael Yeh|Ming Gu
conf/icdm/TanWPY19,2019,ICDM,inproceedings,User Response Driven Content Understanding with Causal Inference.,Fei Tan 0002|Zhi Wei 0001|Abhishek Pani|Zhenyu Yan 0001
conf/icdm/HamdiA19,2019,ICDM,inproceedings,Interpretable Feature Learning of Graphs using Tensor Decomposition.,Shah Muhammad Hamdi|Rafal A. Angryk
conf/icdm/WangWZSDF20,2020,ICDM,inproceedings,Defending Water Treatment Networks: Exploiting Spatio-temporal Effects for Cyber Attack Detection.,Dongjie Wang|Pengyang Wang|Jingbo Zhou 0003|Leilei Sun|Bowen Du 0001|Yanjie Fu
conf/icdm/ElourajiniA22,2022,ICDM (Workshops),inproceedings,AWS-EP: A Multi-Task Prediction Approach for MBTI/Big5 Personality Tests.,Fahed Elourajini|Esma A
conf/icdm/RajulapatiND20,2020,ICDM (Workshops),inproceedings,Deep Learning-based Critical Infrastructure Simulation Model for Disaster Monitoring.,Parashuram Shourya Rajulapati|Nivedita Nukavarapu|Surya S. Durbha
conf/icdm/YuLHS24,2024,ICDM (Workshops),inproceedings,Prediction Is NOT Classification: On Formulation and Evaluation of Hyperedge Prediction.,Taehyung Yu|Soo Yong Lee|Hyunjin Hwang|Kijung Shin
conf/icdm/YoonM023,2023,ICDM (Workshops),inproceedings,Outlier Elimination and Reliability Assessment for Peak and Declining Time Series Datasets.,Jungeun Yoon|Aekyeung Moon|Seung Woo Son 0001
conf/icdm/KosmajacSKK20,2020,ICDM (Workshops),inproceedings,Graph-based Topic Extraction Using Centroid Distance of Phrase Embeddings on Healthy Aging Open-ended Survey Questions.,Dijana Kosmajac|Kirstie Smith|Vlado Keselj|Susan Kirkland
conf/icdm/ChengCY18,2018,ICDM Workshops,inproceedings,A Cooperative Architecture for Blockchain Federated Mediators from Industry Perspective.,Dong Cheng|Suihe Chen|Yinjian Yang
conf/icdm/NguyenT0BBC23,2023,ICDM,inproceedings,Low-Resource Named Entity Recognition: Can One-vs-All AUC Maximization Help?,Ngoc Dang Nguyen|Wei Tan|Lan Du 0002|Wray L. Buntine|Richard Beare|Changyou Chen
conf/icdm/HuangFYP024,2024,ICDM (Workshops),inproceedings,Automating Maritime Risk Data Collection and Identification Leveraging Large Language Models.,Donghao Huang|Xiuju Fu|Xiaofeng Yin|Haibo Pen|Zhaoxia Wang 0001
conf/icdm/YuLS21,2021,ICDM,inproceedings,Online Testing of Subgroup Treatment Effects Based on Value Difference.,Miao Yu|Wenbin Lu|Rui Song 0006
conf/icdm/LiuKLC18,2018,ICDM,inproceedings,TreeGAN: Syntax-Aware Sequence Generation with Generative Adversarial Networks.,Xinyue Liu 0003|Xiangnan Kong|Lei Liu|Kuorong Chiang
conf/icdm/WangDTG018,2018,ICDM,inproceedings,Partial Multi-view Clustering via Consistent GAN.,Qianqian Wang 0001|Zhengming Ding|Zhiqiang Tao|Quanxue Gao|Yun Fu 0001
conf/icdm/FayeALDB23,2023,ICDM (Workshops),inproceedings,Context Normalization Layer with Applications.,Bilal Faye|Hanane Azzag|Mustapha Lebbah|Mohamed Djallel Dilmi|Djamel Bouchaffra
conf/icdm/MaXSLH18,2018,ICDM,inproceedings,Deep Heterogeneous Autoencoders for Collaborative Filtering.,Yukun Ma|Jiu Xu|Bj|Chen Liu|Yu Hirate
conf/icdm/Hui0CK21,2021,ICDM,inproceedings,Trajectory WaveNet: A Trajectory-Based Model for Traffic Forecasting.,Bo Hui 0001|Da Yan 0001|Haiquan Chen|Wei-Shinn Ku
conf/icdm/NeupaneZ021,2021,ICDM,inproceedings,MetaEDL: Meta Evidential Learning For Uncertainty-Aware Cold-Start Recommendations.,Krishna Prasad Neupane|Ervine Zheng|Qi Yu 0001
conf/icdm/MasadaEH19,2019,ICDM Workshops,inproceedings,Difference between Similars: A Novel Method to Use Topic Models for Sensor Data Analysis.,Tomonari Masada|Takumi Eguchi|Daisuke Hamaguchi
conf/icdm/TangZL18,2018,ICDM Workshops,inproceedings,Robust Binary Classification via ℓ0-SVM.,Jianxiong Tang|Na Zhang|Qia Li
conf/icdm/MuFZL24,2024,ICDM,inproceedings,Enhancing Embeddings Quality with Stacked Gate for Click-Through Rate Prediction.,Caihong Mu|Yunfei Fang 0002|Jialiang Zhou|Yi Liu 0051
conf/icdm/Teo0PSHQ23,2023,ICDM (Workshops),inproceedings,Knowledge Graph enhanced Aspect-Based Sentiment Analysis Incorporating External Knowledge.,Autumn Teo|Zhaoxia Wang 0001|Haibo Pen|Budhitama Subagdja|Seng-Beng Ho|Boon-Kiat Quek
conf/icdm/SasakiM22,2022,ICDM (Workshops),inproceedings,Sentence-BERT Distinguishes Good and Bad Essays in Cross-prompt Automated Essay Scoring.,Toru Sasaki|Tomonari Masada
conf/icdm/NazeriB21,2021,ICDM,inproceedings,Exploring Reflective Limitation of Behavior Cloning in Autonomous Vehicles.,Mohammad Hossein Nazeri|Mahdi Bohlouli
conf/icdm/Hong023,2023,ICDM (Workshops),inproceedings,Review-Enhanced Sequential Recommendation with Self-Attention and Graph Collaborative Features.,Yunqi Hong|Wei Ye 0001
conf/icdm/OettershagenM22,2022,ICDM (Workshops),inproceedings,TGLib: An Open-Source Library for Temporal Graph Analysis.,Lutz Oettershagen|Petra Mutzel
conf/icdm/GaoGS18,2018,ICDM Workshops,inproceedings,Graph Regularized Symmetric Non-Negative Matrix Factorization for Graph Clustering.,Ziheng Gao|Naiyang Guan|Longfei Su
conf/icdm/0003OHL24,2024,ICDM,inproceedings,Scaling Disk Failure Prediction via Multi-Source Stream Mining.,Shujie Han 0003|Zirui Ou|Qun Huang 0001|Patrick P. C. Lee
conf/icdm/GerasyovKBM24,2024,ICDM (Workshops),inproceedings,VIA AI: Reliable Deep Reinforcement Learning for Traffic Signal Control.,Matvey Gerasyov|Dmitrii Kiselev|Maxim Beketov|Ilya Makarov
conf/icdm/SchnellB18,2018,ICDM Workshops,inproceedings,Hardening Encrypted Patient Names Against Cryptographic Attacks Using Cellular Automata.,Rainer Schnell|Christian Borgs
conf/icdm/WangYLY19,2019,ICDM,inproceedings,TMDA: Task-Specific Multi-source Domain Adaptation via Clustering Embedded Adversarial Training.,Haotian Wang 0001|Wenjing Yang 0002|Zhipeng Lin|Yue Yu
conf/icdm/LiH018,2018,ICDM Workshops,inproceedings,Leveraging Reconstructive Profiles of Users and Items for Tag-Aware Recommendation.,Zhaoqiang Li|Jiajin Huang|Ning Zhong 0001
conf/icdm/XiaL020,2020,ICDM (Workshops),inproceedings,Gaussian Process Bandits for Online Influence Maximization.,Wenwen Xia|Fangqi Li 0001|Shenghong Li 0001
conf/icdm/Rahmani020,2020,ICDM,inproceedings,The Necessity of Geometrical Representation for Deep Graph Analysis.,Mostafa Rahmani|Ping Li 0001
conf/icdm/XuYHWZX18,2018,ICDM,inproceedings,Exploiting the Sentimental Bias between Ratings and Reviews for Enhancing Recommendation.,Yuanbo Xu|Yongjian Yang 0001|Jiayu Han|En Wang|Fuzhen Zhuang|Hui Xiong 0001
conf/icdm/HouZLZZ21,2021,ICDM,inproceedings,Conversion Prediction with Delayed Feedback: A Multi-task Learning Approach.,Yilin Hou|Guangming Zhao|Chuanren Liu|Zhonglin Zu|Xiaoqiang Zhu
conf/icdm/LiW18,2018,ICDM Workshops,inproceedings,A Study on Customer Churn of Commercial Banks Based on Learning from Label Proportions.,Yue Li|Bo Wang
conf/icdm/WangMWG22,2022,ICDM,inproceedings,Heterogeneous Information Enhanced Prerequisite Learning in Massive Open Online Courses.,Tianqi Wang|Fenglong Ma|Yaqing Wang 0001|Jing Gao 0004
conf/icdm/LiCJW23,2023,ICDM,inproceedings,Pseudo-Labeling with Graph Active Learning for Few-shot Node Classification.,Quan Li|Lingwei Chen|Shixiong Jing|Dinghao Wu
conf/icdm/HuangWZZZ20,2020,ICDM,inproceedings,Soft policy optimization using dual-track advantage estimator.,Yubo Huang|Xuechun Wang|Luobao Zou|Zhiwei Zhuang|Weidong Zhang 0004
conf/icdm/AradhyaA19,2019,ICDM Workshops,inproceedings,Deep Network Optimization for rs-fMRI Classification.,Abhay M. S. Aradhya|Andri Ashfahani
conf/icdm/SongHZW23,2023,ICDM,inproceedings,Natural Language Generation Meets Data Visualization: Vis-to-Text and its Duality with Text-to-Vis.,Yuanfeng Song|Xiaoling Huang|Xuefang Zhao|Raymond Chi-Wing Wong
conf/icdm/WangTZ18,2018,ICDM,inproceedings,Imputing Structured Missing Values in Spatial Data with Clustered Adversarial Matrix Factorization.,Qi Wang|Pang-Ning Tan|Jiayu Zhou
conf/icdm/XiangHZ22,2022,ICDM,inproceedings,DeepiForest: A Deep Anomaly Detection Framework with Hashing Based Isolation Forest.,Haolong Xiang|Hongsheng Hu|Xuyun Zhang
conf/icdm/PandeyBUM20,2020,ICDM (Workshops),inproceedings,Building knowledge graphs of homicide investigation chronologies.,Ritika Pandey|P. Jeffrey Brantingham|Craig D. Uchida|George O. Mohler
conf/icdm/YangCW23,2023,ICDM (Workshops),inproceedings,Aligning Contrastive Clusters for Cross-Network Node Classification.,Linyao Yang|Hongyang Chen 0001|Xiao Wang 0014
conf/icdm/MacriGS23,2023,ICDM (Workshops),inproceedings,An IoT-based Approach to Expert Recommendation in Community Question Answering for Disaster Recovery.,Davide Macr|Antonio Francesco Gentile|Pietro Sabatino
conf/icdm/WeiITWZZ24,2024,ICDM (Workshops),inproceedings,Measuring the user experience on network assurance.,Wutao Wei|Sara Isaac|Alex Ting|Yuanqi Wang|Ke Zhu|Sophine Zhang
conf/icdm/LiXLCLX23,2023,ICDM (Workshops),inproceedings,Human-interpretable features derived from breast cancer pathology slides detect BRCA1/2 gene mutations.,Yi Li|Xiaomin Xiong|Xiaohua Liu|Lin Chen|Bo Lin|Bo Xu
conf/icdm/LvWXWLH24,2024,ICDM (Workshops),inproceedings,Differential Evolution Integrated Hybrid Deep Learning Model for Object Detection in Pre-made Dishes.,Lujia Lv|Di Wu|Yangyi Xia|Jia Wu|Xiaojing Liu|Yi He
conf/icdm/PraharajM22,2022,ICDM (Workshops),inproceedings,On Robust Incremental Learning over Many Multilingual Steps.,Karan Praharaj|Irina Matveeva
conf/icdm/RasouliYJ22,2022,ICDM (Workshops),inproceedings,Interpreting Categorical Data Classifiers using Explanation-based Locality.,Peyman Rasouli|Ingrid Chieh Yu|Ernesto Jim
conf/icdm/LiLXY18,2018,ICDM Workshops,inproceedings,Effects of Negative Customer Reviews on Sales: Evidence Based on Text Data Mining.,Zhen Li 0014|Fangzhou Li|Jing Xiao|Zhi Yang
conf/icdm/YangJCZHL19,2019,ICDM,inproceedings,Scene Text Recognition with Auto-Aligned Feature Generator.,Qiangpeng Yang|Hongsheng Jin|Mengli Cheng|Wenmeng Zhou|Jun Huang 0007|Wei Lin 0016
conf/icdm/CombettesTO23,2023,ICDM (Workshops),inproceedings,An Interpretable Distance Measure for Multivariate Non-Stationary Physiological Signals.,Sylvain W. Combettes|Charles Truong|Laurent Oudre
conf/icdm/XuSCP22,2022,ICDM (Workshops),inproceedings,SV-Learn: Learning Matrix Singular Values with Neural Networks.,Derek Xu|William Shiao|Jia Chen 0002|Evangelos E. Papalexakis
conf/icdm/NguyenT0NN24,2024,ICDM,inproceedings,Improving Time Series Encoding with Noise-Aware Self-Supervised Learning and an Efficient Encoder.,Duy A. Nguyen|Trang H. Tran|Huy Hieu Pham 0001|Phi Le Nguyen|Lam M. Nguyen
conf/icdm/YangYHZ19,2019,ICDM,inproceedings,VSB-DVM: An End-to-End Bayesian Nonparametric Generalization of Deep Variational Mixture Model.,Xi Yang 0008|Yuyao Yan|Kaizhu Huang|Rui Zhang 0012
conf/icdm/ZhangWLYZ21,2021,ICDM,inproceedings,Deep Incremental RNN for Learning Sequential Data: A Lyapunov Stable Dynamical System.,Ziming Zhang|Guojun Wu|Yanhua Li|Yun Yue|Xun Zhou 0001
conf/icdm/NiuJXCW18,2018,ICDM Workshops,inproceedings,A Novel Learning Approach to Improve Mobile Application Recommendation Diversity.,Kun Niu|Haizhen Jiao|Xiao Xu|Cheng Cheng 0011|Chao Wang 0032
conf/icdm/KiniXDPWW24,2024,ICDM (Workshops),inproceedings,Customer Engagement Journey Driven Propensity Model for Home Page Composition.,Venkataramana Kini|Charlie Xu|Ravi Divvela|Unmesh Phadke|Fei Wang|Zhen Wen
conf/icdm/KangLLHK21,2021,ICDM,inproceedings,Adversarial Learning of Balanced Triangles for Accurate Community Detection on Signed Networks.,Yoonsuk Kang|Woncheol Lee|Yeon-Chang Lee|Kyungsik Han|Sang-Wook Kim
conf/icdm/LiLOW20,2020,ICDM,inproceedings,Semantics-assisted Wasserstein Learning for Topic and Word Embeddings.,Changchun Li|Ximing Li 0002|Jihong Ouyang|Yiming Wang 0012
conf/icdm/RezaeiG19,2019,ICDM,inproceedings,On Privacy of Socially Contagious Attributes.,Aria Rezaei|Jie Gao 0001
conf/icdm/GennaroPPZC24,2024,ICDM (Workshops),inproceedings,Amatriciana: Exploiting Temporal GNNs for Robust and Efficient Money Laundering Detection.,Marco Di Gennaro 0001|Francesco Panebianco|Marco Pianta|Stefano Zanero|Michele Carminati
conf/icdm/TayalRGJ023,2023,ICDM,inproceedings,Koopman Invertible Autoencoder: Leveraging Forward and Backward Dynamics for Temporal Modeling.,Kshitij Tayal|Arvind Renganathan|Rahul Ghosh|Xiaowei Jia|Vipin Kumar 0001
conf/icdm/JiangCA22,2022,ICDM,inproceedings,D.MCA: Outlier Detection with Explicit Micro-Cluster Assignments.,Shuli Jiang|Robson L. F. Cordeiro|Leman Akoglu
conf/icdm/HuoJH18,2018,ICDM,inproceedings,Asynchronous Dual Free Stochastic Dual Coordinate Ascent for Distributed Data Mining.,Zhouyuan Huo|Xue Jiang|Heng Huang 0001
conf/icdm/KhanACUKL23,2023,ICDM (Workshops),inproceedings,SSK-DNN: Semantic and Sentiment Knowledge for Incremental Text Sentiment Classification.,Jawad Khan|Niaz Ahmad|Chanyeok Choi|Saif Ullah|Gyurin Kim|Youngmoon Lee
conf/icdm/PhamNCLDW23,2023,ICDM,inproceedings,Attacking c-MARL More Effectively: A Data Driven Approach.,Nhan H. Pham|Lam M. Nguyen|Jie Chen|Hoang Thanh Lam|Subhro Das|Tsui-Wei Weng
conf/icdm/ZhouLCYT19,2019,ICDM,inproceedings,ADMIRING: Adversarial Multi-network Mining.,Qinghai Zhou|Liangyue Li|Nan Cao 0001|Lei Ying 0001|Hanghang Tong
conf/icdm/FerdinanKK24,2024,ICDM (Workshops),inproceedings,Into the Unknown: Self-Learning Large Language Models.,Teddy Ferdinan|Jan Kocon|Przemyslaw Kazienko
conf/icdm/GaoZCWR022,2022,ICDM,inproceedings,Enhancing Robust Text Classification via Category Description.,Xin Gao|Zhengye Zhu|Xu Chu|Yasha Wang|Wenjie Ruan|Junfeng Zhao 0001
conf/icdm/ZhaoYMWL22,2022,ICDM,inproceedings,MSDN: A Multi-Subspace Deviation Net for Anomaly Detection.,Sinong Zhao|Zhaoyang Yu 0003|Trent G. Marbach|Gang Wang 0001|Xiaoguang Liu 0001
conf/icdm/ArslanturkSOKD19,2019,ICDM Workshops,inproceedings,Effect of Missing Data Imputation on Prediction of Urinary Incontinence.,Suzan Arslanturk|Mohammad-Reza Siadat|Theophilus Ogunyemi|Kim Killinger|Ananias Diokno
conf/icdm/GuidottiM20,2020,ICDM,inproceedings,Data-Agnostic Local Neighborhood Generation.,Riccardo Guidotti|Anna Monreale
conf/icdm/WangXL0TT22,2022,ICDM,inproceedings,Imbalanced Adversarial Training with Reweighting.,Wentao Wang 0006|Han Xu 0002|Xiaorui Liu|Yaxin Li 0001|Bhavani Thuraisingham|Jiliang Tang
conf/icdm/ZhangZG022,2022,ICDM,inproceedings,Robust Time Series Chain Discovery with Incremental Nearest Neighbors.,Li Zhang 0074|Yan Zhu|Yifeng Gao 0001|Jessica Lin 0001
conf/icdm/ZhangXZCYT22,2022,ICDM,inproceedings,Active Heterogeneous Graph Neural Networks with Per-step Meta-Q-Learning.,Yuheng Zhang|Yinglong Xia|Yan Zhu|Yuejie Chi|Lei Ying 0001|Hanghang Tong
conf/icdm/XiaoAG18,2018,ICDM,inproceedings,Robust Cascade Reconstruction by Steiner Tree Sampling.,Han Xiao 0009|Aristides Gionis
conf/icdm/ShangZAHL19,2019,ICDM Workshops,inproceedings,Efficient Parallel Stochastic Variance Reduction Algorithms for Large-Scale SVD.,Fanhua Shang|Zhihui Zhang|Yuying An|Yang Hu|Hongying Liu 0001
conf/icdm/CoskunBC18,2018,ICDM Workshops,inproceedings,Deep Reinforcement Learning for Traffic Light Optimization.,Mustafa Coskun|Abdelkader Baggag|Sanjay Chawla
conf/icdm/StarnesDBP22,2022,ICDM (Workshops),inproceedings,Modeling Non-deterministic Human Behaviors in Discrete Food Choices.,Andrew Starnes|Anton Dereventsov|E. Susanne Blazek|Folasade Phillips
conf/icdm/WeiWYD020,2020,ICDM,inproceedings,Deep Incomplete Multi-View Multiple Clusterings.,Shaowei Wei|Jun Wang 0035|Guoxian Yu|Carlotta Domeniconi|Xiangliang Zhang 0001
conf/icdm/LanZZD18,2018,ICDM Workshops,inproceedings,Defect Detection from UAV Images Based on Region-Based CNNs.,Meng Lan|Yipeng Zhang 0001|Lefei Zhang|Bo Du 0001
conf/icdm/Xing0023,2023,ICDM,inproceedings,GCFormer: Granger Causality based Attention Mechanism for Multivariate Time Series Anomaly Detection.,Shiwang Xing|Jianwei Niu 0002|Tao Ren 0001
conf/icdm/OkuraM22,2022,ICDM (Workshops),inproceedings,Empirical analysis of fairness-aware data segmentation.,Seiji Okura|Takao Mohri
conf/icdm/LeeHPL18,2018,ICDM Workshops,inproceedings,Linky: Visualizing User Identity Linkage Results for Multiple Online Social Networks.,Roy Ka-Wei Lee|Ming Shan Hee|Philips Kokoh Prasetyo|Ee-Peng Lim
conf/icdm/YarramsettiJLLV24,2024,ICDM (Workshops),inproceedings,A Deep Learning Based Cloud Imputation Framework.,Harshitaa Yarramsetti|Kritika Javali|Mukund Logasundar|Richard Li|Ranga Raju Vatsavai
conf/icdm/LeiberMP023,2023,ICDM (Workshops),inproceedings,Benchmarking Deep Clustering Algorithms With ClustPy.,Collin Leiber|Lukas Miklautz|Claudia Plant|Christian B
conf/icdm/StarnesW24,2024,ICDM (Workshops),inproceedings,Mamba for Scalable and Efficient Personalized Recommendations.,Andrew Starnes|Clayton G. Webster
conf/icdm/0006QBXM022,2022,ICDM,inproceedings,Making Reconstruction-based Method Great Again for Video Anomaly Detection.,Yizhou Wang 0006|Can Qin|Yue Bai|Yi Xu 0005|Xu Ma 0005|Yun Fu 0001
conf/icdm/SuLZY0021,2021,ICDM,inproceedings,Attention-based Feature Interaction for Efficient Online Knowledge Distillation.,Tongtong Su|Qiyu Liang|Jinsong Zhang|Zhaoyang Yu 0003|Gang Wang 0001|Xiaoguang Liu 0001
conf/icdm/Zhang0H21,2021,ICDM,inproceedings,Unified Fairness from Data to Learning Algorithm.,Yanfu Zhang|Lei Luo 0001|Heng Huang 0001
conf/icdm/YadaIYHMT24,2024,ICDM (Workshops),inproceedings,Covid-19 and Multichannel Customers.,Katsutoshi Yada|Tomoya Ikeda|Genki Yoshida|Takahiro Hakozaki|Ken Matsumoto|Shusaku Tsumoto
conf/icdm/GaoWH019,2019,ICDM,inproceedings,DynGraph2Seq: Dynamic-Graph-to-Sequence Interpretable Learning for Health Stage Prediction in Online Health Forums.,Yuyang Gao|Lingfei Wu 0001|Houman Homayoun|Liang Zhao 0002
conf/icdm/KimJ22,2022,ICDM (Workshops),inproceedings,Personalized User Recommendation based on Various User Behavior in Local Domain.,Junhyung Kim|Yeonghwan Jeon
conf/icdm/SawlaniZA21,2021,ICDM,inproceedings,Fast Attributed Graph Embedding via Density of States.,Saurabh Sawlani|Lingxiao Zhao|Leman Akoglu
conf/icdm/HuangWC18,2018,ICDM,inproceedings,A Harmonic Motif Modularity Approach for Multi-layer Network Community Detection.,Ling Huang 0002|Chang-Dong Wang 0001|Hong-Yang Chao
conf/icdm/0002LWGT18,2018,ICDM Workshops,inproceedings,River: A Real-Time Influence Monitoring System on Social Media Streams.,Mo Sha 0002|Yuchen Li 0001|Yanhao Wang 0001|Wentian Guo|Kian-Lee Tan
conf/icdm/WangQTYZ18,2018,ICDM,inproceedings,Deep Reinforcement Learning with Knowledge Transfer for Online Rides Order Dispatching.,Zhaodong Wang|Zhiwei (Tony) Qin|Xiaocheng Tang|Jieping Ye|Hongtu Zhu
conf/icdm/MalicKL23,2023,ICDM (Workshops),inproceedings,Racial Skew in Fine-Tuned Legal AI Language Models.,Vincent Quirante Malic|Anamika Kumari|Xiaozhong Liu 0001
conf/icdm/ChenWZPZ19,2019,ICDM,inproceedings,AMENDER: An Attentive and Aggregate Multi-layered Network for Dataset Recommendation.,Yujun Chen|Yuanhong Wang|Yutao Zhang|Juhua Pu|Xiangliang Zhang 0001
conf/icdm/DuM020,2020,ICDM,inproceedings,MARLINE: Multi-Source Mapping Transfer Learning for Non-Stationary Environments.,Honghui Du|Leandro L. Minku|Huiyu Zhou 0001
conf/icdm/ChronisAS19,2019,ICDM,inproceedings,Automatic Clustering by Detecting Significant Density Dips in Multiple Dimensions.,Pantelis Chronis|Spiros Athanasiou|Spiros Skiadopoulos
conf/icdm/WangFGWY23,2023,ICDM (Workshops),inproceedings,IGCN: Item Influence Enhanced Graph Convolution Networks for Recommendation of Cold-Start Items.,Shen Wang 0005|Ziwei Fan 0001|Jibing Gong|Xiaokai Wei|Philip S. Yu
conf/icdm/QuWZYD21,2021,ICDM,inproceedings,Incomplete Multi-view Multi-label Active Learning.,Chuanwei Qu|Kuangmeng Wang|Hong Zhang 0030|Guoxian Yu|Carlotta Domeniconi
conf/icdm/YanZJW19,2019,ICDM Workshops,inproceedings,Method for Calculating Geographic Entity Relevance Based on Spatial and Semantic Association.,Mengyu Yan|Zhinong Zhong|Ning Jing|Ye Wu 0003
conf/icdm/LuXLZ18,2018,ICDM Workshops,inproceedings,Design Pattern as a Service for Blockchain Applications.,Qinghua Lu 0001|Xiwei Xu 0001|Yue Liu 0010|Weishan Zhang
conf/icdm/LengLZQ18,2018,ICDM Workshops,inproceedings,Context Learning Network for Object Detection.,Jiaxu Leng|Ying Liu 0039|Tianlin Zhang|Pei Quan
conf/icdm/YangFLS018,2018,ICDM,inproceedings,"Meta-Graph Based HIN Spectral Embedding: Methods, Analyses, and Insights.",Carl Yang 0001|Yichen Feng|Pan Li 0005|Yu Shi 0002|Jiawei Han 0001
conf/icdm/PuhaKL20,2020,ICDM (Workshops),inproceedings,Batch Mode Active Learning for Individual Treatment Effect Estimation.,Zolt|Maurits Kaptein|Aur
conf/icdm/KimCW23,2023,ICDM (Workshops),inproceedings,Dynamic Relation-Attentive Graph Neural Networks for Fraud Detection.,Heehyeon Kim|Jinhyeok Choi|Joyce Jiyoung Whang
conf/icdm/MollahS021,2021,ICDM,inproceedings,Multi-way Time Series Join on Multi-length Patterns.,Md. Parvez Mollah|Vin|Abdullah Mueen
conf/icdm/EswaranFMN19,2019,ICDM,inproceedings,Intervention-Aware Early Warning.,Dhivya Eswaran|Christos Faloutsos|Nina Mishra|Yonatan Naamad
conf/icdm/RaziperchikolaeiC22,2022,ICDM (Workshops),inproceedings,A Recommendation System Framework to Generalize AutoRec and Neural Collaborative Filtering.,Ramin Raziperchikolaei|Young-joo Chung
conf/icdm/ZhangZJL21,2021,ICDM,inproceedings,A Multi-view Confidence-calibrated Framework for Fair and Stable Graph Representation Learning.,Xu Zhang 0026|Liang Zhang 0031|Bo Jin 0001|Xinjiang Lu
conf/icdm/IoannouS23,2023,ICDM (Workshops),inproceedings,The Issue of Baselines in Explainability Methods.,George Ioannou|Andreas Stafylopatis
conf/icdm/GhoshPBRNS18,2018,ICDM Workshops,inproceedings,Analyzing Correlation Between Air and Noise Pollution with Influence on Air Quality Prediction.,Arindam Ghosh 0002|Prithviraj Pramanik|Kartick Das Banerjee|Ashutosh Roy|Subrata Nandi|Sujoy Saha
conf/icdm/JafariNNMK24,2024,ICDM (Workshops),inproceedings,A Silent Voice: A Bilingual Longitudinal Analysis of Mahsa Amini's Movement Tweet.,Sadegh Jafari|Mahsa Farsouni Nezhad|Melika Nobakhtian|Arash Chaichi Mellatshahi|Amirmohammad Kazemeini
conf/icdm/FizeRT18,2018,ICDM Workshops,inproceedings,Matching Heterogeneous Textual Data Using Spatial Features.,Jacques Fize|Mathieu Roche|Maguelonne Teisseire
conf/icdm/FangZJ19,2019,ICDM Workshops,inproceedings,Exercise Difficulty Prediction in Online Education Systems.,Jiansheng Fang|Wei Zhao|Dongya Jia
conf/icdm/Liu0Y23,2023,ICDM,inproceedings,A Counterfactual Fair Model for Longitudinal Electronic Health Records via Deconfounder.,Zheng Liu 0017|Xiaohan Li 0001|Philip S. Yu
conf/icdm/WangYDW0Z18,2018,ICDM,inproceedings,Multiple Co-clusterings.,Xing Wang|Guoxian Yu|Carlotta Domeniconi|Jun Wang 0035|Zhiwen Yu 0002|Zili Zhang 0001
conf/icdm/Zhang0WF19,2019,ICDM,inproceedings,Generation of Low Distortion Adversarial Attacks via Convex Programming.,Tianyun Zhang|Sijia Liu 0001|Yanzhi Wang 0001|Makan Fardad
conf/icdm/VillanuevaMirandaHA22,2022,ICDM (Workshops),inproceedings,Human Mobility Driven Modeling of an Infectious Disease.,Ismael Villanueva-Miranda|Mahmud Shahriar Hossain|Monika Akbar
conf/icdm/YouX018,2018,ICDM,inproceedings,Online Dictionary Learning with Confidence.,Shan You|Chang Xu 0002|Chao Xu 0006
conf/icdm/LaishramS22,2022,ICDM,inproceedings,On Finding and Analyzing the Backbone of the k-Core Structure of a Graph.,Ricky Laishram|Sucheta Soundarajan
conf/icdm/HeM22,2022,ICDM (Workshops),inproceedings,SGKD: A Scalable and Effective Knowledge Distillation Framework for Graph Representation Learning.,Yufei He|Yao Ma 0001
conf/icdm/LiZZFZX23,2023,ICDM,inproceedings,Feature Aggregating Network with Inter-Frame Interaction for Efficient Video Super-Resolution.,Yawei Li 0004|Zhao Zhang 0001|Suiyi Zhao|Jicong Fan 0001|Haijun Zhang 0002|Mingliang Xu 0001
conf/icdm/WanXLZH19,2019,ICDM,inproceedings,Towards Making Deep Transfer Learning Never Hurt.,Ruosi Wan|Haoyi Xiong|Xingjian Li 0002|Zhanxing Zhu|Jun Huan
conf/icdm/0003ZXLJ22,2022,ICDM,inproceedings,STORM-GAN: Spatio-Temporal Meta-GAN for Cross-City Estimation of Human Mobility Responses to COVID-19.,Han Bao 0003|Xun Zhou 0001|Yiqun Xie|Yanhua Li|Xiaowei Jia
conf/icdm/WeiZZHW19,2019,ICDM,inproceedings,A Coarse-to-Fine Multi-stream Hybrid Deraining Network for Single Image Deraining.,Yanyan Wei|Zhao Zhang 0001|Haijun Zhang 0002|Richang Hong|Meng Wang 0001
conf/icdm/GunesCBT18,2018,ICDM Workshops,inproceedings,Ask George Washington on Negotiated Texts with Quill Q&A.,Omer Gunes|Nicholas Cole|Sebastian Bates|Jonas Tupp-Mugglestone
conf/icdm/00010WDWF21,2021,ICDM,inproceedings,Efficient Reinforced Feature Selection via Early Stopping Traverse Strategy.,Kunpeng Liu 0001|Pengfei Wang 0008|Dongjie Wang|Wan Du|Dapeng Oliver Wu|Yanjie Fu
conf/icdm/WuYGHC18,2018,ICDM,inproceedings,EPAB: Early Pattern Aware Bayesian Model for Social Content Popularity Prediction.,Qitian Wu|Chaoqi Yang|Xiaofeng Gao 0001|Peng He|Guihai Chen
conf/icdm/LiW024,2024,ICDM,inproceedings,Scalable Graph Classification via Random Walk Fingerprints.,Peiyan Li 0002|Honglian Wang|Christian B
conf/icdm/YoonGHF20,2020,ICDM,inproceedings,Autonomous Graph Mining Algorithm Search with Best Speed/Accuracy Trade-off.,Minji Yoon|Th|Bryan Hooi|Christos Faloutsos
conf/icdm/0002NF20,2020,ICDM,inproceedings,Community Preserved Social Graph Publishing with Node Differential Privacy.,Sen Zhang 0002|Weiwei Ni|Nan Fu
conf/icdm/XuLJZ20,2020,ICDM (Workshops),inproceedings,Cache-based Optimization for Block Commit of Hyperledger Fabric.,Qinqi Xu|Yimin Lin|Qingshan Jiang|Mengqiu Zhang
conf/icdm/PopescuCB23,2023,ICDM (Workshops),inproceedings,Generating assessment tests using image-based items.,Doru Anastasiu Popescu|Doru Constantin|Nicolae Bold
conf/icdm/Wang00023,2023,ICDM,inproceedings,GeoMixer: The MLP-Based Sequential POI Recommender with Travel Routing Modelling.,Tianxing Wang 0004|Can Wang 0004|Hui Tian 0001|Hong Shen 0001
conf/icdm/GuoQL19,2019,ICDM Workshops,inproceedings,Mining Logic Patterns from Visual Data.,Qian Guo 0005|Yuhua Qian|Xinyan Liang
conf/icdm/MahmoodA20,2020,ICDM (Workshops),inproceedings,Using Deep Generative Models to Boost Forecasting: A Phishing Prediction Case Study.,Syed Hasan Amin Mahmood|Ahmed Abbasi
conf/icdm/ShaoXG18,2018,ICDM,inproceedings,Multi-label Learning with Label Enhancement.,Ruifeng Shao|Ning Xu 0009|Xin Geng 0001
conf/icdm/WangGR19,2019,ICDM Workshops,inproceedings,Nearest-Neighbor Neural Networks for Geostatistics.,Haoyu Wang|Yawen Guan|Brian J. Reich
conf/icdm/PretiMR22,2022,ICDM,inproceedings,Alice and the Caterpillar: A More Descriptive Null Model for Assessing Data Mining Results.,Giulia Preti|Gianmarco De Francisci Morales|Matteo Riondato
conf/icdm/CaoZL23,2023,ICDM,inproceedings,Online Ensemble of Ensemble OVA Framework for Class Evolution with Dominant Emerging Classes.,Zhi Cao 0001|Shuyi Zhang|Chin-Teng Lin
conf/icdm/ChenL18,2018,ICDM,inproceedings,DrugCom: Synergistic Discovery of Drug Combinations Using Tensor Decomposition.,Huiyuan Chen|Jing Li 0002
conf/icdm/Lu00ZGS24,2024,ICDM,inproceedings,FGLBA: Enabling Highly-Effective and Stealthy Backdoor Attack on Federated Graph Learning.,Qing Lu|Miao Hu 0001|Di Wu 0001|Yipeng Zhou|Mohsen Guizani|Quan Z. Sheng
conf/icdm/GadirajuRV19,2019,ICDM Workshops,inproceedings,Evaluating Performance of Deep Neural Networks for Crop Classification and Complex Facility Recognition.,Krishna Karthik Gadiraju|Bharathkumar Ramachandra|Ranga Raju Vatsavai
conf/icdm/ZhangL23,2023,ICDM (Workshops),inproceedings,A Survey on Spatio-Temporal Graph Neural Networks for Traffic Forecasting.,Can Zhang|Minglong Lei
conf/icdm/ShahsavariHSS23,2023,ICDM (Workshops),inproceedings,A lightweight and unsupervised approach for identifying risk events in news articles.,Maryam Shahsavari|Omar Khadeer Hussain|Morteza Saberi|Pankaj Sharma 0001
conf/icdm/HarriganSI18,2018,ICDM Workshops,inproceedings,Airdrops and Privacy: A Case Study in Cross-Blockchain Analysis.,Martin Harrigan|Lei Shi 0008|Jacob Illum
conf/icdm/PramanikIS18,2018,ICDM,inproceedings,Predicted Edit Distance Based Clustering of Gene Sequences.,Sakti Pramanik|A. K. M. Tauhidul Islam|Shamik Sural
conf/icdm/ZhangZ0B23,2023,ICDM,inproceedings,MEG: Masked Ensemble Tabular Data Generator.,Yishuo Zhang|Nayyar Abbas Zaidi|Gang Li 0009|Wray L. Buntine
conf/icdm/ZhangZ00MM23,2023,ICDM,inproceedings,ATTA: Adversarial Task-transferable Attacks on Autonomous Driving Systems.,Qingjie Zhang|Maosen Zhang|Han Qiu 0001|Tianwei Zhang 0004|Mounira Msahli|G
conf/icdm/ZhangB18,2018,ICDM Workshops,inproceedings,On the Sustainability of Blockchain Funding.,Bingsheng Zhang|Hamed Balogun
conf/icdm/KoJJMS21,2021,ICDM,inproceedings,ENGINE: Enhancing Neuroimaging and Genetic Information by Neural Embedding.,Wonjun Ko|Wonsik Jung|Eunjin Jeon|Ahmad Wisnu Mulyadi|Heung-Il Suk
conf/icdm/CaiWZXJ19,2019,ICDM,inproceedings,Supervised Class Distribution Learning for GANs-Based Imbalanced Classification.,Zixin Cai|Xinyue Wang|Mingjie Zhou|Jian Xu|Liping Jing
conf/icdm/Gao0A24,2024,ICDM (Workshops),inproceedings,Fed-LDR: Federated Local Data-infused Graph Creation with Node-centric Model Refinement.,Jiechao Gao|Yuangang Li 0002|Syeda Faiza Ahmed
conf/icdm/DevHP19,2019,ICDM,inproceedings,Closed Form Word Embedding Alignment.,Sunipa Dev|Safia Hassan|Jeff M. Phillips
conf/icdm/MengZXX18,2018,ICDM,inproceedings,Intelligent Salary Benchmarking for Talent Recruitment: A Holistic Matrix Factorization Approach.,Qingxin Meng 0002|Hengshu Zhu|Keli Xiao|Hui Xiong 0001
conf/icdm/KusabaS0K20,2020,ICDM (Workshops),inproceedings,Predictive Nonlinear Modeling by Koopman Mode Decomposition.,Akira Kusaba|Kilho Shin 0001|Dave Shepard 0001|Tetsuji Kuboyama
conf/icdm/LiangHW19,2019,ICDM,inproceedings,Consistency Meets Inconsistency: A Unified Graph Learning Framework for Multi-view Clustering.,Youwei Liang|Dong Huang 0001|Chang-Dong Wang 0001
conf/icdm/KoneruW0R23,2023,ICDM (Workshops),inproceedings,Can machine learning algorithms predict publication outcomes? A case study of COVID-19 preprints.,Sai Dileep Koneru|Xin Wei|Jian Wu 0006|Sarah Rajtmajer
conf/icdm/NewenM22,2022,ICDM (Workshops),inproceedings,Unsupervised DeepView: Global Uncertainty Visualization for High Dimensional Data.,Carina Newen|Emmanuel M
conf/icdm/PuruckerSLB22,2022,ICDM,inproceedings,Estimating the Pruned Search Space Size of Subgroup Discovery.,Lennart Purucker|Felix I. Stamm|Florian Lemmerich|Joeran Beel
conf/icdm/YaoSSZ24,2024,ICDM (Workshops),inproceedings,Learning Invariant Features on Graphs by Disentangling Spurious Features.,Tianjun Yao|Yongqiang Shen|Zhiqiang Shen|Kun Zhang
conf/icdm/LeeS21,2021,ICDM,inproceedings,THyMe+: Temporal Hypergraph Motifs and Fast Algorithms for Exact Counting.,Geon Lee|Kijung Shin
conf/icdm/TingWWZ21,2021,ICDM,inproceedings,Isolation Kernel Density Estimation.,Kai Ming Ting|Takashi Washio|Jonathan R. Wells|Hang Zhang 0003
conf/icdm/FangW0L22,2022,ICDM,inproceedings,Structure-Preserving Graph Representation Learning.,Ruiyi Fang|Liangjian Wen|Zhao Kang 0001|Jianzhuang Liu
conf/icdm/XuHW0DY19,2019,ICDM,inproceedings,Social Trust Network Embedding.,Pinghua Xu|Wenbin Hu 0001|Jia Wu 0001|Weiwei Liu 0003|Bo Du 0001|Jian Yang 0001
conf/icdm/ZhangRW020,2020,ICDM,inproceedings,Generalizing Universal Adversarial Attacks Beyond Additive Perturbations.,Yanghao Zhang|Wenjie Ruan|Fu Wang|Xiaowei Huang 0001
conf/icdm/WangHZ24,2024,ICDM (Workshops),inproceedings,Projection Pursuit Based Density Ratio Estimation.,Meilin Wang|Wei Huang|Zheng Zhang
conf/icdm/DangCL18,2018,ICDM Workshops,inproceedings,A Comparative Study of Urban Mobility Patterns Using Large-Scale Spatio-Temporal Data.,The Anh Dang|Jodi Chiam|Ying Li 0040
conf/icdm/PhanLDC19,2019,ICDM Workshops,inproceedings,Enhancing Clinical Name Entity Recognition Based on Hybrid Deep Learning Scheme.,Robert Phan|Thoai Man Luu|Rachel Davey|Girija Chetty
conf/icdm/XuWWW19,2019,ICDM,inproceedings,MIX: A Joint Learning Framework for Detecting Both Clustered and Scattered Outliers in Mixed-Type Data.,Hongzuo Xu|Yijie Wang 0001|Yongjun Wang|Zhiyue Wu
conf/icdm/ZhangGB19,2019,ICDM,inproceedings,PERCeIDs: PERiodic CommunIty Detection.,Lin Zhang|Alexander Gorovits|Petko Bogdanov
conf/icdm/WangWWZBW22,2022,ICDM,inproceedings,Countering Modal Redundancy and Heterogeneity: A Self-Correcting Multimodal Fusion.,Pengkun Wang 0001|Xu Wang 0029|Binwu Wang|Yudong Zhang 0005|Lei Bai 0001|Yang Wang 0015
conf/icdm/LiuHNW23,2023,ICDM,inproceedings,Promoting Robustness of Randomized Smoothing: Two Cost-Effective Approaches.,Linbo Liu|Trong Nghia Hoang|Lam M. Nguyen|Tsui-Wei Weng
conf/icdm/ChandraCN20,2020,ICDM (Workshops),inproceedings,"One Belt, One Road, One Sentiment? A Hybrid Approach to Gauging Public Opinions on the New Silk Road Initiative.",Jonathan Kevin Chandra|Erik Cambria|Andrea Nanetti
conf/icdm/JiaoLJWW21,2021,ICDM,inproceedings,An Effective and Robust Framework by Modeling Correlations of Multiplex Network Embedding.,Pengfei Jiao|Ruili Lu|Di Jin 0001|Yinghui Wang 0005|Huaming Wu
conf/icdm/SureshN20,2020,ICDM,inproceedings,A Hybrid Model for Learning Embeddings and Logical Rules Simultaneously from Knowledge Graphs.,Susheel Suresh|Jennifer Neville
conf/icdm/BelhadiDL19,2019,ICDM Workshops,inproceedings,Comparative Study on Trajectory Outlier Detection Algorithms.,Asma Belhadi|Youcef Djenouri|Jerry Chun-Wei Lin
conf/icdm/LinH20,2020,ICDM,inproceedings,A Goal-Prioritized Algorithm for Additional Route Deployment on Existing Mass Transportation System.,Fandel Lin|Hsun-Ping Hsieh
conf/icdm/KumarB18,2018,ICDM Workshops,inproceedings,Review of Graph Processing Frameworks.,Siddharth Bhatia 0001|Rajiv Kumar 0002
conf/icdm/ZhujiW0W23,2023,ICDM (Workshops),inproceedings,Blockchain-Based System for Vaccine Traceability.,Xining Zhuji|Jiehua Wang|Weiping Ding 0001|Weixiang Wu
conf/icdm/RenXZZGC18,2018,ICDM,inproceedings,Tracking and Forecasting Dynamics in Crowdfunding: A Basis-Synthesis Approach.,Xiaoying Ren|Linli Xu|Tianxiang Zhao 0006|Chen Zhu 0003|Junliang Guo|Enhong Chen
conf/icdm/RenLWLSC18,2018,ICDM Workshops,inproceedings,NEARM: Natural Language Enhanced Association Rules Mining.,Shiya Ren|Zhixing Li|Huaming Wang|Yuan Li 0050|Ke Shen 0003|Sijie Cheng
conf/icdm/LiXXW23,2023,ICDM,inproceedings,Hypergraph Attribute Attention Network for Community Recommendation.,Kang Li|Wu-Dong Xi|Xing-Xing Xing|Chang-Dong Wang 0001
conf/icdm/Wang0ZZZ019,2019,ICDM,inproceedings,DMFP: A Dynamic Multi-faceted Fine-Grained Preference Model for Recommendation.,Huizhao Wang|Guanfeng Liu 0001|Yan Zhao 0008|Bolong Zheng|Pengpeng Zhao 0001|Kai Zheng 0001
conf/icdm/XuZF018,2018,ICDM,inproceedings,Enhancing Question Understanding and Representation for Knowledge Base Relation Detection.,Zihan Xu|Hai-Tao Zheng 0002|Zuoyou Fu|Wei Wang 0138
conf/icdm/ZhaoSZY18,2018,ICDM,inproceedings,Forecasting Wavelet Transformed Time Series with Attentive Neural Networks.,Yi Zhao|Yanyan Shen|Yanmin Zhu 0006|Junjie Yao
conf/icdm/QinLNY23,2023,ICDM (Workshops),inproceedings,Video Instance Segmentation Using Graph Matching Transformer.,Zheyun Qin|Xiankai Lu|Xiushan Nie|Yilong Yin
conf/icdm/PengZ20,2020,ICDM,inproceedings,LineaRE: Simple but Powerful Knowledge Graph Embedding for Link Prediction.,Yanhui Peng|Jing Zhang 0015
conf/icdm/SeungLK24,2024,ICDM (Workshops),inproceedings,An Adaptive Method Stabilizing Activations for Enhanced Generalization.,Hyunseok Seung|Jaewoo Lee|Hyunsuk Ko
conf/icdm/CuzzocreaZ20,2020,ICDM (Workshops),inproceedings,Message from the ICDM 2020 General Chairs.,Alfredo Cuzzocrea|Carlo Zaniolo
conf/icdm/ZhuangA0FI022,2022,ICDM,inproceedings,Widening the Time Horizon: Predicting the Long-Term Behavior of Chaotic Systems.,Yong Zhuang|Matthew Almeida|Wei Ding 0003|Patrick D. Flynn|Shafiqul Islam|Ping Chen 0001
conf/icdm/PeiYHX22,2022,ICDM,inproceedings,Self-Attention Gated Cognitive Diagnosis For Faster Adaptive Educational Assessments.,Xiaohuan Pei|Shuo Yang 0006|Jiajun Huang|Chang Xu 0002
conf/icdm/LiuZ0LH23,2023,ICDM,inproceedings,Hierarchical Graph Contrastive Learning via Debiasing Noise Samples with Adaptive Repelling Ratio.,Peishuo Liu|Cangqi Zhou|Jing Zhang 0015|Qianmu Li|Dianming Hu
conf/icdm/HeXH20,2020,ICDM (Workshops),inproceedings,Accelerated SGD for Tensor Decomposition of Sparse Count Data.,Huan He|Yuanzhe Xi|Joyce C. Ho
conf/icdm/ZhangQWWL19,2019,ICDM Workshops,inproceedings,Deep Learning Based Dynamic Pricing Model for Hotel Revenue Management.,Qing Zhang|Liyuan Qiu|Huaiwen Wu|Jinshan Wang|Hengliang Luo
conf/icdm/TraganitisG21,2021,ICDM,inproceedings,Detecting adversaries in Crowdsourcing.,Panagiotis A. Traganitis|Georgios B. Giannakis
conf/icdm/LuKCKL18,2018,ICDM Workshops,inproceedings,Detecting Outliers in Streaming Time Series Data from ARM Distributed Sensors.,Yuping Lu|Jitendra Kumar 0001|Nathan Collier|Bhargavi Krishna|Michael A. Langston
conf/icdm/0016ZA22,2022,ICDM,inproceedings,Toward Unsupervised Outlier Model Selection.,Yue Zhao 0016|Sean Zhang|Leman Akoglu
conf/icdm/WuV022,2022,ICDM,inproceedings,Efficient Semi-Supervised Adversarial Training without Guessing Labels.,Huimin Wu 0004|William de Vazelhes|Bin Gu 0001
conf/icdm/Wei021,2021,ICDM,inproceedings,Nonlinear Causal Structure Learning for Mixed Data.,Wenjuan Wei|Lu Feng 0002
conf/icdm/TanHW21,2021,ICDM,inproceedings,Ultra fast warping window optimization for Dynamic Time Warping.,Chang Wei Tan|Matthieu Herrmann|Geoffrey I. Webb
conf/icdm/MaletzkeRHB21,2021,ICDM,inproceedings,Accurately Quantifying under Score Variability.,Andr|Denis Moreira dos Reis|Waqar Hassan|Gustavo Batista
conf/icdm/KazempourZMK24,2024,ICDM (Workshops),inproceedings,"Not the same, yet similar? - On commonalities and differences between VQPCA and ORCLUS.",Daniyal Kazempour|Claudius Zelenka|Artjom Mukhamedov|Peer Kr
conf/icdm/AlduaijiD18,2018,ICDM Workshops,inproceedings,An Empirical Study on Sentiments in Twitter Communities.,Noha Alduaiji|Amitava Datta
conf/icdm/CuiLYWWM22,2022,ICDM,inproceedings,MedSkim: Denoised Health Risk Prediction via Skimming Medical Claims Data.,Suhan Cui|Junyu Luo 0001|Muchao Ye|Jiaqi Wang 0002|Ting Wang 0006|Fenglong Ma
conf/icdm/XieHPZPW19,2019,ICDM,inproceedings,Discriminative Regularized Deep Generative Models for Semi-Supervised Learning.,Qianqian Xie|Jimin Huang|Min Peng 0002|Yihan Zhang 0005|Kaifei Peng|Hua Wang 0002
conf/icdm/PellizzoniB23,2023,ICDM,inproceedings,FASM and FAST-YB: Significant Pattern Mining with False Discovery Rate Control.,Paolo Pellizzoni|Karsten M. Borgwardt
conf/icdm/0003YWXZ23,2023,ICDM (Workshops),inproceedings,Unbiased and Robust: External Attention-enhanced Graph Contrastive Learning for Cross-domain Sequential Recommendation.,Xinhua Wang 0003|Houping Yue|Zizheng Wang|Liancheng Xu|Jinyu Zhang 0002
conf/icdm/KomorniczakK24,2024,ICDM (Workshops),inproceedings,Classification of Recurrent Concepts with Metafeature-based Model Selection.,Joanna Komorniczak|Pawel Ksieniewicz
conf/icdm/IkedaNU23,2023,ICDM (Workshops),inproceedings,Operating Range Estimation for Price Optimization.,Shunnosuke Ikeda|Naoki Nishimura|Shunji Umetani
conf/icdm/McNeilB23,2023,ICDM,inproceedings,Multi-Dictionary Tensor Decomposition.,Maxwell McNeil|Petko Bogdanov
conf/icdm/DedeogluZL19,2019,ICDM Workshops,inproceedings,Emotion Classification Based on Audiovisual Information Fusion Using Deep Learning.,Mehmet Dedeoglu|Jessica Zhang|Runli Liang
conf/icdm/TanHGF023,2023,ICDM (Workshops),inproceedings,Video Sentiment Analysis for Child Safety.,Yee Sen Tan|Nicole Anne Teo Huiying|Ezekiel En Zhe Ghe|Jolie Zhi Yi Fong|Zhaoxia Wang 0001
conf/icdm/HeSJL19,2019,ICDM Workshops,inproceedings,Predicting Travel Time of Bus Journeys with Alternative Bus Services.,Peilan He|Yidan Sun|Guiyuan Jiang|Siew-Kei Lam
conf/icdm/MnichPGLR20,2020,ICDM (Workshops),inproceedings,Super Learning with Repeated Cross Validation.,Krzysztof Mnich|Aneta Polewko-Klim|Agnieszka Kitlas Golinska|Wojciech Lesinski|Witold R. Rudnicki
conf/icdm/ZhangK19,2019,ICDM Workshops,inproceedings,Experiments with Random Projections Ensembles: Linear Versus Quadratic Discriminants.,Xi Zhang|Ata Kab
conf/icdm/WickerHRP19,2019,ICDM,inproceedings,XOR-Based Boolean Matrix Decomposition.,J|Yan Cathy Hua|Rayner Rebello|Bernhard Pfahringer
conf/icdm/EnniA18,2018,ICDM,inproceedings,Using Balancing Terms to Avoid Discrimination in Classification.,Simon Aagaard Enni|Ira Assent
conf/icdm/LiWK18,2018,ICDM,inproceedings,Transfer Hawkes Processes with Content Information.,Tianbo Li|Pengfei Wei 0001|Yiping Ke
conf/icdm/Song0YH23,2023,ICDM (Workshops),inproceedings,How to Use Language Expert to Assist Inference for Visual Commonsense Reasoning.,Zijie Song|Wenbo Hu 0001|Hao Ye|Richang Hong
conf/icdm/0001XQ24,2024,ICDM (Workshops),inproceedings,Outlier Exposure in Visual Industrial Anomaly Detection - Survey.,Yong Shi 0001|Ruijie Xu|Zhiquan Qi
conf/icdm/ShumkovskiiKSC22,2022,ICDM (Workshops),inproceedings,MetaSieve: Performance vs. Complexity Sieve for Time Series Forecasting.,Pavel Shumkovskii|Anton Kovantsev|Elizaveta Stavinova|Petr Chunaev
conf/icdm/ManiuIC20,2020,ICDM,inproceedings,Bandits Under the Influence.,Silviu Maniu|Stratis Ioannidis|Bogdan Cautis
conf/icdm/LongG023,2023,ICDM,inproceedings,Mixup-Inspired Video Class-Incremental Learning.,Jinqiang Long|Yizhao Gao 0004|Zhiwu Lu 0001
conf/icdm/TillinghastF0Z20,2020,ICDM,inproceedings,Probabilistic Neural-Kernel Tensor Decomposition.,Conor Tillinghast|Shikai Fang|Kai Zhang 0001|Shandian Zhe
conf/icdm/ZhangHSW20,2020,ICDM,inproceedings,Adversarial Label-Flipping Attack and Defense for Graph Neural Networks.,Mengmei Zhang|Linmei Hu|Chuan Shi 0001|Xiao Wang 0017
conf/icdm/JiWJMZ20,2020,ICDM,inproceedings,Interpretable Spatiotemporal Deep Learning Model for Traffic Flow Prediction based on Potential Energy Fields.,Jiahao Ji|Jingyuan Wang 0001|Zhe Jiang 0001|Jingtian Ma|Hu Zhang
conf/icdm/VeeramaniTN23,2023,ICDM (Workshops),inproceedings,Temporally Dynamic Session-Keyword Aware Sequential Recommendation System.,Hariram Veeramani|Surendrabikram Thapa|Usman Naseem
conf/icdm/ZhouCLWWC19,2019,ICDM Workshops,inproceedings,ST-Attn: Spatial-Temporal Attention Mechanism for Multi-step Citywide Crowd Flow Prediction.,Yirong Zhou|Hao Chen 0046|Jun Li 0020|Ye Wu 0003|Jiangjiang Wu|Luo Chen
conf/icdm/HaraSN23,2023,ICDM (Workshops),inproceedings,Temporal Positive Collective Matrix Factorization for Interpretable Trend Analysis in Recommender Systems.,Tomofumi Hara|Yuki Sumiya|Kazuhide Nakata
conf/icdm/HeCZC18,2018,ICDM,inproceedings,Pseudo-Implicit Feedback for Alleviating Data Sparsity in Top-K Recommendation.,Yun He 0001|Haochen Chen|Ziwei Zhu 0001|James Caverlee
conf/icdm/ZhangL0BL18,2018,ICDM,inproceedings,Robust Regression via Online Feature Selection Under Adversarial Data Corruption.,Xuchao Zhang|Shuo Lei|Liang Zhao 0002|Arnold P. Boedihardjo|Chang-Tien Lu
conf/icdm/NieXLLC24,2024,ICDM,inproceedings,Hierarchical Explanations for Text Classification Models: Fast and Effective.,Zhenyu Nie|Zheng Xiao|Huizhang Luo|Xuan Liu|Anthony Theodore Chronopoulos
conf/icdm/Yang0W0023,2023,ICDM,inproceedings,Review-Incorporated Model-Agnostic Profile Injection Attacks on Recommender Systems.,Shiyi Yang 0001|Lina Yao 0001|Chen Wang 0008|Xiwei Xu 0001|Liming Zhu 0001
conf/icdm/ParkMH20,2020,ICDM (Workshops),inproceedings,Explainable Anomaly Detection for District Heating Based on Shapley Additive Explanations.,Sungwoo Park|Jihoon Moon|Eenjun Hwang
conf/icdm/ParkKFD20,2020,ICDM,inproceedings,J-Recs: Principled and Scalable Recommendation Justification.,Namyong Park 0001|Andrey Kan|Christos Faloutsos|Xin Luna Dong
conf/icdm/ChabrierCPR24,2024,ICDM (Workshops),inproceedings,Detecting gene regulatory network rewiring as changes in marker regulatory associations using only single-cell gene expression data.,Lisa Chabrier|Anton Crombach|Sergio Peignier|Christophe Rigotti
conf/icdm/PatelQISW24,2024,ICDM,inproceedings,EMIT - Event-Based Masked Auto Encoding for Irregular Time Series.,Hrishikesh Patel|Ruihong Qiu|Adam Irwin|Shazia Sadiq|Sen Wang 0001
conf/icdm/ZhouS0LH21,2021,ICDM,inproceedings,Topic-Attentive Encoder-Decoder with Pre-Trained Language Model for Keyphrase Generation.,Cangqi Zhou|Jinling Shang|Jing Zhang 0015|Qianmu Li|Dianming Hu
conf/icdm/TononV19,2019,ICDM,inproceedings,Permutation Strategies for Mining Significant Sequential Patterns.,Andrea Tonon|Fabio Vandin
conf/icdm/LinLFDZ19,2019,ICDM Workshops,inproceedings,An Efficient Chain Structure to Mine High-Utility Sequential Patterns.,Jerry Chun-Wei Lin|Yuanfa Li|Philippe Fournier-Viger|Youcef Djenouri|Ji Zhang 0001
conf/icdm/CasoTV22,2022,ICDM (Workshops),inproceedings,Disentangling the Information Flood on OSNs: Finding Notable Posts and Topics.,Paola Caso|Martino Trevisan|Luca Vassio
conf/icdm/SengerJMGK20,2020,ICDM,inproceedings,Unsupervised Anomaly Detection on Multisensory Data from Honey Bee Colonies.,Diren Senger|Carolin Johannsen|Alexandros Melemenidis|Alexander Goncharskiy|Thorsten Kluss
conf/icdm/ZhuWWXL21,2021,ICDM,inproceedings,A new multiple instance algorithm using structural information.,Xiaoyan Zhu 0003|Ting Wang|Jiayin Wang 0002|Ying Xu|Yuqian Liu
conf/icdm/LiC0W22,2022,ICDM,inproceedings,The Devil is in the Conflict: Disentangled Information Graph Neural Networks for Fraud Detection.,Zhixun Li|Dingshuo Chen|Qiang Liu 0006|Shu Wu
conf/icdm/WangWT24,2024,ICDM,inproceedings,SR-PredictAO: Session-Based Recommendation with High-Capability Predictor Add-On.,Ruida Wang|Raymond Chi-Wing Wong|Weile Tan
conf/icdm/SubhashiniLZA20,2020,ICDM (Workshops),inproceedings,Integration of Fuzzy and Deep Learning in Three-Way Decisions.,L. D. C. S. Subhashini|Yuefeng Li|Jinglan Zhang|Ajantha S. Atukorale
conf/icdm/NentwigR18,2018,ICDM Workshops,inproceedings,Incremental Clustering on Linked Data.,Markus Nentwig|Erhard Rahm
conf/icdm/SongPWB18,2018,ICDM Workshops,inproceedings,Robust Commuter Movement Inference from Connected Mobile Devices.,Baoyang Song|Hasan Poonawala|Laura Wynter|Sebastien Blandin
conf/icdm/0003S18,2018,ICDM Workshops,inproceedings,Attend2trend: Attention Model for Real-Time Detecting and Forecasting of Trending Topics.,Ahmed Saleh 0003|Ansgar Scherp
conf/icdm/ShethR21,2021,ICDM,inproceedings,PARWiS: Winner determination from Active Pairwise Comparisons under a Shoestring Budget.,Dev Yashpal Sheth|Arun Rajkumar
conf/icdm/KovantsevG20,2020,ICDM (Workshops),inproceedings,Analysis of multivariate time series predictability based on their features.,Anton Kovantsev|Peter Gladilin
conf/icdm/BhanderiB24,2024,ICDM (Workshops),inproceedings,Incremental Gaussian Mixture Clustering for Data Streams.,Aniket Bhanderi|Raj Bhatnagar
conf/icdm/HosseiniMH19,2019,ICDM,inproceedings,Deep-Aligned Convolutional Neural Network for Skeleton-Based Action Recognition and Segmentation.,Babak Hosseini|Romain Montagn|Barbara Hammer
conf/icdm/ZhiYZ0W018,2018,ICDM,inproceedings,Dynamic Truth Discovery on Numerical Data.,Shi Zhi|Fan Yang 0084|Zheyi Zhu|Qi Li 0012|Zhaoran Wang 0001|Jiawei Han 0001
conf/icdm/ZhangW0LY18,2018,ICDM,inproceedings,Layerwise Perturbation-Based Adversarial Training for Hard Drive Health Degree Prediction.,Jianguo Zhang 0005|Ji Wang 0002|Lifang He 0001|Zhao Li 0007|Philip S. Yu
conf/icdm/ZengO19,2019,ICDM Workshops,inproceedings,Learning Joint Embedding for Cross-Modal Retrieval.,Donghuo Zeng|Keizo Oyama
conf/icdm/0001GDZ023,2023,ICDM,inproceedings,Neural Contextual Combinatorial Bandit under Non-stationary Environment.,Jiaqi Zheng 0001|Hedi Gao|Haipeng Dai 0001|Zhenzhe Zheng 0002|Fan Wu 0006
conf/icdm/HouTC0T23,2023,ICDM (Workshops),inproceedings,PROTEUS: Domain Adaptation for Dynamic Features in AI-assisted Windows Malware Detection.,Yubo Hou|Tram Truong Huu|Zhenghua Chen|Chee-Keong Kwoh 0001|Sin G. Teo
conf/icdm/AlaeeKK20,2020,ICDM,inproceedings,Matrix Profile XXII: Exact Discovery of Time Series Motifs under DTW.,Sara Alaee|Kaveh Kamgar|Eamonn J. Keogh
conf/icdm/HoogenBA20,2020,ICDM (Workshops),inproceedings,An Improved Wide-Kernel CNN for Classifying Multivariate Signals in Fault Diagnosis.,Jurgen O. D. van den Hoogen|Stefan Bloemheuvel|Martin Atzmueller
conf/icdm/FanLLWGF20,2020,ICDM,inproceedings,AutoFS: Automated Feature Selection via Diversity-aware Interactive Reinforcement Learning.,Wei Fan 0010|Kunpeng Liu 0001|Hao Liu 0026|Pengyang Wang|Yong Ge|Yanjie Fu
conf/icdm/ReasABB18,2018,ICDM,inproceedings,SuperPart: Supervised Graph Partitioning for Record Linkage.,Russell Reas|Steve Ash|Rob Barton|Andrew Borthwick
conf/icdm/YangFD0021,2021,ICDM,inproceedings,Structure-Aware Stabilization of Adversarial Robustness with Massive Contrastive Adversaries.,Shuo Yang 0006|Zeyu Feng|Pei Du|Bo Du 0001|Chang Xu 0002
conf/icdm/NguyenGDNV24,2024,ICDM,inproceedings,Generating Realistic Tabular Data with Large Language Models.,Dang Nguyen 0002|Sunil Gupta 0001|Kien Do|Thin Nguyen|Svetha Venkatesh
conf/icdm/AlesianiYY21,2021,ICDM,inproceedings,Gated Information Bottleneck for Generalization in Sequential Environments.,Francesco Alesiani|Shujian Yu|Xi Yu
conf/icdm/LahotiGW21,2021,ICDM,inproceedings,Detecting and Mitigating Test-time Failure Risks via Model-agnostic Uncertainty Learning.,Preethi Lahoti|Krishna P. Gummadi|Gerhard Weikum
conf/icdm/ZenatiRFLC18,2018,ICDM,inproceedings,Adversarially Learned Anomaly Detection.,Houssam Zenati|Manon Romain|Chuan-Sheng Foo|Bruno Lecouat|Vijay Chandrasekhar 0001
conf/icdm/AbdullakuttyAN24,2024,ICDM (Workshops),inproceedings,Context-Aware Offensive Meme Detection: A Multi-Modal Zero-Shot Approach with Caption-Enhanced Classification.,Faseela Abdullakutty|Somaya Al-M|Usman Naseem
conf/icdm/KilleenKY22,2022,ICDM (Workshops),inproceedings,Corn Grain Yield Prediction Using UAV-based High Spatiotemporal Resolution Multispectral Imagery.,Patrick Killeen|Iluju Kiringa|Tet Hin Yeap
conf/icdm/Derr0T18,2018,ICDM,inproceedings,Signed Graph Convolutional Networks.,Tyler Derr|Yao Ma 0001|Jiliang Tang
conf/icdm/ZhangFXLS23,2023,ICDM (Workshops),inproceedings,SeqAdver: Automatic Payload Construction and Injection in Sequence-based Android Adversarial Attack.,Fei Zhang|Ruitao Feng|Xiaofei Xie|Xiaohong Li 0001|Lianshuan Shi
conf/icdm/ChouguleS24,2024,ICDM (Workshops),inproceedings,Generative-Graph Method for Project Duration Estimation.,Sandeep Chougule|Vaishali Sadaphal
conf/icdm/SinghW22,2022,ICDM (Workshops),inproceedings,Polytopal Complex Construction and Use in Persistent Homology.,Rohit P. Singh|Philip A. Wilsey
conf/icdm/SunBHH18,2018,ICDM Workshops,inproceedings,Multi-view Network Embedding via Graph Factorization Clustering and Co-regularized Multi-view Agreement.,Yiwei Sun|Ngot Bui|Tsung-Yu Hsieh|Vasant G. Honavar
conf/icdm/TsouCLY18,2018,ICDM,inproceedings,Robust Distributed Anomaly Detection Using Optimal Weighted One-Class Random Forests.,Yu-Lin Tsou|Hong-Min Chu|Cong Li 0010|Shao-Wen Yang
conf/icdm/HenryJES19,2019,ICDM Workshops,inproceedings,Climate Change Perception in Scientific and Public Sphere.,Didier Henry|Nathan Jadoul|Reynald Eug|Erick Stattner
conf/icdm/CaiTTZC23,2023,ICDM (Workshops),inproceedings,A Label Distribution for Few-shot In-domain Out-of-Scope Detection.,Xinyi Cai|Pei-Wei Tsai|Jiao Tian|Kai Zhang 0074|Jinjun Chen
conf/icdm/KimP20,2020,ICDM,inproceedings,Ordinal-Content VAE: Isolating Ordinal-Valued Content Factors in Deep Latent Variable Models.,Minyoung Kim 0001|Vladimir Pavlovic 0001
conf/icdm/HanZL18,2018,ICDM,inproceedings,EDLT: Enabling Deep Learning for Generic Data Classification.,Huimei Han|Xingquan Zhu 0001|Ying Li 0002
conf/icdm/GuoJWY019,2019,ICDM,inproceedings,Quantized Adversarial Training: An Iterative Quantized Local Search Approach.,Yifan Guo 0001|Tianxi Ji|Qianlong Wang 0003|Lixing Yu|Pan Li 0001
conf/icdm/ChenGZLS22,2022,ICDM,inproceedings,Exploiting Hierarchical Correlations for Cross-City Cross-Mode Traffic Flow Prediction.,Yan Chen|Jingjing Gu|Fuzhen Zhuang|Xinjiang Lu|Ming Sun
conf/icdm/SantosSTE23,2023,ICDM (Workshops),inproceedings,Influence Propagation for Linear Threshold Model with Graph Neural Networks.,Francisco Santos|Anna Stephens|Pang-Ning Tan|Abdol-Hossein Esfahanian
conf/icdm/BusaranuvongZLZ23,2023,ICDM,inproceedings,CAC: Enabling Customer-Centered Passenger-Seeking for Self-Driving Ride Service with Conservative Actor-Critic.,Palawat Busaranuvong|Xin Zhang 0098|Yanhua Li|Xun Zhou 0001|Jun Luo 0007
conf/icdm/DhurandharG20,2020,ICDM,inproceedings,Classifier Invariant Approach to Learn from Positive-Unlabeled Data.,Amit Dhurandhar|Karthik S. Gurumoorthy
conf/icdm/SharmaBKZJ18,2018,ICDM,inproceedings,Synthetic Oversampling with the Majority Class: A New Perspective on Handling Extreme Imbalance.,Shiven Sharma|Colin Bellinger|Bartosz Krawczyk|Osmar R. Za|Nathalie Japkowicz
conf/icdm/BaderSDBK22,2022,ICDM (Workshops),inproceedings,Macaw: The Machine Learning Magnetometer Calibration Workflow.,Jonathan Bader|Kevin Styp-Rekowski|Leon Doehler|Soeren Becker 0001|Odej Kao
conf/icdm/PeiRYLQL21,2021,ICDM,inproceedings,Towards Generating Real-World Time Series Data.,Hengzhi Pei|Kan Ren|Yuqing Yang 0001|Chang Liu 0030|Tao Qin 0001|Dongsheng Li 0002
conf/icdm/PathakRVGSK18,2018,ICDM Workshops,inproceedings,Automatic Structuring of Breast Cancer Radiology Reports for Quality Assurance.,Shreyasi Pathak|Jorit van Rossen|Onno Vijlbrief|Jeroen Geerdink|Christin Seifert|Maurice van Keulen
conf/icdm/ChenGYLH24,2024,ICDM,inproceedings,Graph Contrastive Learning with Adversarial Structure Refinement (GCL-ASR).,Jiangwen Chen|Kou Guang|Huang Yan|Qiyang Li|Tan Hao
conf/icdm/PuCZLSF24,2024,ICDM,inproceedings,Solving Combinatorial Optimization Problem Over Graph Through QUBO Transformation and Deep Reinforcement Learning.,Tianle Pu|Chao Chen|Li Zeng|Shixuan Liu|Rui Sun|Changjun Fan
conf/icdm/ZhaoW22,2022,ICDM (Workshops),inproceedings,Adversarial Removal of Population Bias in Genomics Phenotype Prediction.,Honggang Zhao|Wenlu Wang
conf/icdm/AmiriABP18,2018,ICDM,inproceedings,NetGist: Learning to Generate Task-Based Network Summaries.,Sorour E. Amiri|Bijaya Adhikari|Aditya Bharadwaj|B. Aditya Prakash
conf/icdm/ZhouCCZ18,2018,ICDM Workshops,inproceedings,Quantification and Analysis of Scientific Language Variation Across Research Fields.,Pei Zhou|Muhao Chen 0001|Kai-Wei Chang 0001|Carlo Zaniolo
conf/icdm/SakaiNW18,2018,ICDM Workshops,inproceedings,A Model of Rule Generation Handling Granules Defined by Implications in Table Data Sets.,Hiroshi Sakai|Michinori Nakata|Junzo Watada
conf/icdm/WangWQ18,2018,ICDM Workshops,inproceedings,Concept Analysis Based on Granular Formal Contexts.,Zhen Wang 0038|Ling Wei|Jian-Jun Qi
conf/icdm/MercerK22,2022,ICDM,inproceedings,Matrix Profile XXV: Introducing Novelets: A Primitive that Allows Online Detection of Emerging Behaviors in Time Series.,Ryan Mercer|Eamonn J. Keogh
conf/icdm/GaoWF23,2023,ICDM (Workshops),inproceedings,Cross-Modal Attention Network for Sign Language Translation.,Liqing Gao|Liang Wan|Wei Feng 0005
conf/icdm/BarkanHKCWK21,2021,ICDM,inproceedings,Cold Item Integration in Deep Hybrid Recommenders via Tunable Stochastic Gates.,Oren Barkan|Roy Hirsch|Ori Katz|Avi Caciularu|Jonathan Weill|Noam Koenigstein
conf/icdm/GalibTL23,2023,ICDM,inproceedings,SimEXT: Self-supervised Representation Learning for Extreme Values in Time Series.,Asadullah Hill Galib|Pang-Ning Tan|Lifeng Luo
conf/icdm/YangLWH18,2018,ICDM,inproceedings,Towards Interpretation of Recommender Systems with Sorted Explanation Paths.,Fan Yang 0023|Ninghao Liu 0001|Suhang Wang|Xia Hu 0001
conf/icdm/PanDC21,2021,ICDM,inproceedings,Multi-Classification Prediction of Alzheimer's Disease based on Fusing Multi-modal Features.,Qiao Pan|Ke Ding|Dehua Chen
conf/icdm/OiraseK24,2024,ICDM (Workshops),inproceedings,Data Augmentation Using Generative AI In Tomato Leaf Lesion Classification Problems.,Masaya Oirase|Eisuke Kita
conf/icdm/RuisPGHSK20,2020,ICDM (Workshops),inproceedings,Human-in-the-loop Language-agnostic Extraction of Medication Data from Highly Unstructured Electronic Health Records.,Frank Ruis|Shreyasi Pathak|Jeroen Geerdink|Johannes H. Hegeman|Christin Seifert|Maurice van Keulen
conf/icdm/RezaeiDRB22,2022,ICDM (Workshops),inproceedings,Joint Debiased Representation Learning and Imbalanced Data Clustering.,Mina Rezaei|Emilio Dorigatti|David R|Bernd Bischl
conf/icdm/YuanMZHH19,2019,ICDM,inproceedings,Jointly Embedding the Local and Global Relations of Heterogeneous Graph for Rumor Detection.,Chunyuan Yuan|Qianwen Ma|Wei Zhou 0019|Jizhong Han|Songlin Hu 0001
conf/icdm/ZhangXGZY23,2023,ICDM (Workshops),inproceedings,SubAnom: Efficient Subgraph Anomaly Detection Framework over Dynamic Graphs.,Chi Zhang|Wenkai Xiang|Xingzhi Guo|Baojian Zhou|Deqing Yang
conf/icdm/BidaurrazagaPC21,2021,ICDM,inproceedings,K-means for Evolving Data Streams.,Arkaitz Bidaurrazaga|Aritz P|Marco Cap
conf/icdm/GugnaniKP18,2018,ICDM Workshops,inproceedings,Generating Unified Candidate Skill Graph for Career Path Recommendation.,Akshay Gugnani|Vinay Kumar Reddy Kasireddy|Karthikeyan Ponnalagu
conf/icdm/BoldrinV24,2024,ICDM,inproceedings,Fast and Accurate Triangle Counting in Graph Streams Using Predictions.,Cristian Boldrin|Fabio Vandin
conf/icdm/AdriaensG22,2022,ICDM,inproceedings,Diameter Minimization by Shortcutting with Degree Constraints.,Florian Adriaens|Aristides Gionis
conf/icdm/FanZLYL22,2022,ICDM (Workshops),inproceedings,Identifying Hydrometeorological Factors Influencing Reservoir Releases Using Machine Learning Methods.,Ming Fan|Lujun Zhang|Siyan Liu|Tiantian Yang|Dan Lu 0001
conf/icdm/AdebisiGLV20,2020,ICDM (Workshops),inproceedings,Classification of Dementia Associated Disorders Using EEG based Frequent Subgraph Technique.,Abdulyekeen T. Adebisi|Venkateswarlu Gonuguntla|Ho-Won Lee|Kalyana C. Veluvolu
conf/icdm/LamichhaneE22,2022,ICDM (Workshops),inproceedings,Self-Organizing Map-Based Graph Clustering and Visualization on Streaming Graphs.,Prabin B. Lamichhane|William Eberle
conf/icdm/BuzmakovKMN22,2022,ICDM,inproceedings,△-Closure Structure for Studying Data Distribution.,Aleksey Buzmakov 0002|Sergei O. Kuznetsov|Tatiana Makhalova|Amedeo Napoli
conf/icdm/SikdarHW19,2019,ICDM,inproceedings,Modeling Graphs with Vertex Replacement Grammars.,Satyaki Sikdar|Justus Hibshman|Tim Weninger
conf/icdm/LiuJH0D23,2023,ICDM,inproceedings,Insight Analysis for Tennis Strategy and Tactics.,Zhaoyu Liu|Kan Jiang|Zhe Hou|Yun Lin 0001|Jin Song Dong 0001
conf/icdm/LiOW23,2023,ICDM,inproceedings,Enriched Representation Learning for Longitudinal Chest X-ray Analysis: A Novel Approach for Improved Disease Detection and Localization.,Xiangyu Li|Armand Ovanessians|Hua Wang 0007
conf/icdm/HudsonHMA23,2023,ICDM (Workshops),inproceedings,Explainable Multi-Modal and Local Approaches to Modelling Injuries in Sports Data.,Dan Hudson 0001|Ruud J. R. Den Hartigh|L. Rens A. Meerhoff|Martin Atzmueller
conf/icdm/ZhangQB23,2023,ICDM,inproceedings,Bayesian A/B Testing with Covariates.,Yuanyu Zhang|Cheng Qian|Wenhang Bao
conf/icdm/MalashinMBBNT24,2024,ICDM (Workshops),inproceedings,Anomaly Detection in Financial Data Using GA-Optimized MLP Models.,Ivan P. Malashin|Igor S. Masich|Aleksei S. Borodulin|Vladimir Viktorovich Bukhtoyarov|Vladimir A. Nelyub|Vadim Tynchenko
conf/icdm/VahedianZ21,2021,ICDM,inproceedings,Precise Bayes Classifier: Summary of Results.,Amin Vahedian|Xun Zhou 0001
conf/icdm/ShenHLWW023,2023,ICDM (Workshops),inproceedings,Birds of a Feather Purchase Together: Accurate Social Network Inference using Transaction Data.,Jiaxing Shen|Yulin He|Yunfei Long|Jiaqi Wen|Yanwen Wang 0001|Yu Yang 0012
conf/icdm/HadjadjiKSMED24,2024,ICDM (Workshops),inproceedings,Optimizing MLP Network Structure for Classification Problems Using PSO and Dominating Vertex Set.,Ines Hadjadji|Nour El Islem Karabadji|Hassina Seridi|Naouel Manaa|Mohamed Elati|Wajdi Dhifli
conf/icdm/GautamBSA18,2018,ICDM Workshops,inproceedings,When and Where?: Behavior Dominant Location Forecasting with Micro-Blog Streams.,Bhaskar Gautam|Annappa Basava|Abhishek Singh|Amit Agrawal
conf/icdm/NikolakakiPTT20,2020,ICDM,inproceedings,Finding Teams of Maximum Mutual Respect.,Sofia Maria Nikolakaki|Evaggelia Pitoura|Evimaria Terzi|Panayiotis Tsaparas
conf/icdm/PietrosanuJK24,2024,ICDM,inproceedings,A Bayesian Hierarchical Model for Orthogonal Tucker Decomposition with Oblivious Tensor Compression.,Matthew Pietrosanu|Bei Jiang|Linglong Kong
conf/icdm/HuangXY19,2019,ICDM,inproceedings,Bi-directional Causal Graph Learning through Weight-Sharing and Low-Rank Neural Network.,Hao Huang 0007|Chenxiao Xu|Shinjae Yoo
conf/icdm/WangHL18,2018,ICDM Workshops,inproceedings,Stock Market Prediction Analysis by Incorporating Social and News Opinion and Sentiment.,Zhaoxia Wang 0001|Seng-Beng Ho|Zhiping Lin 0001
conf/icdm/ErlyginZBS023,2023,ICDM (Workshops),inproceedings,Surrogate uncertainty estimation for your time series forecasting black-box: learn when to trust.,Leonid Erlygin|Vladimir Zholobov|Valeriia Baklanova|Evgeny Sokolovskiy|Alexey Zaytsev 0002
conf/icdm/EikmeierRG18,2018,ICDM,inproceedings,The HyperKron Graph Model for Higher-Order Features.,Nicole Eikmeier|Arjun S. Ramani|David F. Gleich
conf/icdm/KerenSS18,2018,ICDM,inproceedings,Fast Single-Class Classification and the Principle of Logit Separation.,Gil Keren|Sivan Sabato|Bj
conf/icdm/LeeCLS19,2019,ICDM,inproceedings,Collaborative Distillation for Top-N Recommendation.,Jae-woong Lee|Minjin Choi 0001|Jongwuk Lee|Hyunjung Shim
conf/icdm/HuangLC23,2023,ICDM,inproceedings,Personalized Federated Semi-Supervised Learning with Black-Box Models.,Siyin Huang|Shaoyuan Li|Songcan Chen
conf/icdm/TuXCB18,2018,ICDM Workshops,inproceedings,A Domain-Independent Text Segmentation Method for Educational Course Content.,Yuwei Tu|Ying Xiong|Weiyu Chen|Christopher G. Brinton
conf/icdm/ProvodinGPK22,2022,ICDM,inproceedings,The Impact of Batch Learning in Stochastic Linear Bandits.,Danil Provodin|Pratik Gajane|Mykola Pechenizkiy|Maurits Kaptein
conf/icdm/YuanZRWWL22,2022,ICDM,inproceedings,Neural Network Driven by Space-time Partial Differential Equation for Predicting Sea Surface Temperature.,Taikang Yuan|Junxing Zhu|Kaijun Ren|Wuxin Wang|Xiang Wang 0015|Xiaoyong Li 0002
conf/icdm/YamamotoS23,2023,ICDM (Workshops),inproceedings,A Joint Permute-and-Flip and Its Enhancement for Large-Scale Genomic Statistical Analysis.,Akito Yamamoto|Tetsuo Shibuya
conf/icdm/YangL021,2021,ICDM,inproceedings,Space Meets Time: Local Spacetime Neural Network For Traffic Flow Forecasting.,Song Yang 0001|Jiamou Liu|Kaiqi Zhao 0001
conf/icdm/GoossensDH18,2018,ICDM Workshops,inproceedings,Effective Steering of Customer Journey via Order-Aware Recommendation.,Jo|Tiblets Demewez|Marwan Hassani
conf/icdm/SongFG023,2023,ICDM,inproceedings,Interactive Activities Initiation through Retrieving Hidden Social Information Networks.,Yulong Song|Bin Fu|Jianxiong Guo|Xiaofeng Gao 0001
conf/icdm/KorczynskiK22,2022,ICDM (Workshops),inproceedings,Compression Methods for Transformers in Multidomain Sentiment Analysis.,Wojciech Korczynski|Jan Kocon
conf/icdm/ZhaoYZGC19,2019,ICDM Workshops,inproceedings,A High Performance Text Vector Similarity Search Method Based on Overlapping Degree.,Peng Zhao|Fan Yang 0094|Zhibin Zhang|Jiafeng Guo|Xueqi Cheng
conf/icdm/YangMK20,2020,ICDM,inproceedings,FeatureNorm: L2 Feature Normalization for Dynamic Graph Embedding.,Menglin Yang 0001|Ziqiao Meng|Irwin King
conf/icdm/LiZF20,2020,ICDM (Workshops),inproceedings,SynC: A Copula based Framework for Generating Synthetic Data from Aggregated Sources.,Zheng Li|Yue Zhao 0016|Jialin Fu
conf/icdm/FangZL0N20,2020,ICDM,inproceedings,Online Bayesian Sparse Learning with Spike and Slab Priors.,Shikai Fang|Shandian Zhe|Kuang-chih Lee|Kai Zhang 0001|Jennifer Neville
conf/icdm/FrommBFCSS19,2019,ICDM Workshops,inproceedings,XD-STOD: Cross-Domain Superresolution for Tiny Object Detection.,Michael Fromm 0001|Max Berrendorf|Evgeniy Faerman|Yiyi Chen 0002|Balthasar Sch|Matthias Schubert
conf/icdm/ParkLK23,2023,ICDM,inproceedings,Two-Level Graph Representation Learning with Community-as-a-Node Graphs.,Jeongha Park|Kisung Lee|Hyuk-Yoon Kwon
conf/icdm/GharghabiIBDK18,2018,ICDM,inproceedings,Matrix Profile XII: MPdist: A Novel Time Series Distance Measure to Allow Data Mining in More Challenging Scenarios.,Shaghayegh Gharghabi|Shima Imani|Anthony J. Bagnall|Amirali Darvishzadeh|Eamonn J. Keogh
conf/icdm/XieBSK18,2018,ICDM,inproceedings,A TIMBER Framework for Mining Urban Tree Inventories Using Remote Sensing Datasets.,Yiqun Xie|Han Bao 0003|Shashi Shekhar 0001|Joseph F. Knight
conf/icdm/AshJMNS20,2020,ICDM (Workshops),inproceedings,Unsupervised Extraction of Workplace Rights and Duties from Collective Bargaining Agreements.,Elliott Ash|Jeff Jacobs|W. Bentley MacLeod|Suresh Naidu|Dominik Stammbach
conf/icdm/0007YT020,2020,ICDM,inproceedings,Active Learning with Multi-Granular Graph Auto-Encoder.,Yi He 0007|Xu Yuan 0001|Nian-Feng Tzeng|Xindong Wu 0001
conf/icdm/YooKYKJK21,2021,ICDM,inproceedings,Accurate Graph-Based PU Learning without Class Prior.,Jaemin Yoo|Junghun Kim|Hoyoung Yoon|Geonsoo Kim|Changwon Jang|U Kang
conf/icdm/LaharotteBF20,2020,ICDM (Workshops),inproceedings,Detecting Dynamic Critical Links within Large Scale Network for Traffic State Prediction.,Pierre-Antoine Laharotte|Romain Billot|Nour-Eddin El Faouzi
conf/icdm/HayatX023,2023,ICDM,inproceedings,Self-supervised Heterogeneous Hypergraph Learning with Context-aware Pooling for Graph-level Classification.,Malik Khizar Hayat|Shan Xue 0001|Jian Yang 0001
conf/icdm/ZhouEB18,2018,ICDM,inproceedings,Online CP Decomposition for Sparse Tensors.,Shuo Zhou 0001|Sarah M. Erfani|James Bailey 0001
conf/icdm/TuYS0V23,2023,ICDM (Workshops),inproceedings,Deep Outdated Fact Detection in Knowledge Graphs.,Huiling Tu|Shuo Yu 0001|Vidya Saikrishna|Feng Xia 0001|Karin Verspoor
conf/icdm/0003D0K22,2022,ICDM,inproceedings,ABN: Anti-Blur Neural Networks for Multi-Stage Deformable Image Registration.,Yao Su 0003|Xin Dai|Lifang He 0001|Xiangnan Kong
conf/icdm/PaepeH20,2020,ICDM,inproceedings,Mining Recurring Patterns in Real-Valued Time Series using the Radius Profile.,Dieter De Paepe|Sofie Van Hoecke
conf/icdm/GohKZ18,2018,ICDM Workshops,inproceedings,Twitter-Informed Crowd Flow Prediction.,Gary Goh|Jing Yu Koh|Yue Zhang
conf/icdm/MihovC0K0L22,2022,ICDM,inproceedings,MentalNet: Heterogeneous Graph Representation for Early Depression Detection.,Ivan Mihov|Haiquan Chen|Xiao Qin 0001|Wei-Shinn Ku|Da Yan 0001|Yuhong Liu
conf/icdm/FengSZ023,2023,ICDM,inproceedings,Mixtron: Bandit Online Multiclass Prediction with Implicit Feedback.,Wanjin Feng|Hailong Shi|Peilin Zhao|Xingyu Gao 0001
conf/icdm/PirbhulalWL18,2018,ICDM Workshops,inproceedings,A Biometric Security Model for Wearable Healthcare.,Sandeep Pirbhulal|Wanqing Wu|Guanglin Li 0001
conf/icdm/Wasilewski0K24,2024,ICDM (Workshops),inproceedings,Combining Active Learning and Self-Labeling for Deep Learning from Data Streams.,Jan Wasilewski|Michal Wozniak 0001|Bartosz Krawczyk
conf/icdm/FukishimaAK19,2019,ICDM Workshops,inproceedings,How Will Sense of Values Change during Art Appreciation?,Kotaro Fukishima|Akinori Abe|Reina Kawada
conf/icdm/StephensSTE23,2023,ICDM (Workshops),inproceedings,Population Graph Cross-Network Node Classification for Autism Detection Across Sample Groups.,Anna Stephens|Francisco Santos|Pang-Ning Tan|Abdol-Hossein Esfahanian
conf/icdm/StattnerJ19,2019,ICDM Workshops,inproceedings,Climate Data Analytics Applied to Sugar Cane Crop in the French West Indies.,Erick Stattner|Nathan Jadoul
conf/icdm/ZhangLZYYW21,2021,ICDM,inproceedings,Triplet Deep Subspace Clustering via Self-Supervised Data Augmentation.,Zhao Zhang 0001|Xianzhen Li|Haijun Zhang 0002|Yi Yang 0001|Shuicheng Yan|Meng Wang 0001
conf/icdm/HoussouGP22,2022,ICDM (Workshops),inproceedings,Edit distance with Quasi Real Penalties: a hybrid distance for network-constrained trajectories.,Noud|Jean-Loup Guillaume|Armelle Prigent
conf/icdm/ShenWW18,2018,ICDM Workshops,inproceedings,Growing Deep Forests Efficiently with Soft Routing and Learned Connectivity.,Jianghao Shen|Sicheng Wang 0003|Zhangyang Wang
conf/icdm/ChattopadhyayKA23,2023,ICDM (Workshops),inproceedings,VAM: Value Propensity Score For User Acquisition Marketing Campaign.,Sayantan Chattopadhyay|Chandrai Kayal|Satyen Abrol
conf/icdm/BasiriPK22,2022,ICDM (Workshops),inproceedings,Domain-Specific Deep Learning Feature Extractor for Diabetic Foot Ulcer Detection.,Reza Basiri|Milos R. Popovic|Shehroz S. Khan
conf/icdm/MalandriMMN20,2020,ICDM (Workshops),inproceedings,MEET: A Method for Embeddings Evaluation for Taxonomic Data.,Lorenzo Malandri|Fabio Mercorio|Mario Mezzanzanica|Navid Nobani
conf/icdm/SabetpourKXL21,2021,ICDM,inproceedings,Truth Discovery in Sequence Labels from Crowds.,Nasim Sabetpour|Adithya Kulkarni|Sihong Xie|Qi Li 0012
conf/icdm/TsaoICP18,2018,ICDM Workshops,inproceedings,Stitching Aerial Images for Vehicle Positioning and Tracking.,Paul Tsao|Tsi-Ui Ik|Guan-Wen Chen|Wen-Chih Peng
conf/icdm/MuellerS19,2019,ICDM,inproceedings,Recognizing Variables from Their Data via Deep Embeddings of Distributions.,Jonas Mueller 0001|Alex Smola
conf/icdm/XiongC22,2022,ICDM (Workshops),inproceedings,Deep Heterogeneous Graph Neural Networks via Similarity Regularization Loss and Hierarchical Fusion.,Zhilong Xiong|Jia Cai
conf/icdm/JeongJSS22,2022,ICDM,inproceedings,Deep Geometrical Learning for Alzheimer's Disease Progression Modeling.,Seungwoo Jeong|Wonsik Jung|Junghyo Sohn|Heung-Il Suk
conf/icdm/SamudralaBN24,2024,ICDM (Workshops),inproceedings,Mining patterns for proactive management of procure-to-pay exceptions.,Satya Narayana Samudrala|Uday Chandra Bhookya|Maitreya Natu
conf/icdm/DjenouriZC18,2018,ICDM,inproceedings,Outlier Detection in Urban Traffic Flow Distributions.,Youcef Djenouri|Arthur Zimek|Marco Chiarandini
conf/icdm/CaiYZ23,2023,ICDM (Workshops),inproceedings,Exploring Approaches for Teaching Cybersecurity and AI for K-12.,Yu Cai 0002|Drew Youngstrom|Wenbin Zhang 0002
conf/icdm/LiuY020,2020,ICDM,inproceedings,Estimating Individual Treatment Effects with Time-Varying Confounders.,Ruoqi Liu|Changchang Yin|Ping Zhang 0016
conf/icdm/ZhangSZWLW19,2019,ICDM,inproceedings,Learning Structured Twin-Incoherent Twin-Projective Latent Dictionary Pairs for Classification.,Zhao Zhang 0001|Yulin Sun|Zheng Zhang 0006|Yang Wang 0023|Guangcan Liu|Meng Wang 0001
conf/icdm/LimPW19,2019,ICDM Workshops,inproceedings,Combining Micro and Macro Features for Online Pattern-of-Life Movement Prediction.,Shiau Hong Lim|Hasan Poonawala|Laura Wynter
conf/icdm/SohnL19,2019,ICDM Workshops,inproceedings,MC-BERT4HATE: Hate Speech Detection using Multi-channel BERT for Different Languages and Translations.,Hajung Sohn|Hyunju Lee
conf/icdm/ZhangLCJTL20,2020,ICDM,inproceedings,DoubleEnsemble: A New Ensemble Method Based on Sample Reweighting and Feature Selection for Financial Data Analysis.,Chuheng Zhang|Yuanqi Li|Xi Chen 0010|Yifei Jin|Pingzhong Tang|Jian Li 0015
conf/icdm/AktasJGA22,2022,ICDM (Workshops),inproceedings,Influence Maximization on Hypergraphs via Similarity-based Diffusion.,Mehmet Emin Aktas|Sidra Jawaid|Ihsan Gokalp|Esra Akbas
conf/icdm/YuanZZPJ19,2019,ICDM,inproceedings,Learning Hierarchical and Shared Features for Improving 3D Neuron Reconstruction.,Hao Yuan 0001|Na Zou 0001|Shaoting Zhang 0001|Hanchuan Peng|Shuiwang Ji
conf/icdm/HuangZ0LZF23,2023,ICDM (Workshops),inproceedings,Multi-modal Chinese Fake News Detection.,Wenxi Huang|Zhangyi Zhao|Xiaojun Chen 0006|Mark Junjie Li|Qin Zhang 0011|Philippe Fournier-Viger
conf/icdm/SimB18,2018,ICDM,inproceedings,Record2Vec: Unsupervised Representation Learning for Structured Records.,Adelene Y. L. Sim|Andrew Borthwick
conf/icdm/LiZLY0W19,2019,ICDM,inproceedings,Contrast Feature Dependency Pattern Mining for Controlled Experiments with Application to Driving Behavior.,Qingzhe Li|Liang Zhao 0002|Yi-Ching Lee|Yanfang Ye 0001|Jessica Lin 0001|Lingfei Wu 0001
conf/icdm/RaffFH20,2020,ICDM (Workshops),inproceedings,Getting Passive Aggressive About False Positives: Patching Deployed Malware Detectors.,Edward Raff|Bobby Filar|James Holt
conf/icdm/MuhuriSCC18,2018,ICDM Workshops,inproceedings,Drug Vector Minimization in Cancer Therapy Based on Boolean Logic Model of Gene Regulatory Network.,Samya Muhuri|Ananya Sarkar|Sambhabi Chakraborty|Susanta Chakraborty
conf/icdm/LiuRP023,2023,ICDM,inproceedings,Variational Collective Graph AutoEncoder for Multi-behavior Recommendation.,Yang Liu 0322|Qianzhen Rao|Weike Pan|Zhong Ming 0001
conf/icdm/VuilleminB22,2022,ICDM (Workshops),inproceedings,"Identify malfunctions and their possible causes using rules, application to process mining.",Benoit Vuillemin|Fr
conf/icdm/GuiL18,2018,ICDM,inproceedings,Multi-view Feature Selection for Heterogeneous Face Recognition.,Jie Gui|Ping Li 0001
conf/icdm/PawlickaPKC23,2023,ICDM (Workshops),inproceedings,The Need for Practical Legal and Ethical Guidelines for Explainable AI-based Network Intrusion Detection Systems.,Aleksandra Pawlicka|Marek Pawlicki|Rafal Kozik|Michal Choras
conf/icdm/JinZGXX23,2023,ICDM (Workshops),inproceedings,Multi-triplet Feature Augmentation for Ponzi Scheme Detection in Ethereum.,Chengxiang Jin|Jiajun Zhou 0005|Shengbo Gong|Chenxuan Xie|Qi Xuan 0001
conf/icdm/ZhangY23,2023,ICDM (Workshops),inproceedings,Asymmetric Polysemous Reasoning for Image-Text Matching.,Hongping Zhang|Ming Yang
conf/icdm/ChenZZTZ23,2023,ICDM (Workshops),inproceedings,CrsKGC-RSAN: Conflict Resolution Strategy for Knowledge Graph Completion.,Jie Chen|Xin Zhang|Wuyang Zhang|Siyu Tan|Shu Zhao
conf/icdm/GrobVMMB18,2018,ICDM Workshops,inproceedings,Pareto Optimization of Parameter Selection Speeds Up and Improves Quality of Motion Computation: Applying Evolutionary Multi-objective Optimization to Randomized-Subspace Robust PCA.,David Grob|Mehmet Vurkac|Agnieszka Miguel|Mirka Mandich|Rana Bayrakcsmith
conf/icdm/PhetsouvanhOD18,2018,ICDM Workshops,inproceedings,EGRET: Extortion Graph Exploration Techniques in the Bitcoin Network.,Silivanxay Phetsouvanh|Fr|Anwitaman Datta
conf/icdm/KwonKJS23,2023,ICDM,inproceedings,TensorCodec: Compact Lossy Compression of Tensors without Strong Data Assumptions.,Taehyung Kwon|Jihoon Ko|Jinhong Jung|Kijung Shin
conf/icdm/LiWHT19,2019,ICDM Workshops,inproceedings,An Efficient Algorithm for Mining High Utility Quantitative Itemsets.,Chia Hua Li|Cheng-Wei Wu|JianTao Huang|Vincent S. Tseng
conf/icdm/SinghW24,2024,ICDM,inproceedings,Constructing $\epsilon$-Constrained Sparsified $\beta^{s}$-Complexes using Space Partitioning Trees.,Rohit P. Singh|Philip A. Wilsey
conf/icdm/PaulM18,2018,ICDM Workshops,inproceedings,Robust Computational Method for Identification of miRNA-mRNA Modules in Cervical Cancer.,Sushmita Paul|Madhumita
conf/icdm/LiSC21,2021,ICDM,inproceedings,Mcore: Multi-Agent Collaborative Learning for Knowledge-Graph-Enhanced Recommendation.,Xujia Li|Yanyan Shen|Lei Chen 0002
conf/icdm/YuWLT023,2023,ICDM,inproceedings,MPRE: Multi-perspective Patient Representation Extractor for Disease Prediction.,Ziyue Yu|Jiayi Wang|Wuman Luo|Rita Tse|Giovanni Pau 0001
conf/icdm/YiC18,2018,ICDM Workshops,inproceedings,Learning the Group Structure of Deep Neural Networks with an Expectation Maximization Method.,Subin Yi|Jaesik Choi
conf/icdm/NeloyT22,2022,ICDM (Workshops),inproceedings,Feature Extraction and Prediction of Combined Text and Survey Data using Two-Staged Modeling.,Asif Ahmed Neloy|Maxime Turgeon
conf/icdm/SquillaceTTV24,2024,ICDM,inproceedings,Efficient Network Embedding by Approximate Equitable Partitions.,Giuseppe Squillace|Mirco Tribastone|Max Tschaikowski|Andrea Vandin
conf/icdm/LiL20,2020,ICDM,inproceedings,A Generalized-Momentum-Accelerated Hessian-Vector Algorithm for High-Dimensional and Sparse Data.,Weiling Li|Xin Luo 0001
conf/icdm/MaoSZ22,2022,ICDM,inproceedings,Augmenting Knowledge Transfer across Graphs.,Yuzhen Mao|Jianhui Sun|Dawei Zhou 0003
conf/icdm/XieZ22,2022,ICDM (Workshops),inproceedings,Zero-shot Object Detection Through Vision-Language Embedding Alignment.,Johnathan Xie|Shuai Zheng
conf/icdm/DuLYH19,2019,ICDM,inproceedings,Learning Credible Deep Neural Networks with Rationale Regularization.,Mengnan Du|Ninghao Liu 0001|Fan Yang 0023|Xia Hu 0001
conf/icdm/HmamoucheLC18,2018,ICDM Workshops,inproceedings,Predictors Extraction in Time Series Using Authorities-Hubs Ranking.,Youssef Hmamouche|Lotfi Lakhal|Alain Casali
conf/icdm/ChenDCM18,2018,ICDM Workshops,inproceedings,Understanding the Impact of Label Granularity on CNN-Based Image Classification.,Zhuo Chen|Ruizhou Ding|Ting-Wu Chin|Diana Marculescu
conf/icdm/LiSQC18,2018,ICDM Workshops,inproceedings,A Survey on Semantic Segmentation.,Biao Li 0005|Yong Shi 0001|Zhiquan Qi|Zhensong Chen 0001
conf/icdm/NarayananSCLW18,2018,ICDM,inproceedings,Apk2vec: Semi-Supervised Multi-view Representation Learning for Profiling Android Applications.,Annamalai Narayanan|Charlie Soh|Lihui Chen 0001|Yang Liu 0003|Lipo Wang 0001
conf/icdm/ZhangLZL021,2021,ICDM,inproceedings,C,Yingxue Zhang 0002|Yanhua Li|Xun Zhou 0001|Zhenming Liu|Jun Luo 0007
conf/icdm/GilhuberJM022,2022,ICDM,inproceedings,VERIPS: Verified Pseudo-label Selection for Deep Active Learning.,Sandra Gilhuber|Philipp Jahn 0001|Yunpu Ma|Thomas Seidl 0001
conf/icdm/MinnYDZV18,2018,ICDM,inproceedings,Deep Knowledge Tracing and Dynamic Student Classification for Knowledge Tracing.,Sein Minn|Yi Yu 0001|Michel C. Desmarais|Feida Zhu 0001|Jill-J
conf/icdm/YaoKFBFK22,2022,ICDM (Workshops),inproceedings,Deep Neural Networks and Data Accentuation for Standoff Detection of Dangerous Chemicals.,Eric Yao|Christopher A. Kendziora|Robert Furstenberg|Christopher J. Breshike|Drew M. Finton|Drew C. Kendziora
conf/icdm/Abdu-AguyeZN24,2024,ICDM,inproceedings,Feature Map Purification for Enhancing Adversarial Robustness of Deep Timeseries Classifiers.,Mubarak G. Abdu-Aguye|Muhammad Zaigham Zaheer|Karthik Nandakumar
conf/icdm/0004YDWLZ18,2018,ICDM,inproceedings,Cost Effective Multi-label Active Learning via Querying Subexamples.,Xia Chen 0004|Guoxian Yu|Carlotta Domeniconi|Jun Wang 0035|Zhao Li 0007|Zili Zhang 0001
conf/icdm/LianH0024,2024,ICDM,inproceedings,Utilitarian Online Learning from Open-World Soft Sensing.,Heng Lian 0001|Yu Huang 0017|Xingquan Zhu 0001|Yi He 0007
conf/icdm/WasidA18,2018,ICDM Workshops,inproceedings,Clustering Approach for Multidimensional Recommender Systems.,Mohammed Wasid|Rashid Ali 0002
conf/icdm/TobinZ21,2021,ICDM,inproceedings,DCF: An Efficient and Robust Density-Based Clustering Method.,Joshua Tobin|Mimi Zhang
conf/icdm/SunderrajanVL18,2018,ICDM Workshops,inproceedings,Road Speed Profiling for Upfront Travel Time Estimation.,Abhinav Sunderrajan|Jagannadan Varadarajan|Kong Wei Lye
conf/icdm/PengLSW021,2021,ICDM,inproceedings,Sequential Diagnosis Prediction with Transformer and Ontological Representation.,Xueping Peng|Guodong Long|Tao Shen 0001|Sen Wang 0001|Jing Jiang 0002
conf/icdm/LiLMYL23,2023,ICDM (Workshops),inproceedings,Blockchain-based Reputation Management Scheme for the Internet of Vehicles.,Shijie Li|Xiaowu Liu|Wenshuo Ma|Kan Yu 0001|Yangyang Liu
conf/icdm/FanWYLZ022,2022,ICDM,inproceedings,FedSkip: Combatting Statistical Heterogeneity with Federated Skip Aggregation.,Ziqing Fan|Yanfeng Wang 0001|Jiangchao Yao|Lingjuan Lyu|Ya Zhang 0002|Qi Tian 0001
conf/icdm/StarnesDW23,2023,ICDM (Workshops),inproceedings,Increasing Entropy to Boost Policy Gradient Performance on Personalization Tasks.,Andrew Starnes|Anton Dereventsov|Clayton G. Webster
conf/icdm/JuCYYL23,2023,ICDM (Workshops),inproceedings,Heterogeneity-aware Cross-school Electives Recommendation: a Hybrid Federated Approach.,Chengyi Ju|Jiannong Cao 0001|Yu Yang 0012|Zhen-Qun Yang|Ho Man Lee
conf/icdm/KoeblerT024,2024,ICDM,inproceedings,MoRE-LLM: Mixture of Rule Experts Guided by a Large Language Model.,Alexander Koebler|Ingo Thon|Florian Buettner 0001
conf/icdm/MavroudeasMSB22,2022,ICDM (Workshops),inproceedings,HMM-Boost: Improved Time Series State Prediction Via Supervised Hidden Markov Models: Case Studies in Epileptic Seizure and Complex Care Management.,Georgios Mavroudeas|Malik Magdon-Ismail|Xiao Shou|Kristin P. Bennett
conf/icdm/PutinaSRN20,2020,ICDM,inproceedings,Random Histogram Forest for Unsupervised Anomaly Detection.,Andrian Putina|Mauro Sozio|Dario Rossi 0001|Jos
conf/icdm/LeeL0K22,2022,ICDM,inproceedings,THOR: Self-Supervised Temporal Knowledge Graph Embedding via Three-Tower Graph Convolutional Networks.,Yeon-Chang Lee|Jaehyun Lee 0001|Dongwon Lee 0001|Sang-Wook Kim
conf/icdm/KriegeGB019,2019,ICDM,inproceedings,Computing Optimal Assignments in Linear Time for Approximate Graph Matching.,Nils M. Kriege|Pierre-Louis Giscard|Franka Bause|Richard C. Wilson 0001
conf/icdm/LeeKLPY21,2021,ICDM,inproceedings,Learnable Structural Semantic Readout for Graph Classification.,Dongha Lee 0003|Su Kim|Seonghyeon Lee|Chanyoung Park 0001|Hwanjo Yu
conf/icdm/LuoLL22,2022,ICDM,inproceedings,Deep Stable Representation Learning on Electronic Health Records.,Yingtao Luo|Zhaocheng Liu|Qiang Liu 0006
conf/icdm/DaiZYX19,2019,ICDM Workshops,inproceedings,A Two-Stage Multi-task Learning-Based Method for Selective Unsupervised Domain Adaptation.,Yong Dai 0001|Jian Zhang|Shuai Yuan 0018|Zenglin Xu
conf/icdm/LiuTUGS22,2022,ICDM (Workshops),inproceedings,Towards Practical Explainability with Cluster Descriptors.,Xiaoyuan Liu 0001|Ilya Tyagin|Hayato Ushijima-Mwesigwa|Indradeep Ghosh|Ilya Safro
conf/icdm/TingAW18,2018,ICDM,inproceedings,Which Outlier Detector Should I use?,Kai Ming Ting|Sunil Aryal|Takashi Washio
conf/icdm/ZhuZPZW19,2019,ICDM,inproceedings,Relation Structure-Aware Heterogeneous Graph Neural Network.,Shichao Zhu|Chuan Zhou 0001|Shirui Pan|Xingquan Zhu 0001|Bin Wang 0004
conf/icdm/ZhangH18,2018,ICDM,inproceedings,Variational Bayesian Inference for Robust Streaming Tensor Factorization and Completion.,Zheng Zhang 0005|Cole Hawkins
conf/icdm/AltafA0019,2019,ICDM,inproceedings,Dataset Recommendation via Variational Graph Autoencoder.,Basmah Altaf|Uchenna Akujuobi|Lu Yu 0006|Xiangliang Zhang 0001
conf/icdm/ShiDYL022,2022,ICDM,inproceedings,MRM2: Multi-Relationship Modeling Module for Multivariate Time Series Classification.,Pengxiang Shi|Xuan Dang|Wenwen Ye|Zhipeng Li|Zheng Qin 0003
conf/icdm/Vepakomma0GR20,2020,ICDM (Workshops),inproceedings,NoPeek: Information leakage reduction to share activations in distributed deep learning.,Praneeth Vepakomma|Abhishek Singh 0005|Otkrist Gupta|Ramesh Raskar
conf/icdm/LiuUJF18,2018,ICDM,inproceedings,Privacy-Preserving Multi-task Learning.,Kunpeng Liu 0001|Nitish M. Uplavikar|Wei Jiang|Yanjie Fu
conf/icdm/WangZSMZZ22,2022,ICDM (Workshops),inproceedings,End-to-End Modeling of Hierarchical Time Series Using Autoregressive Transformer and Conditional Normalizing Flow-based Reconciliation.,Shiyu Wang 0001|Fan Zhou 0012|Yinbo Sun|Lintao Ma|James Zhang|Yangfei Zheng
conf/icdm/WuW18,2018,ICDM,inproceedings,On Big Wisdom.,Minghui Wu|Xindong Wu 0001
conf/icdm/KozalW23,2023,ICDM (Workshops),inproceedings,Combining Self-labeling with Selective Sampling.,Jedrzej Kozal|Michal Wozniak 0001
conf/icdm/ZhuR22,2022,ICDM (Workshops),inproceedings,Message from the ICDM 2022 Program Committee Chairs.,Xingquan Zhu 0001|Sanjay Ranka
conf/icdm/LiW22,2022,ICDM,inproceedings,On Mean-Optimal Robust Linear Discriminant Analysis.,Xiangyu Li|Hua Wang 0007
conf/icdm/CevahirK22,2022,ICDM (Workshops),inproceedings,Multi-purpose Recommender Platform using Perceiver IO.,Ali Cevahir|Kentaro Kanada
conf/icdm/NouiouaWFLW20,2020,ICDM (Workshops),inproceedings,TKC: Mining Top-K Cross-Level High Utility Itemsets.,Mourad Nouioua|Ying Wang|Philippe Fournier-Viger|Jerry Chun-Wei Lin|Jimmy Ming-Tai Wu
conf/icdm/HolubovaSBSP19,2019,ICDM Workshops,inproceedings,Inferred Social Networks: A Case Study.,Irena Holubov|Martin Svoboda|David Bernhauer|Tom|Petr Pascenko
conf/icdm/BhatiaG18,2018,ICDM Workshops,inproceedings,Extreme Values from Spatiotemporal Chaos: Precipitation Extremes and Climate Variability.,Udit Bhatia|Auroop Ratan Ganguly
conf/icdm/Li0Z23,2023,ICDM (Workshops),inproceedings,Anisotropic Knowledge Empowers Efficient Recommender System through Generative-Mapping Representation Learning.,Linfeng Li|Hai Liu 0004|Zhaoli Zhang
conf/icdm/ShiY019,2019,ICDM,inproceedings,Reinforced Molecule Generation with Heterogeneous States.,Fangzhou Shi|Shan You|Chang Xu 0002
conf/icdm/YangLSZL22,2022,ICDM (Workshops),inproceedings,Deep Knowledge Tracing with Learning Curves.,Shanghui Yang|Xin Liu|Hang Su|Mengxia Zhu|Xuesong Lu
conf/icdm/HeLY22,2022,ICDM,inproceedings,Non-local Patch Mixup for Unsupervised Domain Adaptation.,Jiujun He|Bin Liu|Xuan Yang
conf/icdm/LiJGWC18,2018,ICDM Workshops,inproceedings,Path Reasoning over Knowledge Graph: A Multi-agent and Reinforcement Learning Based Method.,Zixuan Li 0001|Xiaolong Jin 0001|Saiping Guan|Yuanzhuo Wang|Xueqi Cheng
conf/icdm/AksehirliL18,2018,ICDM Workshops,inproceedings,Predicting MRT Trips in Singapore by Creating a Mobility Behavior Model Based on GSM Data.,Emin Aksehirli|Ying Li
conf/icdm/KazempourK020,2020,ICDM (Workshops),inproceedings,Towards an Internal Evaluation Measure for Arbitrarily Oriented Subspace Clustering.,Daniyal Kazempour|Peer Kr|Thomas Seidl 0001
conf/icdm/Maurel0S20,2020,ICDM (Workshops),inproceedings,Deep Cooperative Reconstruction with Security Constraints in multi-view environments.,Denis Maurel|Sylvain Lefebvre 0002|J
conf/icdm/KodamaA24,2024,ICDM (Workshops),inproceedings,Neighborhood Spatio-temporal Self-Attention for Crowd Flow Prediction.,Sohei Kodama|Shin Ando
conf/icdm/MaLSY23,2023,ICDM (Workshops),inproceedings,Deep Attention Q-Network for Personalized Treatment Recommendation.,Simin Ma|Junghwan Lee|Nicoleta Serban|Shihao Yang 0002
conf/icdm/LiuWZC20,2020,ICDM (Workshops),inproceedings,AttentionFM: Incorporating Attention Mechanism and Factorization Machine for Credit Scoring.,Ying Liu 0039|Wei Wang|Tianlin Zhang|Zhenyu Cui
conf/icdm/XuHXXXY20,2020,ICDM,inproceedings,Global Context Enhanced Social Recommendation with Hierarchical Graph Neural Networks.,Huance Xu|Chao Huang 0001|Yong Xu 0007|Lianghao Xia|Hao Xing|Dawei Yin 0001
conf/icdm/YangCZWY23,2023,ICDM,inproceedings,An Impact Study of Concept Drift in Federated Learning.,Guanhui Yang|Xiaoting Chen|Tengsen Zhang|Shuo Wang|Yun Yang
conf/icdm/SaideepKZFKR19,2019,ICDM Workshops,inproceedings,Discovering Periodic Patterns in Irregular Time Series.,C. Saideep|Rage Uday Kiran|Koji Zettsu|Philippe Fournier-Viger|Masaru Kitsuregawa|P. Krishna Reddy
conf/icdm/ChuWMJZY20,2020,ICDM,inproceedings,Inductive Granger Causal Modeling for Multivariate Time Series.,Yunfei Chu|Xiaowei Wang|Jianxin Ma|Kunyang Jia|Jingren Zhou 0001|Hongxia Yang
conf/icdm/ZhangWL0H23,2023,ICDM,inproceedings,Learning Efficient Unsupervised Satellite Image-based Building Damage Detection.,Yiyun Zhang|Zijian Wang 0009|Yadan Luo|Xin Yu 0002|Zi Huang
conf/icdm/BuschjagerCCM18,2018,ICDM,inproceedings,Realization of Random Forest for Real-Time Evaluation through Tree Framing.,Sebastian Buschj|Kuan-Hsun Chen|Jian-Jia Chen|Katharina Morik
conf/icdm/GhosalBAH19,2019,ICDM Workshops,inproceedings,A Deep Learning Approach to Predict Parking Occupancy using Cluster Augmented Learning Method.,Soumya Suvra Ghosal|Abderrahman Bani|Amine Amrouss|Issmail El Hallaoui
conf/icdm/DebSKRGK18,2018,ICDM Workshops,inproceedings,Multimapper: Data Density Sensitive Topological Visualization.,Bishal Deb|Ankita Sarkar 0001|Nupur Kumari|Akash Rupela|Piyush Gupta|Balaji Krishnamurthy
conf/icdm/NiuYCW20,2020,ICDM (Workshops),inproceedings,GCMCSR: A New Graph Convolution Matrix Complete Method with Side-Information Reconstruction.,Kun Niu|Yicong Yu|Xipeng Cao|Chao Wang 0032
conf/icdm/ZhangYZ21,2021,ICDM,inproceedings,Temporal Clustering with External Memory Network for Disease Progression Modeling.,Zicong Zhang|Changchang Yin|Ping Zhang 0016
conf/icdm/WenZ0XP24,2024,ICDM,inproceedings,An Efficient Graph Autoencoder with Lightweight Desmoothing Decoder and Long-Range Modeling.,Jinyong Wen|Tao Zhang|Chunxia Zhang 0001|Shiming Xiang|Chunhong Pan
conf/icdm/AkimovLM18,2018,ICDM Workshops,inproceedings,A Graph-Based Approach for Learner-Tailored Teaching of Korean Grammar Constructions.,Mikhail Akimov|Ekaterina Loginova|Maxim Musin
conf/icdm/ZhangSLWLL21,2021,ICDM,inproceedings,Jointly Multi-Similarity Loss for Deep Metric Learning.,Li Zhang|Shitian Shen|Lingxiao Li|Han Wang|Xueying Li|Jun Lang 0001
conf/icdm/OngHSCM23,2023,ICDM (Workshops),inproceedings,FinXABSA: Explainable Finance through Aspect-Based Sentiment Analysis.,Keane Ong|Wihan van der Heever|Ranjan Satapathy|Erik Cambria|Gianmarco Mengaldo
conf/icdm/ShakyaMSV23,2023,ICDM,inproceedings,On the Verification of Embeddings with Hybrid Markov Logic.,Anup Shakya|Abisha Thapa Magar|Somdeb Sarkhel|Deepak Venugopal
conf/icdm/LeeKY20,2020,ICDM (Workshops),inproceedings,An Accelerated Continual Learning with Demand Prediction based Scheduling in Edge-Cloud Computing.,Changha Lee|Seong-Hwan Kim 0002|Chan-Hyun Youn
conf/icdm/KilleenKYB23,2023,ICDM,inproceedings,"Using UAV-Based Multispectral Imagery, Data-Driven Models, and Spatial Cross-Validation for Corn Grain Yield Prediction.",Patrick Killeen|Iluju Kiringa|Tet Hin Yeap|Paula Branco
conf/icdm/StraussBHS22,2022,ICDM (Workshops),inproceedings,A Comparison of Ambulance Redeployment Systems on Real-World Data.,Niklas Strau|Max Berrendorf|Tom Haider|Matthias Schubert
conf/icdm/ChoiPH19,2019,ICDM,inproceedings,Counterfactual Attention Supervision.,Seungtaek Choi|Haeju Park|Seung-won Hwang
conf/icdm/TaraviyaBL021,2021,ICDM,inproceedings,PSANet - subspace attention for personalized compatibility.,Meet Taraviya|Anurag Beniwal|Yen-Liang Lin|Larry Davis 0001
conf/icdm/BeckerTB23,2023,ICDM (Workshops),inproceedings,Explainable Artificial Intelligence for Interpretable Data Minimization.,Maximilian Becker|Emrah Toprak|J
conf/icdm/RozenshteinBGST18,2018,ICDM,inproceedings,Finding Events in Temporal Networks: Segmentation Meets Densest-Subgraph Discovery.,Polina Rozenshtein|Francesco Bonchi|Aristides Gionis|Mauro Sozio|Nikolaj Tatti
conf/icdm/Zhang0ZLLC23,2023,ICDM,inproceedings,Multiple Hypothesis Testing for Anomaly Detection in Multi-type Event Sequences.,Shuai Zhang 0007|Chuan Zhou 0001|Peng Zhang 0001|Yang Liu 0320|Zhao Li 0007|Hongyang Chen 0001
conf/icdm/ZhuYD23,2023,ICDM (Workshops),inproceedings,Data Intrusion Tolerance Model based on Game Theory for Energy Internet.,Zhanwang Zhu|Yiming Yuan|Song Deng
conf/icdm/Ling018,2018,ICDM Workshops,inproceedings,Human-Assisted Computation for Auto-Grading.,Lin Ling|Chee-Wei Tan 0001
conf/icdm/ZhangYCLW19,2019,ICDM,inproceedings,Collective Protection: Preventing Sensitive Inferences via Integrative Transformation.,Dalin Zhang 0001|Lina Yao 0001|Kaixuan Chen 0001|Guodong Long|Sen Wang 0001
conf/icdm/FodehLJS18,2018,ICDM Workshops,inproceedings,Identifying Patients with Coronary Microvascular Dysfunction using Machine Learning.,Samah J. Fodeh|Taihua Li|Haya Jarad|Basmah Safdar
conf/icdm/MoY19,2019,ICDM Workshops,inproceedings,Point of Interest Recommendation by Exploiting Geographical Weighted Center and Categorical Preference.,Fan Mo 0002|Hayato Yamana
conf/icdm/LiangCNLY23,2023,ICDM,inproceedings,Learning Compact Compositional Embeddings via Regularized Pruning for Recommendation.,Xurong Liang|Tong Chen 0005|Quoc Viet Hung Nguyen|Jianxin Li|Hongzhi Yin
conf/icdm/Wang0C021,2021,ICDM,inproceedings,Dynamic Attributed Graph Prediction with Conditional Normalizing Flows.,Daheng Wang|Tong Zhao 0003|Nitesh V. Chawla|Meng Jiang 0001
conf/icdm/WangX24,2024,ICDM (Workshops),inproceedings,SRSA: A Cost-Efficient Strategy-Router Search Agent for Real-world Human-Machine Interactions.,Yaqi Wang|Haipei Xu
conf/icdm/Yang0G23,2023,ICDM,inproceedings,Graph Open-Set Recognition via Entropy Message Passing.,Lina Yang|Bin Lu 0005|Xiaoying Gan
conf/icdm/HathawayH22,2022,ICDM (Workshops),inproceedings,Diagonally Colorized iVAT Images for Labeled Data.,Elizabeth D. Hathaway|Richard J. Hathaway
conf/icdm/ShuqairJG22,2022,ICDM (Workshops),inproceedings,Incremental Learning in Time-series Data using Reinforcement Learning.,Mustafa Shuqair|Joohi Jimenez-Shahed|Behnaz Ghoraani
conf/icdm/FiorC20,2020,ICDM (Workshops),inproceedings,Exploring the Use of Data at Multiple Granularity Levels in Machine Learning-Based Stock Trading.,Jacopo Fior|Luca Cagliero
conf/icdm/0001LZH0024,2024,ICDM,inproceedings,Emotional Synchronization for Audio-Driven Talking-Head Generation.,Zhao Zhang 0001|Yan Luo 0004|Zhichao Zuo|Richang Hong|Yi Yang 0001|Meng Wang 0001
conf/icdm/WuKDL22,2022,ICDM,inproceedings,Cost-Effective Transfer Learning for Data Streams.,Ocean Wu|Yun Sing Koh|Gillian Dobbie|Thomas Lacombe
conf/icdm/AnHS20,2020,ICDM,inproceedings,ViVA: Semi-supervised Visualization via Variational Autoencoders.,Sungtae An|Shenda Hong|Jimeng Sun 0001
conf/icdm/WangCC020,2020,ICDM,inproceedings,Toward Model Parallelism for Deep Neural Network based on Gradient-free ADMM Framework.,Junxiang Wang|Zheng Chai|Yue Cheng 0001|Liang Zhao 0002
conf/icdm/WangW024,2024,ICDM,inproceedings,MOStream: A Modular and Self-Optimizing Data Stream Clustering Algorithm.,Zhengru Wang|Xin Wang 0120|Shuhao Zhang 0001
conf/icdm/ChunaevNB19,2019,ICDM Workshops,inproceedings,Community Detection in Attributed Social Networks: A Unified Weight-Based Model and Its Regimes.,Petr Chunaev|Ivan Nuzhdenko|Klavdiya Bochenina
conf/icdm/LongAPB23,2023,ICDM,inproceedings,FedDIP: Federated Learning with Extreme Dynamic Pruning and Incremental Regularization.,Qianyu Long|Christos Anagnostopoulos 0001|Shameem Puthiya Parambath|Daning Bi
conf/icdm/ZhangXZLY018,2018,ICDM,inproceedings,CADEN: A Context-Aware Deep Embedding Network for Financial Opinions Mining.,Liang Zhang 0031|Keli Xiao|Hengshu Zhu|Chuanren Liu|Jingyuan Yang 0001|Bo Jin 0001
conf/icdm/MondalGSK18,2018,ICDM Workshops,inproceedings,Khan Academy: A Social Networking and Community Question Answering Perspective.,Sneha Mondal|Akshay Gugnani|Renuka Sindhgatta|Vinay Kumar Reddy Kasireddy
conf/icdm/Su00Q24,2024,ICDM,inproceedings,Debunking Fake News in Online Social Networks Without Text Analysis.,Xing Su 0006|Jian Yang 0001|Jia Wu 0001|Zitai Qiu
conf/icdm/NiuYSGY21,2021,ICDM,inproceedings,Label Dependent Attention Model for Disease Risk Prediction Using Multimodal Electronic Health Records.,Shuai Niu|Qing Yin|Yunya Song|Yike Guo|Xian Yang 0001
conf/icdm/KumarGPCVS20,2020,ICDM (Workshops),inproceedings,CAMTA: Causal Attention Model for Multi-touch Attribution.,Sachin Kumar|Garima Gupta|Ranjitha Prasad|Arnab Chatterjee|Lovekesh Vig|Gautam Shroff
conf/icdm/KarlssonRPG18,2018,ICDM,inproceedings,Explainable Time Series Tweaking via Irreversible and Reversible Temporal Transformations.,Isak Karlsson|Jonathan Rebane|Panagiotis Papapetrou|Aristides Gionis
conf/icdm/LiXXW23a,2023,ICDM,inproceedings,Auto Graph Filtering for Bundle Recommendation.,Xiang-Long Li|Wu-Dong Xi|Xing-Xing Xing|Chang-Dong Wang 0001
conf/icdm/ZhangZZ021,2021,ICDM,inproceedings,GANBLR: A Tabular Data Generation Model.,Yishuo Zhang|Nayyar Abbas Zaidi|Jiahui Zhou|Gang Li 0009
conf/icdm/BianYCWLZ18,2018,ICDM,inproceedings,On Multi-query Local Community Detection.,Yuchen Bian|Yaowei Yan|Wei Cheng 0002|Wei Wang 0010|Dongsheng Luo|Xiang Zhang 0001
conf/icdm/WangZPSMG23,2023,ICDM (Workshops),inproceedings,Dual trustworthy mechanism for illness classification with multi-modality data.,Qing Wang 0043|Jia Zhu 0003|Changfan Pan|Jianyang Shi|Chaojun Meng|Hanghui Guo
conf/icdm/WuSZW0020,2020,ICDM,inproceedings,Meta-path Hierarchical Heterogeneous Graph Convolution Network for High Potential Scholar Recognition.,Yiqing Wu|Ying Sun 0006|Fuzhen Zhuang|Deqing Wang 0001|Xiangliang Zhang 0001|Qing He 0003
conf/icdm/GhoshCFR24,2024,ICDM,inproceedings,Unsupervised Domain Adaptation for Action Recognition via Self-Ensembling and Conditional Embedding Alignment.,Indrajeet Ghosh|Garvit Chugh|Abu Zaher Md Faridee|Nirmalya Roy
conf/icdm/YuCG19,2019,ICDM Workshops,inproceedings,Video Saliency Detection with Gated CNN and Residual Architecture.,Hang Yu|Derong Chen|Jiulu Gong
conf/icdm/WangLZN23,2023,ICDM (Workshops),inproceedings,Adversarial Maritime Trajectory Prediction with Real-time Spatial-Temporal Mutual Influence.,Jie Wang|Dan Li 0016|Zibin Zheng|See-Kiong Ng
conf/icdm/AmazonSRR21,2021,ICDM,inproceedings,DIVINIA: Rare Object Localization and Search in Overhead Imagery.,Jonathan Amazon|Khurram Shafique|Zeeshan Rasheed|Aaron Reite
conf/icdm/ZhaoCWK20,2020,ICDM,inproceedings,A Primal-Dual Subgradient Approach for Fair Meta Learning.,Chen Zhao 0010|Feng Chen 0001|Zhuoyi Wang|Latifur Khan
conf/icdm/Pereira0S20,2020,ICDM (Workshops),inproceedings,$\mu-\text{cf}2\text{vec}$: Representation Learning for Personalized Algorithm Selection in Recommender Systems.,Tomas Sousa Pereira|Tiago Cunha 0001|Carlos Soares
conf/icdm/ZhaLWH20,2020,ICDM,inproceedings,Meta-AAD: Active Anomaly Detection with Deep Reinforcement Learning.,Daochen Zha|Kwei-Herng Lai|Mingyang Wan|Xia Hu 0001
conf/icdm/LoI19,2019,ICDM,inproceedings,Matching Novelty While Training: Novel Recommendation Based on Personalized Pairwise Loss Weighting.,Kachun Lo|Tsukasa Ishigaki
conf/icdm/MaheshwaryL024,2024,ICDM (Workshops),inproceedings,Investigating the Role of Metaphors in Human-AI Conversation and Engagement.,Pragati Maheshwary|Qiawen Liu|Rui Mao 0010
conf/icdm/TangH23,2023,ICDM (Workshops),inproceedings,Online Change Point Detection in Open Feature Spaces.,Yixiang Tang|Yi He
conf/icdm/SongTBJWW20,2020,ICDM,inproceedings,TopicOcean: An Ever-Increasing Topic Model With Meta-learning.,Yuanfeng Song|Yongxin Tong|Siqi Bao|Di Jiang 0004|Hua Wu 0003|Raymond Chi-Wing Wong
conf/icdm/LiaoM24,2024,ICDM,inproceedings,Hypergraph-Enhanced Contrastively Regularized Transformer for Multi-Behavior E-commerce Product Recommendation.,Shuiying Liao|P. Y. Mok 0001
conf/icdm/Ding0Z0L019,2019,ICDM,inproceedings,Reinforcement Learning Based Monte Carlo Tree Search for Temporal Path Discovery.,Pengfei Ding 0001|Guanfeng Liu 0001|Pengpeng Zhao 0001|An Liu 0002|Zhixu Li|Kai Zheng 0001
conf/icdm/OetomoPBR21,2021,ICDM,inproceedings,Cutting to the Chase with Warm-Start Contextual Bandits.,Bastian Oetomo|R. Malinga Perera|Renata Borovica-Gajic|Benjamin I. P. Rubinstein
conf/icdm/SadawiMIHG19,2019,ICDM Workshops,inproceedings,Gesture Correctness Estimation with Deep Neural Networks and Rough Path Descriptors.,Noureddin Sadawi|Alina Dana Miron|Waidah Ismail|Hafez Hussain|Crina Grosan
conf/icdm/SongJHH18,2018,ICDM,inproceedings,Multi-label Adversarial Perturbations.,Qingquan Song|Haifeng Jin|Xiao Huang 0001|Xia Hu 0001
conf/icdm/DenhamLSN21,2021,ICDM,inproceedings,Gain-Some-Lose-Some: Reliable Quantification Under General Dataset Shift.,Benjamin Denham|Edmund M.-K. Lai|Roopak Sinha|Muhammad Asif Naeem
conf/icdm/BernardoVB20,2020,ICDM (Workshops),inproceedings,Incremental Rebalancing Learning on Evolving Data Streams.,Alessio Bernardo|Emanuele Della Valle|Albert Bifet
conf/icdm/GeWXLZ19,2019,ICDM,inproceedings,An Integrated Model for Urban Subregion House Price Forecasting: A Multi-source Data Perspective.,Chuancai Ge|Yang Wang 0015|Xike Xie|Hengchang Liu|Zhengyang Zhou
conf/icdm/ZhouYZT21,2021,ICDM,inproceedings,Joint Scence Network and Attention-Guided for Image Captioning.,Dongming Zhou|Jing Yang 0046|Canlong Zhang|Yanping Tang
conf/icdm/ZhangZCSLZ23,2023,ICDM,inproceedings,Infinitely Deep Graph Transformation Networks.,Lei Zhang 0158|Qisheng Zhang|Zhiqian Chen|Yanshen Sun|Chang-Tien Lu|Liang Zhao 0002
conf/icdm/WangJYD20,2020,ICDM,inproceedings,Integrating Group Homophily and Individual Personality of Topics Can Better Model Network Communities.,Yingkui Wang|Di Jin 0001|Carl Yang 0001|Jianwu Dang 0001
conf/icdm/PracianoCMMJP18,2018,ICDM Workshops,inproceedings,Spatio-Temporal Trend Analysis of the Brazilian Elections Based on Twitter Data.,Bruno Justino Garcia Praciano|Jo|Joao Paulo Abreu Maranhao|F|Rafael Tim|Juliano Barbosa Prettz
conf/icdm/HeCXH22,2022,ICDM,inproceedings,Structural Robust Label Propagation on Homogeneous Graphs.,Qiuting He|Jinsong Chen 0002|Hao Xu 0047|Kun He 0001
conf/icdm/WenCWT21,2021,ICDM,inproceedings,PRGAN: Personalized Recommendation with Conditional Generative Adversarial Networks.,Jing Wen|Bi-Yi Chen|Chang-Dong Wang 0001|Zhihong Tian
conf/icdm/JTC22,2022,ICDM (Workshops),inproceedings,Stress Identification in Online Social Networks.,Ashok Kumar J|Tina Esther Trueman|Erik Cambria
conf/icdm/ZhangHZH19,2019,ICDM,inproceedings,Generalized Adversarial Training in Riemannian Space.,Shufei Zhang|Kaizhu Huang|Rui Zhang 0012|Amir Hussain 0001
conf/icdm/DrawsLT20,2020,ICDM (Workshops),inproceedings,Helping users discover perspectives: Enhancing opinion mining with joint topic models.,Tim Draws|Jody Liu|Nava Tintarev
conf/icdm/AbolfazliSPA23,2023,ICDM,inproceedings,A Deep Reinforcement Learning Approach to Configuration Sampling Problem.,Amir Abolfazli|Jakob Spiegelberg|Gregory Palmer|Avishek Anand
conf/icdm/00400000024,2024,ICDM,inproceedings,GQ*: Towards Generalizable Deep Q-Learning for Steiner Tree in Graphs.,Wei Huang 0040|Hanchen Wang 0001|Dong Wen 0001|Xuefeng Chen 0001|Wenjie Zhang 0001|Ying Zhang 0001
conf/icdm/QiLCG22,2022,ICDM (Workshops),inproceedings,Mining Valuable Fuzzy Patterns via the RFM Model.,Yanlin Qi|Fuyin Lai|Guoting Chen|Wensheng Gan
conf/icdm/EtterHELLC23,2023,ICDM (Workshops),inproceedings,Evading Deep Learning-Based Malware Detectors via Obfuscation: A Deep Reinforcement Learning Approach.,Brian Etter|James Lee Hu|Mohammadreza Ebrahimi 0001|Weifeng Li 0002|Xin Li 0108|Hsinchun Chen
conf/icdm/KoYBP0K21,2021,ICDM,inproceedings,MASCOT: A Quantization Framework for Efficient Matrix Factorization in Recommender Systems.,Yun-Yong Ko|Jae-Seo Yu|Hong-Kyun Bae|Yongjun Park 0001|Dongwon Lee 0001|Sang-Wook Kim
conf/icdm/XueZ0C24,2024,ICDM (Workshops),inproceedings,Understanding the Hidden State of Language Models from the Perspective of Sentiment Analysis.,Kaicheng Xue|Xulang Zhang|Rui Mao 0010|Erik Cambria
conf/icdm/ZhengLLW20,2020,ICDM (Workshops),inproceedings,DGTN: Dual-channel Graph Transition Network for Session-based Recommendation.,Yujia Zheng 0001|Siyi Liu|Zekun Li 0001|Shu Wu
conf/icdm/Li0HK19,2019,ICDM,inproceedings,Learning a Low-Rank Tensor of Pharmacogenomic Multi-relations from Biomedical Networks.,Zhuliu Li|Wei Zhang 0076|Rong Stephanie Huang|Rui Kuang
conf/icdm/ZhaoPACLH19,2019,ICDM,inproceedings,Elastic Bulk Synchronous Parallel Model for Distributed Deep Learning.,Xing Zhao 0004|Manos Papagelis|Aijun An|Bao Xin Chen|Junfeng Liu 0005|Yonggang Hu
conf/icdm/Lian024,2024,ICDM (Workshops),inproceedings,Urban Functional Zone Delineation Aided by Vision Foundation Models.,Heng Lian 0001|Yi He 0007
conf/icdm/FukushimaY23,2023,ICDM,inproceedings,Balancing Summarization and Change Detection in Graph Streams.,Shintaro Fukushima|Kenji Yamanishi
conf/icdm/QiangZWWLD24,2024,ICDM,inproceedings,A Momentum Contrastive Learning Framework for Query-POI Matching.,Yuting Qiang|Jianbing Zheng 0002|Lixia Wu|Haomin Wen|Junhong Lou|Minhui Deng
conf/icdm/QiuHY21,2021,ICDM,inproceedings,Memory Augmented Multi-Instance Contrastive Predictive Coding for Sequential Recommendation.,Ruihong Qiu|Zi Huang|Hongzhi Yin
conf/icdm/DengHJLH23,2023,ICDM (Workshops),inproceedings,A contactless automated dynamic monitoring method for organoid morphology on the time axis.,Xun Deng|Lun Hu|Zekun Jiang|Lu Liu|Peng-Wei Hu 0001
conf/icdm/DalleigerV20,2020,ICDM,inproceedings,The Relaxed Maximum Entropy Distribution and its Application to Pattern Discovery.,Sebastian Dalleiger|Jilles Vreeken
conf/icdm/MoultonJ18,2018,ICDM,inproceedings,Maximally Consistent Sampling and the Jaccard Index of Probability Distributions.,Ryan Moulton|Yunjiang Jiang
conf/icdm/ZhongLL023,2023,ICDM (Workshops),inproceedings,An Adaptive Alternating-direction-method-based Nonnegative Latent Factor Model.,Yurong Zhong|Weiling Li|Zhigang Liu 0006|Xin Luo 0001
conf/icdm/ShenL18,2018,ICDM,inproceedings,T2S: Domain Adaptation Via Model-Independent Inverse Mapping and Model Reuse.,Zhi-Yu Shen|Ming Li 0005
conf/icdm/OwusuTPBW23,2023,ICDM,inproceedings,Rethinking Temporal Dependencies in Multiple Time Series: A Use Case in Financial Data.,Patrick Asante Owusu|Etienne Gael Tajeuna|Jean-Marc Patenaude|Armelle Brun|Shengrui Wang
conf/icdm/YeZL20,2020,ICDM (Workshops),inproceedings,Cross-Session Aware Temporal Convolutional Network for Session-based Recommendation.,Rui Ye|Qing Zhang|Hengliang Luo
conf/icdm/SzycWM24,2024,ICDM (Workshops),inproceedings,Beyond Overall Accuracy: Exploring Per-Class Performance Reveals Robustness and Safety Gaps in Deep Models.,Kamil Szyc|Tomasz Walkowiak|Henryk Maciejewski
conf/icdm/DaoNKZ20,2020,ICDM (Workshops),inproceedings,Insights From Urban Sensing Data: From Chaos to Predicted Congestion Patterns.,Minh-Son Dao|Ngoc-Thanh Nguyen|R. Uday Kiran|Koji Zettsu
conf/icdm/KiniM20,2020,ICDM (Workshops),inproceedings,Revenue Maximization using Multitask Learning for Promotion Recommendation.,Venkataramana B. Kini|Ashwin Manjunatha
conf/icdm/LiuLNX20,2020,ICDM,inproceedings,Online Optimized Product Quantization.,Chong Liu|Defu Lian|Min Nie|Hu Xia
conf/icdm/WuLH23,2023,ICDM (Workshops),inproceedings,Predicting Value-at-Risk with Risk-aware Mutual Attention Mechanism.,Chien-Shuo Wu|Shiou-Chi Li|Jen-Wei Huang
conf/icdm/WangGZYZ18,2018,ICDM,inproceedings,Incomplete Label Uncertainty Estimation for Petition Victory Prediction with Dynamic Features.,Junxiang Wang|Yuyang Gao|Andreas Z|Jingyuan Yang 0001|Liang Zhao 0002
conf/icdm/Cai0NZ23a,2023,ICDM (Workshops),inproceedings,Resolving the Imbalance Issue in Hierarchical Disciplinary Topic Inference via LLM-based Data Augmentation.,Xunxin Cai|Meng Xiao 0001|Zhiyuan Ning 0001|Yuanchun Zhou
conf/icdm/LiuTZZ20,2020,ICDM (Workshops),inproceedings,Attentive-Feature Transfer based on Mapping for Cross-domain Recommendation.,Zhen Liu|Jingyu Tian|Lingxi Zhao|Yanling Zhang
conf/icdm/LutovKC18,2018,ICDM Workshops,inproceedings,Clubmark: A Parallel Isolation Framework for Benchmarking and Profiling Clustering Algorithms on NUMA Architectures.,Artem Lutov|Mourad Khayati|Philippe Cudr
conf/icdm/FolkmanFP18,2018,ICDM Workshops,inproceedings,GenERes: A Genealogical Entity Resolution System.,Tyler Folkman|Rey Furner|Drew Pearson
conf/icdm/ShuklaSB20,2020,ICDM (Workshops),inproceedings,Sample-Rank: Weak Multi-Objective Recommendations Using Rejection Sampling.,Abhay Shukla|Jairaj Sathyanarayana|Dipyaman Banerjee
conf/icdm/0008XYW22,2022,ICDM,inproceedings,Few-shot Anomaly Detection and Classification Through Reinforced Data Selection.,Xiao Han 0008|Depeng Xu 0001|Shuhan Yuan|Xintao Wu
conf/icdm/Xiong0HC19,2019,ICDM,inproceedings,Privacy-Preserving Auto-Driving: A GAN-Based Approach to Protect Vehicular Camera Data.,Zuobin Xiong|Wei Li 0059|Qilong Han|Zhipeng Cai 0001
conf/icdm/ChenWLYSL18,2018,ICDM,inproceedings,Dynamic Illness Severity Prediction via Multi-task RNNs for Intensive Care Unit.,Weitong Chen 0001|Sen Wang 0001|Guodong Long|Lina Yao 0001|Quan Z. Sheng|Xue Li 0001
conf/icdm/WangBDM19,2019,ICDM Workshops,inproceedings,A Markov Network Model for Natural Language Semantic Matching.,Lidan Wang|Trung Bui|Franck Dernoncourt|Natwar Modani
conf/icdm/KarabulutB24,2024,ICDM,inproceedings,Channel-Attentive Graph Neural Networks.,Tugrul Hasan Karabulut|Inci M. Baytas
conf/icdm/ShrivastavaPKAK23,2023,ICDM (Workshops),inproceedings,INFRANET: Forecasting intermittent time series using DeepNet with parameterized conditional demand and size distribution.,Diksha Shrivastava|Sarthak Pujari|Yatin Katyal|Siddhartha Asthana|Chandrudu K|Aakashdeep Singh
conf/icdm/RahiliROC18,2018,ICDM Workshops,inproceedings,Optimal Routing for Autonomous Taxis using Distributed Reinforcement Learning.,Salar Rahili|Benjamin Rivi|Suzanne Olivier|Soon-Jo Chung
conf/icdm/ChenC0H0G24,2024,ICDM,inproceedings,HomoMGC: Homophily-Enhanced Adaptive Graph Refinement for Multi-View Graph Clustering.,Man-Sheng Chen|Xiaosha Cai|Chang-Dong Wang 0001|Dong Huang 0001|Min Chen 0003|Mohsen Guizani
conf/icdm/LiWCWWH24,2024,ICDM,inproceedings,Adaptive Graph Neural Networks for Cold-Start Multimedia Recommendation.,Zhen Li|Jibin Wang|Zhuo Chen|Kun Wu|Yuanzhen Wei|Hai Huang
conf/icdm/RenYS021,2021,ICDM,inproceedings,Causal Discovery with Flow-based Conditional Density Estimation.,Shaogang Ren|Haiyan Yin|Mingming Sun 0001|Ping Li 0001
conf/icdm/YehGZZGZ20,2020,ICDM (Workshops),inproceedings,Towards a Flexible Embedding Learning Framework.,Chin-Chia Michael Yeh|Dhruv Gelda|Zhongfang Zhuang|Yan Zheng 0001|Liang Gou|Wei Zhang 0189
conf/icdm/AbediDCK22,2022,ICDM (Workshops),inproceedings,MAISON - Multimodal AI-based Sensor platform for Older Individuals.,Ali Abedi 0003|Faranak Dayyani|Charlene H. Chu|Shehroz S. Khan
conf/icdm/JiaoXZ0ZZ20,2020,ICDM,inproceedings,Sub-graph Contrast for Scalable Self-Supervised Graph Representation Learning.,Yizhu Jiao|Yun Xiong|Jiawei Zhang 0001|Yao Zhang 0009|Tianqi Zhang|Yangyong Zhu
conf/icdm/XuXYW20,2020,ICDM,inproceedings,Order-Preserving Metric Learning for Mining Multivariate Time Series.,Jie Xu 0012|Zhenxing Xu|Bin Yu|Fei Wang 0001
conf/icdm/WozniakKJKK24,2024,ICDM (Workshops),inproceedings,Personalized Large Language Models.,Stanislaw Wozniak|Bartlomiej Koptyra|Arkadiusz Janz|Przemyslaw Kazienko|Jan Kocon
conf/icdm/WongD20,2020,ICDM (Workshops),inproceedings,Pelican: Continual Adaptation for Phishing Detection.,Wernsen Wong|Gillian Dobbie
conf/icdm/ZouZYWJ023,2023,ICDM (Workshops),inproceedings,Emotion Recognition in Social Network Texts Based on A Multilingual Architecture.,Jiajun Zou|Yexuan Zhang|Jinshuai Yang|Sixing Wu|Minghu Jiang|Yongfeng Huang 0001
conf/icdm/GeYSLL22,2022,ICDM (Workshops),inproceedings,ENiD: An Encrypted Web Pages Traffic Identification Based on Web Visiting Behavior.,Mengmeng Ge 0003|Xiangzhan Yu|Vinay Mysore Sachidananda|Shangqing Liu|Likun Liu
conf/icdm/ZhaoHSLW20,2020,ICDM,inproceedings,Interactive Attention Networks for Semantic Text Matching.,Sendong Zhao|Yong Huang|Chang Su 0002|Yuantong Li|Fei Wang 0001
conf/icdm/KotaniS18,2018,ICDM Workshops,inproceedings,Unsupervised Scanning Behavior Detection Based on Distribution of Network Traffic Features Using Robust Autoencoders.,Gaku Kotani|Yuji Sekiya
conf/icdm/ZuoZT21,2021,ICDM,inproceedings,SMATE: Semi-Supervised Spatio-Temporal Representation Learning on Multivariate Time Series.,Jingwei Zuo|Karine Zeitouni|Yehia Taher
conf/icdm/VictorH19,2019,ICDM Workshops,inproceedings,Cryptocurrency Pump and Dump Schemes: Quantification and Detection.,Friedhelm Victor|Tanja Hagemann
conf/icdm/ShenLCBTP18,2018,ICDM,inproceedings,GINA: Group Gender Identification Using Privacy-Sensitive Audio Data.,Jiaxing Shen|Oren Lederman|Jiannong Cao 0001|Florian Berg|Shaojie Tang 0001|Alex Pentland
conf/icdm/NagayaUT19,2019,ICDM Workshops,inproceedings,Tracking Topics of Influential Tweets on Fukushima Disaster Over Long Periods of Time.,Hiroshi Nagaya|Kazuko Uno|Hiroyuki A. Torii
conf/icdm/YangK18,2018,ICDM,inproceedings,Collapsed Variational Inference for Nonparametric Bayesian Group Factor Analysis.,Sikun Yang|Heinz Koeppl
conf/icdm/MizufuneK18,2018,ICDM Workshops,inproceedings,Joint Classification Model of Topic and Polarity: Finding Satisfaction and Dissatisfaction Factors from Airport Service Review.,Kosuke Mizufune|Sotaro Katsumata
conf/icdm/ZhangGZB20,2020,ICDM,inproceedings,Learning Periods from Incomplete Multivariate Time Series.,Lin Zhang|Alexander Gorovits|Wenyu Zhang 0003|Petko Bogdanov
conf/icdm/JamilPCC24,2024,ICDM (Workshops),inproceedings,Emotion Retrieval Using Generative Models: An Exploratory Study.,M. Luqman Jamil|Sebasti|Andr|Jo
conf/icdm/ZhangMS18,2018,ICDM,inproceedings,Chinese Medical Concept Normalization by Using Text and Comorbidity Network Embedding.,Yizhou Zhang|Xiaojun Ma 0001|Guojie Song
conf/icdm/EbrahimiLCPC22,2022,ICDM (Workshops),inproceedings,An Adversarial Reinforcement Learning Framework for Robust Machine Learning-based Malware Detection.,Mohammadreza Ebrahimi 0001|Weifeng Li 0002|Yidong Chai|Jason Pacheco|Hsinchun Chen
conf/icdm/ChenWSC22,2022,ICDM,inproceedings,Correntropy-Induced Tensor Learning for Multi-view Subspace Clustering.,Yongyong Chen|Shuqin Wang 0001|Jingyong Su|Junxin Chen 0001
conf/icdm/LanfermannSW22,2022,ICDM (Workshops),inproceedings,Understanding Concept Identification as Consistent Data Clustering Across Multiple Feature Spaces.,Felix Lanfermann|Sebastian Schmitt|Patricia Wollstadt
conf/icdm/BallenG18,2018,ICDM Workshops,inproceedings,Elastic Nonnegative Matrix Factorization.,Peter Ballen|Sudipto Guha
conf/icdm/TranE24,2024,ICDM (Workshops),inproceedings,Energy-efficiency Management Framework of a Ship based on Data Classification Technique.,Tien Anh Tran|Sathishkumar Veerappampalayam Easwaramoorthy
conf/icdm/LiuJGCY24,2024,ICDM (Workshops),inproceedings,The Chain of Narrative Framework: Advancing Controllable Generation of Financial Themes.,Shuoling Liu|Gaoguo Jia|Dongsheng Gu|Liyuan Chen|Qiang Yang
conf/icdm/DuongN22,2022,ICDM,inproceedings,Conditional Independence Testing via Latent Representation Learning.,Bao Duong|Thin Nguyen
conf/icdm/ZhengZCL0P22,2022,ICDM,inproceedings,Multi-Relational Graph Neural Architecture Search with Fine-grained Message Passing.,Xin Zheng 0008|Miao Zhang 0022|Chunyang Chen 0001|Chaojie Li|Chuan Zhou 0001|Shirui Pan
conf/icdm/QinWC021,2021,ICDM,inproceedings,GQNAS: Graph Q Network for Neural Architecture Search.,Yijian Qin|Xin Wang 0019|Peng Cui 0001|Wenwu Zhu 0001
conf/icdm/RuchteG21,2021,ICDM,inproceedings,Scalable Pareto Front Approximation for Deep Multi-Objective Learning.,Michael Ruchte|Josif Grabocka
conf/icdm/ZhaoCYZW18,2018,ICDM Workshops,inproceedings,Recommendation with Hybrid Interest Model.,Hanqing Zhao|Xu Chen 0026|Jiangchao Yao|Ya Zhang 0002|Yanfeng Wang 0001
conf/icdm/JangSVKC24,2024,ICDM,inproceedings,D-Cube: Exploiting Hyper-Features of Diffusion Model for Robust Medical Classification.,Minhee Jang|Juheon Son|Thanaporn Viriyasaranon|Junho Kim|Jang Hwan Choi 0001
conf/icdm/LinKS024,2024,ICDM,inproceedings,Controllable Visit Trajectory Generation with Spatiotemporal Constraints.,Haowen Lin|John Krumm|Cyrus Shahabi|Li Xiong 0001
conf/icdm/ChakeriL18,2018,ICDM Workshops,inproceedings,From Geolocation-Based Only to Semantically-Aware Digital Advertising: A Neural Embedding Approach.,Alireza Chakeri|Mark Lowe
conf/icdm/ZhengZ22,2022,ICDM,inproceedings,Knowledge-Guided Semantics Adjustment for Improved Few-Shot Classification.,Guangtao Zheng|Aidong Zhang 0001
conf/icdm/KiranRZTKR19,2019,ICDM Workshops,inproceedings,Discovering Spatial Weighted Frequent Itemsets in Spatiotemporal Databases.,Rage Uday Kiran|P. P. C. Reddy|Koji Zettsu|Masashi Toyoda|Masaru Kitsuregawa|P. Krishna Reddy
conf/icdm/HossainHCRM24,2024,ICDM (Workshops),inproceedings,"Bengali Cyberbullying: Detection, Categorization, and Gender Bias Analysis.",Md. Mithun Hossain|Md Shakil Hossain|Sudipto Chaki|Md. Saifur Rahman|Mohammad Ali Moni
conf/icdm/JiangWLC19,2019,ICDM Workshops,inproceedings,A New Classification Method of Signature Network Node Based on Potential Space Projection.,Weijin Jiang|Yang Wang|Xiaoliang Liu|Jiahui Chen 0003
conf/icdm/LeGJL20,2020,ICDM (Workshops),inproceedings,TrustedChain: A Blockchain-based Data Sharing Scheme for Supply Chain.,Gejun Le|Qifeng Gu|Qingshan Jiang|Weiyi Lin
conf/icdm/OggierPD18,2018,ICDM Workshops,inproceedings,BiVA: Bitcoin Network Visualization & Analysis.,Fr|Silivanxay Phetsouvanh|Anwitaman Datta
conf/icdm/LiCLZL23,2023,ICDM,inproceedings,Efficient and Effective Entity Alignment for Evolving Temporal Knowledge Graphs.,Yunfei Li|Lu Chen 0008|Chengfei Liu|Rui Zhou 0001|Jianxin Li 0001
conf/icdm/TanLS20,2020,ICDM (Workshops),inproceedings,MIR_MAD: An Efficient and On-line Approach for Anomaly Detection in Dynamic Data Stream.,Chang How Tan|Vincent C. S. Lee|Mahsa Salehi
conf/icdm/KangZK0QD18,2018,ICDM,inproceedings,Clustering on Sparse Data in Non-overlapping Feature Space with Applications to Cancer Subtyping.,Tianyu Kang|Kourosh Zarringhalam|Marieke L. Kuijjer|Ping Chen 0001|John Quackenbush|Wei Ding 0003
conf/icdm/TamangBDA24,2024,ICDM,inproceedings,Margin-Bounded Confidence Scores for Out-of-Distribution Detection.,Lakpa Dorje Tamang|Mohamed Reda Bouadjenek|Richard Dazeley|Sunil Aryal
conf/icdm/TianXS21,2021,ICDM,inproceedings,Streaming Dynamic Graph Neural Networks for Continuous-Time Temporal Graph Modeling.,Sheng Tian|Tao Xiong|Leilei Shi
conf/icdm/WangGWHL19,2019,ICDM Workshops,inproceedings,Traffic Flow Prediction Based on Deep Neural Networks.,Yashan Wang|Yuchun Guo|Zhongrui Wei|Yin Huang|Xiang Liu
conf/icdm/ShawiS22,2022,ICDM (Workshops),inproceedings,cSmartML-Glassbox: Increasing Transparency and Controllability in Automated Clustering.,Radwa El Shawi|Sherif Sakr
conf/icdm/Li0Z024,2024,ICDM,inproceedings,Zero-Shot Link Prediction in Knowledge Graphs with Large Language Models.,Mingchen Li|Chen Ling 0003|Rui Zhang 0028|Liang Zhao 0002
conf/icdm/0001RDJZL20,2020,ICDM,inproceedings,Robust Meta Network Embedding against Adversarial Attacks.,Yang Zhou 0001|Jiaxiang Ren 0001|Dejing Dou|Ruoming Jin|Jingyi Zheng|Kisung Lee
conf/icdm/ZhangXWZ19,2019,ICDM,inproceedings,Boosted Trajectory Calibration for Traffic State Estimation.,Xitong Zhang|Liyang Xie|Zheng Wang|Jiayu Zhou
conf/icdm/SinglaSCS22,2022,ICDM (Workshops),inproceedings,What Do Audio Transformers Hear? Probing Their Representations For Language Delivery & Structure.,Yaman Kumar Singla|Jui Shah|Changyou Chen|Rajiv Ratn Shah
conf/icdm/HongKHLL20,2020,ICDM (Workshops),inproceedings,A Tree-based Fuzzy Average-Utility Mining Algorithm.,Tzung-Pei Hong|Meng-Ping Ku|Wei-Ming Huang|Shu-Min Li|Jerry Chun-Wei Lin
conf/icdm/HuangPYWS21,2021,ICDM,inproceedings,"Flexible, Robust, Scalable Semi-supervised Learning via Reliability Propagation.",Chen Huang|Liangxu Pan|Qinli Yang|Hongliang Wang|Junming Shao
conf/icdm/SukharevSFPB20,2020,ICDM,inproceedings,EWS-GCN: Edge Weight-Shared Graph Convolutional Network for Transactional Banking Data.,Ivan Sukharev|Valentina Shumovskaia|Kirill Fedyanin|Maxim Panov|Dmitry Berestnev
conf/icdm/SwamiGVB24,2024,ICDM (Workshops),inproceedings,A Data-Driven Approach for Ancillary Bundle Recommendation to Segmented Users.,Aakash Swami|Narendhar Gugulothu|Tirumala V|Sanjay Bhat
conf/icdm/Moraffah022,2022,ICDM,inproceedings,Query-Efficient Target-Agnostic Black-Box Attack.,Raha Moraffah|Huan Liu 0001
conf/icdm/DostTRW20,2020,ICDM,inproceedings,Your Best Guess When You Know Nothing: Identification and Mitigation of Selection Bias.,Katharina Dost|Katerina Taskova|Patricia Riddle|J
conf/icdm/LiPLP023,2023,ICDM,inproceedings,Interpretable Subgraph Feature Extraction for Hyperlink Prediction.,Peiyan Li 0002|Liming Pan|Kai Li|Claudia Plant|Christian B
conf/icdm/ChaturvediRGC20,2020,ICDM (Workshops),inproceedings,COAL: Convolutional Online Adaptation Learning for Opinion Mining.,Iti Chaturvedi|Edoardo Ragusa|Paolo Gastaldo|Erik Cambria
conf/icdm/ReisLHV18,2018,ICDM Workshops,inproceedings,Large Database Schema Matching using Data Mining Techniques.,Debora Gomes dos Reis|Marcelo Ladeira|Maristela Holanda|M
conf/icdm/WangD22,2022,ICDM (Workshops),inproceedings,Degree-Related Bias in Link Prediction.,Yu Wang 0160|Tyler Derr
conf/icdm/YanF0Y023,2023,ICDM (Workshops),inproceedings,User Preference Learning based on Automatic Environment Classification for General Debiasing in Recommendation Systems.,Chengshan Yan|Shanshan Feng|Jian Cao 0001|Yan Yao 0001|Huaxiang Zhang 0001
conf/icdm/HeK20,2020,ICDM (Workshops),inproceedings,Stock Price Prediction by Using Hybrid Sequential Generative Adversarial Networks.,Bate He|Eisuke Kita
conf/icdm/YeZXZYX19,2019,ICDM,inproceedings,Identifying High Potential Talent: A Neural Network Based Dynamic Social Profiling Approach.,Yuyang Ye 0002|Hengshu Zhu|Tong Xu 0001|Fuzhen Zhuang|Runlong Yu|Hui Xiong 0001
conf/icdm/ChenGA20,2020,ICDM,inproceedings,LFGCN: Levitating over Graphs with Levy Flights.,Yuzhou Chen|Yulia R. Gel|Konstantin Avrachenkov
conf/icdm/TranNDN23,2023,ICDM,inproceedings,Differentiable Bayesian Structure Learning with Acyclicity Assurance.,Quang-Duy Tran|Phuoc Nguyen|Bao Duong|Thin Nguyen
conf/icdm/SahnanDGB021,2021,ICDM,inproceedings,Better Prevent than React: Deep Stratified Learning to Predict Hate Intensity of Twitter Reply Chains.,Dhruv Sahnan|Snehil Dahiya|Vasu Goel|Anil Bandhakavi|Tanmoy Chakraborty 0002
conf/icdm/DuWHZJ23,2023,ICDM (Workshops),inproceedings,Automatic Component Identification Based on Time Series Classification for Intelligent Devices.,Mingsen Du|Yanxuan Wei|Yupeng Hu 0003|Xiangwei Zheng 0001|Cun Ji
conf/icdm/DongY0X021,2021,ICDM,inproceedings,MetaGB: A Gradient Boosting Framework for Efficient Task Adaptive Meta Learning.,Manqing Dong|Lina Yao 0001|Xianzhi Wang 0001|Xiwei Xu 0001|Liming Zhu 0001
conf/icdm/KilleenKYB23a,2023,ICDM (Workshops),inproceedings,"Using UAV-Based Multispectral Imagery, Data-Driven Models, and Spatial Cross-Validation for Corn Grain Yield Prediction.",Patrick Killeen|Iluju Kiringa|Tet Hin Yeap|Paula Branco
conf/icdm/LeeH0Y21,2021,ICDM,inproceedings,Out-of-Category Document Identification Using Target-Category Names as Weak Supervision.,Dongha Lee 0003|Dongmin Hyun|Jiawei Han 0001|Hwanjo Yu
conf/icdm/MillsSKSHH18,2018,ICDM Workshops,inproceedings,Parallel k-Means Clustering of Geospatial Data Sets Using Manycore CPU Architectures.,Richard Tran Mills|Vamsi Sripathi|Jitendra Kumar 0001|Sarat Sreepathi|Forrest M. Hoffman|William W. Hargrove
conf/icdm/SatheA19,2019,ICDM,inproceedings,Nearest Neighbor Classifiers Versus Random Forests and Support Vector Machines.,Saket Sathe 0001|Charu C. Aggarwal
conf/icdm/WuYPY21,2021,ICDM,inproceedings,Adapting Membership Inference Attacks to GNN for Graph Classification: Approaches and Implications.,Bang Wu 0004|Xiangwen Yang|Shirui Pan|Xingliang Yuan
conf/icdm/WangZ00ZX20,2020,ICDM,inproceedings,AtNE-Trust: Attributed Trust Network Embedding for Trust Prediction in Online Social Networks.,Qi Wang 0078|Weiliang Zhao|Jian Yang 0001|Jia Wu 0001|Chuan Zhou 0001|Qianli Xing 0002
conf/icdm/ZhangSZWW020,2020,ICDM,inproceedings,MDPL-net: Multi-layer Dictionary Learning Network with Added Skip Dense Connections.,Zhao Zhang 0001|Yulin Sun|Zheng Zhang 0006|Yang Wang 0023|Lin Wu 0001|Meng Wang 0001
conf/icdm/SakataOT18,2018,ICDM Workshops,inproceedings,An Extension of Gradient Boosted Decision Tree Incorporating Statistical Tests.,Ryuji Sakata|Iku Ohama|Tadahiro Taniguchi
conf/icdm/LinWSKK23,2023,ICDM,inproceedings,Multi-Label Personalized Classification via Exclusive Sparse Tensor Factorization.,Weijia Lin|Jiankun Wang 0002|Lu Sun 0001|Mineichi Kudo|Keigo Kimura
conf/icdm/LeeNC20,2020,ICDM (Workshops),inproceedings,Anomaly Detection and Visualization for Electricity Consumption Data.,Nyoungwoo Lee|Jehyun Nam|Ho-Jin Choi
conf/icdm/ChenQWCW19,2019,ICDM Workshops,inproceedings,Efficient Adoption Maximization in Multi-layer Social Networks.,Shuntong Chen|Huaien Qian|Yanping Wu|Chen Chen 0017|Xiaoyang Wang 0002
conf/icdm/CongLY22,2022,ICDM (Workshops),inproceedings,Augmenting Graph Convolution with Distance Preserving Embedding for Improved Learning.,Guojing Cong|Seung-Hwan Lim|Steven Young
conf/icdm/KostyuchenkoJ20,2020,ICDM (Workshops),inproceedings,Blockchain Applications to combat the global trade of falsified drugs.,Yulia Kostyuchenko|Qingshan Jiang
conf/icdm/IvanovDB18,2018,ICDM Workshops,inproceedings,Learning Node Embeddings for Influence Set Completion.,Sergey Ivanov|Nikita Durasov|Evgeny Burnaev
conf/icdm/ZhangLZZZW21,2021,ICDM,inproceedings,MERITS: Medication Recommendation for Chronic Disease with Irregular Time-Series.,Shuai Zhang 0026|Jianxin Li 0002|Haoyi Zhou|Qishan Zhu|Shanghang Zhang|Danding Wang
conf/icdm/ZhaoZYY19,2019,ICDM Workshops,inproceedings,Feature-Matching Speech Denoising GANs via Progressive Training.,Li Zhao|Fang Zhou|Chun Yang|Xu-Cheng Yin
conf/icdm/WuMJZWZ22,2022,ICDM,inproceedings,GRANDE: a neural model over directed multigraphs with application to anti-money laundering.,Ruofan Wu|Boqun Ma|Hong Jin|Wenlong Zhao 0013|Weiqiang Wang 0002|Tianyi Zhang
conf/icdm/LiuWM18,2018,ICDM Workshops,inproceedings,Improving the Interpretability of Deep Neural Networks with Knowledge Distillation.,Xuan Liu 0007|Xiaoguang Wang 0001|Stan Matwin
conf/icdm/KrishnamoorthyR19,2019,ICDM Workshops,inproceedings,An Utility-Based Storage Assignment Strategy for e-Commerce Warehouse Management.,Srikumar Krishnamoorthy|Debjit Roy
conf/icdm/AssafGBS19,2019,ICDM,inproceedings,MTEX-CNN: Multivariate Time Series EXplanations for Predictions with Convolutional Neural Networks.,Roy Assaf|Ioana Giurgiu|Frank Bagehorn|Anika Schumann
conf/icdm/XuanX19,2019,ICDM Workshops,inproceedings,"Rumor Stance Classification via Machine Learning with Text, User and Propagation Features.",Kaizhou Xuan|Rui Xia
conf/icdm/JamilPPCN23,2023,ICDM (Workshops),inproceedings,Challenges of Profiling Offenders for Recidivism Risk.,M. Luqman Jamil|Sebasti|Nuno Pombo|Jo|Pedro Neves
conf/icdm/MarzuoliMF18,2018,ICDM Workshops,inproceedings,Passenger-Centric Metrics for Air Transportation Leveraging Mobile Phone and Twitter Data.,Aude Marzuoli|Philippe Monmousseau|Eric Feron
conf/icdm/XieH20,2020,ICDM,inproceedings,Semi-Supervised Partial Multi-Label Learning.,Ming-Kun Xie|Sheng-Jun Huang
conf/icdm/LiuTALH18,2018,ICDM,inproceedings,Distribution Preserving Multi-task Regression for Spatio-Temporal Data.,Xi Liu|Pang-Ning Tan|Zubin Abraham|Lifeng Luo|Pouyan Hatami
conf/icdm/SwiechowskiS18,2018,ICDM Workshops,inproceedings,Granular Games in Real-Time Environment.,Maciej Swiechowski|Dominik Slezak
conf/icdm/GuanC00ZS21,2021,ICDM,inproceedings,Recurrent Neural Networks Meet Context-Free Grammar: Two Birds with One Stone.,Hui Guan 0001|Umana Chaudhary|Yuanchao Xu 0001|Lin Ning 0001|Lijun Zhang 0005|Xipeng Shen
conf/icdm/GongHW18,2018,ICDM,inproceedings,Deep Semantic Correlation Learning Based Hashing for Multimedia Cross-Modal Retrieval.,Xiaolong Gong|Linpeng Huang|Fuwei Wang
conf/icdm/XianHH22,2022,ICDM,inproceedings,Communication-Efficient Adam-Type Algorithms for Distributed Data Mining.,Wenhan Xian|Feihu Huang 0001|Heng Huang 0001
conf/icdm/LilLLM22,2022,ICDM (Workshops),inproceedings,FLAG: Stock Movement Prediction via Fusing Logic and Semantic Graphs of Financial News.,Angela Li|Jiduan Liu|Yuyong Li|Fan Meng
conf/icdm/LuerWD023,2023,ICDM (Workshops),inproceedings,Adversarial Anomaly Detection using Gaussian Priors and Nonlinear Anomaly Scores.,Fiete L|Tobias Weber|Maxim Dolgich|Christian B
conf/icdm/AfraOR18,2018,ICDM Workshops,inproceedings,NetDriller Version 2: A Powerful Social Network Analysis Tool.,Salim Afra|Tansel|Jon G. Rokne
conf/icdm/YangZLY20,2020,ICDM,inproceedings,Stochastic Hard Thresholding Algorithms for AUC Maximization.,Zhenhuan Yang|Baojian Zhou|Yunwen Lei|Yiming Ying
conf/icdm/MantuanF18,2018,ICDM,inproceedings,Spatial Contextualization for Closed Itemset Mining.,Altobelli B. Mantuan|Leandro Augusto Frata Fernandes
conf/icdm/TaoWX18,2018,ICDM Workshops,inproceedings,Selective Graph Attention Networks for Account Takeover Detection.,Jialing Tao|Hui Wang|Tao Xiong
conf/icdm/MaQQZW19,2019,ICDM,inproceedings,RiWalk: Fast Structural Node Embedding via Role Identification.,Xuewei Ma|Geng Qin|Zhiyang Qiu|Mingxin Zheng|Zhe Wang
conf/icdm/LiWT20,2020,ICDM,inproceedings,Heterogeneous Transfer Learning on Power Systems: A Merged Multi-Modal Gaussian Graphical Model.,Haoran Li 0005|Yang Weng|Hanghang Tong
conf/icdm/HarrisonDB23,2023,ICDM (Workshops),inproceedings,Zero-Shot Recommendations with Pre-Trained Large Language Models for Multimodal Nudging.,Rachel M. Harrison|Anton Dereventsov|Anton Bibin
conf/icdm/AniC24,2024,ICDM (Workshops),inproceedings,Multilingual Sentiment Analysis for Investigating Perceptions of Globalization.,Anagha Ani|Erik Cambria
conf/icdm/JiangXL22,2022,ICDM (Workshops),inproceedings,Deep Transfer Tensor Factorization for Multi-View Learning.,Penghao Jiang|Ke Xin|Chunxi Li
conf/icdm/HanHG22,2022,ICDM (Workshops),inproceedings,Dynamic Combination of Heterogeneous Models for Hierarchical Time Series.,Xing Han|Jing Hu|Joydeep Ghosh
conf/icdm/LinJWH23,2023,ICDM,inproceedings,Context Does Matter: End-to-end Panoptic Narrative Grounding with Deformable Attention Refined Matching Network.,Yiming Lin|Xiao-Bo Jin|Qiufeng Wang 0001|Kaizhu Huang
conf/icdm/WangCCX19,2019,ICDM,inproceedings,Adaptive Teacher-and-Student Model for Heterogeneous Domain Adaptation.,Yunyun Wang|Xuzhang Chen|Songcan Chen|Hui Xue 0002
conf/icdm/HossnyM18,2018,ICDM Workshops,inproceedings,Event Detection in Twitter: A Keyword Volume Approach.,Ahmad Hany Hossny|Lewis Mitchell
conf/icdm/WangZWDZW18,2018,ICDM,inproceedings,Deep Structure Learning for Fraud Detection.,Haibo Wang 0004|Chuan Zhou 0001|Jia Wu 0001|Weizhen Dang|Xingquan Zhu 0001|Jilong Wang 0001
conf/icdm/MontelongoB20,2020,ICDM (Workshops),inproceedings,Tasks performed in the legal domain through Deep Learning: A bibliometric review (1987-2020).,Alfredo Montelongo|Jo
conf/icdm/MouraKDMS23,2023,ICDM (Workshops),inproceedings,Towards graph-based forecasting with attention for real-world restaurant sales.,Henrique Duarte Moura|Leonid Kholkine|Lynn D'eer|Kevin Mets|Tom De Schepper
conf/icdm/0001ZLH21,2021,ICDM,inproceedings,Finding Age Path of Self-Paced Learning.,Bin Gu 0001|Zhou Zhai|Xiang Li 0012|Heng Huang 0001
conf/icdm/ShuLX18,2018,ICDM Workshops,inproceedings,Multi-granularity Network Representation Learning Based on Game Theory.,Hang Shu|Qun Liu 0005|Shuyin Xia
conf/icdm/FoulonFRJ19,2019,ICDM Workshops,inproceedings,Scoring Message Stream Anomalies in Railway Communication Systems.,Lucas Foulon|Serge Fenet|Christophe Rigotti|Denis Jouvin
conf/icdm/SrivastavaKPVSB22,2022,ICDM (Workshops),inproceedings,ULTRA: A Data-driven Approach for Recommending Team Formation in Response to Proposal Calls.,Biplav Srivastava|Tarmo Koppel|Sai Teja Paladi|Siva Likitha Valluru|Rohit Sharma|Owen Bond
conf/icdm/BaiWLY020,2020,ICDM,inproceedings,Dual-Side Auto-Encoder for High-Dimensional Time Series Segmentation.,Yue Bai|Lichen Wang|Yunyu Liu|Yu Yin 0001|Yun Fu 0001
conf/icdm/DiTursiKB19,2019,ICDM,inproceedings,Optimal Timelines for Network Processes.,Daniel J. DiTursi|Carolyn S. Kaminski|Petko Bogdanov
conf/icdm/MandrosBV19,2019,ICDM,inproceedings,Discovering Reliable Correlations in Categorical Data.,Panagiotis Mandros|Mario Boley|Jilles Vreeken
conf/icdm/WangHZL18,2018,ICDM Workshops,inproceedings,TripDecoder: Inferring Routes of Passengers of Mass Rapid Transit Systems by Smart Card Transaction Data.,Yazhe Wang|Chih-Chieh Hung|Baihua Zheng|Ee-Peng Lim
conf/icdm/JiangLF20,2020,ICDM (Workshops),inproceedings,Individualized Context-Aware Tensor Factorization for Online Games Predictions.,Julie Jiang|Kristina Lerman|Emilio Ferrara
conf/icdm/0001LXCW24,2024,ICDM,inproceedings,Towards Efficient Ridesharing via Order-Vehicle Pre-Matching Using Attention Mechanism.,Zhidan Liu 0001|Jinye Lin|Zhiyu Xia|Chao Chen 0004|Kaishun Wu
conf/icdm/NedelkoskiBACK20,2020,ICDM,inproceedings,Self-Attentive Classification-Based Anomaly Detection in Unstructured Logs.,Sasho Nedelkoski|Jasmin Bogatinovski|Alexander Acker|Jorge Cardoso 0001|Odej Kao
conf/icdm/WangL0G20,2020,ICDM (Workshops),inproceedings,Learning Latent Correlation of Heterogeneous Sensors Using Attention based Temporal Convolutional Network.,Xin Wang|Yunji Liang|Zhiwen Yu 0001|Bin Guo 0001
conf/icdm/CruzSBSB21,2021,ICDM,inproceedings,Promoting Fairness through Hyperparameter Optimization.,Andr|Pedro Saleiro|Catarina G. Bel|Carlos Soares|Pedro Bizarro
conf/icdm/LanW019,2019,ICDM,inproceedings,Multi-hop Knowledge Base Question Answering with an Iterative Sequence Matching Model.,Yunshi Lan|Shuohang Wang|Jing Jiang 0001
conf/icdm/DiopDGLS18,2018,ICDM,inproceedings,Sequential Pattern Sampling with Norm Constraints.,Lamine Diop|Cheikh Talibouya Diop|Arnaud Giacometti|Dominique Li|Arnaud Soulet
conf/icdm/0001CW023,2023,ICDM,inproceedings,Exploring Model Learning Heterogeneity for Boosting Ensemble Robustness.,Yanzhao Wu 0001|Ka Ho Chow|Wenqi Wei 0001|Ling Liu 0001
conf/icdm/ThummanusarnK24,2024,ICDM (Workshops),inproceedings,Data Complexity via Random Projection.,Yamonporn Thummanusarn|Ata Kab
conf/icdm/PoulakisDK20,2020,ICDM,inproceedings,AutoClust: A Framework for Automated Clustering based on Cluster Validity Indices.,Yannis Poulakis|Christos Doulkeridis|Dimosthenis Kyriazis
conf/icdm/BalgiD19,2019,ICDM,inproceedings,CUDA: Contradistinguisher for Unsupervised Domain Adaptation.,Sourabh Balgi|Ambedkar Dukkipati
conf/icdm/YuFZLZ24,2024,ICDM (Workshops),inproceedings,Automated Detection and Quantitative Assessment of Extranodal Extension in Lymph Node Breast Tumors Using Dual-Tier Deep Learning and Density-Based Contour Algorithms.,Zhichao Yu|Simon James Fong|Liming Zhang 0002|Tengyue Li|Xin Zhang
conf/icdm/KrishnaGA18,2018,ICDM Workshops,inproceedings,Is Simple Better? Revisiting Non-Linear Matrix Factorization for Learning Incomplete Ratings.,Vaibhav Krishna|Tian Guo 0002|Nino Antulov-Fantulin
conf/icdm/WuTSPL20,2020,ICDM (Workshops),inproceedings,Efficient Mining of Non-Dominated High Quantity-Utility Patterns.,Jimmy Ming-Tai Wu|Qian Teng|Gautam Srivastava 0001|Matin Pirouz|Jerry Chun-Wei Lin
conf/icdm/RehaLRGG23,2023,ICDM (Workshops),inproceedings,Continuous-Time Temporal Graph Learning on Provenance Graphs.,Jakub Reha|Giulio Lovisotto|Michele Russo|Alessio Gravina|Claas Grohnfeldt
conf/icdm/Li0CLY23,2023,ICDM,inproceedings,Efficient Multi-source Contact Event Query Processing for Moving Objects.,Pengyue Li|Hua Dai 0003|Yu Chen 0107|Bohan Li 0001|Geng Yang 0002
conf/icdm/GaoZLZLH21,2021,ICDM,inproceedings,Heterogeneous Graph Neural Architecture Search.,Yang Gao 0024|Peng Zhang 0001|Zhao Li 0007|Chuan Zhou 0001|Yongchao Liu 0004|Yue Hu 0002
conf/icdm/ChoudhuriPSA24,2024,ICDM (Workshops),inproceedings,Summarizing Clinical Notes using LLMs for ICU Bounceback and Length-of-Stay Prediction.,Akash Choudhuri|Philip Polgreen|Alberto M. Segre|Bijaya Adhikari
conf/icdm/SuoZMYHZ18,2018,ICDM,inproceedings,Multi-task Sparse Metric Learning for Monitoring Patient Similarity Progression.,Qiuling Suo|Weida Zhong|Fenglong Ma|Ye Yuan 0006|Mengdi Huai|Aidong Zhang 0001
conf/icdm/KataokaGMM18,2018,ICDM Workshops,inproceedings,A Smartphone-Based Probe Data Platform for Road Management and Safety in Developing Countries.,Kotaro Kataoka|Saurabh Gangwar|Karthik Yadav Mudda|Souraj Mandal
conf/icdm/LeWL20,2020,ICDM,inproceedings,MALCOM: Generating Malicious Comments to Attack Neural Fake News Detection Models.,Thai Le|Suhang Wang|Dongwon Lee 0001
conf/icdm/YuSWLXG18,2018,ICDM Workshops,inproceedings,A Multi-granular Hierarchical Evaluation Model for Multiple Criteria Three Sorting.,Hong Yu 0007|Zuoyu Sun|Guoyin Wang 0001|Jie Li 0002|Yongfang Xie|Gang Guo
conf/icdm/OhKJK21,2021,ICDM,inproceedings,STING: Self-attention based Time-series Imputation Networks using GAN.,Eunkyu Oh|Taehun Kim|Yunhu Ji|Sushil Khyalia
conf/icdm/LiangCZX0023,2023,ICDM,inproceedings,Efficient Cardinality and Cost Estimation with Bidirectional Compressor-based Ensemble Learning.,Zibo Liang|Xu Chen 0023|Yan Zhao 0008|Jiandong Xie|Kai Zeng 0002|Kai Zheng 0001
conf/icdm/ShiLL22,2022,ICDM (Workshops),inproceedings,Knowledge Distillation-enabled Multi-stage Incremental Learning for Online Process Monitoring in Advanced Manufacturing.,Zhangyue Shi|Yuxuan Li|Chenang Liu
conf/icdm/Jiang024,2024,ICDM,inproceedings,DifFaiRec: Generative Fair Recommender with Conditional Diffusion Model.,Zhenhao Jiang|Jicong Fan 0001
conf/icdm/MahinBELE24,2024,ICDM (Workshops),inproceedings,Sirius: A Density-based Colocation Mining Framework for Sets of Continuous Spatial Variables.,Md Mahin|Aparna Budhavarapu|Karima Elgarroussi|Ernst L. Leiss|Christoph F. Eick
conf/icdm/QianPB21,2021,ICDM,inproceedings,Density-Based Clustering for Adaptive Density Variation.,Li Qian 0001|Claudia Plant|Christian B
conf/icdm/LiLZX24,2024,ICDM (Workshops),inproceedings,SCREADER: Prompting Large Language Models to Interpret scRNA-seq Data.,Cong Li|Qingqing Long|Yuanchun Zhou|Meng Xiao 0001
conf/icdm/WangZYWHX19,2019,ICDM,inproceedings,DeepTrust: A Deep User Model of Homophily Effect for Trust Prediction.,Qi Wang 0078|Weiliang Zhao|Jian Yang 0001|Jia Wu 0001|Wenbin Hu 0001|Qianli Xing 0002
conf/icdm/0016TY019,2019,ICDM Workshops,inproceedings,Loyal Consumers or One-Time Deal Hunters: Repeat Buyer Prediction for E-Commerce.,Bo Zhao 0010|Atsuhiro Takasu|Ramin Yahyapour|Xiaoming Fu 0001
conf/icdm/Xu0WZ024,2024,ICDM,inproceedings,APOLLO: Differential Private Online Multi-Sensor Data Prediction with Certified Performance.,Honghui Xu 0001|Wei Li 0059|Shaoen Wu|Liang Zhao|Zhipeng Cai 0001
conf/icdm/MatsunagaY24,2024,ICDM (Workshops),inproceedings,Efficient and High-Quality Formal Verification for Decision Tree Ensembles.,Saori Matsunaga|Genta Yoshimura
conf/icdm/TononV20,2020,ICDM,inproceedings,GRosSo: Mining Statistically Robust Patterns from a Sequence of Datasets.,Andrea Tonon|Fabio Vandin
conf/icdm/ChakrabortyGP20,2020,ICDM (Workshops),inproceedings,G-SimCLR: Self-Supervised Contrastive Learning with Guided Projection via Pseudo Labelling.,Souradip Chakraborty|Aritra Roy Gosthipaty|Sayak Paul
conf/icdm/ZhuCD0Z18,2018,ICDM,inproceedings,Evaluating Top-k Meta Path Queries on Large Heterogeneous Information Networks.,Zichen Zhu|Reynold Cheng|Loc Do|Zhipeng Huang 0001|Haoci Zhang
conf/icdm/Liguori0PR21,2021,ICDM,inproceedings,Adversarial Regularized Reconstruction for Anomaly Detection and Generation.,Angelica Liguori|Giuseppe Manco 0001|Francesco Sergio Pisani|Ettore Ritacco
conf/icdm/SongBKLZZ22,2022,ICDM (Workshops),inproceedings,Efficient Spatio-Temporal Randomly Wired Neural Networks for Traffic Forecasting.,Li Song|Kainan Bao|Songyu Ke|Chunyang Li 0001|Junbo Zhang 0004|Yu Zheng 0004
conf/icdm/SeifallahiGG22,2022,ICDM (Workshops),inproceedings,Detection of Mild Cognitive Impairment from Quantitative Analysis of Timed Up and Go (TUG).,Mahmoud Seifallahi|James E. Galvin|Behnaz Ghoraani
conf/icdm/KamgarGK19,2019,ICDM,inproceedings,Matrix Profile XV: Exploiting Time Series Consensus Motifs to Find Structure in Time Series Sets.,Kaveh Kamgar|Shaghayegh Gharghabi|Eamonn J. Keogh
conf/icdm/CharytanowiczPJ24,2024,ICDM (Workshops),inproceedings,A New Approach Towards Identification of Individuals Belonging to Different Subpopulations Using Machine Learning Models and CLC Data.,Malgorzata Charytanowicz|Kajetan Perzanowski|Maciej Januszczak|Aleksandra Woloszyn-Galeza|Maria Sobczuk|Piotr Kulczycki
conf/icdm/ZhangYWW23,2023,ICDM (Workshops),inproceedings,Efficient Distributed Core Graph Decomposition.,Wenqian Zhang 0006|Zhengyi Yang 0001|Dong Wen 0001|Xiaoyang Wang 0002
conf/icdm/LeePS22,2022,ICDM,inproceedings,Set2Box: Similarity Preserving Representation Learning for Sets.,Geon Lee|Chanyoung Park 0001|Kijung Shin
conf/icdm/MolloyBDCWL22,2022,ICDM,inproceedings,Adversarial Variational Modality Reconstruction and Regularization for Zero-Day Malware Variants Similarity Detection.,Christopher Molloy|Jeremy Banks|Steven H. H. Ding|Philippe Charland|Andrew Walenstein|Litao Li
conf/icdm/DhariyalNGI20,2020,ICDM (Workshops),inproceedings,An Examination of the State-of-the-Art for Multivariate Time Series Classification.,Bhaskar Dhariyal|Thach Le Nguyen|Severin Gsponer|Georgiana Ifrim
conf/icdm/BrunelloKMPU20,2020,ICDM (Workshops),inproceedings,Virtual Sensing of Temperatures in Indoor Environments: A Case Study.,Andrea Brunello|Martin Kraft|Angelo Montanari|Federico Pittino|Andrea Urgolo
conf/icdm/ChristodoulouG23,2023,ICDM (Workshops),inproceedings,Applying Machine Learning in Personality-based Persuasion Marketing.,Evripides Christodoulou|Andreas Gregoriades
conf/icdm/CuppersV20,2020,ICDM,inproceedings,Just Wait For It... Mining Sequential Patterns with Reliable Prediction Delays.,Joscha C|Jilles Vreeken
conf/icdm/Maia0F21,2021,ICDM,inproceedings,An Ensemble of Naive Bayes Classifiers for Uncertain Categorical Data.,Marcelo Rodrigues de Holanda Maia|Alexandre Plastino 0001|Alex Alves Freitas
conf/icdm/ZhangXZC20,2020,ICDM,inproceedings,Opinion Dynamics Incorporating Higher-Order Interactions.,Zuobai Zhang|Wanyue Xu|Zhongzhi Zhang|Guanrong Chen
conf/icdm/DuZWLF19,2019,ICDM,inproceedings,Beyond Geo-First Law: Learning Spatial Representations via Integrated Autocorrelations and Complementarity.,Jiadi Du|Yunchao Zhang|Pengyang Wang|Jennifer L. Leopold|Yanjie Fu
conf/icdm/YangSXWXW23,2023,ICDM,inproceedings,ConvAOA: A Convolutional Attention Over Attention Model for Click-Through Rate Prediction.,Bin Yang 0038|Tianmu Sha|Ying Xing|Ziyang Wang|Zhipu Xie|Xin Wang
conf/icdm/WenCCS0Y23,2023,ICDM,inproceedings,To Predict or to Reject: Causal Effect Estimation with Uncertainty on Networked Data.,Hechuan Wen|Tong Chen 0005|Li Kheng Chai|Shazia Sadiq|Kai Zheng 0001|Hongzhi Yin
conf/icdm/DuY00023,2023,ICDM,inproceedings,Distributional Domain-Invariant Preference Matching for Cross-Domain Recommendation.,Jing Du 0003|Zesheng Ye|Bin Guo 0001|Zhiwen Yu 0001|Lina Yao 0001
conf/icdm/BoingKM22,2022,ICDM,inproceedings,Post-Robustifying Deep Anomaly Detection Ensembles by Model Selection.,Benedikt B|Simon Kl|Emmanuel M
conf/icdm/CaiZTM019,2019,ICDM,inproceedings,Nearest Neighbor Ensembles: An Effective Method for Difficult Problems in Streaming Classification with Emerging New Classes.,Xin-Qiang Cai|Peng Zhao 0006|Kai-Ming Ting|Xin Mu|Yuan Jiang 0001
conf/icdm/SuzukiKSII19,2019,ICDM Workshops,inproceedings,Stock Price Analysis Using Combination of Analyst Reports and Several Documents.,Masahiro Suzuki 0004|Toshiya Katagi|Hiroki Sakaji|Kiyoshi Izumi|Yasushi Ishikawa
conf/icdm/YangY0D020,2020,ICDM,inproceedings,Multi-typed Objects Multi-view Multi-instance Multi-label Learning.,Yuanlin Yang 0001|Guoxian Yu|Jun Wang 0035|Carlotta Domeniconi|Xiangliang Zhang 0001
conf/icdm/MinnZD18,2018,ICDM Workshops,inproceedings,Improving Knowledge Tracing Model by Integrating Problem Difficulty.,Sein Minn|Feida Zhu 0001|Michel C. Desmarais
conf/icdm/AinXAZ22,2022,ICDM (Workshops),inproceedings,A Genetic Programming Approach to Automatically Construct Informative Attributes for Mammographic Density Classification.,Qurrat Ul Ain 0001|Bing Xue 0001|Harith Al-Sahaf|Mengjie Zhang 0001
conf/icdm/Wijesinghe0G21,2021,ICDM,inproceedings,A Regularized Wasserstein Framework for Graph Kernels.,Asiri Wijesinghe|Qing Wang 0002|Stephen Gould
conf/icdm/ZhangYX19,2019,ICDM Workshops,inproceedings,Efficient Attribute Reduction with Submodular Function Optimization.,Xuxia Zhang|Xiaodong Yue|Zhikang Xu
conf/icdm/CrielaardP18,2018,ICDM Workshops,inproceedings,Explainable Predictions of Adverse Drug Events from Electronic Health Records Via Oracle Coaching.,Loes Crielaard|Panagiotis Papapetrou
conf/icdm/BateniMV22,2022,ICDM (Workshops),inproceedings,Efficient Distributed Algorithms for Minimum Spanning Tree in Dense Graphs.,MohammadHossein Bateni|Morteza Monemizadeh|Kees Voorintholt
conf/icdm/LiuSV22,2022,ICDM (Workshops),inproceedings,Persona-Based Conversational AI: State of the Art and Challenges.,Junfeng Liu|Christopher T. Symons|Ranga Raju Vatsavai
conf/icdm/0001LZQZ24,2024,ICDM,inproceedings,Early Fire Detection Based on Local Morphological Knowledge Matching.,Xinzhi Wang 0001|Mengyue Li|Nengjun Zhu|Jiayan Qian|Zhanyi Zheng
conf/icdm/YoussefSIS22,2022,ICDM (Workshops),inproceedings,Model Personalization with Static and Dynamic Patients' Data.,Paul Youssef|J|Sultan Imangaliyev|Christin Seifert
conf/icdm/LimKLKS20,2020,ICDM (Workshops),inproceedings,Design of Neural Network-based Boost Charging for Reducing the Charging Time of Li-ion Battery.,Sue Hyang Lim|Seon Hyeog Kim|Hyeong Min Lee|Si Joong Kim|Yong-June Shin
conf/icdm/KopanSSMC23,2023,ICDM (Workshops),inproceedings,Citation Style Classification: a Comparison of Machine Learning Approaches.,Artyom Kopan|Anna N. Smirnova|Ilya Shchuckin|Vladislav Makeev|George A. Chernishev
conf/icdm/IfukuKA18,2018,ICDM Workshops,inproceedings,Requirements Definition with Extended Goal Graph.,Masafumi Ifuku|Noriyuki Kushiro|Yusuke Aoyama
conf/icdm/Cohen-ShapiraR21,2021,ICDM,inproceedings,TRIO: Task-agnostic dataset representation optimized for automatic algorithm selection.,Noy Cohen-Shapira|Lior Rokach
conf/icdm/ZhangJS19,2019,ICDM,inproceedings,Fast Sparse Coding Inference with Historical Information.,Zhenchang Zhang|Fei Jiang 0006|Ruimin Shen
conf/icdm/CabelloN0K20,2020,ICDM,inproceedings,Fast and Accurate Time Series Classification Through Supervised Interval Search.,Nestor Cabello|Elham Naghizade|Jianzhong Qi 0001|Lars Kulik
conf/icdm/TingTCL20,2020,ICDM,inproceedings,Learning Personal Conscientiousness from Footprints in E-Learning Systems.,Lo Pang-Yun Ting|Shan-Yun Teng|Kun-Ta Chuang|Ee-Peng Lim
conf/icdm/SongLHHPL18,2018,ICDM Workshops,inproceedings,A Residual Convolution Neural Network for Sea Ice Classification with Sentinel-1 SAR Imagery.,Wei Song 0007|Minghui Li|Qi He 0003|Dongmei Huang|Cristian Perra|Antonio Liotta
conf/icdm/JiaoZ0LZ24,2024,ICDM,inproceedings,Informative Subgraphs Aware Masked Auto-Encoder in Dynamic Graphs.,Pengfei Jiao|Xinxun Zhang|Mengzhou Gao 0001|Tianpeng Li|Zhidong Zhao
conf/icdm/RamrakhiyaniPJKP22,2022,ICDM (Workshops),inproceedings,Extracting Entities and Events from Cyber-Physical Security Incident Reports.,Nitin Ramrakhiyani|Sangameshwar Patil|Manideep Jella|Alok Kumar|Girish K. Palshikar
