key,year,venue,pub_type,title,authors
conf/sdm/PelissierNT19,2019,SDM,inproceedings,Feature selection as Monte-Carlo Search in Growing Single Rooted Directed Acyclic Graph by Best Leaf Identification.,Aur|Atsuyoshi Nakamura|Koji Tabata
conf/sdm/WangZMY21,2021,SDM,inproceedings,MT-STNets: Multi-Task Spatial-Temporal Networks for Multi-Scale Traffic Prediction.,Senzhang Wang|Meiyue Zhang|Hao Miao 0001|Philip S. Yu
conf/sdm/YamaguchiMMU20,2020,SDM,inproceedings,LTSpAUC: Learning Time-series Shapelets for Optimizing Partial AUC.,Akihiro Yamaguchi|Shigeru Maya|Kohei Maruchi|Ken Ueno
conf/sdm/LiGS21,2021,SDM,inproceedings,"""Misc""-Aware Weakly Supervised Aspect Classification.",Peiran Li|Fang Guo|Jingbo Shang
conf/sdm/DengHDLM22,2022,SDM,inproceedings,IB-GAN: A Unified Approach for Multivariate Time Series Classification under Class Imbalance.,Grace Deng|Cuize Han|Tommaso Dreossi|Clarence Lee|David S. Matteson
conf/sdm/GolshanTT19,2019,SDM,inproceedings,Recommendations for optimizing the collective user experience.,Behzad Golshan|Evimaria Terzi|Panayiotis Tsaparas
conf/sdm/ForouzeshT24,2024,SDM,inproceedings,Differences Between Hard and Noisy-labeled Samples: An Empirical Study.,Mahsa Forouzesh|Patrick Thiran
conf/sdm/KaltenpothV19,2019,SDM,inproceedings,We Are Not Your Real Parents: Telling Causal from Confounded using MDL.,David Kaltenpoth|Jilles Vreeken
conf/sdm/DawTCRAK20,2020,SDM,inproceedings,Physics-Guided Architecture (PGA) of Neural Networks for Quantifying Uncertainty in Lake Temperature Modeling.,Arka Daw|R. Quinn Thomas|Cayelan C. Carey|Jordan S. Read|Alison P. Appling|Anuj Karpatne
conf/sdm/VercruyssenMD20,2020,SDM,inproceedings,"""Now you see it, now you don't!"" Detecting Suspicious Pattern Absences in Continuous Time Series.",Vincent Vercruyssen|Wannes Meert|Jesse Davis
conf/sdm/LiuLWT19,2019,SDM,inproceedings,Spherical Principal Component Analysis.,Kai Liu 0018|Qiuwei Li|Hua Wang 0007|Gongguo Tang
conf/sdm/MengLZ0K23,2023,SDM,inproceedings,Meta-Learning with Motif-based Task Augmentation for Few-Shot Molecular Property Prediction.,Ziqiao Meng|Yaoman Li|Peilin Zhao|Yang Yu 0010|Irwin King
conf/sdm/ChoudharyHS18,2018,SDM,inproceedings,Sparse Decomposition for Time Series Forecasting and Anomaly Detection.,Sunav Choudhary|Gaurush Hiranandani|Shiv Kumar Saini
conf/sdm/LuNKL24,2024,SDM,inproceedings,HyperFLoRA: Federated Learning with Instantaneous Personalization.,Qikai Lu|Di Niu|Mohammadamin Samadi Khoshkho|Baochun Li
conf/sdm/000300ZS024,2024,SDM,inproceedings,Robust Sparse Online Learning for Data Streams with Streaming Features.,Zhong Chen 0003|Yi He 0007|Di Wu 0056|Huixin Zhan|Victor S. Sheng|Kun Zhang 0012
conf/sdm/LinWMC20,2020,SDM,inproceedings,Filling Missing Values on Wearable-Sensory Time Series Data.,Suwen Lin|Xian Wu 0003|Gonzalo J. Mart|Nitesh V. Chawla
conf/sdm/MedyaSSBS18,2018,SDM,inproceedings,Group Centrality Maximization via Network Design.,Sourav Medya|Arlei Silva|Ambuj K. Singh|Prithwish Basu|Ananthram Swami
conf/sdm/AnandCHVP24,2024,SDM,inproceedings,H,Vivek Anand|Jiaming Cui|Jack Heavey|Anil Vullikanti|B. Aditya Prakash
conf/sdm/WangLTZX21,2021,SDM,inproceedings,Adaptive Holding for Online Bottleneck Matching with Delays.,Kaixin Wang|Cheng Long 0001|Yongxin Tong|Jie Zhang 0002|Yi Xu 0013
conf/sdm/YamaguchiUK22,2022,SDM,inproceedings,Learning Time-series Shapelets Enhancing Discriminability.,Akihiro Yamaguchi|Ken Ueno|Hisashi Kashima
conf/sdm/CostaO20,2020,SDM,inproceedings,Document Clustering Meets Topic Modeling with Word Embeddings.,Gianni Costa|Riccardo Ortale
conf/sdm/PinxterenC21,2021,SDM,inproceedings,Efficient Permutation Testing for Significant Sequential Patterns.,Sam Pinxteren|Toon Calders
conf/sdm/GuptaLCA22,2022,SDM,inproceedings,BRNet: Branched Residual Network for Fast and Accurate Predictive Modeling of Materials Properties.,Vishu Gupta|Wei-keng Liao|Alok N. Choudhary|Ankit Agrawal 0001
conf/sdm/0001O21,2021,SDM,inproceedings,Predictive Optimization with Zero-Shot Domain Adaptation.,Tomoya Sakai 0001|Naoto Ohsaka
conf/sdm/OettershagenM23,2023,SDM,inproceedings,An Index For Temporal Closeness Computation in Evolving Graphs.,Lutz Oettershagen|Petra Mutzel
conf/sdm/GujralPP18,2018,SDM,inproceedings,SamBaTen: Sampling-based Batch Incremental Tensor Decomposition.,Ekta Gujral|Ravdeep Pasricha|Evangelos E. Papalexakis
conf/sdm/JiaLKNKK19,2019,SDM,inproceedings,Spatial Context-Aware Networks for Mining Temporal Discriminative Period in Land Cover Detection.,Xiaowei Jia|Sheng Li 0001|Ankush Khandelwal|Guruprasad Nayak|Anuj Karpatne|Vipin Kumar 0001
conf/sdm/MrabahBK23,2023,SDM,inproceedings,Beyond The Evidence Lower Bound: Dual Variational Graph Auto-Encoders For Node Clustering.,Nairouz Mrabah|Mohamed Bouguessa|Riadh Ksantini
conf/sdm/LiIASGK20,2020,SDM,inproceedings,Dissecting Ethereum Blockchain Analytics: What We Learn from Topology and Geometry of the Ethereum Graph?,Yitao Li|Umar Islambekov|Cuneyt Gurcan Akcora|Ekaterina Smirnova|Yulia R. Gel|Murat Kantarcioglu
conf/sdm/DonyaviSB23,2023,SDM,inproceedings,MC-SQ: A Highly Accurate Ensemble for Multi-class Quantification.,Zahra Donyavi|Adriane Serapio|Gustavo Batista
conf/sdm/ZhangWLY22,2022,SDM,inproceedings,On Predicting and Generating a Good Break Shot in Billiards Sports.,Qianru Zhang|Zheng Wang 0046|Cheng Long 0001|Siu-Ming Yiu
conf/sdm/JiaNKKK19,2019,SDM,inproceedings,Classifying Heterogeneous Sequential Data by Cyclic Domain Adaptation: An Application in Land Cover Detection.,Xiaowei Jia|Guruprasad Nayak|Ankush Khandelwal|Anuj Karpatne|Vipin Kumar 0001
conf/sdm/RandelAH23,2023,SDM,inproceedings,A Lagrangian-based approach to learn distance metrics for clustering with minimal data transformation.,Rodrigo Randel|Daniel Aloise|Alain Hertz
conf/sdm/ZhangSZ022,2022,SDM,inproceedings,Explainable Concept Graph Completion by Bridging Open-Domain Relations and Concepts.,Yue Zhang 0086|Mingming Sun 0001|Jingyuan Zhang|Ping Li 0001
conf/sdm/MengJFLLC22,2022,SDM,inproceedings,Early Forecasting of the Impact of Traffic Accidents Using a Single Shot Observation.,Guangyu Meng|Qisheng Jiang 0001|Kaiqun Fu|Beiyu Lin|Chang-Tien Lu|Zhqian Chen
conf/sdm/LiuWLBO024,2024,SDM,inproceedings,Time-Transformer: Integrating Local and Global Features for Better Time Series Generation.,Yuansan Liu|Sudanthi N. R. Wijewickrema|Ang Li|Christofer Bester|Stephen J. O'Leary|James Bailey 0001
conf/sdm/ZhangB19,2019,SDM,inproceedings,DSL: Discriminative Subgraph Learning via Sparse Self-Representation.,Lin Zhang|Petko Bogdanov
conf/sdm/KuoCC18,2018,SDM,inproceedings,Personalized Ranking on Poisson Factorization.,Li-Yen Kuo|Chung-Kuang Chou|Ming-Syan Chen
conf/sdm/LiLCOW18,2018,SDM,inproceedings,Black-box Expectation Propagation for Bayesian Models.,Ximing Li 0002|Changchun Li|Jinjin Chi|Jihong Ouyang|Wenting Wang
conf/sdm/LiEZ23,2023,SDM,inproceedings,Optimal Intervention on Weighted Networks via Edge Centrality.,Dongyue Li|Tina Eliassi-Rad|Hongyang R. Zhang
conf/sdm/KuboD24,2024,SDM,inproceedings,XGExplainer: Robust Evaluation-based Explanation for Graph Neural Networks.,Ryoji Kubo|Djellel Eddine Difallah
conf/sdm/HassenC20,2020,SDM,inproceedings,Learning a Neural-network-based Representation for Open Set Recognition.,Mehadi Hassen|Philip K. Chan
conf/sdm/ZhaLZH22,2022,SDM,inproceedings,Towards Similarity-Aware Time-Series Classification.,Daochen Zha|Kwei-Herng Lai|Kaixiong Zhou|Xia Hu 0001
conf/sdm/YangY0Y023,2023,SDM,inproceedings,Causal Discovery by Graph Attention Reinforcement Learning.,Dezhi Yang|Guoxian Yu|Jun Wang 0035|Zhongmin Yan|Maozu Guo 0001
conf/sdm/ZhangZWBSY20,2020,SDM,inproceedings,Fisher Deep Domain Adaptation.,Yinghua Zhang|Yu Zhang 0006|Ying Wei 0001|Kun Bai|Yangqiu Song|Qiang Yang 0001
conf/sdm/Grosse021,2021,SDM,inproceedings,Do winning tickets exist before DNN training?,Kathrin Grosse|Michael Backes 0001
conf/sdm/DuXWT21,2021,SDM,inproceedings,Fairness-aware Agnostic Federated Learning.,Wei Du 0009|Depeng Xu 0001|Xintao Wu|Hanghang Tong
conf/sdm/RenL024,2024,SDM,inproceedings,Word Embedding with Neural Probabilistic Prior.,Shaogang Ren|Dingcheng Li|Ping Li 0001
conf/sdm/LiL19,2019,SDM,inproceedings,Linear Time Motif Discovery in Time Series.,Xiaosheng Li|Jessica Lin 0001
conf/sdm/XuRM20,2020,SDM,inproceedings,Second-order Optimization for Non-convex Machine Learning: an Empirical Study.,Peng Xu|Fred Roosta|Michael W. Mahoney
conf/sdm/ManiDG21,2021,SDM,inproceedings,Unsupervised Selective Manifold Regularized Matrix Factorization.,Priya Mani|Carlotta Domeniconi|Igor Griva
conf/sdm/LiuLCWSH21,2021,SDM,inproceedings,Discrete Listwise Collaborative Filtering for Fast Recommendation.,Chenghao Liu|Tao Lu|Zhiyong Cheng 0001|Xin Wang 0019|Jianling Sun|Steven C. H. Hoi
conf/sdm/YangZZ24,2024,SDM,inproceedings,Variational Invariant Representation Learning for Multimodal Recommendation.,Wei Yang|Haoran Zhang|Li Zhang
conf/sdm/BaiTW0AV23,2023,SDM,inproceedings,Sign-Regularized Multi-Task Learning.,Guangji Bai|Johnny Torres|Junxiang Wang|Liang Zhao 0002|Cristina L. Abad|Carmen Vaca
conf/sdm/YamaguchiU21,2021,SDM,inproceedings,Learning Time-series Shapelets via Supervised Feature Selection.,Akihiro Yamaguchi|Ken Ueno
conf/sdm/0001LPT22,2022,SDM,inproceedings,Fine-grained Attributed Graph Clustering.,Zhao Kang 0001|Zhanyu Liu|Shirui Pan|Ling Tian
conf/sdm/00010B0X24,2024,SDM,inproceedings,CaMU: Disentangling Causal Effects in Deep Model Unlearning.,Shaofei Shen 0001|Chenhao Zhang 0004|Alina Bialkowski|Weitong Chen 0001|Miao Xu 0001
conf/sdm/StolmanL0S22,2022,SDM,inproceedings,Classic Graph Structural Features Outperform Factorization-Based Graph Embedding Methods on Community Labeling.,Andrew Stolman|Caleb C. Levy|C. Seshadhri 0001|Aneesh Sharma
conf/sdm/Shen0KJ18,2018,SDM,inproceedings,Accelerating Time Series Searching with Large Uniform Scaling.,Yilin Shen|Yanping Chen 0005|Eamonn J. Keogh|Hongxia Jin
conf/sdm/ThejaswiG20,2020,SDM,inproceedings,Pattern detection in large temporal graphs using algebraic fingerprints.,Suhas Thejaswi|Aristides Gionis
conf/sdm/NayakMJK18,2018,SDM,inproceedings,Classifying Multivariate Time Series by Learning Sequence-level Discriminative Patterns.,Guruprasad Nayak|Varun Mithal|Xiaowei Jia|Vipin Kumar 0001
conf/sdm/KalanatXLJ24,2024,SDM,inproceedings,Spatial-Temporal Augmented Adaptation via Cycle-Consistent Adversarial Network: An Application in Streamflow Prediction.,Nasrin Kalanat|Yiqun Xie|Yanhua Li|Xiaowei Jia
conf/sdm/FarhadlooSGLMS24,2024,SDM,inproceedings,Towards Spatially-Lucid AI Classification in Non-Euclidean Space: An Application for MxIF Oncology Data.,Majid Farhadloo|Arun Sharma 0006|Jayant Gupta|Alexey A. Leontovich|Svetomir N. Markovic|Shashi Shekhar 0001
conf/sdm/LiZ0CZ21,2021,SDM,inproceedings,Sign-aware Perturbations Regression.,Zhongnian Li|Tao Zhang 0099|Wei Shao 0005|Songcan Chen|Daoqiang Zhang
conf/sdm/WangZLWXM23,2023,SDM,inproceedings,Knowledge-Enhanced Semi-Supervised Federated Learning for Aggregating Heterogeneous Lightweight Clients in IoT.,Jiaqi Wang 0002|Shenglai Zeng|Zewei Long|Yaqing Wang 0001|Houping Xiao|Fenglong Ma
conf/sdm/CaiGJ19,2019,SDM,inproceedings,Multi-Stage Variational Auto-Encoders for Coarse-to-Fine Image Generation.,Lei Cai|Hongyang Gao|Shuiwang Ji
conf/sdm/AzimW00F24,2024,SDM,inproceedings,Feature Interaction Aware Automated Data Representation Transformation.,Ehtesamul Azim|Dongjie Wang|Kunpeng Liu 0001|Wei Zhang 0076|Yanjie Fu
conf/sdm/BhowmikCXR19,2019,SDM,inproceedings,EstImAgg: A Learning Framework for Groupwise Aggregated Data.,Avradeep Bhowmik|Minmin Chen|Zhengming Xing|Suju Rajan
conf/sdm/EvansN18,2018,SDM,inproceedings,Exploiting Structure for Fast Kernel Learning.,Trefor W. Evans|Prasanth B. Nair
conf/sdm/0002CPW24,2024,SDM,inproceedings,RHINE: A Regime-Switching Model with Nonlinear Representation for Discovering and Forecasting Regimes in Financial Markets.,Kunpeng Xu 0002|Lifei Chen|Jean-Marc Patenaude|Shengrui Wang
conf/sdm/0001TG23,2023,SDM,inproceedings,Ranking with submodular functions on the fly.,Guangyi Zhang 0001|Nikolaj Tatti|Aristides Gionis
conf/sdm/XiaoEHM023,2023,SDM,inproceedings,Taxonomy-Guided Fine-Grained Entity Set Expansion.,Jinfeng Xiao|Mohab Elkaref|Nathan Herr|Geeth De Mel|Jiawei Han 0001
conf/sdm/Fan0LHDF21,2021,SDM,inproceedings,AutoGFS: Automated Group-based Feature Selection via Interactive Reinforcement Learning.,Wei Fan 0010|Kunpeng Liu 0001|Hao Liu 0026|Ahmad Hariri|Dejing Dou|Yanjie Fu
conf/sdm/MayaYNU20,2020,SDM,inproceedings,Lag-Aware Multivariate Time-Series Segmentation.,Shigeru Maya|Akihiro Yamaguchi|Kaneharu Nishino|Ken Ueno
conf/sdm/MarxF22,2022,SDM,inproceedings,Estimating Mutual Information via Geodesic,Alexander Marx 0001|Jonas Fischer
conf/sdm/DavidsonLGWVR24,2024,SDM,inproceedings,An Exemplars-Based Approach for Explainable Clustering: Complexity and Efficient Approximation Algorithms.,Ian Davidson|Michael J. Livanos|Antoine Gourru|Peter B. Walker|Julien Velcin|S. S. Ravi
conf/sdm/YiLGLYZ19,2019,SDM,inproceedings,Fast Unsupervised Location Category Inference from Highly Inaccurate Mobility Data.,Jinfeng Yi|Qi Lei|Wesley M. Gifford|Ji Liu|Junchi Yan|Bowen Zhou 0001
conf/sdm/Cui0Z00M24,2024,SDM,inproceedings,Automated Fusion of Multimodal Electronic Health Records for Better Medical Predictions.,Suhan Cui|Jiaqi Wang 0002|Yuan Zhong 0002|Han Liu 0008|Ting Wang 0006|Fenglong Ma
conf/sdm/Saxena0S23,2023,SDM,inproceedings,Missed Opportunities in Fair AI.,Nripsuta Ani Saxena|Wenbin Zhang 0002|Cyrus Shahabi
conf/sdm/0074PL022,2022,SDM,inproceedings,Joint Time Series Chain: Detecting Unusual Evolving Trend across Time Series.,Li Zhang 0074|Nital Patel|Xiuqi Li|Jessica Lin 0001
conf/sdm/0074DG023,2023,SDM,inproceedings,PMP: Privacy-Aware Matrix Profile against Sensitive Pattern Inference for Time Series.,Li Zhang 0074|Jiahao Ding|Yifeng Gao 0001|Jessica Lin 0001
conf/sdm/SetoWZ21,2021,SDM,inproceedings,HALO: Learning to Prune Neural Networks with Shrinkage.,Skyler Seto|Martin T. Wells|Wenyu Zhang 0003
conf/sdm/NingTRRSR18,2018,SDM,inproceedings,STAPLE: Spatio-Temporal Precursor Learning for Event Forecasting.,Yue Ning 0001|Rongrong Tao|Chandan K. Reddy|Huzefa Rangwala|James C. Starz|Naren Ramakrishnan
conf/sdm/DevosMD21,2021,SDM,inproceedings,Verifying Tree Ensembles by Reasoning about Potential Instances.,Laurens Devos|Wannes Meert|Jesse Davis
conf/sdm/PannatierPF22,2022,SDM,inproceedings,Efficient Wind Speed Nowcasting with GPU-Accelerated Nearest Neighbors Algorithm.,Arnaud Pannatier|Ricardo Picatoste|Fran
conf/sdm/YuanSZZ024,2024,SDM,inproceedings,MultiNetAD: Multiplex Network-Based Anomaly Access Detection Featuring Semantic Hierarchies.,Ziqi Yuan|Qingyun Sun|Haoyi Zhou|Zukun Zhu|Jianxin Li 0002
conf/sdm/BaiTW0Y022,2022,SDM,inproceedings,Collaborative Attention Mechanism for Multi-Modal Time Series Classification.,Yue Bai|Zhiqiang Tao|Lichen Wang|Sheng Li 0001|Yu Yin 0001|Yun Fu 0001
conf/sdm/TsitsikasP20,2020,SDM,inproceedings,,Yorgos Tsitsikas|Evangelos E. Papalexakis
conf/sdm/KlosterSP19,2019,SDM,inproceedings,Mining Maximal Induced Bicliques using Odd Cycle Transversals.,Kyle Kloster|Blair D. Sullivan|Andrew van der Poel
conf/sdm/LiZSX23,2023,SDM,inproceedings,Debiased Imitation Learning for Modulated Temporal Point Processes.,Zhuoqun Li 0001|Zihan Zhou 0003|Mingxuan Sun 0001|Hongteng Xu
conf/sdm/MaWGXZ20,2020,SDM,inproceedings,Rare Disease Prediction by Generating Quality-Assured Electronic Health Records.,Fenglong Ma|Yaqing Wang 0001|Jing Gao 0004|Houping Xiao|Jing Zhou
conf/sdm/SainiZY0P24,2024,SDM,inproceedings,Analysis of Causal and Non-Causal Convolution Networks for Time Series Classification.,Uday Singh Saini|Zhongfang Zhuang|Chin-Chia Michael Yeh|Wei Zhang 0189|Evangelos E. Papalexakis
conf/sdm/HeimannCVK21,2021,SDM,inproceedings,Refining Network Alignment to Improve Matched Neighborhood Consistency.,Mark Heimann|Xiyuan Chen|Fatemeh Vahedian|Danai Koutra
conf/sdm/YangZS18,2018,SDM,inproceedings,ParaSketch: Parallel Tensor Factorization via Sketching.,Bo Yang 0053|Ahmed S. Zamzam|Nicholas D. Sidiropoulos
conf/sdm/BauckhageSW20,2020,SDM,inproceedings,Adiabatic Quantum Computing for Max-Sum Diversification.,Christian Bauckhage|Rafet Sifa|Stefan Wrobel
conf/sdm/ChuR022,2022,SDM,inproceedings,Learning Infomax and Domain-Independent Representations for Causal Effect Inference with Real-World Data.,Zhixuan Chu|Stephen L. Rathbun|Sheng Li 0001
conf/sdm/LiWLB23,2023,SDM,inproceedings,Influence without Authority: Maximizing Information Coverage in Hypergraphs.,Peiyan Li 0002|Honglian Wang|Kai Li|Christian B
conf/sdm/TayalJGWR022,2022,SDM,inproceedings,Invertibility aware Integration of Static and Time-series data: An application to Lake Temperature Modeling.,Kshitij Tayal|Xiaowei Jia|Rahul Ghosh|Jared Willard|Jordan S. Read|Vipin Kumar 0001
conf/sdm/JeongNJTB024,2024,SDM,inproceedings,User Migration across Multiple Social Media Platforms.,Ujun Jeong|Ayushi Nirmal|Kritshekhar Jha|Xu Tang|H. Russell Bernard|Huan Liu 0001
conf/sdm/StraussS24,2024,SDM,inproceedings,Spatial-Aware Deep Reinforcement Learning for the Traveling Officer Problem.,Niklas Strau|Matthias Schubert
conf/sdm/PhanNKR24,2024,SDM,inproceedings,Multi-polytope Machine for Classification.,Dzung T. Phan|Lam M. Nguyen|Jayant Kalagnanam|Chandra Reddy
conf/sdm/DengKLB20,2020,SDM,inproceedings,Explainable Subgraphs with Surprising Densities: A Subgroup Discovery Approach.,Junning Deng|Bo Kang|Jefrey Lijffijt|Tijl De Bie
conf/sdm/BudhathokiBV21,2021,SDM,inproceedings,Discovering Reliable Causal Rules.,Kailash Budhathoki|Mario Boley|Jilles Vreeken
conf/sdm/LeibrandtG18,2018,SDM,inproceedings,Making Kernel Density Estimation Robust towards Missing Values in Highly Incomplete Multivariate Data without Imputation.,Richard Leibrandt|Stephan G
conf/sdm/TuYWDZ20,2020,SDM,inproceedings,Attention-Aware Answers of the Crowd.,Jingzheng Tu|Guoxian Yu|Jun Wang 0035|Carlotta Domeniconi|Xiangliang Zhang 0001
conf/sdm/KosmanKS22,2022,SDM,inproceedings,Mining Logical Arithmetic Expressions From Proper Representations.,Eitan Kosman|Ilya Kolchinsky|Assaf Schuster
conf/sdm/YanHJK18,2018,SDM,inproceedings,Fast Flow-based Random Walk with Restart in a Multi-query Setting.,Yujun Yan|Mark Heimann|Di Jin 0003|Danai Koutra
conf/sdm/JoshiKG18,2018,SDM,inproceedings,Co-regularized Monotone Retargeting for Semi-supervised LeTOR.,Shalmali Joshi|Rajiv Khanna|Joydeep Ghosh
conf/sdm/LandeiroTC19,2019,SDM,inproceedings,Discovering and Controlling for Latent Confounds in Text Classification Using Adversarial Domain Adaptation.,Virgile Landeiro|Tuan Tran|Aron Culotta
conf/sdm/DongZYZWL23,2023,SDM,inproceedings,RELIANT: Fair Knowledge Distillation for Graph Neural Networks.,Yushun Dong|Binchi Zhang|Yiling Yuan|Na Zou 0001|Qi Wang|Jundong Li
conf/sdm/TanHLCZW24,2024,SDM,inproceedings,Towards More Robust and Accurate Sequential Recommendation with Cascade-guided Adversarial Training.,Juntao Tan|Shelby Heinecke|Zhiwei Liu 0001|Yongjun Chen|Yongfeng Zhang 0003|Huan Wang 0016
conf/sdm/YooK21,2021,SDM,inproceedings,Attention-Based Autoregression for Accurate and Efficient Multivariate Time Series Forecasting.,Jaemin Yoo|U Kang
conf/sdm/ZhengSHZ23,2023,SDM,inproceedings,Learning to Learn Task Transformations for Improved Few-Shot Classification.,Guangtao Zheng|Qiuling Suo|Mengdi Huai|Aidong Zhang 0001
conf/sdm/0008GTM021,2021,SDM,inproceedings,SUMDocS: Surrounding-aware Unsupervised Multi-Document Summarization.,Qi Zhu 0008|Fang Guo|Jingjing Tian|Yuning Mao|Jiawei Han 0001
conf/sdm/RoychoudhuryZO22,2022,SDM,inproceedings,Leveraging Dependencies among Learned Temporal Subsequences.,Shoumik Roychoudhury|Fang Zhou|Zoran Obradovic
conf/sdm/ChengGCL20,2020,SDM,inproceedings,Representation Learning for Imbalanced Cross-Domain Classification.,Lu Cheng 0001|Ruocheng Guo|K. Sel|Huan Liu 0001
conf/sdm/Du0S022,2022,SDM,inproceedings,Interpretable Molecular Graph Generation via Monotonic Constraints.,Yuanqi Du|Xiaojie Guo 0002|Amarda Shehu|Liang Zhao 0002
conf/sdm/JohanssonLB19,2019,SDM,inproceedings,Calibrating Probability Estimation Trees using Venn-Abers Predictors.,Ulf Johansson|Tuwe L|Henrik Bostr
conf/sdm/XuKR024,2024,SDM,inproceedings,Message Propagation Through Time: An Algorithm for Sequence Dependency Retention in Time Series Modeling.,Shaoming Xu|Ankush Khandelwal|Arvind Renganathan|Vipin Kumar 0001
conf/sdm/BernsB21,2021,SDM,inproceedings,Stochastic Time Series Representation for Interval Pattern Mining via Gaussian Processes.,Fabian Berns|Christian Beecks
conf/sdm/LiHSSL21,2021,SDM,inproceedings,Sequence-aware Heterogeneous Graph Neural Collaborative Filtering.,Chen Li|Linmei Hu|Chuan Shi 0001|Guojie Song|Yuanfu Lu
conf/sdm/MaYS24,2024,SDM,inproceedings,Pretraining Molecules with Explicit Substructure Information.,Yuting Ma|Shuo Yu 0001|Yanming Shen
conf/sdm/TanHFWP18,2018,SDM,inproceedings,Efficient search of the best warping window for Dynamic Time Warping.,Chang Wei Tan|Matthieu Herrmann|Germain Forestier|Geoffrey I. Webb|Fran
conf/sdm/LeeHL18,2018,SDM,inproceedings,Discovering Hidden Topical Hubs and Authorities in Online Social Networks.,Roy Ka-Wei Lee|Tuan-Anh Hoang|Ee-Peng Lim
conf/sdm/SemwalYMN18,2018,SDM,inproceedings,A Practitioners' Guide to Transfer Learning for Text Classification using Convolutional Neural Networks.,Tushar Semwal|Promod Yenigalla|Gaurav Mathur|Shivashankar B. Nair
conf/sdm/RajasekaranSBMD24,2024,SDM,inproceedings,COMBOOD: A Semiparametric Approach for Detecting Out-of-distribution Data for Image Classification.,Magesh Rajasekaran|Md Saiful Islam Sajol|Frej Berglind|Supratik Mukhopadhyay|Kamalika Das
conf/sdm/XieZL023,2023,SDM,inproceedings,Multimodal Graph Learning for Cross-Modal Retrieval.,Jingyou Xie|Zishuo Zhao 0001|Zhenzhou Lin|Ying Shen 0001
conf/sdm/HouHZ00W22,2022,SDM,inproceedings,Neural Graph Matching for Pre-training Graph Neural Networks.,Yupeng Hou|Binbin Hu|Wayne Xin Zhao|Zhiqiang Zhang 0012|Jun Zhou 0011|Ji-Rong Wen
conf/sdm/WangLYH0S23,2023,SDM,inproceedings,Heterogeneous Graph Contrastive Multi-view Learning.,Zehong Wang|Qi Li|Donghua Yu|Xiaolong Han|Xiao-Zhi Gao 0001|Shigen Shen
conf/sdm/ZhouSDY19,2019,SDM,inproceedings,Incremental Multi-view Support Vector Machine.,Peng Zhou 0006|Yi-Dong Shen|Liang Du 0003|Fan Ye
conf/sdm/LaRockNSCES20,2020,SDM,inproceedings,HYPA: Efficient Detection of Path Anomalies in Time Series Data on Networks.,Timothy LaRock|Vahan Nanumyan|Ingo Scholtes|Giona Casiraghi|Tina Eliassi-Rad|Frank Schweitzer
conf/sdm/ZhuangKR19,2019,SDM,inproceedings,AMAS: Attention Model for Attributed Sequence Classification.,Zhongfang Zhuang|Xiangnan Kong|Elke A. Rundensteiner
conf/sdm/KhoufacheLAGB24,2024,SDM,inproceedings,Distributed Collapsed Gibbs Sampler for Dirichlet Process Mixture Models in Federated Learning.,Reda Khoufache|Mustapha Lebbah|Hanene Azzag|Djamel Bouchaffra
conf/sdm/WangHYZ24,2024,SDM,inproceedings,On Robust Wasserstein Barycenter: The Model and Algorithm.,Xu Wang 0030|Jiawei Huang 0009|Qingyuan Yang|Jinpeng Zhang
conf/sdm/Zhang0DY024,2024,SDM,inproceedings,Deep Efficient Private Neighbor Generation for Subgraph Federated Learning.,Ke Zhang|Lichao Sun 0001|Bolin Ding|Siu Ming Yiu|Carl Yang 0001
conf/sdm/OkajimaS19,2019,SDM,inproceedings,Decision List Optimization based on Continuous Relaxation.,Yuzuru Okajima|Kunihiko Sadamasa
conf/sdm/ZhangM20,2020,SDM,inproceedings,Stacked Mixed-Order Graph Convolutional Networks for Collaborative Filtering.,Hengrui Zhang|Julian J. McAuley
conf/sdm/0006AK23,2023,SDM,inproceedings,Extrinsic-Intrinsic Representation Learning Framework for Drug Discovery.,Tian Xia 0006|Sarp Aykent|Wei-Shinn Ku
conf/sdm/LiuWGAY20,2020,SDM,inproceedings,BasConv: Aggregating Heterogeneous Interactions for Basket Recommendation with Graph Convolutional Neural Network.,Zhiwei Liu 0001|Mengting Wan|Stephen D. Guo|Kannan Achan|Philip S. Yu
conf/sdm/ZhengZH23,2023,SDM,inproceedings,Fairness-aware Multi-view Clustering.,Lecheng Zheng|Yada Zhu|Jingrui He
conf/sdm/ShalabySSG18,2018,SDM,inproceedings,An LSTM Approach to Patent Classification based on Fixed Hierarchy Vectors.,Marawan Shalaby|Jan Stutzki|Matthias Schubert|Stephan G
conf/sdm/BoleyTBW21,2021,SDM,inproceedings,Better Short than Greedy: Interpretable Models through Optimal Rule Boosting.,Mario Boley|Simon Teshuva|Pierre Le Bodic|Geoffrey I. Webb
conf/sdm/LiZL19,2019,SDM,inproceedings,TMSA: A Mutual Learning Model for Topic Discovery and Word Embedding.,Dingcheng Li|Jingyuan Zhang|Ping Li 0001
conf/sdm/GujralP18,2018,SDM,inproceedings,SMACD: Semi-supervised Multi-Aspect Community Detection.,Ekta Gujral|Evangelos E. Papalexakis
conf/sdm/YaoYWWDG19,2019,SDM,inproceedings,Discovering Multiple Co-Clusterings in Subspaces.,Shixin Yao|Guoxian Yu|Xing Wang|Jun Wang 0035|Carlotta Domeniconi|Maozu Guo 0001
conf/sdm/Zhao0CS22,2022,SDM,inproceedings,Measuring disentangled generative spatio-temporal representation.,Sichen Zhao|Wei Shao 0006|Jeffrey Chan|Flora D. Salim
conf/sdm/EnnajariBB22,2022,SDM,inproceedings,Knowledge-enhanced Spherical Representation Learning for Text Classification.,Hafsa Ennajari|Nizar Bouguila|Jamal Bentahar
conf/sdm/MaME024,2024,SDM,inproceedings,Training Sparse Graph Neural Networks via Pruning and Sprouting.,Xueqi Ma|Xingjun Ma|Sarah M. Erfani|James Bailey 0001
conf/sdm/WilsonTL20,2020,SDM,inproceedings,Convolutional Methods for Predictive Modeling of Geospatial Data.,Tyler Wilson|Pang-Ning Tan|Lifeng Luo
conf/sdm/HuaiMSLGZ18,2018,SDM,inproceedings,Uncorrelated Patient Similarity Learning.,Mengdi Huai|Chenglin Miao|Qiuling Suo|Yaliang Li|Jing Gao 0004|Aidong Zhang 0001
conf/sdm/BuK21,2021,SDM,inproceedings,Quadratic Residual Networks: A New Class of Neural Networks for Solving Forward and Inverse Problems in Physics Involving PDEs.,Jie Bu|Anuj Karpatne
conf/sdm/DingCYW21,2021,SDM,inproceedings,A Data-Dependent Algorithm for Querying Earth Mover's Distance with Low Doubling Dimensions.,Hu Ding 0003|Tan Chen|Fan Yang|Mingyue Wang
conf/sdm/YanMHY20,2020,SDM,inproceedings,Heterogeneous Dual-Task Clustering with Visual-Textual Information.,Xiaoqiang Yan|Yiqiao Mao|Shizhe Hu|Yangdong Ye
conf/sdm/0047024,2024,SDM,inproceedings,Self-Similar Graph Neural Network for Hierarchical Graph Learning.,Zheng Zhang 0047|Liang Zhao 0002
conf/sdm/0001HZHFH21,2021,SDM,inproceedings,Multi-Armed Bandit Based Feature Selection.,Kunpeng Liu 0001|Haibo Huang|Wei Zhang 0076|Ahmad Hariri|Yanjie Fu|Kien A. Hua
conf/sdm/AnjumAXH21,2021,SDM,inproceedings,PhraseScope: An Effective and Unsupervised Framework for Mining High Quality Phrases.,Omer Anjum|Mohammad Almasri|Jinjun Xiong|Wen-Mei W. Hwu
conf/sdm/HeQR19,2019,SDM,inproceedings,Query-Aware Bayesian Committee Machine for Scalable Gaussian Process Regression.,Jiayuan He 0002|Jianzhong Qi 0001|Kotagiri Ramamohanarao
conf/sdm/GaoDZ024,2024,SDM,inproceedings,Decentralized Stochastic Compositional Gradient Descent for AUPRC Maximization.,Hongchang Gao|Yubin Duan|Yihan Zhang|Jie Wu 0001
conf/sdm/YooS22,2022,SDM,inproceedings,Transition Matrix Representation of Trees with Transposed Convolutions.,Jaemin Yoo|Lee Sael
conf/sdm/AhmedBFZ23,2023,SDM,inproceedings,Attention-Based Multi-modal Missing Value Imputation for Time Series Data with High Missing Rate.,Khandakar Tanvir Ahmed|Sudipto Baul|Yanjie Fu|Wei Zhang 0076
conf/sdm/BauerLBP23,2023,SDM,inproceedings,Extension of the Dip-test Repertoire - Efficient and Differentiable p-value Calculation for Clustering.,Lena G. M. Bauer|Collin Leiber|Christian B|Claudia Plant
conf/sdm/NayakGJMK20,2020,SDM,inproceedings,Semi-supervised Classification using Attention-based Regularization on Coarse-resolution Data.,Guruprasad Nayak|Rahul Ghosh|Xiaowei Jia|Varun Mithal|Vipin Kumar 0001
conf/sdm/Zhang0GL23,2023,SDM,inproceedings,CISum: Learning Cross-modality Interaction to Enhance Multimodal Semantic Coverage for Multimodal Summarization.,Litian Zhang|Xiaoming Zhang 0001|Ziming Guo|Zhipeng Liu
conf/sdm/WuDSSC18,2018,SDM,inproceedings,Who will Attend This Event Together? Event Attendance Prediction via Deep LSTM Networks.,Xian Wu 0003|Yuxiao Dong|Baoxu Shi|Ananthram Swami|Nitesh V. Chawla
conf/sdm/ZhouSW19,2019,SDM,inproceedings,Mining Rules Incrementally over Large Knowledge Bases.,Xiaofeng Zhou 0003|Ali Sadeghian|Daisy Zhe Wang
conf/sdm/0001KC23,2023,SDM,inproceedings,On Improving Fairness of AI Models with Synthetic Minority Oversampling Techniques.,Yan Zhou 0001|Murat Kantarcioglu|Chris Clifton
conf/sdm/LavaniaWIB21,2021,SDM,inproceedings,A Practical Online Framework for Extracting Running Video Summaries under a Fixed Memory Budget.,Chandrashekhar Lavania|Kai Wei|Rishabh K. Iyer|Jeff A. Bilmes
conf/sdm/AshfahaniP19,2019,SDM,inproceedings,Autonomous Deep Learning: Continual Learning Approach for Dynamic Environments.,Andri Ashfahani|Mahardhika Pratama
conf/sdm/MarufK21,2021,SDM,inproceedings,Maximizing Cohesion and Separation in Graph Representation Learning: A Distance-aware Negative Sampling Approach.,M. Maruf|Anuj Karpatne
conf/sdm/LiuPY20,2020,SDM,inproceedings,Efficient and Effective Graph Convolution Networks.,Siwu Liu|Ji Hwan Park|Shinjae Yoo
conf/sdm/StradiottiPD24,2024,SDM,inproceedings,Semi-Supervised Isolation Forest for Anomaly Detection.,Luca Stradiotti|Lorenzo Perini|Jesse Davis
conf/sdm/MaMB23,2023,SDM,inproceedings,GIST: Graph Inference for Structured Time Series.,Boya Ma|Maxwell McNeil|Petko Bogdanov
conf/sdm/JinWY21,2021,SDM,inproceedings,Inter-Series Attention Model for COVID-19 Forecasting.,Xiaoyong Jin|Yu-Xiang Wang 0003|Xifeng Yan
conf/sdm/QinWZ23,2023,SDM,inproceedings,Learning Causal Structure on Mixed Data with Tree-Structured Functional Models.,Tian Qin|Tian-Zuo Wang|Zhi-Hua Zhou
conf/sdm/GertheissS23,2023,SDM,inproceedings,"Penalized Non-Linear Canonical Correlation Analysis for Ordinal Data with Application to the International Classification of Functioning, Disability and Health.",Jan Gertheiss|Russell T. Shinohara
conf/sdm/Holznigenkemper23,2023,SDM,inproceedings,Exact and Heuristic Approaches to Speeding Up the MSM Time Series Distance Computation.,Jana Holznigenkemper|Christian Komusiewicz|Bernhard Seeger
conf/sdm/LiuTZ19,2019,SDM,inproceedings,Augmented Multi-Task Learning by Optimal Transport.,Boyang Liu|Pang-Ning Tan|Jiayu Zhou
conf/sdm/JiaCZX0K23,2023,SDM,inproceedings,Physics-guided Graph Diffusion Network for Combining Heterogeneous Simulated Data: An Application in Predicting Stream Water Temperature.,Xiaowei Jia|Shengyu Chen|Can Zheng|Yiqun Xie|Zhe Jiang 0001|Nasrin Kalanat
conf/sdm/LiW22,2022,SDM,inproceedings,Adaptive Principal Component Analysis.,Xiangyu Li|Hua Wang 0007
conf/sdm/ZhangSCMRM23,2023,SDM,inproceedings,Making a Computational Attorney.,Dell Zhang|Frank Schilder|Jack G. Conrad|Masoud Makrehchi|David von Rickenbach|Isabelle Moulinier
conf/sdm/BaiWD18,2018,SDM,inproceedings,Mixtures of Block Models for Brain Networks.,Zilong Bai|Peter B. Walker|Ian Davidson
conf/sdm/ZhaoL0024,2024,SDM,inproceedings,HADT: Human-AI Diagnostic Team via Hierarchical Reinforcement Learning.,Xuehan Zhao|Jiaqi Liu 0002|Zhiwen Yu 0001|Bin Guo 0001
conf/sdm/HessPM18,2018,SDM,inproceedings,The Trustworthy Pal: Controlling the False Discovery Rate in Boolean Matrix Factorization.,Sibylle Hess|Nico Piatkowski|Katharina Morik
conf/sdm/ZhangGM19,2019,SDM,inproceedings,ABACUS: Unsupervised Multivariate Change Detection via Bayesian Source Separation.,Wenyu Zhang 0003|Daniel E. Gilbert|David S. Matteson
conf/sdm/DaiKLLM20,2020,SDM,inproceedings,Dual-Attention Recurrent Networks for Affine Registration of Neuroimaging Data.,Xin Dai|Xiangnan Kong|Xinyue Liu 0003|John Boaz Lee|Constance M. Moore
conf/sdm/VajjalaMPZR24,2024,SDM,inproceedings,Vietoris-Rips Complex: A New Direction for Cross-Domain Cold-Start Recommendation.,Ajay Krishna Vajjala|Dipak Falgun Meher|Shrunal Pothagoni|Ziwei Zhu 0001|David S. Rosenblum
conf/sdm/MinatoKIMK19,2019,SDM,inproceedings,A Fast Algorithm for Combinatorial Hotspot Mining Based on Spatial Scan Statistic.,Shin-ichi Minato|Jun Kawahara|Fumio Ishioka|Masahiro Mizuta|Koji Kurihara
conf/sdm/OktayAJ19,2019,SDM,inproceedings,Identifying When Effect Restoration Will Improve Estimates of Causal Effect.,H|Akanksha Atrey|David D. Jensen
conf/sdm/SrinivasanZK21,2021,SDM,inproceedings,Learning over Families of Sets - Hypergraph Representation Learning for Higher Order Tasks.,Balasubramaniam Srinivasan|Da Zheng 0004|George Karypis
conf/sdm/DingZZLT022,2022,SDM,inproceedings,Multi-class Label Noise Learning via Loss Decomposition and Centroid Estimation.,Yongliang Ding|Tao Zhou 0002|Chuang Zhang|Yijing Luo|Juan Tang|Chen Gong 0002
conf/sdm/TaymouriRE21,2021,SDM,inproceedings,A Deep Adversarial Model for Suffix and Remaining Time Prediction of Event Sequences.,Farbod Taymouri|Marcello La Rosa|Sarah M. Erfani
conf/sdm/WuKID20,2020,SDM,inproceedings,Deep Kernel Learning for Clustering.,Chieh Wu|Zulqarnain Khan|Stratis Ioannidis|Jennifer G. Dy
conf/sdm/Saldias-Fuentes19,2019,SDM,inproceedings,A Full Probabilistic Model for Yes/No Type Crowdsourcing in Multi-Class Classification.,Bel|Pavlos Protopapas|Karim Pichara B.
conf/sdm/FouldsIKP20,2020,SDM,inproceedings,Bayesian Modeling of Intersectional Fairness: The Variance of Bias.,James R. Foulds|Rashidul Islam|Kamrun Naher Keya|Shimei Pan
conf/sdm/Lu0W024,2024,SDM,inproceedings,Towards Optimization and Model Selection for Domain Generalization: A Mixup-guided Solution.,Wang Lu|Jindong Wang 0001|Yidong Wang|Xing Xie 0001
conf/sdm/Pham0022,2022,SDM,inproceedings,FAME: Fragment-based Conditional Molecular Generation for Phenotypic Drug Discovery.,Thai-Hoang Pham|Lei Xie 0006|Ping Zhang 0016
conf/sdm/ItoF22,2022,SDM,inproceedings,DualCast: Friendship-Preference Co-evolution Forecasting for Attributed Networks.,Hiroyoshi Ito|Christos Faloutsos
conf/sdm/WangDZC21,2021,SDM,inproceedings,Session-based Recommendation with Hypergraph Attention Networks.,Jianling Wang|Kaize Ding|Ziwei Zhu 0001|James Caverlee
conf/sdm/0002QYZ22,2022,SDM,inproceedings,Adapting Distilled Knowledge for Few-shot Relation Reasoning over Knowledge Graphs.,Yiming Zhang 0002|Yiyue Qian|Yanfang Ye 0001|Chuxu Zhang
conf/sdm/ZhouZQJWC23,2023,SDM,inproceedings,A Physics-guided NN-based Approach for Tropical Cyclone Intensity Estimation.,Ziheng Zhou|Ying Zhao|Yiyu Qing|Wenming Jiang|Yihan Wu|Wenguang Chen
conf/sdm/WangLISG18,2018,SDM,inproceedings,Online IT Ticket Automation Recommendation Using Hierarchical Multi-armed Bandit Algorithms.,Qing Wang 0016|Tao Li 0001|S. S. Iyengar 0001|Larisa Shwartz|Genady Ya. Grabarnik
conf/sdm/AggarwalLY21,2021,SDM,inproceedings,Signature-Based Anomaly Detection in Networks.,Charu C. Aggarwal|Yao Li|Philip S. Yu
conf/sdm/ChenXLLJ23,2023,SDM,inproceedings,Physics-Guided Meta-Learning Method in Baseflow Prediction over Large Regions.,Shengyu Chen|Yiqun Xie|Xiang Li|Xu Liang|Xiaowei Jia
conf/sdm/JiangH0S20,2020,SDM,inproceedings,Multiplex Memory Network for Collaborative Filtering.,Xunqiang Jiang|Binbin Hu|Yuan Fang 0001|Chuan Shi 0001
conf/sdm/HeRWC22,2022,SDM,inproceedings,SSSNET: Semi-Supervised Signed Network Clustering.,Yixuan He 0001|Gesine Reinert|Songchao Wang|Mihai Cucuringu
conf/sdm/FreitasWCN20,2020,SDM,inproceedings,D,Scott Freitas|Andrew Wicker|Duen Horng (Polo) Chau|Joshua Neil
conf/sdm/XieS19,2019,SDM,inproceedings,A Nondeterministic Normalization based Scan Statistic (NN-scan) towards Robust Hotspot Detection: A Summary of Results.,Yiqun Xie|Shashi Shekhar 0001
conf/sdm/XuPFTJZ21,2021,SDM,inproceedings,Reconstruction-based Anomaly Detection with Completely Random Forest.,Yi-Xuan Xu|Ming Pang|Ji Feng|Kai Ming Ting|Yuan Jiang 0001|Zhi-Hua Zhou
conf/sdm/HuangGB21,2021,SDM,inproceedings,Density of States Graph Kernels.,Leo Huang|Andrew J. Graven|David Bindel
conf/sdm/HagedornH21,2021,SDM,inproceedings,GPU-Accelerated Constraint-Based Causal Structure Learning for Discrete Data.,Christopher Hagedorn|Johannes Huegle
conf/sdm/GuoAS18,2018,SDM,inproceedings,Strongly Hierarchical Factorization Machines and ANOVA Kernel Regression.,Ruocheng Guo|Hamidreza Alvari|Paulo Shakarian
conf/sdm/LiangJS018,2018,SDM,inproceedings,Semi-supervised Embedding in Attributed Networks with Outliers.,Jiongqian Liang|Peter Jacobs|Jiankai Sun|Srinivasan Parthasarathy 0001
conf/sdm/ChiangLLL18,2018,SDM,inproceedings,Limited-memory Common-directions Method for Distributed Ll-regularized Linear Classification.,Wei-Lin Chiang|Yu-Sheng Li 0001|Ching-Pei Lee|Chih-Jen Lin
conf/sdm/ChenTCXZ18,2018,SDM,inproceedings,On2Vec: Embedding-based Relation Prediction for Ontology Population.,Muhao Chen 0001|Yingtao Tian|Xuelu Chen|Zijun Xue|Carlo Zaniolo
conf/sdm/GhiassiBC23,2023,SDM,inproceedings,Robust Learning via Golden Symmetric Loss of (un)Trusted Labels.,Amirmasoud Ghiassi|Robert Birke|Lydia Y. Chen
conf/sdm/VeldtKG19,2019,SDM,inproceedings,Flow-Based Local Graph Clustering with Better Seed Set Inclusion.,Nate Veldt|Christine Klymko|David F. Gleich
conf/sdm/YangHSX24,2024,SDM,inproceedings,Refining Pre-trained Language Models for Domain Adaptation with Entity-Aware Discriminative and Contrastive Learning.,Jian Yang|Xinyu Hu|Yulong Shen|Gang Xiao
conf/sdm/Li00024,2024,SDM,inproceedings,CausalCDR: Causal Embedding Learning for Cross-domain Recommendation.,Fengxin Li|Hongyan Liu 0002|Jun He 0008|Xiaoyong Du 0001
conf/sdm/ChengW018,2018,SDM,inproceedings,Network Inference from Contrastive Groups Using Discriminative Structural Regularization.,Ruihua Cheng|Zhi Wei 0001|Kai Zhang 0001
conf/sdm/00010ST24,2024,SDM,inproceedings,Feature-Engineered Random Forests.,Saket Sathe 0001|Charu Aggarwal 0001|Horst Samulowitz|Deepak S. Turaga
conf/sdm/00120LTC22,2022,SDM,inproceedings,Unseen Anomaly Detection on Networks via Multi-Hypersphere Learning.,Shuang Zhou 0012|Xiao Huang 0001|Ninghao Liu 0001|Qiaoyu Tan|Fu-Lai Chung
conf/sdm/Hu0WWLF24,2024,SDM,inproceedings,Dual-stage Flows-based Generative Modeling for Traceable Urban Planning.,Xuanming Hu|Wei Fan 0010|Dongjie Wang|Pengyang Wang|Yong Li 0008|Yanjie Fu
conf/sdm/LeeKMS18,2018,SDM,inproceedings,Interpretable Categorization of Heterogeneous Time Series Data.,Ritchie Lee|Mykel J. Kochenderfer|Ole J. Mengshoel|Joshua Silbermann
conf/sdm/0018PYWS21,2021,SDM,inproceedings,LDFeRR: A Fuel-efficient Route Recommendation Approach for Long-distance Driving Based on Historical Trajectories.,Min Liu 0018|Zhaohui Peng|Xiaohui Yu 0001|Senzhang Wang|Qiao Song
conf/sdm/HeXLJZJ24,2024,SDM,inproceedings,"Knowledge Guided Machine Learning for Extracting, Preserving, and Adapting Physics-aware Features.",Erhu He|Yiqun Xie|Licheng Liu|Zhenong Jin|Dajun Zhang 0001|Xiaowei Jia
conf/sdm/MojsilovicU19,2019,SDM,inproceedings,Relative distance comparisons with confidence judgements.,Stefan Mojsilovic|Antti Ukkonen
conf/sdm/BentoI18,2018,SDM,inproceedings,A Family of Tractable Graph Distances.,Jos|Stratis Ioannidis
conf/sdm/SilvaPF18,2018,SDM,inproceedings,A Novel Genetic Algorithm for Feature Selection in Hierarchical Feature Spaces.,Pablo Nascimento da Silva|Alexandre Plastino 0001|Alex Alves Freitas
conf/sdm/SilvaGMH21,2021,SDM,inproceedings,UNIANO: robust and efficient anomaly consensus in time series sensitive to cross-correlated anomaly profiles.,Leonor Silva|Helena Galhardas|Vasco Manquinho|Rui Henriques
conf/sdm/ZhuangH22,2022,SDM,inproceedings,Deperturbation of Online Social Networks via Bayesian Label Transition.,Jun Zhuang 0004|Mohammad Al Hasan
conf/sdm/ZhaoZZX0T23,2023,SDM,inproceedings,Feature Enhanced Zero-Shot Stance Detection via Contrastive Learning.,Xuechen Zhao|Jiaying Zou|Zhong Zhang|Feng Xie 0003|Bin Zhou 0004|Lei Tian
conf/sdm/AggarwalLY20,2020,SDM,inproceedings,On Supervised Change Detection in Graph Streams.,Charu C. Aggarwal|Yao Li|Philip S. Yu
conf/sdm/HanCGMM022,2022,SDM,inproceedings,Leveraging Contextual Graphs for Stochastic Weight Completion in Sparse Road Networks.,Xiaolin Han 0002|Reynold Cheng|Tobias Grubenmann|Silviu Maniu|Chenhao Ma 0001|Xiaodong Li 0009
conf/sdm/LiuY022,2022,SDM,inproceedings,Sensitivity-aware Distance Measurement for Boosting Metric Learning.,Haoliang Liu|Tan Yu|Ping Li 0001
conf/sdm/WeiLZM22,2022,SDM,inproceedings,Flexible Image Captioning via Internal Understanding and External Reasoning.,Jiahui Wei|Zhixin Li 0001|Jianwei Zhu|Huifang Ma
conf/sdm/VombatkereT23,2023,SDM,inproceedings,Balancing Task Coverage and Expert Workload in Team Formation.,Karan Vombatkere|Evimaria Terzi
conf/sdm/BrillFFJNS18,2018,SDM,inproceedings,Exact Mean Computation in Dynamic Time Warping Spaces.,Markus Brill|Till Fluschnik|Vincent Froese|Brijnesh J. Jain|Rolf Niedermeier|David Schultz
conf/sdm/MukherjeeGB22,2022,SDM,inproceedings,DeepGLSTM: Deep Graph Convolutional Network and LSTM based approach for predicting drug-target binding affinity.,Shrimon Mukherjee|Madhusudan Ghosh|Partha Basuchowdhuri
conf/sdm/ChengPZNSY24,2024,SDM,inproceedings,An Image Dataset for Benchmarking Recommender Systems with Raw Pixels.,Yu Cheng 0011|Yunzhu Pan|Jiaqi Zhang|Yongxin Ni|Aixin Sun|Fajie Yuan
conf/sdm/LiYZY18,2018,SDM,inproceedings,Multi-Task Learning based Survival Analysis for Predicting Alzheimer's Disease Progression with Multi-Source Block-wise Missing Data.,Yan Li 0052|Tao Yang 0016|Jiayu Zhou|Jieping Ye
conf/sdm/RezaeiGS21,2021,SDM,inproceedings,Influencers and the Giant Component: The Fundamental Hardness in Privacy Protection for Socially Contagious Attributes.,Aria Rezaei|Jie Gao 0001|Anand D. Sarwate
conf/sdm/TafazoliK23,2023,SDM,inproceedings,Matrix Profile XXVIII: Discovering Multi-Dimensional Time Series Anomalies with,Sadaf Tafazoli|Eamonn J. Keogh
conf/sdm/DaiWPC18,2018,SDM,inproceedings,Brain EEG Time Series Selection: A Novel Graph-Based Approach for Classification.,Chenglong Dai|Jia Wu 0001|Dechang Pi|Lin Cui 0002
conf/sdm/YangJEJNS23,2023,SDM,inproceedings,Data Mining Challenges and Opportunities to Achieve Net Zero Carbon Emissions: Focus on Electrified Vehicles.,Mingzhou Yang 0001|Bharat Jayaprakash|Matthew Eagon|Hyeonjung (Tari) Jung|William F. Northrop|Shashi Shekhar 0001
conf/sdm/ChaudhariMT18,2018,SDM,inproceedings,Markov Chain Monitoring.,Harshal A. Chaudhari|Michael Mathioudakis|Evimaria Terzi
conf/sdm/BelaidBL19,2019,SDM,inproceedings,Constraint Programming for Association Rules.,Mohamed-Bachir Belaid|Christian Bessiere|Nadjib Lazaar
conf/sdm/KummerSRG23,2023,SDM,inproceedings,Adaptive Precision Training (AdaPT): A dynamic quantized training approach for DNNs.,Lorenz Kummer|Kevin Sidak|Tabea Reichmann|Wilfried N. Gansterer
conf/sdm/StanojevicATCFA18,2018,SDM,inproceedings,Robust Road Map Inference through Network Alignment of Trajectories.,Rade Stanojevic|Sofiane Abbar|Saravanan Thirumuruganathan|Sanjay Chawla|Fethi Filali|Ahid Aleimat
conf/sdm/ZhangWYZ022,2022,SDM,inproceedings,HG-Meta: Graph Meta-learning over Heterogeneous Graphs.,Qiannan Zhang|Xiaodong Wu|Qiang Yang 0015|Chuxu Zhang|Xiangliang Zhang 0001
conf/sdm/00010H22,2022,SDM,inproceedings,Improved Knowledge Distillation via Full Kernel Matrix Transfer.,Qi Qian 0001|Hao Li 0030|Juhua Hu
conf/sdm/LiuWZFD18,2018,SDM,inproceedings,Modeling the Interaction Coupling of Multi-View Spatiotemporal Contexts for Destination Prediction.,Kunpeng Liu 0001|Pengyang Wang|Jiawei Zhang 0001|Yanjie Fu|Sajal K. Das 0001
conf/sdm/MalikUHKA21,2021,SDM,inproceedings,Dynamic Graph Convolutional Networks Using the Tensor M-Product.,Osman Asif Malik|Shashanka Ubaru|Lior Horesh|Misha E. Kilmer|Haim Avron
conf/sdm/KaraevHM18,2018,SDM,inproceedings,Latitude: A Model for Mixed Linear-Tropical Matrix Factorization.,Sanjar Karaev|James L. Hook|Pauli Miettinen
conf/sdm/YuAW18,2018,SDM,inproceedings,Modeling Co-Evolution Across Multiple Networks.,Wenchao Yu|Charu C. Aggarwal|Wei Wang 0010
conf/sdm/CarvalhoVF023,2023,SDM,inproceedings,TEM: High Utility Metric Differential Privacy on Text.,Ricardo Silva Carvalho|Theodore Vasiloudis|Oluwaseyi Feyisetan|Ke Wang 0001
conf/sdm/LasserreSKBVS20,2020,SDM,inproceedings,Meta-Learning for Size and Fit Recommendation in Fashion.,Julia Lasserre|Abdul-Saboor Sheikh|Evgenii Koriagin|Urs Bergmann|Roland Vollgraf|Reza Shirvany
conf/sdm/AnYKWK21,2021,SDM,inproceedings,GraphShop: Graph-based Approach for Shop-type Recommendation.,Guoyuan An|Sung Eui Yoon|Jae Yoon Kim|Lin Wang|Myoung Ho Kim
conf/sdm/NguyenC24,2024,SDM,inproceedings,Towards Tuning-Free Minimum-Volume Nonnegative Matrix Factorization.,Duc Toan Nguyen|Eric C. Chi
conf/sdm/RenH24,2024,SDM,inproceedings,EsaCL: An Efficient Continual Learning Algorithm.,Weijieying Ren|Vasant G. Honavar
conf/sdm/Christakopoulou18,2018,SDM,inproceedings,Learning to Interact with Users: A Collaborative-Bandit Approach.,Konstantina Christakopoulou|Arindam Banerjee 0001
conf/sdm/YangSCZD23,2023,SDM,inproceedings,A Linkage-based Doubly Imbalanced Graph Learning Framework for Face Clustering.,Huafeng Yang|Qijie Shen|Xingjian Chen|Fangyi Zhang|Rong Du
conf/sdm/WangZLFA18,2018,SDM,inproceedings,Ensemble-Spotting: Ranking Urban Vibrancy via POI Embedding with Multi-view Spatial Graphs.,Pengyang Wang|Jiawei Zhang 0001|Guannan Liu 0004|Yanjie Fu|Charu C. Aggarwal
conf/sdm/KylasaRMG19,2019,SDM,inproceedings,GPU Accelerated Sub-Sampled Newton's Method for Convex Classification Problems.,Sudhir B. Kylasa|Fred (Farbod) Roosta|Michael W. Mahoney|Ananth Grama
conf/sdm/SaitoSN19,2019,SDM,inproceedings,Doubly Robust Prediction and Evaluation Methods Improve Uplift Modeling for Observational Data.,Yuta Saito|Hayato Sakata|Kazuhide Nakata
conf/sdm/MaWAYT19,2019,SDM,inproceedings,Multi-dimensional Graph Convolutional Networks.,Yao Ma 0001|Suhang Wang|Charu C. Aggarwal|Dawei Yin 0001|Jiliang Tang
conf/sdm/OettershagenK0M20,2020,SDM,inproceedings,Temporal Graph Kernels for Classifying Dissemination Processes.,Lutz Oettershagen|Nils M. Kriege|Christopher Morris 0001|Petra Mutzel
conf/sdm/DiochnosT21,2021,SDM,inproceedings,Learning Reliable Rules under Class Imbalance.,Dimitrios I. Diochnos|Theodore B. Trafalis
conf/sdm/HuangCC18,2018,SDM,inproceedings,A Salient Ensemble of Trees using Cascaded Linear Classifiers with Feature-Cost Constraints.,Chien-Wen Huang|Chung-Kuang Chou|Ming-Syan Chen
conf/sdm/DingLLJ18,2018,SDM,inproceedings,Click versus Share: A Feature-driven Study of Micro-Video Popularity and Virality in Social Media.,Jingtao Ding|Yanghao Li|Yong Li 0008|Depeng Jin
conf/sdm/YangLDZJH20,2020,SDM,inproceedings,Deep Neural Networks with Knowledge Instillation.,Fan Yang 0023|Ninghao Liu 0001|Mengnan Du|Kaixiong Zhou|Shuiwang Ji|Xia Hu 0001
conf/sdm/00080ZF22,2022,SDM,inproceedings,Unifying Human Mobility Forecasting and Trajectory Semantics Augmentation via Hawkes Process Based LSTM.,Pengfei Wang 0008|Kunpeng Liu 0001|Yuanchun Zhou|Yanjie Fu
conf/sdm/SaitoSN20,2020,SDM,inproceedings,Cost-Effective and Stable Policy Optimization Algorithm for Uplift Modeling with Multiple Treatments.,Yuta Saito|Hayato Sakata|Kazuhide Nakata
conf/sdm/CharoenphakdeeS19,2019,SDM,inproceedings,Positive-Unlabeled Classification under Class Prior Shift and Asymmetric Error.,Nontawat Charoenphakdee|Masashi Sugiyama
conf/sdm/SmithHSK18,2018,SDM,inproceedings,Streaming Tensor Factorization for Infinite Data Sources.,Shaden Smith|Kejun Huang|Nicholas D. Sidiropoulos|George Karypis
conf/sdm/ShiGZK018,2018,SDM,inproceedings,AspEm: Embedding Learning by Aspects in Heterogeneous Information Networks.,Yu Shi 0002|Huan Gui|Qi Zhu 0008|Lance M. Kaplan|Jiawei Han 0001
conf/sdm/FanJZY22,2022,SDM,inproceedings,Heterogeneous Temporal Graph Neural Network.,Yujie Fan|Mingxuan Ju|Chuxu Zhang|Yanfang Ye 0001
conf/sdm/McNeilMB22,2022,SDM,inproceedings,SAGA: Signal-Aware Graph Aggregation.,Maxwell McNeil|Boya Ma|Petko Bogdanov
conf/sdm/HooiSPJPF18,2018,SDM,inproceedings,StreamCast: Fast and Online Mining of Power Grid Time Sequences.,Bryan Hooi|Hyun Ah Song|Amritanshu Pandey|Marko Jereminov|Larry T. Pileggi|Christos Faloutsos
conf/sdm/WangS22,2022,SDM,inproceedings,Time-aware Multi-interest Capsule Network for Sequential Recommendation.,Zhikai Wang|Yanyan Shen
conf/sdm/BrowneMTVB19,2019,SDM,inproceedings,"Forest Packing: Fast Parallel, Decision Forests.",James Browne|Disa Mhembere|Tyler M. Tomita|Joshua T. Vogelstein|Randal C. Burns
conf/sdm/WangHZ19,2019,SDM,inproceedings,Towards Identifying Causal Relation Between Instances and Labels.,Tian-Zuo Wang|Sheng-Jun Huang|Zhi-Hua Zhou
conf/sdm/WangMWTZG21,2021,SDM,inproceedings,Towards Learning Outcome Prediction via Modeling Question Explanations and Student Responses.,Tianqi Wang|Fenglong Ma|Yaqing Wang 0001|Tang Tang|Longfei Zhang|Jing Gao 0004
conf/sdm/ChouHSCS022,2022,SDM,inproceedings,GRP-FED: Addressing Client Imbalance in Federated Learning via Global-Regularized Personalization.,Yen-hsiu Chou|Shenda Hong|Chenxi Sun|Derun Cai|Moxian Song|Hongyan Li 0002
conf/sdm/0001XCY0W22,2022,SDM,inproceedings,Structure-Enhanced Heterogeneous Graph Contrastive Learning.,Yanqiao Zhu 0001|Yichen Xu 0008|Hejie Cui|Carl Yang 0001|Qiang Liu 0006|Shu Wu
conf/sdm/OehmckeG22,2022,SDM,inproceedings,Input Selection for Bandwidth-Limited Neural Network Inference.,Stefan Oehmcke|Fabian Gieseke
conf/sdm/0001MLF23,2023,SDM,inproceedings,Max-Min Diversification with Fairness Constraints: Exact and Approximation Algorithms.,Yanhao Wang 0001|Michael Mathioudakis|Jia Li|Francesco Fabbri
conf/sdm/PengHYS18,2018,SDM,inproceedings,Global Nonlinear Metric Learning by Gluing Local Linear Metrics.,Yaxin Peng|Lingfang Hu|Shihui Ying|Chaomin Shen 0001
conf/sdm/Guo0LWS24,2024,SDM,inproceedings,DualVAE: Dual Disentangled Variational AutoEncoder for Recommendation.,Zhiqiang Guo|Guohui Li 0001|Jianjun Li 0010|Chaoyang Wang 0002|Si Shi
conf/sdm/0002ZP021,2021,SDM,inproceedings,Disentangled Dynamic Graph Deep Generation.,Wenbin Zhang 0002|Liming Zhang|Dieter Pfoser|Liang Zhao 0002
conf/sdm/LuoH19,2019,SDM,inproceedings,Region-Based Active Learning with Hierarchical and Adaptive Region Construction.,Zhipeng Luo|Milos Hauskrecht
conf/sdm/KeyaIPSF21,2021,SDM,inproceedings,Equitable Allocation of Healthcare Resources with Fair Survival Models.,Kamrun Naher Keya|Rashidul Islam|Shimei Pan|Ian Stockwell|James R. Foulds
conf/sdm/ZhangG20,2020,SDM,inproceedings,Maximizing diversity over clustered data.,Guangyi Zhang 0001|Aristides Gionis
conf/sdm/SchneiderV18,2018,SDM,inproceedings,Topic Modeling based on Keywords and Context.,Johannes Schneider 0002|Michail Vlachos
conf/sdm/JackECRL23,2023,SDM,inproceedings,It's PageRank All The Way Down: Simplifying Deep Graph Networks.,Dominic Jack|Sarah M. Erfani|Jeffrey Chan|Sutharshan Rajasegarar|Christopher Leckie
conf/sdm/RenNR18,2018,SDM,inproceedings,ALE: Additive Latent Effect Models for Grade Prediction.,Zhiyun Ren|Xia Ning|Huzefa Rangwala
conf/sdm/OzcanMI21,2021,SDM,inproceedings,Submodular Maximization via Taylor Series Approximation.,G|Armin Moharrer|Stratis Ioannidis
conf/sdm/GaoH21,2021,SDM,inproceedings,Faster Stochastic Second Order Method for Large-Scale Machine Learning Models.,Hongchang Gao|Heng Huang 0001
conf/sdm/ZhouLLSSC21,2021,SDM,inproceedings,DPGS: Degree-Preserving Graph Summarization.,Houquan Zhou 0002|Shenghua Liu|Kyuhan Lee|Kijung Shin|Huawei Shen|Xueqi Cheng
conf/sdm/YinCFP21,2021,SDM,inproceedings,TedPar: Temporally Dependent PARAFAC2 Factorization for Phenotype-based Disease Progression Modeling.,Kejing Yin|William K. Cheung 0001|Benjamin C. M. Fung|Jonathan Poon
conf/sdm/TobinHZ23,2023,SDM,inproceedings,Reinforced EM Algorithm for Clustering with Gaussian Mixture Models.,Joshua Tobin|Chin Pang Ho|Mimi Zhang
conf/sdm/LaishramSEPS20,2020,SDM,inproceedings,Residual Core Maximization: An Efficient Algorithm for Maximizing the Size of the,Ricky Laishram|Ahmet Erdem Sariy|Tina Eliassi-Rad|Ali Pinar|Sucheta Soundarajan
conf/sdm/FeremansCG18,2018,SDM,inproceedings,Mining Top-,Len Feremans|Boris Cule|Bart Goethals
conf/sdm/PiasMVD23,2023,SDM,inproceedings,A novel reject option applied to sleep stage scoring.,Dries Van der Plas|Wannes Meert|Johan Verbraecken|Jesse Davis
conf/sdm/LiQZL20,2020,SDM,inproceedings,Knowledge guided diagnosis prediction via graph spatial-temporal network.,Yang Li 0139|Buyue Qian|Xianli Zhang|Hui Liu
conf/sdm/ItoTSYI20,2020,SDM,inproceedings,SSNN: Sentiment Shift Neural Network.,Tomoki Ito|Kota Tsubouchi|Hiroki Sakaji|Tatsuo Yamashita|Kiyoshi Izumi
conf/sdm/ChooS22,2022,SDM,inproceedings,On the Persistence of Higher-Order Interactions in Real-World Hypergraphs.,Hyunjin Choo|Kijung Shin
conf/sdm/TanPW19,2019,SDM,inproceedings,Elastic bands across the path: A new framework and method to lower bound DTW.,Chang Wei Tan|Fran|Geoffrey I. Webb
conf/sdm/Gu0022,2022,SDM,inproceedings,Entropy Weight Allocation: Positive-unlabeled Learning via Optimal Transport.,Wen Gu|Teng Zhang 0001|Hai Jin 0001
conf/sdm/HanCSGO19,2019,SDM,inproceedings,Temporal Graph Regression via Structure-Aware Intrinsic Representation Learning.,Chao Han 0003|Xi Hang Cao|Marija Stanojevic|Mohamed F. Ghalwash|Zoran Obradovic
conf/sdm/SyuLY23,2023,SDM,inproceedings,Anomaly Detection Networks and Fuzzy Control Modules for Energy Grid Management with Q-Learning-Based Decision Making.,Jia-Hao Syu|Jerry Chun-Wei Lin|Philip S. Yu
conf/sdm/YangC19,2019,SDM,inproceedings,Relationship Profiling over Social Networks: Reverse Smoothness from Similarity to Closeness.,Carl Yang 0001|Kevin Chang 0001
conf/sdm/MitraVPR20,2020,SDM,inproceedings,A Unified Non-Negative Matrix Factorization Framework for Semi Supervised Learning on Graphs.,Anasua Mitra|Priyesh Vijayan|Srinivasan Parthasarathy 0001|Balaraman Ravindran
conf/sdm/Ng0FLC022,2022,SDM,inproceedings,Masked Gradient-Based Causal Structure Learning.,Ignavier Ng|Shengyu Zhu 0001|Zhuangyan Fang|Haoyang Li 0002|Zhitang Chen|Jun Wang 0012
conf/sdm/FanWCHH19,2019,SDM,inproceedings,SPMM: A Soft Piecewise Mapping Model for Bilingual Lexicon Induction.,Yan Fan|Chengyu Wang 0001|Boxing Chen|Zhongkai Hu|Xiaofeng He
conf/sdm/PoursafaeiZR22,2022,SDM,inproceedings,A Strong Node Classification Baseline for Temporal Graphs.,Farimah Poursafaei|Zeljko Zilic|Reihaneh Rabbany
conf/sdm/YuTAEV21,2021,SDM,inproceedings,POTION : Optimizing Graph Structure for Targeted Diffusion.,Sixie Yu|Leo Torres 0003|Scott Alfeld|Tina Eliassi-Rad|Yevgeniy Vorobeychik
conf/sdm/GrintenAPM21,2021,SDM,inproceedings,New Approximation Algorithms for Forest Closeness Centrality - for Individual Vertices and Vertex Groups.,Alexander van der Grinten|Eugenio Angriman|Maria Predari|Henning Meyerhenke
conf/sdm/00020024,2024,SDM,inproceedings,Ada-VAD: Domain Adaptable Video Anomaly Detection.,Dongliang Guo 0002|Yun Fu 0001|Sheng Li 0001
conf/sdm/WangMTZ022,2022,SDM,inproceedings,Textbook Enhanced Student Learning Outcome Prediction.,Tianqi Wang|Fenglong Ma|Tang Tang|Longfei Zhang|Jing Gao 0004
conf/sdm/0002LNVP18,2018,SDM,inproceedings,Learning Graph Representation via Frequent Subgraphs.,Dang Nguyen 0002|Wei Luo 0001|Tu Dinh Nguyen|Svetha Venkatesh|Dinh Q. Phung
conf/sdm/GuoL020,2020,SDM,inproceedings,Counterfactual Evaluation of Treatment Assignment Functions with Networked Observational Data.,Ruocheng Guo|Jundong Li|Huan Liu 0001
conf/sdm/LeiberMPB22,2022,SDM,inproceedings,Automatic Parameter Selection for Non-Redundant Clustering.,Collin Leiber|Dominik Mautz|Claudia Plant|Christian B
conf/sdm/Dai0JH023,2023,SDM,inproceedings,ML4C: Seeing Causality Through Latent Vicinity.,Haoyue Dai|Rui Ding 0001|Yuanyuan Jiang|Shi Han|Dongmei Zhang 0001
conf/sdm/HeCNW020,2020,SDM,inproceedings,Deep Matrix Tri-Factorization: Mining Vertex-wise Interactions in Multi-Space Attributed Graphs.,Yi He 0007|Sheng Chen 0008|Thu Nguyen 0001|Bruce A. Wade|Xindong Wu 0001
conf/sdm/0002L23,2023,SDM,inproceedings,Multi-Task Learning with Prior Information.,Mengyuan Zhang 0002|Kai Liu 0028
conf/sdm/ReddyCR19,2019,SDM,inproceedings,Edge Replacement Grammars : A Formal Language Approach for Generating Graphs.,Revanth Reddy|Sarath Chandar|Balaraman Ravindran
conf/sdm/ZhaoNHL19,2019,SDM,inproceedings,LSCP: Locally Selective Combination in Parallel Outlier Ensembles.,Yue Zhao 0016|Zain Nasrullah|Maciej K. Hryniewicki|Zheng Li
conf/sdm/AmsalegCHKRT19,2019,SDM,inproceedings,Intrinsic Dimensionality Estimation within Tight Localities.,Laurent Amsaleg|Oussama Chelly|Michael E. Houle|Ken-ichi Kawarabayashi|Milos Radovanovic 0001|Weeris Treeratanajaru
conf/sdm/ChangKPK20,2020,SDM,inproceedings,Content-Aware Successive Point-of-Interest Recommendation.,Buru Chang|Yookyung Koh|Donghyeon Park|Jaewoo Kang
conf/sdm/LuFR22,2022,SDM,inproceedings,Continuously Generalized Ordinal Regression for Linear and Deep Models.,Fred Lu|Francis Ferraro|Edward Raff
conf/sdm/GhafooriL20,2020,SDM,inproceedings,Deep Multi-sphere Support Vector Data Description.,Zahra Ghafoori|Christopher Leckie
conf/sdm/LavaniaB19,2019,SDM,inproceedings,Auto-Summarization: A Step Towards Unsupervised Learning of a Submodular Mixture.,Chandrashekhar Lavania|Jeff A. Bilmes
conf/sdm/MeertensDHT19,2019,SDM,inproceedings,A Bayesian Approach for Accurate Classification-Based Aggregates.,Q. A. Meertens|C. G. H. Diks|H. Jaap van den Herik|Frank W. Takes
conf/sdm/AnVZSL22,2022,SDM,inproceedings,HintNet: Hierarchical Knowledge Transfer Networks for Traffic Accident Forecasting on Heterogeneous Spatio-Temporal Data.,Bang An 0002|Amin Vahedian|Xun Zhou 0001|W. Nick Street|Yanhua Li
conf/sdm/YaoH24,2024,SDM,inproceedings,Dual-disentangled Deep Multiple Clustering.,Jiawei Yao|Juhua Hu
conf/sdm/BernsB21a,2021,SDM,inproceedings,Complexity-Adaptive Gaussian Process Model Inference for Large-Scale Data.,Fabian Berns|Christian Beecks
conf/sdm/ChiuLL20,2020,SDM,inproceedings,Two-variable Dual Coordinate Descent Methods for Linear SVM with/without the Bias Term.,Chi-Cheng Chiu|Pin-Yen Lin|Chih-Jen Lin
conf/sdm/MaXW18,2018,SDM,inproceedings,Health-ATM: A Deep Architecture for Multifaceted Patient Health Record Representation and Risk Prediction.,Tengfei Ma 0001|Cao Xiao|Fei Wang 0001
conf/sdm/00010X24,2024,SDM,inproceedings,Foundation Models for Spatiotemporal Tasks in the Physical World.,Zhe Jiang 0001|Yu Wang 0044|Zelin Xu 0001
conf/sdm/0003ZZLXJ24,2024,SDM,inproceedings,Lattice Convolutional Networks for Learning Ground States of Quantum Many-Body Systems.,Cong Fu 0003|Xuan Zhang|Huixin Zhang|Hongyi Ling|Shenglong Xu|Shuiwang Ji
conf/sdm/YangYD021,2021,SDM,inproceedings,Deep Multi-type Objects Muli-view Multi-instance Multi-label Learning.,Yuanlin Yang 0001|Guoxian Yu|Carlotta Domeniconi|Xiangliang Zhang 0001
conf/sdm/KalofoliasWV21,2021,SDM,inproceedings,SUSAN: The Structural Similarity Random Walk Kernel.,Janis Kalofolias|Pascal Welke|Jilles Vreeken
conf/sdm/VettoruzzoBR24,2024,SDM,inproceedings,Personalized Federated Learning with Contextual Modulation and Meta-Learning.,Anna Vettoruzzo|Mohamed-Rafik Bouguelia|Thorsteinn S. R
conf/sdm/ChouLL20,2020,SDM,inproceedings,Dual Coordinate-Descent Methods for Linear One-Class SVM and SVDD.,Hung-Yi Chou|Pin-Yen Lin|Chih-Jen Lin
conf/sdm/YuL23,2023,SDM,inproceedings,Heterogeneous Graph Contrastive Learning with Meta-path Contexts and Weighted Negative Samples.,Jianxiang Yu 0001|Xiang Li 0067
conf/sdm/Zhu022,2022,SDM,inproceedings,Self-supervision based Semantic Alignment for Unsupervised Domain Adaptation.,Ronghang Zhu|Sheng Li 0001
conf/sdm/FangCHF19,2019,SDM,inproceedings,Fast Training for Large-Scale One-versus-All Linear Classifiers using Tree-Structured Initialization.,Huang Fang|Minhao Cheng|Cho-Jui Hsieh|Michael P. Friedlander
conf/sdm/EnglhardtTVB20,2020,SDM,inproceedings,Finding the Sweet Spot: Batch Selection for One-Class Active Learning.,Adrian Englhardt|Holger Trittenbach|Dennis Vetter|Klemens B
conf/sdm/YaLCG21,2021,SDM,inproceedings,Heterogeneous Graph Neural Networks for Query-focused Summarization.,Jing Ya|Tingwen Liu|Jiangxia Cao|Li Guo
conf/sdm/004800KJN23,2023,SDM,inproceedings,Optimal Smooth Approximation for Quantile Matrix Factorization.,Peng Liu 0048|Yi Liu 0062|Rui Zhu 0007|Linglong Kong|Bei Jiang|Di Niu
conf/sdm/ZhuangTPS23,2023,SDM,inproceedings,Subgraph Centralization: A Necessary Step for Graph Anomaly Detection.,Zhong Zhuang|Kai Ming Ting|Guansong Pang|Shuaibin Song
conf/sdm/UbaruSS19,2019,SDM,inproceedings,Find the dimension that counts: Fast dimension estimation and Krylov PCA.,Shashanka Ubaru|Abd-Krim Seghouane|Yousef Saad
conf/sdm/AmburgVB22,2022,SDM,inproceedings,Diverse and Experienced Group Discovery via Hypergraph Clustering.,Ilya Amburg|Nate Veldt|Austin R. Benson
conf/sdm/WangYJ19,2019,SDM,inproceedings,Spatial Variational Auto-Encoding via Matrix-Variate Normal Distributions.,Zhengyang Wang|Hao Yuan 0001|Shuiwang Ji
conf/sdm/LivanosD24,2024,SDM,inproceedings,Identification and Uses of Deep Learning Backbones via Pattern Mining.,Michael J. Livanos|Ian Davidson
conf/sdm/OettershagenKJM23,2023,SDM,inproceedings,A Temporal Graphlet Kernel For Classifying Dissemination in Evolving Networks.,Lutz Oettershagen|Nils M. Kriege|Claude Jordan|Petra Mutzel
conf/sdm/Li0TL18,2018,SDM,inproceedings,Multi-Layered Network Embedding.,Jundong Li|Chen Chen 0022|Hanghang Tong|Huan Liu 0001
conf/sdm/BudhathokiV18,2018,SDM,inproceedings,Causal Inference on Event Sequences.,Kailash Budhathoki|Jilles Vreeken
conf/sdm/ShenWLDZY19,2019,SDM,inproceedings,Path-based Attribute-aware Representation Learning for Relation Prediction.,Ying Shen 0001|Desi Wen|Yaliang Li|Nan Du 0001|Haitao Zheng 0002|Min Yang 0007
conf/sdm/DingGYCLH20,2020,SDM,inproceedings,BiGAN: Collaborative Filtering with Bidirectional Generative Adversarial Networks.,Rui Ding 0003|Guibing Guo|Xiaochun Yang 0001|Bowei Chen 0004|Zhirong Liu|Xiuqiang He 0001
conf/sdm/KulkarniSME022,2022,SDM,inproceedings,CPTAM: Constituency Parse Tree Aggregation Method.,Adithya Kulkarni|Nasim Sabetpour|Alexey Markin|Oliver Eulenstein|Qi Li 0012
conf/sdm/MaoSJZ18,2018,SDM,inproceedings,Outlier Detection over Distributed Trajectory Streams.,Jiali Mao|Pengda Sun|Cheqing Jin|Aoying Zhou
conf/sdm/TengTYC18,2018,SDM,inproceedings,Revenue Maximization on the Multi-grade Product.,Ya-Wen Teng|Chih-Hua Tai|Philip S. Yu|Ming-Syan Chen
conf/sdm/TatsuboriWBW18,2018,SDM,inproceedings,A Probabilistic Hough Transform for Opportunistic Crowd-sensing of Moving Traffic Obstacles.,Michiaki Tatsubori|Aisha Walcott-Bryant|Reginald E. Bryant|John Wamburu
conf/sdm/GlantzM18,2018,SDM,inproceedings,Many-to-many Correspondences between Partitions: Introducing a Cut-based Approach.,Roland Glantz|Henning Meyerhenke
conf/sdm/ZhaoZCM22,2022,SDM,inproceedings,A Non-sequential Approach to Deep User Interest Model for CTR Prediction.,Keke Zhao|Xing Zhao|Qi Cao|Linjian Mo
conf/sdm/LiGZCB20,2020,SDM,inproceedings,Hessian based analysis of SGD for Deep Nets: Dynamics and Generalization.,Xinyan Li|Qilong Gu|Yingxue Zhou|Tiancong Chen|Arindam Banerjee 0001
conf/sdm/SunLZ22,2022,SDM,inproceedings,ConLearn: Contextual-knowledge-aware Concept Prerequisite Relation Learning with Graph Neural Network.,Hao Sun 0015|Yuntao Li|Yan Zhang 0117
conf/sdm/SarpeV21,2021,SDM,inproceedings,PRESTO: Simple and Scalable Sampling Techniques for the Rigorous Approximation of Temporal Motif Counts.,Ilie Sarpe|Fabio Vandin
conf/sdm/ZhanDDHW024,2024,SDM,inproceedings,Meta-Adaptive Stock Movement Prediction with Two-Stage Representation Learning.,Donglin Zhan|Yusheng Dai|Yiwei Dong|Jinghai He|Zhenyi Wang 0001|James Anderson 0001
conf/sdm/ZhangZZ022,2022,SDM,inproceedings,GANBLR++: Incorporating Capacity to Generate Numeric Attributes and Leveraging Unrestricted Bayesian Networks.,Yishuo Zhang|Nayyar Abbas Zaidi|Jiahui Zhou|Gang Li 0009
conf/sdm/MaadiKA23,2023,SDM,inproceedings,Uncertainty in Selective Bagging: A Dynamic Bi-objective Optimization Model.,Mansoureh Maadi|Hadi Akbarzadeh Khorshidi|Uwe Aickelin
conf/sdm/ZhangLZZ23,2023,SDM,inproceedings,Domain Disentangled Meta-Learning.,Xin Zhang 0098|Yanhua Li|Ziming Zhang|Zhi-Li Zhang
conf/sdm/MorvanCGA18,2018,SDM,inproceedings,Graph sketching-based Space-efficient Data Clustering.,Anne Morvan|Krzysztof Choromanski|C|Jamal Atif
conf/sdm/ShayestehfardBI23,2023,SDM,inproceedings,AlignGraph: A Group of Generative Models for Graphs.,Kimia Shayestehfard|Dana H. Brooks|Stratis Ioannidis
conf/sdm/LiSPSW24,2024,SDM,inproceedings,Stable Synthetic Control with Anomaly Detection for Causal Inference.,Qiang Li|Yiqiao Sun|Linsey Pang|Liang Sun 0001|Qingsong Wen
conf/sdm/YangZ23,2023,SDM,inproceedings,Estimating Latent Population Flows from Aggregated Data via Inversing Multi-Marginal Optimal Transport.,Sikun Yang|Hongyuan Zha
conf/sdm/BoumberVQ24,2024,SDM,inproceedings,"Blue Sky: Multilingual, Multimodal Domain Independent Deception Detection.",Dainis Boumber|Rakesh M. Verma|Fatima Zahra Qachfar
conf/sdm/WanM18,2018,SDM,inproceedings,One-Class Recommendation with Asymmetric Textual Feedback.,Mengting Wan|Julian J. McAuley
conf/sdm/GhoshRMSD024,2024,SDM,inproceedings,Towards Entity-Aware Conditional Variational Inference for Heterogeneous Time-Series Prediction: An application to Hydrology.,Rahul Ghosh|Arvind Renganathan|Wallace McAliley|Michael S. Steinbach|Christopher J. Duffy|Vipin Kumar 0001
conf/sdm/AltieriPPV21,2021,SDM,inproceedings,Scalable Distributed Approximation of Internal Measures for Clustering Evaluation.,Federico Altieri|Andrea Pietracaprina|Geppino Pucci|Fabio Vandin
conf/sdm/WangLWJ18,2018,SDM,inproceedings,You Are How You Move: Linking Multiple User Identities From Massive Mobility Traces.,Huandong Wang|Yong Li 0008|Gang Wang 0011|Depeng Jin
conf/sdm/SunJLCH19,2019,SDM,inproceedings,Bus Travel Speed Prediction using Attention Network of Heterogeneous Correlation Features.,Yidan Sun|Guiyuan Jiang|Siew-Kei Lam|Shicheng Chen|Peilan He
conf/sdm/LiZLLH19,2019,SDM,inproceedings,GeoAttn: Localization of Social Media Messages via Attentional Memory Network.,Sha Li|Chao Zhang 0014|Dongming Lei|Ji Li|Jiawei Han 0001
conf/sdm/GujralTP20,2020,SDM,inproceedings,SPADE: Streaming PARAFAC2 DEcomposition for Large Datasets.,Ekta Gujral|Georgios Theocharous|Evangelos E. Papalexakis
conf/sdm/AlaeeASMGK20,2020,SDM,inproceedings,Features or Shape? Tackling the False Dichotomy of Time Series Classification.,Sara Alaee|Alireza Abdoli|Christian R. Shelton|Amy C. Murillo|Alec C. Gerry|Eamonn J. Keogh
conf/sdm/ZhangHR24,2024,SDM,inproceedings,CoLafier: Collaborative Noisy Label Purifier With Local Intrinsic Dimensionality Guidance.,Dongyu Zhang|Ruofan Hu 0001|Elke A. Rundensteiner
conf/sdm/JohanssonL20,2020,SDM,inproceedings,Well-calibrated and specialized probability estimation trees.,Ulf Johansson|Tuwe L
conf/sdm/JabbariC20,2020,SDM,inproceedings,An Instance-Specific Algorithm for Learning the Structure of Causal Bayesian Networks Containing Latent Variables.,Fattaneh Jabbari|Gregory F. Cooper
conf/sdm/ArachchiT23,2023,SDM,inproceedings,Node ranking in labeled networks.,Chamalee Wickrama Arachchi|Nikolaj Tatti
conf/sdm/DrumondBGS20,2020,SDM,inproceedings,HIDRA: Head Initialization across Dynamic targets for Robust Architectures.,Rafael R|Lukas Brinkmeyer|Josif Grabocka|Lars Schmidt-Thieme
conf/sdm/LiuLSL20,2020,SDM,inproceedings,An Advantage Actor-Critic Algorithm with Confidence Exploration for Open Information Extraction.,Guiliang Liu|Xu Li 0001|Mingming Sun 0001|Ping Li 0001
conf/sdm/JalaliW0RS20,2020,SDM,inproceedings,On the Information Unfairness of Social Networks.,Zeinab S. Jalali|Weixiang Wang|Myunghwan Kim 0002|Hema Raghavan|Sucheta Soundarajan
conf/sdm/YousefzadehOL19,2019,SDM,inproceedings,Learning Diverse Gaussian Graphical Models and Interpreting Edges.,Roozbeh Yousefzadeh|Diane Oyen|Nina Lanza
conf/sdm/HooiSLF19,2019,SDM,inproceedings,SMF: Drift-Aware Matrix Factorization with Seasonal Patterns.,Bryan Hooi|Kijung Shin|Shenghua Liu|Christos Faloutsos
conf/sdm/LiangWMQH19,2019,SDM,inproceedings,A Deep Spatio-Temporal Fuzzy Neural Network for Passenger Demand Prediction.,Xiaoyuan Liang|Guiling Wang 0001|Martin Renqiang Min|Yi Qi|Zhu Han 0001
conf/sdm/RubashevskiiKP23,2023,SDM,inproceedings,Scalable Batch Acquisition for Deep Bayesian Active Learning.,Aleksandr Rubashevskii|Daria Kotova|Maxim Panov
conf/sdm/ZhaBL0H23,2023,SDM,inproceedings,Data-centric AI: Perspectives and Challenges.,Daochen Zha|Zaid Pervaiz Bhat|Kwei-Herng Lai|Fan Yang 0023|Xia Hu 0001
conf/sdm/YeCW0024,2024,SDM,inproceedings,UPFL: Unsupervised Personalized Federated Learning towards New Clients.,Tiandi Ye|Cen Chen 0001|Yinggui Wang|Xiang Li 0067|Ming Gao 0001
conf/sdm/WangWFLT20,2020,SDM,inproceedings,Global-and-Local Aware Data Generation for the Class Imbalance Problem.,Wentao Wang 0006|Suhang Wang|Wenqi Fan|Zitao Liu 0001|Jiliang Tang
conf/sdm/BhailaHWW24,2024,SDM,inproceedings,Local Differential Privacy in Graph Neural Networks: a Reconstruction Approach.,Karuna Bhaila|Wen Huang 0003|Yongkai Wu|Xintao Wu
conf/sdm/WangJ18,2018,SDM,inproceedings,Learning Convolutional Text Representations for Visual Question Answering.,Zhengyang Wang|Shuiwang Ji
conf/sdm/RymarczykDD23,2023,SDM,inproceedings,ProGReST: Prototypical Graph Regression Soft Trees for Molecular Property Prediction.,Dawid Rymarczyk|Daniel Dobrowolski|Tomasz Danel
conf/sdm/WangWJDFZ23,2023,SDM,inproceedings,Hierarchical Neural Topic Model with Embedding Cluster and Neural Variational Inference.,Ningjing Wang|Deqing Wang|Ting Jiang|Chenguang Du|Chuyu Fang|Fuzhen Zhuang
conf/sdm/ChangOL20,2020,SDM,inproceedings,GRIA: Graphical Regularization for Integrative Analysis.,Changgee Chang|Jihwan Oh|Qi Long
conf/sdm/SchoutenDP22,2022,SDM,inproceedings,Exceptional Model Mining for Repeated Cross-Sectional Data (EMM-RCS).,Rianne Margaretha Schouten|Wouter Duivesteijn|Mykola Pechenizkiy
conf/sdm/Li018,2018,SDM,inproceedings,Evolving Separating References for Time Series Classification.,Xiaosheng Li|Jessica Lin 0001
conf/sdm/QinWMYW021,2021,SDM,inproceedings,Contradictory Structure Learning for Semi-supervised Domain Adaptation.,Can Qin|Lichen Wang|Qianqian Ma|Yu Yin 0001|Huan Wang 0014|Yun Fu 0001
conf/sdm/ZhangLJ24,2024,SDM,inproceedings,Denoising Long- and Short-term Interests for Sequential Recommendation.,Xinyu Zhang|Beibei Li 0001|Beihong Jin
conf/sdm/HossainFBKT24,2024,SDM,inproceedings,EBV: Electronic Bee-Veterinarian for Principled Mining and Forecasting of Honeybee Time Series.,Shamima Hossain|Christos Faloutsos|Boris Baer|Hyoseung Kim 0001|Vassilis J. Tsotras
conf/sdm/CaiSSZH022,2022,SDM,inproceedings,Hypergraph Contrastive Learning for Electronic Health Records.,Derun Cai|Chenxi Sun|Moxian Song|Baofeng Zhang|Shenda Hong|Hongyan Li 0002
conf/sdm/EfteliogluTS18,2018,SDM,inproceedings,Avoidance Region Discovery: A Summary of Results.,Emre Eftelioglu|Xun Tang|Shashi Shekhar 0001
conf/sdm/ZhouL022,2022,SDM,inproceedings,Noisy Truncated SGD: Optimization and Generalization.,Yingxue Zhou|Xinyan Li|Arindam Banerjee 0001
conf/sdm/EnglhardtB20,2020,SDM,inproceedings,Exploring the Unknown - Query Synthesis in One-Class Active Learning.,Adrian Englhardt|Klemens B
conf/sdm/WangZWG21,2021,SDM,inproceedings,Fair Classification Under Strict Unawareness.,Haoyu Wang 0004|Hengtong Zhang|Yaqing Wang 0001|Jing Gao 0004
conf/sdm/PasrichaSSF0P23,2023,SDM,inproceedings,Harvester: Principled Factorization-based Temporal Tensor Granularity Estimation.,Ravdeep S. Pasricha|Uday Singh Saini|Nicholas D. Sidiropoulos|Fei Fang 0001|Kevin Chan 0001|Evangelos E. Papalexakis
conf/sdm/HooiF19,2019,SDM,inproceedings,Branch and Border: Partition-Based Change Detection in Multivariate Time Series.,Bryan Hooi|Christos Faloutsos
conf/sdm/FengT23,2023,SDM,inproceedings,Concept Discovery for Fast Adaptation.,Shengyu Feng|Hanghang Tong
conf/sdm/LuoLYDW22,2022,SDM,inproceedings,Multiperiod Corporate Default Prediction Through Neural Parametric Family Learning.,Wei-Lun Luo|Yu-Ming Lu|Jheng-Hong Yang|Jin-Chuan Duan|Chuan-Ju Wang
conf/sdm/0002LSC24,2024,SDM,inproceedings,Graph Summarization for Preserving Spectral Characteristics.,Houquan Zhou 0002|Shenghua Liu|Huawei Shen|Xueqi Cheng
conf/sdm/RoychoudhuryZO19,2019,SDM,inproceedings,Leveraging Subsequence-orders for Univariate and Multivariate Time-series Classification.,Shoumik Roychoudhury|Fang Zhou|Zoran Obradovic
conf/sdm/0022W022,2022,SDM,inproceedings,Meta Adversarial Weight for Unsupervised Domain Adaptation.,Chang Liu 0022|Lichen Wang|Yun Fu 0001
conf/sdm/YuanCTW0Z24,2024,SDM,inproceedings,Label Distribution Learning-Enhanced Dual-KNN for Text Classification.,Bo Yuan 0017|Yulin Chen|Zhen Tan 0001|Jinyan Wang|Huan Liu 0001|Yin Zhang
conf/sdm/BohnGO19,2019,SDM,inproceedings,Optimally rotated coordinate systems for adaptive least-squares regression on sparse grids.,Bastian Bohn|Michael Griebel|Jens Oettershagen
conf/sdm/ZhuLHK21,2021,SDM,inproceedings,Node Proximity Is All You Need: Unified Structural and Positional Node and Graph Embedding.,Jing Zhu 0005|Xingyu Lu|Mark Heimann|Danai Koutra
conf/sdm/0007T22,2022,SDM,inproceedings,YACC: A Framework Generalizing Tur,Shweta Jain 0007|Hanghang Tong
conf/sdm/WangELH21,2021,SDM,inproceedings,A Dimensionality-Driven Approach for Unsupervised Out-of-distribution Detection.,Qizhou Wang 0001|Sarah M. Erfani|Christopher Leckie|Michael E. Houle
conf/sdm/0012ZJ023,2023,SDM,inproceedings,A Two-View EEG Representation for Brain Cognition by Composite Temporal-Spatial Contrastive Learning.,Zheng Chen 0012|Lingwei Zhu|Haohui Jia|Takashi Matsubara 0001
conf/sdm/RezayiZZ023,2023,SDM,inproceedings,XDC: Adaptive Cross Domain Short Text Clustering.,Saed Rezayi|Handong Zhao|Ronghang Zhu|Sheng Li 0001
conf/sdm/PhanLN22,2022,SDM,inproceedings,StepDIRECT - A Derivative-Free Optimization Method for Stepwise Functions.,Dzung T. Phan|Hongsheng Liu|Lam M. Nguyen
conf/sdm/LiuZSGK19,2019,SDM,inproceedings,Coupled Clustering of Time-Series and Networks.,Yike Liu|Linhong Zhu|Pedro A. Szekely|Aram Galstyan|Danai Koutra
conf/sdm/LuZYWYN23,2023,SDM,inproceedings,BDA: Bandit-based Transferable AutoAugment.,Shan Lu|Mingjun Zhao|Songling Yuan|Xiaoli Wang 0004|Lei Yang|Di Niu
conf/sdm/ZhangG020,2020,SDM,inproceedings,Semantic Discord: Finding Unusual Local Patterns for Time Series.,Li Zhang 0074|Yifeng Gao 0001|Jessica Lin 0001
conf/sdm/WangZCS24,2024,SDM,inproceedings,Laplacian Score Benefit Adaptive Filter Selection for Graph Neural Networks.,Yewen Wang|Shichang Zhang|John (Junghoo) Cho|Yizhou Sun
conf/sdm/WangWBSSZ19,2019,SDM,inproceedings,A Novel Regularizer for Temporally Stable Learning with an Application to Twitter Topic Classification.,Yakun Wang|Ga Wu|Mohamed Reda Bouadjenek|Scott Sanner|Sen Su|Zhongbao Zhang
conf/sdm/GhoshMSS20,2020,SDM,inproceedings,Optimal Bidding Strategy without Exploration in Real-time Bidding.,Aritra Ghosh 0001|Saayan Mitra|Somdeb Sarkhel|Viswanathan Swaminathan 0001
conf/sdm/ScharwachterM20,2020,SDM,inproceedings,Two-Sample Testing for Event Impacts in Time Series.,Erik Scharw|Emmanuel M
conf/sdm/LiCGLCG19,2019,SDM,inproceedings,Collaborative Filtering with Noisy Ratings.,Dongsheng Li 0002|Chao Chen 0016|Zhilin Gong|Tun Lu|Stephen M. Chu|Ning Gu 0001
conf/sdm/ChiQW024,2024,SDM,inproceedings,Active Learning for Graphs with Noisy Structures.,Hongliang Chi|Cong Qi|Suhang Wang|Yao Ma 0001
conf/sdm/WiegandKV21,2021,SDM,inproceedings,Mining Easily Understandable Models from Complex Event Logs.,Boris Wiegand|Dietrich Klakow|Jilles Vreeken
conf/sdm/HeS0021,2021,SDM,inproceedings,Deep Neural Network for 3D Surface Segmentation based on Contour Tree Hierarchy.,Wenchong He|Arpan Man Sainju|Zhe Jiang 0001|Da Yan 0001
conf/sdm/BaiLG023,2023,SDM,inproceedings,Saliency-Augmented Memory Completion for Continual Learning.,Guangji Bai|Chen Ling 0003|Yuyang Gao|Liang Zhao 0002
conf/sdm/FanFSLW19,2019,SDM,inproceedings,Reading Customer Reviews to Answer Product-related Questions.,Miao Fan|Chao Feng|Mingming Sun 0001|Ping Li 0001|Haifeng Wang 0001
conf/sdm/DaiK0H21,2021,SDM,inproceedings,CiNet: Redesigning Deep Neural Networks for Efficient Mobile-Cloud Collaborative Inference.,Xin Dai|Xiangnan Kong|Tian Guo 0001|Yixian Huang
conf/sdm/0002LZZ023,2023,SDM,inproceedings,STM-GAIL: Spatial-Temporal Meta-GAIL for Learning Diverse Human Driving Strategies.,Yingxue Zhang 0002|Yanhua Li|Xun Zhou 0001|Ziming Zhang|Jun Luo 0007
conf/sdm/XiaoRTG18,2018,SDM,inproceedings,Reconstructing a cascade from temporal observations.,Han Xiao 0009|Polina Rozenshtein|Nikolaj Tatti|Aristides Gionis
conf/sdm/LiuLFL19,2019,SDM,inproceedings,Deep Skip-Gram Networks for Text Classification.,Chaochun Liu|Yaliang Li|Hongliang Fei|Ping Li 0001
conf/sdm/Amornbunchornvej18,2018,SDM,inproceedings,Framework for Inferring Leadership Dynamics of Complex Movement from Time Series.,Chainarong Amornbunchornvej|Tanya Y. Berger-Wolf
conf/sdm/ChenLW22,2022,SDM,inproceedings,Adversarially Reprogramming Pretrained Neural Networks for Data-limited and Cost-efficient Malware Detection.,Lingwei Chen|Xiaoting Li 0001|Dinghao Wu
conf/sdm/YouKS20,2020,SDM,inproceedings,DANR: Discrepancy-aware Network Regularization.,Hongyuan You|Furkan Kocayusufoglu|Ambuj K. Singh
conf/sdm/RamGSB23,2023,SDM,inproceedings,Toward Theoretical Guidance for Two Common Questions in Practical Cross-Validation based Hyperparameter Selection.,Parikshit Ram|Alexander G. Gray|Horst C. Samulowitz|Gregory Bramble
conf/sdm/Jiang0ZZXY18,2018,SDM,inproceedings,On Spectral Graph Embedding: A Non-Backtracking Perspective and Graph Approximation.,Fei Jiang|Lifang He 0001|Yi Zheng|Enqiang Zhu|Jin Xu 0002|Philip S. Yu
conf/sdm/XuLLLT21,2021,SDM,inproceedings,"Yet Meta Learning Can Adapt Fast, it Can Also Break Easily.",Han Xu 0002|Yaxin Li 0001|Xiaorui Liu|Hui Liu 0031|Jiliang Tang
conf/sdm/ItzhakJM24,2024,SDM,inproceedings,Early Multiple Temporal Patterns Based Event Prediction in Heterogeneous Multivariate Temporal Data.,Nevo Itzhak|Szymon Jaroszewicz|Robert Moskovitch
conf/sdm/HeKTL21,2021,SDM,inproceedings,Robust Dual Recurrent Neural Networks for Financial Time Series Prediction.,Jiayu He|Matloob Khushi|Nguyen Hoang Tran|Tongliang Liu
conf/sdm/ChengGSHL19,2019,SDM,inproceedings,Hierarchical Attention Networks for Cyberbullying Detection on the Instagram Social Network.,Lu Cheng 0001|Ruocheng Guo|Yasin N. Silva|Deborah L. Hall|Huan Liu 0001
conf/sdm/MarxYL21,2021,SDM,inproceedings,Estimating Conditional Mutual Information for Discrete-Continuous Mixtures using Multi-Dimensional Adaptive Histograms.,Alexander Marx 0001|Lincen Yang|Matthijs van Leeuwen
conf/sdm/GrzeszczykTS24,2024,SDM,inproceedings,MISS: Multiclass Interpretable Scoring Systems.,Michal K. Grzeszczyk|Tomasz Trzcinski|Arkadiusz Sitek
conf/sdm/Matsuda00O22,2022,SDM,inproceedings,FedMe: Federated Learning via Model Exchange.,Koji Matsuda|Yuya Sasaki 0001|Chuan Xiao 0001|Makoto Onizuka
conf/sdm/ZhengCH19,2019,SDM,inproceedings,Deep Multimodality Model for Multi-task Multi-view Learning.,Lecheng Zheng|Yu Cheng|Jingrui He
conf/sdm/BruningDER24,2024,SDM,inproceedings,On the number of iterations of the DBA algorithm.,Frederik Br|Anne Driemel|Alperen Erg|Heiko R
conf/sdm/ArrigoT19,2019,SDM,inproceedings,"Multi-Dimensional, Multilayer, Nonlinear and Dynamic HITS.",Francesca Arrigo|Francesco Tudisco
conf/sdm/ChenLGP23,2023,SDM,inproceedings,Heavy Nodes in a Small Neighborhood: Algorithms and Applications.,Huiping Chen 0001|Grigorios Loukides|Robert Gwadera|Solon P. Pissis
conf/sdm/SchierRR22,2022,SDM,inproceedings,Constrained Mean Shift Clustering.,Maximilian Schier|Christoph Reinders|Bodo Rosenhahn
conf/sdm/GaoL0024,2024,SDM,inproceedings,Helper Recommendation with seniority control in Online Health Community.,Junruo Gao|Chen Ling 0003|Carl Yang 0001|Liang Zhao 0002
conf/sdm/PunziCG023,2023,SDM,inproceedings,An Efficient Algorithm for Assessing the Number of,Giulia Punzi|Alessio Conte|Roberto Grossi|Andrea Marino 0001
conf/sdm/NguyenHN19,2019,SDM,inproceedings,Efficient Summarizing of Evolving Events from Twitter Streams.,Thi-Huyen Nguyen|Tuan-Anh Hoang|Wolfgang Nejdl
conf/sdm/0006TL0T22,2022,SDM,inproceedings,Learning from Imbalanced Crowdsourced Labeled Data.,Wentao Wang 0006|Joseph Thekinen|Xiaorui Liu|Zitao Liu 0001|Jiliang Tang
conf/sdm/ChenL0Z24,2024,SDM,inproceedings,Test-Time Training for Spatial-Temporal Forecasting.,Changlu Chen|Yanbin Liu|Ling Chen 0006|Chengqi Zhang
conf/sdm/NguyenTGRBV19,2019,SDM,inproceedings,Incomplete Conditional Density Estimation for Fast Materials Discovery.,Phuoc Nguyen|Truyen Tran 0001|Sunil Gupta 0001|Santu Rana|Matthew Barnett|Svetha Venkatesh
conf/sdm/XiaoZZS20,2020,SDM,inproceedings,Vertex-reinforced Random Walk for Network Embedding.,Wenyi Xiao|Huan Zhao 0002|Vincent W. Zheng|Yangqiu Song
conf/sdm/JiangTN024,2024,SDM,inproceedings,Disinformation Detection: An Evolving Challenge in the Age of LLMs.,Bohan Jiang|Zhen Tan 0001|Ayushi Nirmal|Huan Liu 0001
conf/sdm/MartinM20,2020,SDM,inproceedings,Heavy-Tailed Universality Predicts Trends in Test Accuracies for Very Large Pre-Trained Deep Neural Networks.,Charles H. Martin|Michael W. Mahoney
conf/sdm/MillotCB21,2021,SDM,inproceedings,Exceptional Model Mining meets Multi-objective Optimization.,Alexandre Millot|R|Jean-Fran
conf/sdm/TranDNN24,2024,SDM,inproceedings,Robust Estimation of Causal Heteroscedastic Noise Models.,Quang-Duy Tran|Bao Duong|Phuoc Nguyen|Thin Nguyen
conf/sdm/NiXHPC022,2022,SDM,inproceedings,Cyclic Transfer Learning for Recommender Systems with Heterogeneous Feedbacks.,Xuelian Ni|Fei Xiong|Yutian Hu|Shirui Pan|Hongshu Chen|Liang Wang 0017
conf/sdm/YangZLG18,2018,SDM,inproceedings,Robust Cost-Sensitive Learning for Recommendation with Implicit Feedback.,Peng Yang 0010|Peilin Zhao|Yong Liu 0020|Xin Gao 0001
conf/sdm/TongXZ23,2023,SDM,inproceedings,Probabilistic Decomposition Transformer for Time Series Forecasting.,Junlong Tong|Liping Xie|Kanjian Zhang
conf/sdm/Chen0DJ023,2023,SDM,inproceedings,Gotta: Generative Few-shot Question Answering by Prompt-based Cloze Data Augmentation.,Xiusi Chen|Yu Zhang 0044|Jinliang Deng|Jyun-Yu Jiang|Wei Wang 0010
conf/sdm/JinXZCWL18,2018,SDM,inproceedings,Maximizing the Effect of Information Adoption: A General Framework.,Tianyuan Jin|Tong Xu 0001|Hui Zhong|Enhong Chen|Zhefeng Wang 0001|Qi Liu 0003
conf/sdm/YiHP21,2021,SDM,inproceedings,A Fine-grained Graph-based Spatiotemporal Network for Bike Flow Prediction in Bike-sharing Systems.,Peiyu Yi|Feihu Huang 0002|Jian Peng 0002
conf/sdm/AbbasiFSV19,2019,SDM,inproceedings,Fairness in representation: quantifying stereotyping as a representational harm.,Mohsen Abbasi|Sorelle A. Friedler|Carlos Scheidegger|Suresh Venkatasubramanian
conf/sdm/LiuJ22,2022,SDM,inproceedings,Neighbor2Seq: Deep Learning on Massive Graphs by Transforming Neighbors to Sequences.,Meng Liu 0015|Shuiwang Ji
conf/sdm/RahmanP23,2023,SDM,inproceedings,Multi-state Survival Analysis using Pseudo value-based Deep Neural Networks.,Md Mahmudur Rahman|Sanjay Purushotham
conf/sdm/LiZSY18,2018,SDM,inproceedings,Unsupervised Neural Categorization for Scientific Publications.,Keqian Li|Hanwen Zha|Yu Su 0001|Xifeng Yan
conf/sdm/ErichsonTWM21,2021,SDM,inproceedings,Noise-Response Analysis of Deep Neural Networks Quantifies Robustness and Fingerprints Structural Malware.,N. Benjamin Erichson|Dane Taylor|Qixuan Wu|Michael W. Mahoney
conf/sdm/HuZT24,2024,SDM,inproceedings,Genius: Subteam Replacement with Clustering-based Graph Neural Networks.,Chuxuan Hu|Qinghai Zhou|Hanghang Tong
conf/sdm/ZhangZWLM20,2020,SDM,inproceedings,What Do Questions Exactly Ask? MFAE: Duplicate Question Identification with Multi-Fusion Asking Emphasis.,Rong Zhang|Qifei Zhou|Bo Wu 0018|Weiping Li|Tong Mo
conf/sdm/GiacomettiS18,2018,SDM,inproceedings,Dense Neighborhood Pattern Sampling in Numerical Data.,Arnaud Giacometti|Arnaud Soulet
conf/sdm/LiCW21,2021,SDM,inproceedings,Turning Attacks into Protection: Social Media Privacy Protection Using Adversarial Attacks.,Xiaoting Li 0001|Lingwei Chen|Dinghao Wu
conf/sdm/GottckeBBZ23,2023,SDM,inproceedings,An Interpretable Measure of Dataset Complexity for Imbalanced Classification Problems.,Jonatan M|Colin Bellinger|Paula Branco|Arthur Zimek
conf/sdm/IacobCM22,2022,SDM,inproceedings,Contextual Bandits for Advertising Campaigns: A Diffusion-Model Independent Approach.,Alexandra Iacob|Bogdan Cautis|Silviu Maniu
conf/sdm/SatoYK21,2021,SDM,inproceedings,Random Features Strengthen Graph Neural Networks.,Ryoma Sato|Makoto Yamada|Hisashi Kashima
conf/sdm/KeneshlooRR19,2019,SDM,inproceedings,Deep Transfer Reinforcement Learning for Text Summarization.,Yaser Keneshloo|Naren Ramakrishnan|Chandan K. Reddy
conf/sdm/OhsakaSY20,2020,SDM,inproceedings,A Predictive Optimization Framework for Hierarchical Demand Matching.,Naoto Ohsaka|Tomoya Sakai 0001|Akihiro Yabe
conf/sdm/TanDWLQZ18,2018,SDM,inproceedings,Modeling Item-specific Effects for Video Click.,Fei Tan 0002|Kuang Du|Zhi Wei 0001|Haoran Liu|Chenguang Qin|Ran Zhu
conf/sdm/StanleyGWK20,2020,SDM,inproceedings,Harmonic Alignment.,Jay S. Stanley III|Scott Gigante|Guy Wolf|Smita Krishnaswamy
conf/sdm/BanerjeeKBDSO21,2021,SDM,inproceedings,Synthesizing Skeletal Motion and Physiological Signals as a Function of a Virtual Human's Actions and Emotions.,Bonny Banerjee|Masoumeh Heidari Kapourchali|Murchana Baruah|Mousumi Deb|Kenneth Sakauye|Mette S. Olufsen
conf/sdm/ZhangRD20,2020,SDM,inproceedings,A Graph-Based Approach for Active Learning in Regression.,Hongjing Zhang|S. S. Ravi|Ian Davidson
conf/sdm/KimKLK19,2019,SDM,inproceedings,Predicting Multiple Demographic Attributes with Task Specific Embedding Transformation and Attention Network.,Raehyun Kim|Hyunjae Kim|Janghyuk Lee|Jaewoo Kang
conf/sdm/ZhengCLL21,2021,SDM,inproceedings,Maximizing Approximately,Leqian Zheng|Hau Chan|Grigorios Loukides|Minming Li
conf/sdm/TattiM19,2019,SDM,inproceedings,Boolean matrix factorization meets consecutive ones property.,Nikolaj Tatti|Pauli Miettinen
conf/sdm/0002M24,2024,SDM,inproceedings,Bridging Semantics: Mobility Analytics Framework for Knowledge Transfer.,Shreya Ghosh 0002|Prasenjit Mitra
conf/sdm/WangH018,2018,SDM,inproceedings,NLRR++: Scalable Subspace Clustering via Non-Convex Block Coordinate Descent.,Jun Wang|Cho-Jui Hsieh|Daming Shi 0001
conf/sdm/RavirathinamGKJ24,2024,SDM,inproceedings,Combining Satellite and Weather Data for Crop Type Mapping: An Inverse Modelling Approach.,Praveen Ravirathinam|Rahul Ghosh|Ankush Khandelwal|Xiaowei Jia|David J. Mulla|Vipin Kumar 0001
conf/sdm/ZhuangHH19,2019,SDM,inproceedings,Aspect-Based Sentiment Analysis with Minimal Guidance.,Honglei Zhuang|Timothy P. Hanratty|Jiawei Har
conf/sdm/SunGZ0W24,2024,SDM,inproceedings,Exploiting Multifaceted Nature of Items and Users for Session-based Recommendation.,Tianqi Sun|Hongrui Guo|Zihan Zhang|Hongzhi Liu 0001|Zhonghai Wu
conf/sdm/LiuE23,2023,SDM,inproceedings,STABLE: Identifying and Mitigating Instability in Embeddings of the Degenerate Core.,David Liu 0006|Tina Eliassi-Rad
conf/sdm/LiMCW23,2023,SDM,inproceedings,Coarse-to-Fine Open Information Extraction via Relation Oriented Reading Comprehension.,Tingxin Li|Rui Meng|Feng Chen|Jianming Wu
conf/sdm/LinC0S24,2024,SDM,inproceedings,Unified Modeling and Clustering of Mobility Trajectories with Spatiotemporal Point Processes.,Haowen Lin|Yao-Yi Chiang|Li Xiong 0001|Cyrus Shahabi
conf/sdm/Zhou0X0022,2022,SDM,inproceedings,Cycle-Balanced Representation Learning For Counterfactual Inference.,Guanglin Zhou|Lina Yao 0001|Xiwei Xu 0001|Chen Wang 0008|Liming Zhu 0001
conf/sdm/HsiehSWH21,2021,SDM,inproceedings,Functional Autoencoders for Functional Data Representation Learning.,Tsung-Yu Hsieh|Yiwei Sun|Suhang Wang|Vasant G. Honavar
conf/sdm/00010S0W23,2023,SDM,inproceedings,Abnormal Event Detection via Hypergraph Contrastive Learning.,Bo Yan 0001|Cheng Yang 0002|Chuan Shi 0001|Jiawei Liu 0006|Xiaochen Wang
conf/sdm/YeZYHHS24,2024,SDM,inproceedings,A Novel Hybrid Graph Learning Method for Inbound Parcel Volume Forecasting in Logistics System.,Lisha Ye|Jianfeng Zhou|Zhe Yin|Kunpeng Han|Haoyuan Hu|Dongjin Song
conf/sdm/LinWW19,2019,SDM,inproceedings,MM-Pred: A Deep Predictive Model for Multi-attribute Event Sequence.,Li Lin 0011|Lijie Wen 0001|Jianmin Wang 0001
conf/sdm/MandlechaCKK22,2022,SDM,inproceedings,Hybrid Tokenization and Datasets for Solving Mathematics and Science Problems Using Transformers.,Pratik Mandlecha|Snehith Kumar Chatakonda|Neeraj Kollepara|Pawan Kumar 0001
conf/sdm/ZhangC23,2023,SDM,inproceedings,Understanding Influence Maximization via Higher-Order Decomposition.,Zonghan Zhang|Zhiqian Chen
conf/sdm/ChenP19,2019,SDM,inproceedings,Joint Post and Link-level Influence Modeling on Social Media.,Liangzhe Chen|B. Aditya Prakash
conf/sdm/LeeKMA20,2020,SDM,inproceedings,Deep Parametric Model for Discovering Group-cohesive Functional Brain Regions.,John Boaz Lee|Xiangnan Kong|Constance M. Moore|Nesreen K. Ahmed
conf/sdm/TajimaHZK21,2021,SDM,inproceedings,Frank-Wolfe algorithm for learning SVM-type multi-category classifiers.,Kenya Tajima|Yoshihiro Hirohashi|Esmeraldo Ronnie Rey Zara|Tsuyoshi Kato
conf/sdm/DingLBL19,2019,SDM,inproceedings,Deep Anomaly Detection on Attributed Networks.,Kaize Ding|Jundong Li|Rohit Bhanushali|Huan Liu 0001
conf/sdm/CarpentierFMV24,2024,SDM,inproceedings,Pattern-based Time Series Semantic Segmentation with Gradual State Transitions.,Louis Carpentier|Len Feremans|Wannes Meert|Mathias Verbeke
conf/sdm/ChuCC0R23,2023,SDM,inproceedings,Estimating Propensity Scores with Deep Adaptive Variable Selection.,Zhixuan Chu|Mechelle Claridy|Jos|Sheng Li 0001|Stephen L. Rathbun
conf/sdm/LambaA19,2019,SDM,inproceedings,Learning On-the-Job to Re-rank Anomalies from Top-1 Feedback.,Hemank Lamba|Leman Akoglu
conf/sdm/JiangZWZ22,2022,SDM,inproceedings,Capturing Model Uncertainty with Data Augmentation in Deep Learning.,Wenming Jiang|Ying Zhao|Yihan Wu|Haojia Zuo
conf/sdm/KanatsoulisS21,2021,SDM,inproceedings,TeX-Graph: Coupled tensor-matrix knowledge-graph embedding for COVID-19 drug repurposing.,Charilaos I. Kanatsoulis|Nicholas D. Sidiropoulos
conf/sdm/AdhikariRPV18,2018,SDM,inproceedings,Near-Optimal Mapping of Network States using Probes.,Bijaya Adhikari|Pavan Rangudu|B. Aditya Prakash|Anil Vullikanti
conf/sdm/LiMJJ024,2024,SDM,inproceedings,Multi-Interest Network with Simple Diffusion for Multi-Behavior Sequential Recommendation.,Qingfeng Li 0001|Huifang Ma|Wangyu Jin|Yugang Ji|Zhixin Li 0001
conf/sdm/FariaAM23,2023,SDM,inproceedings,Fisher Scoring Method for Neural Networks Optimization.,Jackson de Faria|Renato Assun|Fabricio Murai
conf/sdm/ChenBG0T22,2022,SDM,inproceedings,Dense and well-connected subgraph detection in dual networks.,Tianyi Chen|Francesco Bonchi|David Garc|Atsushi Miyauchi 0001|Charalampos E. Tsourakakis
conf/sdm/KisamoriWKF18,2018,SDM,inproceedings,A Rare and Critical Condition Search Technique and its Application to Telescope Stray Light Analysis.,Keiichi Kisamori|Takashi Washio|Yoshio Kameda|Ryohei Fujimaki
conf/sdm/ZaidiPW18,2018,SDM,inproceedings,Efficient and Effective Accelerated Hierarchical Higher-Order Logistic Regression for Large Data Quantities.,Nayyar Abbas Zaidi|Fran|Geoffrey I. Webb
conf/sdm/WiegandKV23,2023,SDM,inproceedings,Why Are We Waiting? Discovering Interpretable Models for Predicting Sojourn and Waiting Times.,Boris Wiegand|Dietrich Klakow|Jilles Vreeken
conf/sdm/FergusonM22,2022,SDM,inproceedings,Computation of the Sample Fr,Daniel Ferguson|Fran
conf/sdm/WangBLTZ19,2019,SDM,inproceedings,Deep Multi-view Information Bottleneck.,Qi Wang|Claire Boudreau|Qixing Luo|Pang-Ning Tan|Jiayu Zhou
conf/sdm/LinZDOZ23,2023,SDM,inproceedings,MoVAE: A Variational AutoEncoder for Molecular Graph Generation.,Zerun Lin|Yuhan Zhang|Lixin Duan|Le Ou-Yang|Peilin Zhao
conf/sdm/MatsunoG20,2020,SDM,inproceedings,Improved mixing time for,Ryuta Matsuno|Aristides Gionis
conf/sdm/ZhangXZT23,2023,SDM,inproceedings,Representation Learning on Dynamic Network of Networks.,Si Zhang|Yinglong Xia|Yan Zhu|Hanghang Tong
conf/sdm/GaoWR21,2021,SDM,inproceedings,Provable Distributed Stochastic Gradient Descent with Delayed Updates.,Hongchang Gao|Gang Wu 0013|Ryan A. Rossi
conf/sdm/CaiZR18,2018,SDM,inproceedings,JUMP: A Fast Deterministic Algorithm to Find the Closest Pair of Subsequences.,Xingyu Cai|Shanglin Zhou|Sanguthevar Rajasekaran
conf/sdm/TanYDWZ18,2018,SDM,inproceedings,Multi-view Weak-label Learning based on Matrix Completion.,Qiaoyu Tan|Guoxian Yu|Carlotta Domeniconi|Jun Wang 0035|Zili Zhang 0001
conf/sdm/McNeilMTB23,2023,SDM,inproceedings,CADENCE: Community-Aware Detection of Dynamic Network States.,Maxwell McNeil|Carolina Mattsson|Frank W. Takes|Petko Bogdanov
conf/sdm/YangHS20,2020,SDM,inproceedings,Identifying Potential Investors with Data Driven Approaches.,Bo Yang 0053|Kejun Huang|Nicholas D. Sidiropoulos
conf/sdm/PhanI19,2019,SDM,inproceedings,,Dzung T. Phan|Tsuyoshi Id
conf/sdm/0006LML18,2018,SDM,inproceedings,Toward Relational Learning with Misinformation.,Liang Wu 0006|Jundong Li|Fred Morstatter|Huan Liu 0001
conf/sdm/0002ZYF024,2024,SDM,inproceedings,FedDCSR: Federated Cross-domain Sequential Recommendation via Disentangled Representation Learning.,Hongyu Zhang 0002|Dongyi Zheng|Xu Yang|Jiyuan Feng|Qing Liao 0001
conf/wsdm/WuBG0LY23,2023,WSDM,inproceedings,Modeling Fine-grained Information via Knowledge-aware Hierarchical Graph for Zero-shot Entity Retrieval.,Taiqiang Wu|Xingyu Bai|Weigang Guo|Weijie Liu 0002|Siheng Li|Yujiu Yang 0001
conf/wsdm/WhiteA19,2019,WSDM,inproceedings,Task Duration Estimation.,Ryen W. White|Ahmed Hassan Awadallah
conf/wsdm/LiWLY23,2023,WSDM,inproceedings,Self-Supervised Group Graph Collaborative Filtering for Group Recommendation.,Kang Li|Chang-Dong Wang 0001|Jian-Huang Lai|Huaqiang Yuan
conf/wsdm/BudylinDKT18,2018,WSDM,inproceedings,Consistent Transformation of Ratio Metrics for Efficient Online Controlled Experiments.,Roman Budylin|Alexey Drutsa|Ilya Katsev|Valeriya Tsoy
conf/wsdm/VirinchiS23,2023,WSDM,inproceedings,BLADE: Biased Neighborhood Sampling based Graph Neural Network for Directed Graphs.,Srinivas Virinchi|Anoop Saladi
conf/wsdm/KimJ021,2021,WSDM,inproceedings,Discovering Undisclosed Paid Partnership on Social Media via Aspect-Attentive Sponsored Post Learning.,Seungbae Kim|Jyun-Yu Jiang|Wei Wang 0010
conf/wsdm/Ben-EliezerEOF22,2022,WSDM,inproceedings,Sampling Multiple Nodes in Large Networks: Beyond Random Walks.,Omri Ben-Eliezer|Talya Eden|Joel Oren|Dimitris Fotakis 0001
conf/wsdm/XinSH0022,2022,WSDM,inproceedings,Informed Multi-context Entity Alignment.,Kexuan Xin|Zequn Sun 0001|Wen Hua|Wei Hu 0007|Xiaofang Zhou 0001
conf/wsdm/HuS24,2024,WSDM,inproceedings,User Consented Federated Recommender System Against Personalized Attribute Inference Attack.,Qi Hu|Yangqiu Song
conf/wsdm/KiyoharaSMNSY22,2022,WSDM,inproceedings,Doubly Robust Off-Policy Evaluation for Ranking Policies under the Cascade Behavior Model.,Haruka Kiyohara|Yuta Saito|Tatsuya Matsuhiro|Yusuke Narita|Nobuyuki Shimizu|Yasuo Yamamoto
conf/wsdm/RosinGR22,2022,WSDM,inproceedings,Time Masking for Temporal Language Models.,Guy D. Rosin|Ido Guy|Kira Radinsky
conf/wsdm/BorattoM21,2021,WSDM,inproceedings,Advances in Bias-aware Recommendation on the Web.,Ludovico Boratto|Mirko Marras
conf/wsdm/ZhangXJCDY21,2021,WSDM,inproceedings,Modeling Across-Context Attention For Long-Tail Query Classification in E-commerce.,Junhao Zhang|Weidi Xu|Jianhui Ji|Xi Chen|Hongbo Deng|Keping Yang
conf/wsdm/ZhangYHDYL18,2018,WSDM,inproceedings,Discrete Deep Learning for Fast Content-Aware Recommendation.,Yan Zhang 0036|Hongzhi Yin|Zi Huang|Xingzhong Du|Guowu Yang|Defu Lian
conf/wsdm/KongWPZH24,2024,WSDM,inproceedings,C²DR: Robust Cross-Domain Recommendation based on Causal Disentanglement.,Menglin Kong|Jia Wang 0009|Yushan Pan|Haiyang Zhang 0004|Muzhou Hou
conf/wsdm/AkbiyikEKVA23,2023,WSDM,inproceedings,"Ask ""Who"", Not ""What"": Bitcoin Volatility Forecasting with Twitter Data.",M. Eren Akbiyik|Mert Erkul|Killian K|Vaiva Vasiliauskaite|Nino Antulov-Fantulin
conf/wsdm/WenWZC23,2023,WSDM,inproceedings,Visual Matching is Enough for Scene Text Retrieval.,Lilong Wen|Yingrong Wang|Dongxiang Zhang|Gang Chen 0001
conf/wsdm/WuW0ZW22,2022,WSDM,inproceedings,Improving the Applicability of Knowledge-Enhanced Dialogue Generation Systems by Using Heterogeneous Knowledge from Multiple Sources.,Sixing Wu|Minghui Wang|Ying Li 0012|Dawei Zhang 0003|Zhonghai Wu
conf/wsdm/ZhouDW20,2020,WSDM,inproceedings,Enhancing Re-finding Behavior with External Memories for Personalized Search.,Yujia Zhou 0002|Zhicheng Dou|Ji-Rong Wen
conf/wsdm/HuSXHCL18,2018,WSDM,inproceedings,Who Will Share My Image?: Predicting the Content Diffusion Path in Online Social Networks.,Wenjian Hu|Krishna Kumar Singh|Fanyi Xiao|Jinyoung Han|Chen-Nee Chuah|Yong Jae Lee
conf/wsdm/AwadallahGSW19,2019,WSDM,inproceedings,Task Intelligence Workshop @ WSDM 2019.,Ahmed Hassan Awadallah|Cathal Gurrin|Mark Sanderson|Ryen W. White
conf/wsdm/LaenenZM18,2018,WSDM,inproceedings,Web Search of Fashion Items with Multimodal Querying.,Katrien Laenen|Susana Zoghbi|Marie-Francine Moens
conf/wsdm/ZhengHM19,2019,WSDM,inproceedings,FaceOff: Assisting the Manifestation Design of Web Graphical User Interface.,Shuyu Zheng|Ziniu Hu|Yun Ma 0003
conf/wsdm/0001CHA23,2023,WSDM,inproceedings,DeMEtRIS: Counting (near)-Cliques by Crawling.,Suman K. Bera 0001|Jayesh Choudhari|Shahrzad Haddadan|Sara Ahmadian
conf/wsdm/FuXTH23,2023,WSDM,inproceedings,Natural and Artificial Dynamics in GNNs: A Tutorial.,Dongqi Fu|Zhe Xu 0007|Hanghang Tong|Jingrui He
conf/wsdm/DaiXC018,2018,WSDM,inproceedings,Convolutional Neural Networks for Soft-Matching N-Grams in Ad-hoc Search.,Zhuyun Dai|Chenyan Xiong|Jamie Callan|Zhiyuan Liu 0001
conf/wsdm/LiLC21,2021,WSDM,inproceedings,Filter Pruning via Probabilistic Model-based Optimization for Accelerating Deep Convolutional Neural Networks.,Qinghua Li|Cuiping Li 0001|Hong Chen 0001
conf/wsdm/ChenLCL20,2020,WSDM,inproceedings,Context-aware Deep Model for Joint Mobility and Time Prediction.,Yile Chen 0001|Cheng Long 0001|Gao Cong|Chenliang Li
conf/wsdm/NourbakhshGP20,2020,WSDM,inproceedings,SPread: Automated Financial Metric Extraction and Spreading Tool from Earnings Reports.,Armineh Nourbakhsh|Mohammad M. Ghassemi|Steven Pomerville
conf/wsdm/GaoW0022,2022,WSDM,inproceedings,Graph Neural Networks for Recommender System.,Chen Gao 0001|Xiang Wang 0010|Xiangnan He 0001|Yong Li 0008
conf/wsdm/SteckDRJ20,2020,WSDM,inproceedings,ADMM SLIM: Sparse Recommendations for Many Users.,Harald Steck|Maria Dimakopoulou|Nickolai Riabov|Tony Jebara
conf/wsdm/JuHHH19,2019,WSDM,inproceedings,"A Sequential Test for Selecting the Better Variant: Online A/B testing, Adaptive Allocation, and Continuous Monitoring.",Nianqiao Ju|Diane Hu|Adam Henderson|Liangjie Hong
conf/wsdm/GaoRZZYY19,2019,WSDM,inproceedings,Product-Aware Answer Generation in E-Commerce Question-Answering.,Shen Gao|Zhaochun Ren|Yihong Eric Zhao|Dongyan Zhao 0001|Dawei Yin 0001|Rui Yan 0001
conf/wsdm/LinGW19,2019,WSDM,inproceedings,Learning Personalized Topical Compositions with Item Response Theory.,Lu Lin 0001|Lin Gong|Hongning Wang
conf/wsdm/Guo0W24,2024,WSDM,inproceedings,GEMRec: Towards Generative Model Recommendation.,Yuanhe Guo|Haoming Liu 0003|Hongyi Wen
conf/wsdm/YooLSK22,2022,WSDM,inproceedings,Directed Network Embedding with Virtual Negative Edges.,Hyunsik Yoo|Yeon-Chang Lee|Kijung Shin|Sang-Wook Kim
conf/wsdm/BhowmickMDGM20,2020,WSDM,inproceedings,LouvainNE: Hierarchical Louvain Method for High Quality and Scalable Network Embedding.,Ayan Kumar Bhowmick|Koushik Meneni|Maximilien Danisch|Jean-Loup Guillaume|Bivas Mitra
conf/wsdm/BahriTZBMT21,2021,WSDM,inproceedings,Generative Models are Unsupervised Predictors of Page Quality: A Colossal-Scale Study.,Dara Bahri|Yi Tay|Che Zheng|Cliff Brunk|Donald Metzler|Andrew Tomkins
conf/wsdm/0006RA21,2021,WSDM,inproceedings,"Explain and Predict, and then Predict Again.",Zijian Zhang 0006|Koustav Rudra|Avishek Anand
conf/wsdm/WangWH24,2024,WSDM,inproceedings,FairIF: Boosting Fairness in Deep Learning via Influence Functions with Validation Set Sensitive Attributes.,Haonan Wang|Ziwei Wu|Jingrui He
conf/wsdm/CaoLGLL021,2021,WSDM,inproceedings,Bipartite Graph Embedding via Mutual Information Maximization.,Jiangxia Cao|Xixun Lin|Shu Guo|Luchen Liu|Tingwen Liu|Bin Wang 0004
conf/wsdm/SunLCWBZ24,2024,WSDM,inproceedings,Rethinking and Simplifying Bootstrapped Graph Latents.,Wangbin Sun|Jintang Li|Liang Chen 0001|Bingzhe Wu|Yatao Bian|Zibin Zheng
conf/wsdm/TianWPWX21,2021,WSDM,inproceedings,I2PS: An Online Item Intelligent Publishing System in Consumer to Consumer (C2C) Transaction Platform.,Lei Tian|Nanyang Wang|Pan Pan|Bin Wang|Yinghui Xu
conf/wsdm/HuangOR22,2022,WSDM,inproceedings,It Is Different When Items Are Older: Debiasing Recommendations When Selection Bias and User Preferences Are Dynamic.,Jin Huang 0010|Harrie Oosterhuis|Maarten de Rijke
conf/wsdm/DingLCL22,2022,WSDM,inproceedings,Graph Minimally-supervised Learning.,Kaize Ding|Jundong Li|Nitesh V. Chawla|Huan Liu 0001
conf/wsdm/Alonso024,2024,WSDM,inproceedings,"Some Useful Things to Know When Combining IR and NLP: The Easy, the Hard and the Ugly.",Omar Alonso|Kenneth Church 0001
conf/wsdm/WangF0NC21,2021,WSDM,inproceedings,Denoising Implicit Feedback for Recommendation.,Wenjie Wang 0007|Fuli Feng|Xiangnan He 0001|Liqiang Nie|Tat-Seng Chua
conf/wsdm/XuDZ22,2022,WSDM,inproceedings,Identifying Cost-effective Debunkers for Multi-stage Fake News Mitigation Campaigns.,Xiaofei Xu|Ke Deng|Xiuzhen Zhang 0001
conf/wsdm/GrbovicN18,2018,WSDM,inproceedings,"Workshop on Two-sided Marketplace Optimization: Search, Pricing, Matching & Growth.",Mihajlo Grbovic|Thanasis Noulas
conf/wsdm/SakotaP024,2024,WSDM,inproceedings,Fly-Swat or Cannon? Cost-Effective Language Model Choice via Meta-Modeling.,Marija Sakota|Maxime Peyrard|Robert West 0001
conf/wsdm/Abbasiantaeb0KA24,2024,WSDM,inproceedings,Let the LLMs Talk: Simulating Human-to-Human Conversational QA via Zero-Shot LLM-to-LLM Interactions.,Zahra Abbasiantaeb|Yifei Yuan 0002|Evangelos Kanoulas|Mohammad Aliannejadi
conf/wsdm/WenYTPS18,2018,WSDM,inproceedings,Customer Purchase Behavior Prediction from Payment Datasets.,Yu Ting Wen|Pei-Wen Yeh|Tzu-Hao Tsai|Wen-Chih Peng|Hong-Han Shuai
conf/wsdm/JagermanMR19,2019,WSDM,inproceedings,When People Change their Mind: Off-Policy Evaluation in Non-stationary Recommendation Environments.,Rolf Jagerman|Ilya Markov|Maarten de Rijke
conf/wsdm/Prado-RomeroPS23,2023,WSDM,inproceedings,Developing and Evaluating Graph Counterfactual Explanation with GRETEL.,Mario Alfonso Prado-Romero|Bardh Prenkaj|Giovanni Stilo
conf/wsdm/PibiriPM19,2019,WSDM,inproceedings,Fast Dictionary-Based Compression for Inverted Indexes.,Giulio Ermanno Pibiri|Matthias Petri|Alistair Moffat
conf/wsdm/YuL18,2018,WSDM,inproceedings,Review-Aware Answer Prediction for Product-Related Questions Incorporating Aspects.,Qian Yu|Wai Lam
conf/wsdm/MengKZM20,2020,WSDM,inproceedings,Separate and Attend in Personal Email Search.,Yu Meng 0001|Maryam Karimzadehgan|Honglei Zhuang|Donald Metzler
conf/wsdm/ChenGJH23,2023,WSDM,inproceedings,Relation Preference Oriented High-order Sampling for Recommendation.,Mukun Chen|Xiuwen Gong|YH Jin|Wenbin Hu 0001
conf/wsdm/GallagherCBC19,2019,WSDM,inproceedings,Joint Optimization of Cascade Ranking Models.,Luke Gallagher|Ruey-Cheng Chen|Roi Blanco|J. Shane Culpepper
conf/wsdm/GuZCLPQ19,2019,WSDM,inproceedings,Relevance Search over Schema-Rich Knowledge Graphs.,Yu Gu 0016|Tianshuo Zhou|Gong Cheng 0001|Ziyang Li 0005|Jeff Z. Pan|Yuzhong Qu
conf/wsdm/UstalovSBL23,2023,WSDM,inproceedings,4th Crowd Science Workshop - CANDLE: Collaboration of Humans and Learning Algorithms for Data Labeling.,Dmitry Ustalov|Saiph Savage|Niels van Berkel|Yang Liu 0018
conf/wsdm/WangCDXG023,2023,WSDM,inproceedings,Effective Graph Kernels for Evolving Functional Brain Networks.,Xinlei Wang|Jinyi Chen|Bing Tian Dai|Junchang Xin|Yu Gu 0002|Ge Yu 0001
conf/wsdm/HopeS18,2018,WSDM,inproceedings,Ballpark Crowdsourcing: The Wisdom of Rough Group Comparisons.,Tom Hope|Dafna Shahaf
conf/wsdm/ISVGV24,2024,WSDM,inproceedings,Mitigating Factual Inconsistency and Hallucination in Large Language Models.,Muneeswaran I|Advaith Shankar|Varun V|Saisubramaniam Gopalakrishnan|Vishal Vaddina
conf/wsdm/WangZF22,2022,WSDM,inproceedings,Scalable Graph Topology Learning via Spectral Densification.,Yongyu Wang|Zhiqiang Zhao|Zhuo Feng
conf/wsdm/OvaisiHLZZX22,2022,WSDM,inproceedings,RGRecSys: A Toolkit for Robustness Evaluation of Recommender Systems.,Zohreh Ovaisi|Shelby Heinecke|Jia Li 0015|Yongfeng Zhang 0003|Elena Zheleva|Caiming Xiong
conf/wsdm/XiaLWL21,2021,WSDM,inproceedings,DeepIS: Susceptibility Estimation on Social Networks.,Wenwen Xia|Yuchen Li 0001|Jun Wu 0001|Shenghong Li 0001
conf/wsdm/WuWYLHX19,2019,WSDM,inproceedings,MSA: Jointly Detecting Drug Name and Adverse Drug Reaction Mentioning Tweets with Multi-Head Self-Attention.,Chuhan Wu|Fangzhao Wu|Zhigang Yuan|Junxin Liu|Yongfeng Huang 0001|Xing Xie 0001
conf/wsdm/DengZKZZC20,2020,WSDM,inproceedings,Meta-Learning with Dynamic-Memory-Based Prototypical Network for Few-Shot Event Detection.,Shumin Deng|Ningyu Zhang 0001|Jiaojian Kang|Yichi Zhang 0010|Wei Zhang 0127|Huajun Chen
conf/wsdm/LiuW0YLZ24,2024,WSDM,inproceedings,Capturing Temporal Node Evolution via Self-supervised Learning: A New Perspective on Dynamic Graph Learning.,Lingwen Liu|Guangqi Wen|Peng Cao 0001|Jinzhu Yang|Weiping Li 0002|Osmar R. Za
conf/wsdm/WuL18,2018,WSDM,inproceedings,Tracing Fake-News Footprints: Characterizing Social Media Messages by How They Propagate.,Liang Wu 0006|Huan Liu 0001
conf/wsdm/Pujara018,2018,WSDM,inproceedings,Mining Knowledge Graphs From Text.,Jay Pujara|Sameer Singh 0001
conf/wsdm/SarrafzadehALLS19,2019,WSDM,inproceedings,Characterizing and Predicting Email Deferral Behavior.,Bahareh Sarrafzadeh|Ahmed Hassan Awadallah|Christopher H. Lin|Chia-Jung Lee|Milad Shokouhi|Susan T. Dumais
conf/wsdm/LuoL00022,2022,WSDM,inproceedings,Ada-GNN: Adapting to Local Patterns for Improving Graph Neural Networks.,Zihan Luo 0001|Jianxun Lian|Hong Huang 0001|Hai Jin 0001|Xing Xie 0001
conf/wsdm/YueWHZMW24,2024,WSDM,inproceedings,Linear Recurrent Units for Sequential Recommendation.,Zhenrui Yue|Yueqi Wang|Zhankui He|Huimin Zeng 0001|Julian J. McAuley|Dong Wang 0002
conf/wsdm/SchneebeliKK21,2021,WSDM,inproceedings,A Practical Federated Learning Framework for Small Number of Stakeholders.,Christian Schneebeli|Saikishore Kalloori|Severin Klingler
conf/wsdm/YangMZGZ023,2023,WSDM,inproceedings,Interpretable Research Interest Shift Detection with Temporal Heterogeneous Graphs.,Qiang Yang 0015|Changsheng Ma|Qiannan Zhang|Xin Gao 0001|Chuxu Zhang|Xiangliang Zhang 0001
conf/wsdm/NikolakopoulosK19,2019,WSDM,inproceedings,RecWalk: Nearly Uncoupled Random Walks for Top-N Recommendation.,Athanasios N. Nikolakopoulos|George Karypis
conf/wsdm/0006GL21,2021,WSDM,inproceedings,Toward User Engagement Optimization in 2D Presentation.,Liang Wu 0006|Mihajlo Grbovic|Jundong Li
conf/wsdm/FazelniaS0CL22,2022,WSDM,inproceedings,Variational User Modeling with Slow and Fast Features.,Ghazal Fazelnia|Eric Simon|Ian Anderson 0003|Benjamin A. Carterette|Mounia Lalmas
conf/wsdm/KarimiT20,2020,WSDM,inproceedings,Decision Boundary of Deep Neural Networks: Challenges and Opportunities.,Hamid Karimi|Jiliang Tang
conf/wsdm/BeheshtiHYMG020,2020,WSDM,inproceedings,personality2vec: Enabling the Analysis of Behavioral Disorders in Social Networks.,Amin Beheshti|Vahid Moraveji Hashemi|Shahpar Yakhchi|Hamid Reza Motahari-Nezhad|Seyed Mohssen Ghafari|Jian Yang 0001
conf/wsdm/ShenbinATMN20,2020,WSDM,inproceedings,RecVAE: A New Variational Autoencoder for Top-N Recommendations with Implicit Feedback.,Ilya Shenbin|Anton Alekseev 0001|Elena Tutubalina|Valentin Malykh|Sergey I. Nikolenko
conf/wsdm/SinhaVS18,2018,WSDM,inproceedings,Modeling Time to Open of Emails with a Latent State for User Engagement Level.,Moumita Sinha|Vishwa Vinay|Harvineet Singh
conf/wsdm/NaseemKKD23,2023,WSDM,inproceedings,A Multimodal Framework for the Identification of Vaccine Critical Memes on Twitter.,Usman Naseem|Jinman Kim|Matloob Khushi|Adam G. Dunn
conf/wsdm/KumarHMKFS18,2018,WSDM,inproceedings,REV2: Fraudulent User Prediction in Rating Platforms.,Srijan Kumar|Bryan Hooi|Disha Makhija|Mohit Kumar 0008|Christos Faloutsos|V. S. Subrahmanian
conf/wsdm/KoyejoL24,2024,WSDM,inproceedings,Towards Trustworthy Large Language Models.,Sanmi Koyejo|Bo Li 0026
conf/wsdm/WuRXL018,2018,WSDM,inproceedings,Indirect Supervision for Relation Extraction using Question-Answer Pairs.,Zeqiu Wu|Xiang Ren 0001|Frank F. Xu|Ji Li|Jiawei Han 0001
conf/wsdm/HanifBZWBF24,2024,WSDM,inproceedings,EvidenceQuest: An Interactive Evidence Discovery System for Explainable Artificial Intelligence.,Ambreen Hanif|Amin Beheshti|Xuyun Zhang|Steven Wood|Boualem Benatallah|EuJin Foo
conf/wsdm/TanDG022,2022,WSDM,inproceedings,Graph Few-shot Class-incremental Learning.,Zhen Tan 0001|Kaize Ding|Ruocheng Guo|Huan Liu 0001
conf/wsdm/LiK18,2018,WSDM,inproceedings,Bayesian Optimization for Optimizing Retrieval Systems.,Dan Li 0015|Evangelos Kanoulas
conf/wsdm/ZhaoDSW22,2022,WSDM,inproceedings,Towards Fair Classifiers Without Sensitive Attributes: Exploring Biases in Related Features.,Tianxiang Zhao 0001|Enyan Dai|Kai Shu|Suhang Wang
conf/wsdm/TigunovaMYW21,2021,WSDM,inproceedings,Exploring Personal Knowledge Extraction from Conversations with CHARM.,Anna Tigunova|Paramita Mirza|Andrew Yates|Gerhard Weikum
conf/wsdm/Chen0S0ZZ22,2022,WSDM,inproceedings,Graph Collaborative Reasoning.,Hanxiong Chen|Yunqi Li 0003|Shaoyun Shi|Shuchang Liu 0001|He Zhu 0001|Yongfeng Zhang 0003
conf/wsdm/MoffatP18,2018,WSDM,inproceedings,Index Compression Using Byte-Aligned ANS Coding and Two-Dimensional Contexts.,Alistair Moffat|Matthias Petri
conf/wsdm/SchedlGL23,2023,WSDM,inproceedings,Trustworthy Algorithmic Ranking Systems.,Markus Schedl|Emilia G|Elisabeth Lex
conf/wsdm/YuW0LQS19,2019,WSDM,inproceedings,NAIRS: A Neural Attentive Interpretable Recommendation System.,Shuai Yu 0002|Yongbo Wang|Min Yang 0007|Baocheng Li|Qiang Qu 0001|Jialie Shen 0001
conf/wsdm/ZhouLCWW20,2020,WSDM,inproceedings,GREASE: A Generative Model for Relevance Search over Knowledge Graphs.,Tianshuo Zhou|Ziyang Li 0005|Gong Cheng 0001|Jun Wang 0012|Yuang Wei
conf/wsdm/TangZ23,2023,WSDM,inproceedings,Range Restricted Route Recommendation Based on Spatial Keyword.,Hongwei Tang|Detian Zhang
conf/wsdm/LiuZZ024,2024,WSDM,inproceedings,Attribute Simulation for Item Embedding Enhancement in Multi-interest Recommendation.,Yaokun Liu|Xiaowang Zhang|Minghui Zou|Zhiyong Feng 0002
conf/wsdm/FabrisSSB23,2023,WSDM,inproceedings,Pairwise Fairness in Ranking as a Dissatisfaction Measure.,Alessandro Fabris|Gianmaria Silvello|Gian Antonio Susto|Asia J. Biega
conf/wsdm/RossiAKKRA20,2020,WSDM,inproceedings,A Structural Graph Representation Learning Framework.,Ryan A. Rossi|Nesreen K. Ahmed|Eunyee Koh|Sungchul Kim|Anup Rao 0002|Yasin Abbasi-Yadkori
conf/wsdm/XuYXG0W21,2021,WSDM,inproceedings,Adapting User Preference to Online Feedback in Multi-round Conversational Recommendation.,Kerui Xu|Jingxuan Yang|Jun Xu 0001|Sheng Gao 0001|Jun Guo 0002|Ji-Rong Wen
conf/wsdm/OhsakaM22,2022,WSDM,inproceedings,Reconfiguration Problems on Submodular Functions.,Naoto Ohsaka|Tatsuya Matsuoka
conf/wsdm/YangZ18,2018,WSDM,inproceedings,Differential Privacy for Information Retrieval.,Grace Hui Yang|Sicong Zhang
conf/wsdm/FriggstadGKSST18,2018,WSDM,inproceedings,Orienteering Algorithms for Generating Travel Itineraries.,Zachary Friggstad|Sreenivas Gollapudi|Kostas Kollias|Tam|Chaitanya Swamy|Andrew Tomkins
conf/wsdm/Derr0DZA24,2024,WSDM,inproceedings,The 5th International Workshop on Machine Learning on Graphs (MLoG).,Tyler Derr|Yao Ma 0001|Kaize Ding|Tong Zhao 0003|Nesreen K. Ahmed
conf/wsdm/RanganathBL18,2018,WSDM,inproceedings,Leveraging Implicit Contribution Amounts to Facilitate Microfinancing Requests.,Suhas Ranganath|Ghazaleh Beigi|Huan Liu 0001
conf/wsdm/SajadmaneshG24,2024,WSDM,inproceedings,ProGAP: Progressive Graph Neural Networks with Differential Privacy Guarantees.,Sina Sajadmanesh|Daniel Gatica-Perez
conf/wsdm/MaGCZL21,2021,WSDM,inproceedings,Deconfounding with Networked Observational Data in a Dynamic Environment.,Jing Ma 0002|Ruocheng Guo|Chen Chen 0022|Aidong Zhang 0001|Jundong Li
conf/wsdm/FeyisetanGT20,2020,WSDM,inproceedings,Workshop on Privacy in NLP (PrivateNLP 2020).,Oluwaseyi Feyisetan|Sepideh Ghanavati|Patricia Thaine
conf/wsdm/VedulaCAR23,2023,WSDM,inproceedings,Generating Explainable Product Comparisons for Online Shopping.,Nikhita Vedula|Marcus D. Collins|Eugene Agichtein|Oleg Rokhlenko
conf/wsdm/WangJRTY18,2018,WSDM,inproceedings,A Path-constrained Framework for Discriminating Substitutable and Complementary Products in E-commerce.,Zihan Wang 0002|Ziheng Jiang|Zhaochun Ren|Jiliang Tang|Dawei Yin 0001
conf/wsdm/SachdevaMRP19,2019,WSDM,inproceedings,Sequential Variational Autoencoders for Collaborative Filtering.,Noveen Sachdeva|Giuseppe Manco 0001|Ettore Ritacco|Vikram Pudi
conf/wsdm/XuanL0Y23,2023,WSDM,inproceedings,Knowledge Enhancement for Contrastive Multi-Behavior Recommendation.,Hongrui Xuan|Yi Liu 0071|Bohan Li 0001|Hongzhi Yin
conf/wsdm/LevyR23,2023,WSDM,inproceedings,DisKeyword: Tweet Corpora Exploration for Keyword Selection.,Sacha L|Reihaneh Rabbany
conf/wsdm/QiuWJZ20,2020,WSDM,inproceedings,Stepwise Reasoning for Multi-Relation Question Answering over Knowledge Graph with Weak Supervision.,Yunqi Qiu|Yuanzhuo Wang|Xiaolong Jin 0001|Kun Zhang 0041
conf/wsdm/ZhouZSL19,2019,WSDM,inproceedings,"Fake News: Fundamental Theories, Detection Strategies and Challenges.",Xinyi Zhou 0001|Reza Zafarani|Kai Shu|Huan Liu 0001
conf/wsdm/PetrovM24,2024,WSDM,inproceedings,RecJPQ: Training Large-Catalogue Sequential Recommenders.,Aleksandr V. Petrov|Craig Macdonald
conf/wsdm/DehghaniAKR19,2019,WSDM,inproceedings,"Learning to Transform, Combine, and Reason in Open-Domain Question Answering.",Mostafa Dehghani 0001|Hosein Azarbonyad|Jaap Kamps|Maarten de Rijke
conf/wsdm/ChenW21,2021,WSDM,inproceedings,An Efficient and Effective Framework for Session-based Social Recommendation.,Tianwen Chen|Raymond Chi-Wing Wong
conf/wsdm/ZhuC22,2022,WSDM,inproceedings,Fighting Mainstream Bias in Recommender Systems via Local Fine Tuning.,Ziwei Zhu 0001|James Caverlee
conf/wsdm/DattaGGM22,2022,WSDM,inproceedings,Deep-QPP: A Pairwise Interaction-based Deep Learning Model for Supervised Query Performance Prediction.,Suchana Datta|Debasis Ganguly|Derek Greene|Mandar Mitra
conf/wsdm/DeffayetTRR23,2023,WSDM,inproceedings,Generative Slate Recommendation with Reinforcement Learning.,Romain Deffayet|Thibaut Thonet|Jean-Michel Renders|Maarten de Rijke
conf/wsdm/0001WZH24,2024,WSDM,inproceedings,TTC-QuAli: A Text-Table-Chart Dataset for Multimodal Quantity Alignment.,Haoyu Dong 0001|Haochen Wang|Anda Zhou|Yue Hu 0002
conf/wsdm/0001S22,2022,WSDM,inproceedings,How Do You Test a Test?: A Multifaceted Examination of Significance Tests.,Nicola Ferro 0001|Mark Sanderson
conf/wsdm/00440MC022,2022,WSDM,inproceedings,MotifClass: Weakly Supervised Text Classification with Higher-order Metadata Information.,Yu Zhang 0044|Shweta Garg 0004|Yu Meng 0001|Xiusi Chen|Jiawei Han 0001
conf/wsdm/DengSZ0023,2023,WSDM,inproceedings,S2TUL: A Semi-Supervised Framework for Trajectory-User Linking.,Liwei Deng 0001|Hao Sun 0015|Yan Zhao 0008|Shuncheng Liu 0001|Kai Zheng 0001
conf/wsdm/ZhouZZWJ022,2022,WSDM,inproceedings,C²-CRS: Coarse-to-Fine Contrastive Learning for Conversational Recommender System.,Yuanhang Zhou|Kun Zhou 0002|Wayne Xin Zhao|Cheng Wang|Peng Jiang|He Hu 0001
conf/wsdm/HeZLC20,2020,WSDM,inproceedings,Consistency-Aware Recommendation for User-Generated Item List Continuation.,Yun He 0001|Yin Zhang 0011|Weiwen Liu|James Caverlee
conf/wsdm/MaoWXLW20,2020,WSDM,inproceedings,MRAEA: An Efficient and Robust Entity Alignment Approach for Cross-lingual Knowledge Graph.,Xin Mao|Wenting Wang|Huimin Xu|Man Lan|Yuanbin Wu
conf/wsdm/ParaparR21,2021,WSDM,inproceedings,Diverse User Preference Elicitation with Multi-Armed Bandits.,Javier Parapar|Filip Radlinski
conf/wsdm/Katsogiannis-Meimarakis23,2023,WSDM,inproceedings,Data Democratisation with Deep Learning: The Anatomy of a Natural Language Data Interface.,George Katsogiannis-Meimarakis|Mike Xydas|Georgia Koutrika
conf/wsdm/BautistaBBS24,2024,WSDM,inproceedings,MAD: Multi-Scale Anomaly Detection in Link Streams.,Esteban Bautista|Laurent Brisson|C|Gr
conf/wsdm/LiT18,2018,WSDM,inproceedings,"Network Science of Teams: Characterization, Prediction, and Optimization.",Liangyue Li|Hanghang Tong
conf/wsdm/DessiKMPS21,2021,WSDM,inproceedings,L2D 2021: First International Workshop on Enabling Data-Driven Decisions from Learning on the Web.,Danilo Dess|Tanja K|Mirko Marras|Elvira Popescu|Harald Sack
conf/wsdm/YanBZLL24,2024,WSDM,inproceedings,Towards Alignment-Uniformity Aware Representation in Graph Contrastive Learning.,Rong Yan|Peng Bao|Xiao Zhang|Zhongyi Liu 0002|Hui Liu
conf/wsdm/NguyenTPN22,2022,WSDM,inproceedings,Node Co-occurrence based Graph Neural Networks for Knowledge Graph Link Prediction.,Dai Quoc Nguyen|Vinh Tong|Dinh Q. Phung|Dat Quoc Nguyen
conf/wsdm/ZhouSZH18,2018,WSDM,inproceedings,Predicting Multi-step Citywide Passenger Demands Using Attention-based Neural Networks.,Xian Zhou 0003|Yanyan Shen|Yanmin Zhu 0006|Linpeng Huang
conf/wsdm/WangDZZC20,2020,WSDM,inproceedings,Key Opinion Leaders in Recommendation Systems: Opinion Elicitation and Diffusion.,Jianling Wang|Kaize Ding|Ziwei Zhu 0001|Yin Zhang 0011|James Caverlee
conf/wsdm/Lin0HKDW24,2024,WSDM,inproceedings,Pre-trained Recommender Systems: A Causal Debiasing Perspective.,Ziqian Lin|Hao Ding 0003|Trong Nghia Hoang|Branislav Kveton|Anoop Deoras|Hao Wang 0014
conf/wsdm/WangNWYL20,2020,WSDM,inproceedings,Deep Learning for Anomaly Detection.,Ruoying Wang|Kexin Nie|Tie Wang|Yang Yang 0095|Bo Long
conf/wsdm/DaiJLW22,2022,WSDM,inproceedings,Towards Robust Graph Neural Networks for Noisy Graphs with Sparse Labels.,Enyan Dai|Wei Jin 0009|Hui Liu 0031|Suhang Wang
conf/wsdm/XuRKKA21,2021,WSDM,inproceedings,Theoretical Understandings of Product Embedding for E-commerce Machine Learning.,Da Xu|Chuanwei Ruan|Evren K|Sushant Kumar|Kannan Achan
conf/wsdm/GhoshRW23,2023,WSDM,inproceedings,CoQEx: Entity Counts Explained.,Shrestha Ghosh|Simon Razniewski|Gerhard Weikum
conf/wsdm/LiL0RCR21,2021,WSDM,inproceedings,Abstractive Opinion Tagging.,Qintong Li|Piji Li|Xinyi Li 0001|Zhaochun Ren|Zhumin Chen|Maarten de Rijke
conf/wsdm/HeL0ZW21,2021,WSDM,inproceedings,Improving Multi-hop Knowledge Base Question Answering by Learning Intermediate Supervision Signals.,Gaole He|Yunshi Lan|Jing Jiang 0001|Wayne Xin Zhao|Ji-Rong Wen
conf/wsdm/SuY0Z23,2023,WSDM,inproceedings,Mining User-aware Multi-relations for Fake News Detection in Large Scale Online Social Networks.,Xing Su 0006|Jian Yang 0001|Jia Wu 0001|Yuchen Zhang
conf/wsdm/DeshpandeMDS21,2021,WSDM,inproceedings,Long Horizon Forecasting with Temporal Point Processes.,Prathamesh Deshpande|Kamlesh Marathe|Abir De|Sunita Sarawagi
conf/wsdm/RezvaniWL18,2018,WSDM,inproceedings,FACH: Fast Algorithm for Detecting Cohesive Hierarchies of Communities in Large Networks.,Mojtaba Rezvani|Qing Wang 0002|Weifa Liang
conf/wsdm/0001ZM22,2022,WSDM,inproceedings,Fast Learning of MNL Model from General Partial Rankings with Application to Network Formation Modeling.,Jiaqi Ma 0001|Xingjian Zhang 0002|Qiaozhu Mei
conf/wsdm/Zarate-CartasM24,2024,WSDM,inproceedings,Automatic Extraction of Patterns in Digital News Articles of Femicides occurred in Mexico by Text Mining Techniques.,Jonathan Z|Alejandro Molina-Villegas
conf/wsdm/WangZZLY21,2021,WSDM,inproceedings,Modeling Inter-station Relationships with Attentive Temporal Graph Convolutional Network for Air Quality Prediction.,Chunyang Wang 0001|Yanmin Zhu 0006|Tianzi Zang|Haobing Liu 0001|Jiadi Yu
conf/wsdm/Escobar-Turriza24,2024,WSDM,inproceedings,Genomic-World Fungi Data: Synteny Part.,Pedro Escobar-Turriza|Luis Mu|Alejandro Pereira-Santana
conf/wsdm/QiuDMLWT18,2018,WSDM,inproceedings,"Network Embedding as Matrix Factorization: Unifying DeepWalk, LINE, PTE, and node2vec.",Jiezhong Qiu|Yuxiao Dong|Hao Ma 0001|Jian Li 0015|Kuansan Wang|Jie Tang 0001
conf/wsdm/GabertPC21,2021,WSDM,inproceedings,A Unifying Framework to Identify Dense Subgraphs on Streams: Graph Nuclei to Hypergraph Cores.,Kasimir Gabert|Ali Pinar
conf/wsdm/SuHLZM18,2018,WSDM,inproceedings,"User Intent, Behaviour, and Perceived Satisfaction in Product Search.",Ning Su|Jiyin He|Yiqun Liu 0001|Min Zhang 0006|Shaoping Ma
conf/wsdm/YangWDW21,2021,WSDM,inproceedings,Explanation as a Defense of Recommendation.,Aobo Yang|Nan Wang|Hongbo Deng|Hongning Wang
conf/wsdm/WangZKH24,2024,WSDM,inproceedings,Cost-Effective Active Learning for Bid Exploration in Online Advertising.,Zixiao Wang 0007|Zhenzhe Zheng 0001|Yanrong Kang|Jiani Huang
conf/wsdm/ZhangJBM19,2019,WSDM,inproceedings,,Yating Zhang|Adam Jatowt|Sourav S. Bhowmick|Yuji Matsumoto 0001
conf/wsdm/0004W0Y24,2024,WSDM,inproceedings,DeSCo: Towards Generalizable and Scalable Deep Subgraph Counting.,Tianyu Fu 0004|Chiyue Wei|Yu Wang 0002|Rex Ying
conf/wsdm/ChenHXWXL23,2023,WSDM,inproceedings,Heterogeneous Graph Contrastive Learning for Recommendation.,Mengru Chen|Chao Huang 0001|Lianghao Xia|Wei Wei 0027|Yong Xu 0007|Ronghua Luo
conf/wsdm/0001LP023,2023,WSDM,inproceedings,A Tutorial on Domain Generalization.,Jindong Wang 0001|Haoliang Li|Sinno Jialin Pan|Xing Xie 0001
conf/wsdm/LuoDWBYX24,2024,WSDM,inproceedings,An Interpretable Brain Graph Contrastive Learning Framework for Brain Disorder Analysis.,Xuexiong Luo|Guangwei Dong|Jia Wu 0001|Amin Beheshti|Jian Yang 0001|Shan Xue 0001
conf/wsdm/DengD0W24,2024,WSDM,inproceedings,CL4DIV: A Contrastive Learning Framework for Search Result Diversification.,Zhirui Deng|Zhicheng Dou|Yutao Zhu 0001|Ji-Rong Wen
conf/wsdm/Montazeralghaem22,2022,WSDM,inproceedings,Learning Relevant Questions for Conversational Product Search using Deep Reinforcement Learning.,Ali Montazeralghaem|James Allan 0001
conf/wsdm/BhargavSK22,2022,WSDM,inproceedings,'It's on the tip of my tongue': A new Dataset for Known-Item Retrieval.,Samarth Bhargav 0001|Georgios Sidiropoulos|Evangelos Kanoulas
conf/wsdm/ChienS24,2024,WSDM,inproceedings,Customized and Robust Deep Neural Network Watermarking.,Tzu-Yun Chien|Chih-Ya Shen
conf/wsdm/XuMMSK21,2021,WSDM,inproceedings,Split-Treatment Analysis to Rank Heterogeneous Causal Effects for Prospective Interventions.,Yanbo Xu|Divyat Mahajan|Liz Manrao|Amit Sharma 0007|Emre Kiciman
conf/wsdm/MalhotraWSA022,2022,WSDM,inproceedings,Speaker and Time-aware Joint Contextual Learning for Dialogue-act Classification in Counselling Conversations.,Ganeshan Malhotra|Abdul Waheed|Aseem Srivastava|Md. Shad Akhtar|Tanmoy Chakraborty 0002
conf/wsdm/WangZS22,2022,WSDM,inproceedings,Profiling the Design Space for Graph Neural Networks based Collaborative Filtering.,Zhenyi Wang|Huan Zhao 0002|Chuan Shi 0001
conf/wsdm/KashinskayaSA19,2019,WSDM,inproceedings,Spring-Electrical Models For Link Prediction.,Yana Kashinskaya|Egor Samosvat|Akmal Artikov
conf/wsdm/YuanYWZHW23,2023,WSDM,inproceedings,Federated Unlearning for On-Device Recommendation.,Wei Yuan 0003|Hongzhi Yin|Fangzhao Wu|Shijie Zhang|Tieke He|Hao Wang 0005
conf/wsdm/ShuangP24,2024,WSDM,inproceedings,Using Causal Inference to Solve Uncertainty Issues in Dataset Shift.,Song Shuang|Muhammad Syafiq Bin Mohd Pozi
conf/wsdm/TangLHWS22,2022,WSDM,inproceedings,Friend Story Ranking with Edge-Contextual Local Graph Convolutions.,Xianfeng Tang|Yozen Liu|Xinran He|Suhang Wang|Neil Shah
conf/wsdm/DizajiYH18,2018,WSDM,inproceedings,Joint Generative-Discriminative Aggregation Model for Multi-Option Crowd Labels.,Kamran Ghasedi Dizaji|Yanhua Yang|Heng Huang 0001
conf/wsdm/00010L23,2023,WSDM,inproceedings,Recent Advances on Deep Learning based Knowledge Tracing.,Zitao Liu 0001|Jiahao Chen 0006|Weiqi Luo 0002
conf/wsdm/ShinKLBX19,2019,WSDM,inproceedings,Visualizing Graph Differences from Social Media Streams.,Minjeong Shin|Dongwoo Kim 0002|Jae Hee Lee 0003|Umanga Bista|Lexing Xie
conf/wsdm/HarandizadehPM22,2022,WSDM,inproceedings,Keyword Assisted Embedded Topic Model.,Bahareh Harandizadeh|J. Hunter Priniski|Fred Morstatter
conf/wsdm/CMR24,2024,WSDM,inproceedings,Augmenting Keyword-based Search in Mobile Applications Using LLMs.,Harikrishnan C|Giridhar Sreenivasa Murthy|Kumar Rangarajan
conf/wsdm/KanatsoulisS22,2022,WSDM,inproceedings,GAGE: Geometry Preserving Attributed Graph Embeddings.,Charilaos I. Kanatsoulis|Nicholas D. Sidiropoulos
conf/wsdm/SeolGLP24,2024,WSDM,inproceedings,Proxy-based Item Representation for Attribute and Context-aware Recommendation.,Jinseok Seol|Minseok Gang|Sang-goo Lee|Jaehui Park
conf/wsdm/TangYLWL23,2023,WSDM,inproceedings,Graph Neural Networks with Interlayer Feature Representation for Image Super-Resolution.,Shenggui Tang|Kaixuan Yao|Jianqing Liang|Zhiqiang Wang 0005|Jiye Liang
conf/wsdm/Gondara0C22,2022,WSDM,inproceedings,Differentially Private Ensemble Classifiers for Data Streams.,Lovedeep Gondara|Ke Wang 0001|Ricardo Silva Carvalho
conf/wsdm/BiDFWHZ23,2023,WSDM,inproceedings,MM-GNN: Mix-Moment Graph Neural Network towards Modeling Neighborhood Feature Distribution.,Wendong Bi|Lun Du|Qiang Fu 0015|Yanlin Wang 0001|Shi Han|Dongmei Zhang 0001
conf/wsdm/HuL18,2018,WSDM,inproceedings,Collaborative Filtering via Additive Ordinal Regression.,Jun Hu|Ping Li 0001
conf/wsdm/VassoyRSA19,2019,WSDM,inproceedings,Time is of the Essence: A Joint Hierarchical RNN and Point Process Model for Time and Item Predictions.,Bj|Massimiliano Ruocco|Eliezer de Souza da Silva|Erlend Aune
conf/wsdm/LiDSC21,2021,WSDM,inproceedings,FluxEV: A Fast and Effective Unsupervised Framework for Time-Series Anomaly Detection.,Jia Li 0014|Shimin Di|Yanyan Shen|Lei Chen 0002
conf/wsdm/AlsuhaibaniZRJX24,2024,WSDM,inproceedings,IDoFew: Intermediate Training Using Dual-Clustering in Language Models for Few Labels Text Classification.,Abdullah Alsuhaibani|Hamad Zogan|Imran Razzak|Shoaib Jameel|Guandong Xu
conf/wsdm/ChinCC22,2022,WSDM,inproceedings,The Datasets Dilemma: How Much Do We Really Know About Recommendation Datasets?,Jin Yao Chin|Yile Chen 0001|Gao Cong
conf/wsdm/CeccarelloPP18,2018,WSDM,inproceedings,Fast Coreset-based Diversity Maximization under Matroid Constraints.,Matteo Ceccarello|Andrea Pietracaprina|Geppino Pucci
conf/wsdm/WangZS21,2021,WSDM,inproceedings,Modeling Context Pair Interaction for Pairwise Tasks on Graphs.,Zhen Wang 0041|Bo Zong|Huan Sun 0001
conf/wsdm/LiJJW19,2019,WSDM,inproceedings,CORALS: Who Are My Potential New Customers? Tapping into the Wisdom of Customers' Decisions.,Ruirui Li 0002|Jyun-Yu Jiang|Chelsea J.-T. Ju|Wei Wang 0010
conf/wsdm/0003ZS021,2021,WSDM,inproceedings,Combating Selection Biases in Recommender Systems with a Few Unbiased Ratings.,Xiaojie Wang 0003|Rui Zhang 0003|Yu Sun 0021|Jianzhong Qi 0001
conf/wsdm/LiG0LWC23,2023,WSDM,inproceedings,SGCCL: Siamese Graph Contrastive Consensus Learning for Personalized Recommendation.,Boyu Li 0003|Ting Guo 0005|Xingquan Zhu 0001|Qian Li 0003|Yang Wang 0002|Fang Chen 0001
conf/wsdm/YangQSYY22,2022,WSDM,inproceedings,Lightweight Composite Re-Ranking for Efficient Keyword Search with BERT.,Yingrui Yang|Yifan Qiao 0001|Jinjin Shao|Xifeng Yan|Tao Yang 0009
conf/wsdm/CraneLSV24,2024,WSDM,inproceedings,Overlapping and Robust Edge-Colored Clustering in Hypergraphs.,Alex Crane|Brian Lavallee|Blair D. Sullivan|Nate Veldt
conf/wsdm/GilotteCNAD18,2018,WSDM,inproceedings,Offline A/B Testing for Recommender Systems.,Alexandre Gilotte|Cl|Thomas Nedelec|Alexandre Abraham|Simon Doll
conf/wsdm/JosifoskiPPJ019,2019,WSDM,inproceedings,Crosslingual Document Embedding as Reduced-Rank Ridge Regression.,Martin Josifoski|Ivan S. Paskov|Hristo S. Paskov|Martin Jaggi|Robert West 0001
conf/wsdm/ChengG021,2021,WSDM,inproceedings,Long-Term Effect Estimation with Surrogate Representation.,Lu Cheng 0001|Ruocheng Guo|Huan Liu 0001
conf/wsdm/0009KMZ23,2023,WSDM,inproceedings,AgAsk: A Conversational Search Agent for Answering Agricultural Questions.,Hang Li 0009|Bevan Koopman|Ahmed Mourad|Guido Zuccon
conf/wsdm/MaKWWL19,2019,WSDM,inproceedings,Gated Attentive-Autoencoder for Content-Aware Recommendation.,Chen Ma 0001|Peng Kang|Bin Wu 0019|Qinglong Wang 0003|Xue Liu 0001
conf/wsdm/WeiZLZZ23,2023,WSDM,inproceedings,AntTS: A Toolkit for Time Series Forecasting in Industrial Scenarios.,Jianping Wei|Zhibo Zhu|Ziqi Liu|Zhiqiang Zhang 0012|Jun Zhou 0011
conf/wsdm/DingZCWZD23,2023,WSDM,inproceedings,"DistriBayes: A Distributed Platform for Learning, Inference and Attribution on Large Scale Bayesian Network.",Yi Ding 0006|Jun Zhou 0011|Qing Cui|Lin Wang 0098|Mengqi Zhang 0003|Yang Dong
conf/wsdm/KeGSC22,2022,WSDM,inproceedings,"ConsistSum: Unsupervised Opinion Summarization with the Consistency of Aspect, Sentiment and Semantic.",Wenjun Ke 0002|Jinhua Gao|Huawei Shen|Xueqi Cheng
conf/wsdm/YangSS22,2022,WSDM,inproceedings,Graph Neural Networks for the Global Economy with Microsoft DeepGraph.,Jaewon Yang|Baoxu Shi|Alex Samylkin
conf/wsdm/KenthapadiMT19,2019,WSDM,inproceedings,Privacy-preserving Data Mining in Industry.,Krishnaram Kenthapadi|Ilya Mironov|Abhradeep Guha Thakurta
conf/wsdm/RenZZYLL22,2022,WSDM,inproceedings,A Simple but Effective Bidirectional Framework for Relational Triple Extraction.,Feiliang Ren|Longhui Zhang|Xiaofeng Zhao|Shujuan Yin|Shilei Liu|Bochao Li
conf/wsdm/ZhuRSZE019,2019,WSDM,inproceedings,Integrating Local Context and Global Cohesiveness for Open Information Extraction.,Qi Zhu 0008|Xiang Ren 0001|Jingbo Shang|Yu Zhang 0044|Ahmed El-Kishky|Jiawei Han 0001
conf/wsdm/WangD023,2023,WSDM,inproceedings,Heterogeneous Graph-based Context-aware Document Ranking.,Shuting Wang 0002|Zhicheng Dou|Yutao Zhu 0001
conf/wsdm/Liu0HHH20,2020,WSDM,inproceedings,Athena: A Ranking Enabled Scholarly Search System.,Junfeng Liu|Shuai Ma 0001|Renjun Hu|Chunming Hu|Jinpeng Huai
conf/wsdm/YangWDSNE19,2019,WSDM,inproceedings,More Than Just Words: Modeling Non-Textual Characteristics of Podcasts.,Longqi Yang 0001|Yu Wang|Drew Dunne|Michael Sobolev|Mor Naaman|Deborah Estrin
conf/wsdm/ZhengWGS0K21,2021,WSDM,inproceedings,Scalable Graph Neural Networks with Deep Graph Library.,Da Zheng 0004|Minjie Wang|Quan Gan|Xiang Song 0003|Zheng Zhang 0001|George Karypis
conf/wsdm/ZhuoZYZH22,2022,WSDM,inproceedings,A Neighborhood-Attention Fine-grained Entity Typing for Knowledge Graph Completion.,Jianhuan Zhuo|Qiannan Zhu|Yinliang Yue|Yuhong Zhao|Weisi Han
conf/wsdm/DongLL022,2022,WSDM,inproceedings,Combinatorial Bandits under Strategic Manipulations.,Jing Dong 0008|Ke Li|Shuai Li 0010|Baoxiang Wang 0001
conf/wsdm/ZhangY0L24,2024,WSDM,inproceedings,Defense Against Model Extraction Attacks on Recommender Systems.,Sixiao Zhang|Hongzhi Yin|Hongxu Chen 0002|Cheng Long 0001
conf/wsdm/SchnabelBJ19,2019,WSDM,inproceedings,Shaping Feedback Data in Recommender Systems with Interventions Based on Information Foraging Theory.,Tobias Schnabel|Paul N. Bennett|Thorsten Joachims
conf/wsdm/AriannezhadLSR23,2023,WSDM,inproceedings,A Personalized Neighborhood-based Model for Within-basket Recommendation in Grocery Shopping.,Mozhdeh Ariannezhad|Ming Li 0068|Sebastian Schelter|Maarten de Rijke
conf/wsdm/ZhangBP24,2024,WSDM,inproceedings,Maximizing Malicious Influence in Node Injection Attack.,Xiao Zhang|Peng Bao|Shirui Pan
conf/wsdm/ZhuCLLZ24,2024,WSDM,inproceedings,Dance with Labels: Dual-Heterogeneous Label Graph Interaction for Multi-intent Spoken Language Understanding.,Zhihong Zhu|Xuxin Cheng|Hongxiang Li 0004|Yaowei Li 0001|Yuexian Zou
conf/wsdm/LiuQZKC23,2023,WSDM,inproceedings,MMBench: The Match Making Benchmark.,Yongsheng Liu|Yanxing Qi|Jiangwei Zhang|Connie Kou|Qiaolin Chen
conf/wsdm/WangX0ZZ21,2021,WSDM,inproceedings,AutoCite: Multi-Modal Representation Fusion for Contextual Citation Generation.,Qingqin Wang|Yun Xiong|Yao Zhang 0009|Jiawei Zhang 0001|Yangyong Zhu
conf/wsdm/ChengG022a,2022,WSDM,inproceedings,Causal Mediation Analysis with Hidden Confounders.,Lu Cheng 0001|Ruocheng Guo|Huan Liu 0001
conf/wsdm/ChenDZZ23,2023,WSDM,inproceedings,Adversarial Autoencoder for Unsupervised Time Series Anomaly Detection and Interpretation.,Xuanhao Chen 0001|Liwei Deng 0001|Yan Zhao 0008|Kai Zheng 0001
conf/wsdm/DaiQZ20,2020,WSDM,inproceedings,Joint Recognition of Names and Publications in Academic Homepages.,Yimeng Dai|Jianzhong Qi 0001|Rui Zhang 0003
conf/wsdm/ZhangXZ20,2020,WSDM,inproceedings,Nearly Linear Time Algorithm for Mean Hitting Times of Random Walks on a Graph.,Zuobai Zhang|Wanyue Xu|Zhongzhi Zhang
conf/wsdm/LiuLZXT19,2019,WSDM,inproceedings,Spiral of Silence in Recommender Systems.,Dugang Liu|Chen Lin 0001|Zhilin Zhang 0001|Yanghua Xiao|Hanghang Tong
conf/wsdm/0002PZKFL21,2021,WSDM,inproceedings,DeepLight: Deep Lightweight Feature Interactions for Accelerating CTR Predictions in Ad Serving.,Wei Deng 0002|Junwei Pan|Tian Zhou 0006|Deguang Kong|Aaron Flores 0001|Guang Lin 0001
conf/wsdm/ZhangWLTZ24,2024,WSDM,inproceedings,IncMSR: An Incremental Learning Approach for Multi-Scenario Recommendation.,Kexin Zhang 0007|Yichao Wang 0002|Xiu Li 0001|Ruiming Tang|Rui Zhang 0003
conf/wsdm/MerchantM023,2023,WSDM,inproceedings,Graph Summarization via Node Grouping: A Spectral Algorithm.,Arpit Merchant|Michael Mathioudakis|Yanhao Wang 0001
conf/wsdm/HuangZKW24,2024,WSDM,inproceedings,From Second to First: Mixed Censored Multi-Task Learning for Winning Price Prediction.,Jiani Huang|Zhenzhe Zheng 0001|Yanrong Kang|Zixiao Wang 0007
conf/wsdm/WangTHH22,2022,WSDM,inproceedings,Hierarchical Imitation Learning via Subgoal Representation Learning for Dynamic Treatment Recommendation.,Lu Wang|Ruiming Tang|Xiaofeng He|Xiuqiang He 0001
conf/wsdm/HuertasS24,2024,WSDM,inproceedings,Profiling Urban Mobility Patterns with High Spatial and Temporal Resolution: A Deep Dive into Cellphone Geo-position Data.,Jos|Luisa Fernanda Chaparro Sierra
conf/wsdm/LiWM20,2020,WSDM,inproceedings,Time Interval Aware Self-Attention for Sequential Recommendation.,Jiacheng Li 0003|Yujie Wang|Julian J. McAuley
conf/wsdm/WangJLZ23,2023,WSDM,inproceedings,Improving News Recommendation with Channel-Wise Dynamic Representations and Contrastive User Modeling.,Jingkun Wang|Yongtao Jiang|Haochen Li 0001|Wen Zhao 0008
conf/wsdm/0025LHZ23,2023,WSDM,inproceedings,Dependency-aware Self-training for Entity Alignment.,Bing Liu 0025|Tiancheng Lan|Wen Hua|Guido Zuccon
conf/wsdm/LuoM22,2022,WSDM,inproceedings,RLMob: Deep Reinforcement Learning for Successive Mobility Prediction.,Ziyan Luo|Congcong Miao
conf/wsdm/CinusBMP21,2021,WSDM,inproceedings,WoMG: A Library for Word-of-Mouth Cascades Generation.,Federico Cinus|Francesco Bonchi|Corrado Monti|Andr
conf/wsdm/DengYKS23,2023,WSDM,inproceedings,Zero to Hero: Exploiting Null Effects to Achieve Variance Reduction in Experiments with One-sided Triggering.,Alex Deng|Lo-Hua Yuan|Naoya Kanai|Alexandre Salama-Manteau
conf/wsdm/FanARHYG19,2019,WSDM,inproceedings,DAPA: The WSDM 2019 Workshop on Deep Matching in Practical Applications.,Yixing Fan|Qingyao Ai|Zhaochun Ren|Liangjie Hong|Dawei Yin 0001|Jiafeng Guo
conf/wsdm/ChenBCJBC19,2019,WSDM,inproceedings,Top-K Off-Policy Correction for a REINFORCE Recommender System.,Minmin Chen|Alex Beutel|Paul Covington|Sagar Jain|Francois Belletti|Ed H. Chi
conf/wsdm/FarseevYFLCL21,2021,WSDM,inproceedings,SoMin.ai: Personality-Driven Content Generation Platform.,Aleksandr Farseev|Qi Yang 0005|Andrey Filchenkov|Kirill Lepikhin|Yu-Yi Chu-Farseeva|Daron-Benjamin Loo
conf/wsdm/EntezariADP20,2020,WSDM,inproceedings,All You Need Is Low (Rank): Defending Against Adversarial Attacks on Graphs.,Negin Entezari|Saba A. Al-Sayouri|Amirali Darvishzadeh|Evangelos E. Papalexakis
conf/wsdm/ButlerDK22,2022,WSDM,inproceedings,iLFQA: A Platform for Efficient and Accurate Long-Form Question Answering.,Rhys Butler|Vishnu Dutt Duggirala|Farnoush Banaei Kashani
conf/wsdm/ZhangZLZCC19,2019,WSDM,inproceedings,Enabling Privacy-Preserving Sharing of Genomic Data for GWASs in Decentralized Networks.,Yanjun Zhang|Xin Zhao 0013|Xue Li 0001|Mingyang Zhong|Caitlin Curtis|Chen Chen 0056
conf/wsdm/SuGFLC20,2020,WSDM,inproceedings,Label Distribution Augmented Maximum Likelihood Estimation for Reading Comprehension.,Lixin Su|Jiafeng Guo|Yixing Fan|Yanyan Lan|Xueqi Cheng
conf/wsdm/YaoZHYGZ24,2024,WSDM,inproceedings,COTER: Conditional Optimal Transport meets Table Retrieval.,Xun Yao|Zhixin Zhang|Xinrong Hu|Jie (Jack) Yang|Yi Guo 0001|Daniel (Dianliang) Zhu
conf/wsdm/FanLC0QZ24,2024,WSDM,inproceedings,Guardian: Guarding against Gradient Leakage with Provable Defense for Federated Learning.,Mingyuan Fan 0003|Yang Liu 0118|Cen Chen 0001|Chengyu Wang 0001|Minghui Qiu|Wenmeng Zhou
conf/wsdm/Hu0CYR21,2021,WSDM,inproceedings,Time-Series Event Prediction with Evolutionary State Graph.,Wenjie Hu 0003|Yang Yang 0009|Ziqiang Cheng|Carl Yang 0001|Xiang Ren 0001
conf/wsdm/XianTPL24,2024,WSDM,inproceedings,Vector Search with OpenAI Embeddings: Lucene Is All You Need.,Jasper Xian|Tommaso Teofili|Ronak Pradeep|Jimmy Lin
conf/wsdm/MaGWYZL22,2022,WSDM,inproceedings,Learning Fair Node Representations with Graph Counterfactual Fairness.,Jing Ma 0002|Ruocheng Guo|Mengting Wan|Longqi Yang 0001|Aidong Zhang 0001|Jundong Li
conf/wsdm/ZamaniC20,2020,WSDM,inproceedings,Learning a Joint Search and Recommendation Model from User-Item Interactions.,Hamed Zamani|W. Bruce Croft
conf/wsdm/ZhouDTY18,2018,WSDM,inproceedings,Micro Behaviors: A New Perspective in E-commerce Recommender Systems.,Meizi Zhou|Zhuoye Ding|Jiliang Tang|Dawei Yin 0001
conf/wsdm/RastegarpanahGC19,2019,WSDM,inproceedings,Fighting Fire with Fire: Using Antidote Data to Improve Polarization and Fairness of Recommender Systems.,Bashir Rastegarpanah|Krishna P. Gummadi|Mark Crovella
conf/wsdm/GuyMHRS18,2018,WSDM,inproceedings,Identifying Informational vs. Conversational Questions on Community Question Answering Archives.,Ido Guy|Victor Makarenkov|Niva Hazon|Lior Rokach|Bracha Shapira
conf/wsdm/KuangWCK022,2022,WSDM,inproceedings,Efficient Two-stage Label Noise Reduction for Retrieval-based Tasks.,Mengmeng Kuang|Weiyan Wang|Zhenhong Chen|Lie Kang|Qiang Yan 0001
conf/wsdm/LiuLZL22,2022,WSDM,inproceedings,Surrogate Representation Learning with Isometric Mapping for Gray-box Graph Adversarial Attacks.,Zihan Liu|Yun Luo|Zelin Zang|Stan Z. Li
conf/wsdm/ZhaoZZC20,2020,WSDM,inproceedings,Improving the Estimation of Tail Ratings in Recommender System with Multi-Latent Representations.,Xing Zhao 0003|Ziwei Zhu 0001|Yin Zhang 0011|James Caverlee
conf/wsdm/ZhangLDHZ24,2024,WSDM,inproceedings,A Scalable Open-Source System for Segmenting Urban Areas with Road Networks.,Ming Zhang|Yanyan Li|Jianguo Duan|Jizhou Huang|Jingbo Zhou 0003
conf/wsdm/LiuDH19,2019,WSDM,inproceedings,Representation Interpretation with Spatial Encoding and Multimodal Analytics.,Ninghao Liu 0001|Mengnan Du|Xia Hu 0001
conf/wsdm/QuOHYZ19,2019,WSDM,inproceedings,Discovering Correlations between Sparse Features in Distant Supervision for Relation Extraction.,Jianfeng Qu|Dantong Ouyang|Wen Hua|Yuxin Ye|Xiaofang Zhou 0001
conf/wsdm/LiHLDP23,2023,WSDM,inproceedings,"International Workshop on Learning with Knowledge Graphs: Construction, Embedding, and Reasoning.",Qing Li 0001|Xiao Huang 0001|Ninghao Liu 0001|Yuxiao Dong|Guansong Pang
conf/wsdm/XuLLSHJ23,2023,WSDM,inproceedings,Self-supervised Graph Representation Learning for Black Market Account Detection.,Zequan Xu|Lianyun Li|Hui Li 0057|Qihang Sun|Shaofeng Hu|Rongrong Ji
conf/wsdm/JoYK18,2018,WSDM,inproceedings,Fast and Scalable Distributed Loopy Belief Propagation on Real-World Graphs.,Saehan Jo|Jaemin Yoo|U Kang
conf/wsdm/LiuYXWL24,2024,WSDM,inproceedings,Interact with the Explanations: Causal Debiased Explainable Recommendation System.,Xu Liu|Tong Yu 0001|Kaige Xie|Junda Wu|Shuai Li 0010
conf/wsdm/Guo023,2023,WSDM,inproceedings,Student Behavior Pattern Mining and Analysis: Towards Smart Campuses.,Teng Guo 0002|Feng Xia 0001
conf/wsdm/LuoADG22,2022,WSDM,inproceedings,The Multi-vehicle Ride-Sharing Problem.,Kelin Luo|Chaitanya Agarwal|Syamantak Das|Xiangyu Guo
conf/wsdm/XuR22,2022,WSDM,inproceedings,Modern Theoretical Tools for Understanding and Designing Next-generation Information Retrieval System.,Da Xu|Chuanwei Ruan
conf/wsdm/NiuLLT0D21,2021,WSDM,inproceedings,Heterogeneous Graph Augmented Multi-Scenario Sharing Recommendation with Tree-Guided Expert Networks.,Xichuan Niu|Bofang Li|Chenliang Li 0005|Jun Tan|Rong Xiao 0005|Hongbo Deng
conf/wsdm/WangC19,2019,WSDM,inproceedings,Recurrent Recommendation with Local Coherence.,Jianling Wang|James Caverlee
conf/wsdm/HuangZLL19,2019,WSDM,inproceedings,Knowledge Graph Embedding Based Question Answering.,Xiao Huang 0001|Jingyuan Zhang|Dingcheng Li|Ping Li 0001
conf/wsdm/XieZW0L22,2022,WSDM,inproceedings,A Peep into the Future: Adversarial Future Encoding in Recommendation.,Ruobing Xie|Shaoliang Zhang|Rui Wang 0068|Feng Xia 0006|Leyu Lin
conf/wsdm/FarnadiTCM18,2018,WSDM,inproceedings,User Profiling through Deep Multimodal Fusion.,Golnoosh Farnadi|Jie Tang 0001|Martine De Cock|Marie-Francine Moens
conf/wsdm/ChowdharyGVMG23,2023,WSDM,inproceedings,Unsupervised Question Duplicate and Related Questions Detection in e-learning platforms.,Maksimjeet Chowdhary|Sanyam Goyal|Venktesh V|Mukesh K. Mohania|Vikram Goyal
conf/wsdm/0004MHBML21,2021,WSDM,inproceedings,Shifting Consumption towards Diverse Content on Music Streaming Platforms.,Christian Hansen 0004|Rishabh Mehrotra|Casper Hansen|Brian Brost|Lucas Maystre|Mounia Lalmas
conf/wsdm/ZhangWH22,2022,WSDM,inproceedings,GraSP: Optimizing Graph-based Nearest Neighbor Search with Subgraph Sampling and Pruning.,Minjia Zhang|Wenhan Wang|Yuxiong He
conf/wsdm/DuanBZ21,2021,WSDM,inproceedings,Online Experimentation with Surrogate Metrics: Guidelines and a Case Study.,Weitao Duan|Shan Ba|Chunzhe Zhang
conf/wsdm/ChenYJZ18,2018,WSDM,inproceedings,Improving Negative Sampling for Word Representation using Self-embedded Features.,Long Chen 0008|Fajie Yuan|Joemon M. Jose|Weinan Zhang 0001
conf/wsdm/HubeF19,2019,WSDM,inproceedings,Neural Based Statement Classification for Biased Language.,Christoph Hube|Besnik Fetahu
conf/wsdm/SankarZK020,2020,WSDM,inproceedings,Inf-VAE: A Variational Autoencoder Framework to Integrate Homophily and Influence in Diffusion Prediction.,Aravind Sankar|Xinyang Zhang 0002|Adit Krishnan|Jiawei Han 0001
conf/wsdm/WiSP24,2024,WSDM,inproceedings,Continuous-time Autoencoders for Regular and Irregular Time Series Imputation.,Hyowon Wi|Yehjin Shin|Noseong Park
conf/wsdm/WangGBMN18,2018,WSDM,inproceedings,Position Bias Estimation for Unbiased Learning to Rank in Personal Search.,Xuanhui Wang|Nadav Golbandi|Michael Bendersky|Donald Metzler|Marc Najork
conf/wsdm/QianTMC18,2018,WSDM,inproceedings,DSANLS: Accelerating Distributed Nonnegative Matrix Factorization via Sketching.,Yuqiu Qian|Conghui Tan|Nikos Mamoulis|David W. Cheung
conf/wsdm/HuiYBM18,2018,WSDM,inproceedings,Co-PACRR: A Context-Aware Neural IR Model for Ad-hoc Retrieval.,Kai Hui 0001|Andrew Yates|Klaus Berberich|Gerard de Melo
conf/wsdm/GaoW0LF023,2023,WSDM,inproceedings,Alleviating Structural Distribution Shift in Graph Anomaly Detection.,Yuan Gao 0020|Xiang Wang 0010|Xiangnan He 0001|Zhenguang Liu|Huamin Feng|Yongdong Zhang 0001
conf/wsdm/YangKC022,2022,WSDM,inproceedings,Personalized Information Retrieval for Touristic Attractions in Augmented Reality.,Felix Yang|Saikishore Kalloori|Ribin Chalumattu|Markus Gross 0001
conf/wsdm/NandanwarMM18,2018,WSDM,inproceedings,Fusing Diversity in Recommendations in Heterogeneous Information Networks.,Sharad Nandanwar|Aayush Moroney|M. Narasimha Murty
conf/wsdm/TorbatiTW24,2024,WSDM,inproceedings,SIRUP: Search-based Book Recommendation Playground.,Ghazaleh Haratinezhad Torbati|Anna Tigunova|Gerhard Weikum
conf/wsdm/RenM19,2019,WSDM,inproceedings,Investment Recommendation System for Low-Liquidity Online Peer to Peer Lending (P2PL) Marketplaces.,Ke Ren|Avinash Malik
conf/wsdm/BruchHBN20,2020,WSDM,inproceedings,A Stochastic Treatment of Learning to Rank Scoring Functions.,Sebastian Bruch 0001|Shuguang Han|Michael Bendersky|Marc Najork
conf/wsdm/LemmerichS0Z19,2019,WSDM,inproceedings,Why the World Reads Wikipedia: Beyond English Speakers.,Florian Lemmerich|Diego S|Robert West 0001|Leila Zia
conf/wsdm/LabhishettyZXGS22,2022,WSDM,inproceedings,Differential Query Semantic Analysis: Discovery of Explicit Interpretable Knowledge from E-Com Search Logs.,Sahiti Labhishetty|ChengXiang Zhai|Min Xie 0002|Lin Gong|Rahul Sharnagat|Satya Chembolu
conf/wsdm/LaiCZCH23,2023,WSDM,inproceedings,Disentangled Negative Sampling for Collaborative Filtering.,Riwei Lai|Li Chen 0009|Yuhan Zhao 0001|Rui Chen 0012|Qilong Han
conf/wsdm/OosterhuisR21,2021,WSDM,inproceedings,Unifying Online and Counterfactual Learning to Rank: A Novel Counterfactual Estimator that Effectively Utilizes Online Interventions.,Harrie Oosterhuis|Maarten de Rijke
conf/wsdm/HaddadanMRU21,2021,WSDM,inproceedings,RePBubLik: Reducing Polarized Bubble Radius with Link Insertions.,Shahrzad Haddadan|Cristina Menghini|Matteo Riondato|Eli Upfal
conf/wsdm/ArefievaESS23,2023,WSDM,inproceedings,Travel Bird: A Personalized Destination Recommender with TourBERT and Airbnb Experiences.,Veronika Arefieva|Roman Egger|Michael Schrefl|Markus Schedl
conf/wsdm/FerdjaouiAN24,2024,WSDM,inproceedings,WordGraph: A Python Package for Reconstructing Interactive Causal Graphical Models from Text Data.,Amine Ferdjaoui|S|Mohamed Nadif
conf/wsdm/ChowdhuryCMRW20,2020,WSDM,inproceedings,Illustrate Your Story: Enriching Text with Images.,Sreyasi Nag Chowdhury|William Cheng|Gerard de Melo|Simon Razniewski|Gerhard Weikum
conf/wsdm/LiSCZLL24,2024,WSDM,inproceedings,CDRNP: Cross-Domain Recommendation to Cold-Start Users via Neural Process.,Xiaodong Li 0012|Jiawei Sheng|Jiangxia Cao|Wenyuan Zhang 0002|Quangang Li|Tingwen Liu
conf/wsdm/BingZD23,2023,WSDM,inproceedings,Cognition-aware Knowledge Graph Reasoning for Explainable Recommendation.,Qingyu Bing|Qiannan Zhu|Zhicheng Dou
conf/wsdm/KongRX20,2020,WSDM,inproceedings,Modeling Information Cascades with Self-exciting Processes via Generalized Epidemic Models.,Quyu Kong|Marian-Andrei Rizoiu|Lexing Xie
conf/wsdm/WangZW24,2024,WSDM,inproceedings,Distribution Consistency based Self-Training for Graph Neural Networks with Sparse Labels.,Fali Wang|Tianxiang Zhao 0001|Suhang Wang
conf/wsdm/LahotiGG18,2018,WSDM,inproceedings,Joint Non-negative Matrix Factorization for Learning Ideological Leaning on Twitter.,Preethi Lahoti|Kiran Garimella 0001|Aristides Gionis
conf/wsdm/CaoL0GL023,2023,WSDM,inproceedings,Towards Universal Cross-Domain Recommendation.,Jiangxia Cao|Shaoshuai Li|Bowen Yu 0002|Xiaobo Guo|Tingwen Liu|Bin Wang 0004
conf/wsdm/EickhoffKW20,2020,WSDM,inproceedings,Overview of the Health Search and Data Mining (HSDM 2020) Workshop.,Carsten Eickhoff|Yubin Kim 0001|Ryen W. White
conf/wsdm/ChaudhariBT18,2018,WSDM,inproceedings,Putting Data in the Driver's Seat: Optimizing Earnings for On-Demand Ride-Hailing.,Harshal A. Chaudhari|John W. Byers|Evimaria Terzi
conf/wsdm/FettalLN23,2023,WSDM,inproceedings,Simultaneous Linear Multi-view Attributed Graph Representation Learning and Clustering.,Chakib Fettal|Lazhar Labiod|Mohamed Nadif
conf/wsdm/XieXCS21,2021,WSDM,inproceedings,How to Measure Your App: A Couple of Pitfalls and Remedies in Measuring App Performance in Online Controlled Experiments.,Yuxiang Xie|Meng Xu 0015|Evan Chow|Xiaolin Shi
conf/wsdm/FanJS23,2023,WSDM,inproceedings,Metropolitan-scale Mobility Digital Twin.,Zipei Fan|Renhe Jiang|Ryosuke Shibasaki
conf/wsdm/XuXQ21,2021,WSDM,inproceedings,Privacy Monitoring Service for Conversations.,Qiongkai Xu|Chenchen Xu|Lizhen Qu
conf/wsdm/LiuBC19,2019,WSDM,inproceedings,Sampling Methods for Counting Temporal Motifs.,Paul Liu 0001|Austin R. Benson|Moses Charikar
conf/wsdm/LalmasH18,2018,WSDM,inproceedings,"Tutorial on Metrics of User Engagement: Applications to News, Search and E-Commerce.",Mounia Lalmas|Liangjie Hong
conf/wsdm/0001H0VO24,2024,WSDM,inproceedings,Unbiased Learning to Rank: On Recent Advances and Practical Applications.,Shashank Gupta 0001|Philipp Hager 0001|Jin Huang 0010|Ali Vardasbi|Harrie Oosterhuis
conf/wsdm/XiaoW22,2022,WSDM,inproceedings,Towards Unbiased and Robust Causal Ranking for Recommender Systems.,Teng Xiao|Suhang Wang
conf/wsdm/KenterBGDRM18,2018,WSDM,inproceedings,Neural Networks for Information Retrieval.,Tom Kenter|Alexey Borisov|Christophe Van Gysel|Mostafa Dehghani 0001|Maarten de Rijke|Bhaskar Mitra 0001
conf/wsdm/TuckerJ23,2023,WSDM,inproceedings,Variance-Minimizing Augmentation Logging for Counterfactual Evaluation in Contextual Bandits.,Aaron David Tucker|Thorsten Joachims
conf/wsdm/TangLSYMW20,2020,WSDM,inproceedings,Transferring Robustness for Graph Neural Network Against Poisoning Attacks.,Xianfeng Tang|Yandong Li|Yiwei Sun|Huaxiu Yao|Prasenjit Mitra|Suhang Wang
conf/wsdm/ParkCBPK22,2022,WSDM,inproceedings,Reinforcement Learning over Sentiment-Augmented Knowledge Graphs towards Accurate and Explainable Recommendation.,Sung-Jun Park|Dong-Kyu Chae|Hong-Kyun Bae|Sumin Park|Sang-Wook Kim
conf/wsdm/GamzuLS18,2018,WSDM,inproceedings,Unsubscription: A Simple Way to Ease Overload in Email.,Iftah Gamzu|Liane Lewin-Eytan|Natalia Silberstein
conf/wsdm/Zhu0ZZWC21,2021,WSDM,inproceedings,Popularity-Opportunity Bias in Collaborative Filtering.,Ziwei Zhu 0001|Yun He 0001|Xing Zhao 0003|Yin Zhang 0011|Jianling Wang|James Caverlee
conf/wsdm/MaCP022,2022,WSDM,inproceedings,VAE++: Variational AutoEncoder for Heterogeneous One-Class Collaborative Filtering.,Wanqi Ma|Xiancong Chen|Weike Pan|Zhong Ming 0001
conf/wsdm/ParkCYK23,2023,WSDM,inproceedings,Never Too Late to Learn: Regularizing Gender Bias in Coreference Resolution.,Sunyoung Park|Kyuri Choi|Haeun Yu|Youngjoong Ko
conf/wsdm/YesilerMSG22,2022,WSDM,inproceedings,Assessing Algorithmic Biases for Musical Version Identification.,Furkan Yesiler|Marius Miron|Joan Serr|Emilia G
conf/wsdm/0008T20,2020,WSDM,inproceedings,DDTCDR: Deep Dual Transfer Cross Domain Recommendation.,Pan Li 0008|Alexander Tuzhilin
conf/wsdm/RenRS0YR20,2020,WSDM,inproceedings,NLP4REC: The WSDM 2020 Workshop on Natural Language Processing for Recommendations.,Pengjie Ren|Zhaochun Ren|Fei Sun 0001|Xiangnan He 0001|Dawei Yin 0001|Maarten de Rijke
conf/wsdm/Cruz-PerezM24,2024,WSDM,inproceedings,Automated Topic Generation for the Mexican Platform for Access to Government Public Information During the Period 2003-2020.,Hermelando Cruz-P|Alejandro Molina-Villegas
conf/wsdm/MehrotraAY18,2018,WSDM,inproceedings,LearnIR: WSDM 2018 Workshop on Learning from User Interactions.,Rishabh Mehrotra|Ahmed Hassan Awadallah|Emine Yilmaz
conf/wsdm/AlipourfardFL18,2018,WSDM,inproceedings,Can you Trust the Trend?: Discovering Simpson's Paradoxes in Social Data.,Nazanin Alipourfard|Peter G. Fennell|Kristina Lerman
conf/wsdm/GrubenmannCL20,2020,WSDM,inproceedings,TSA: A Truthful Mechanism for Social Advertising.,Tobias Grubenmann|Reynold C. K. Cheng|Laks V. S. Lakshmanan
conf/wsdm/ZhaoX0CDW23,2023,WSDM,inproceedings,Separating Examination and Trust Bias from Click Predictions for Unbiased Relevance Ranking.,Haiyuan Zhao|Jun Xu 0001|Xiao Zhang 0034|Guohao Cai|Zhenhua Dong|Ji-Rong Wen
conf/wsdm/ZhanM0GZM22,2022,WSDM,inproceedings,Learning Discrete Representations via Constrained Clustering for Effective and Efficient Dense Retrieval.,Jingtao Zhan|Jiaxin Mao|Yiqun Liu 0001|Jiafeng Guo|Min Zhang 0006|Shaoping Ma
conf/wsdm/LiUH21,2021,WSDM,inproceedings,Leave No User Behind: Towards Improving the Utility of Recommender Systems for Non-mainstream Users.,Roger Zhe Li|Juli|Alan Hanjalic
conf/wsdm/YangSGLJ20,2020,WSDM,inproceedings,Model Compression with Two-stage Multi-teacher Knowledge Distillation for Web Question Answering System.,Ze Yang 0005|Linjun Shou|Ming Gong 0001|Wutao Lin|Daxin Jiang
conf/wsdm/ZhouWLW0L23,2023,WSDM,inproceedings,Inductive Graph Transformer for Delivery Time Estimation.,Xin Zhou 0008|Jinglong Wang|Yong Liu 0020|Xingyu Wu|Zhiqi Shen 0001|Cyril Leung
conf/wsdm/Qu0NY24,2024,WSDM,inproceedings,Budgeted Embedding Table For Recommender Systems.,Yunke Qu|Tong Chen 0005|Quoc Viet Hung Nguyen|Hongzhi Yin
conf/wsdm/LinBW22,2022,WSDM,inproceedings,Graph Embedding with Hierarchical Attentive Membership.,Lu Lin 0001|Ethan Blaser|Hongning Wang
conf/wsdm/NakovMA22,2022,WSDM,inproceedings,"Fact-Checking, Fake News, Propaganda, Media Bias, and the COVID-19 Infodemic.",Preslav Nakov|Giovanni Da San Martino|Firoj Alam
conf/wsdm/FuXZZ21,2021,WSDM,inproceedings,WSDM 2021 Tutorial on Conversational Recommendation Systems.,Zuohui Fu|Yikun Xian|Yongfeng Zhang 0003|Yi Zhang 0001
conf/wsdm/SekulicAC22,2022,WSDM,inproceedings,Evaluating Mixed-initiative Conversational Search Systems via User Simulation.,Ivan Sekulic|Mohammad Aliannejadi|Fabio Crestani
conf/wsdm/YangTNPF23,2023,WSDM,inproceedings,"""Just To See You Smile"": SMILEY, a Voice-Guided GUY GAN.",Qi Yang 0005|Christos Tzelepis|Sergey I. Nikolenko|Ioannis Patras|Aleksandr Farseev
conf/wsdm/RoblesMPPM24,2024,WSDM,inproceedings,Preserving Heritage: Developing a Translation Tool for Indigenous Dialects.,Melissa Robles|Cristian A. Mart|Juan Camilo Prieto|Sara Palacios|Rub
conf/wsdm/CohenSJA21,2021,WSDM,inproceedings,A Black-Box Attack Model for Visually-Aware Recommender Systems.,Rami Cohen|Oren Sar Shalom|Dietmar Jannach|Amihood Amir
conf/wsdm/ZhangPZBC19,2019,WSDM,inproceedings,Interaction Embeddings for Prediction and Explanation in Knowledge Graphs.,Wen Zhang 0015|Bibek Paudel|Wei Zhang 0127|Abraham Bernstein|Huajun Chen
conf/wsdm/LiuGLTYH20,2020,WSDM,inproceedings,End-to-End Deep Reinforcement Learning based Recommendation with Supervised Embedding.,Feng Liu 0034|Huifeng Guo|Xutao Li 0003|Ruiming Tang|Yunming Ye|Xiuqiang He 0001
conf/wsdm/HangDZSWZ22,2022,WSDM,inproceedings,Outside In: Market-aware Heterogeneous Graph Neural Network for Employee Turnover Prediction.,Jinquan Hang|Zheng Dong|Hongke Zhao|Xin Song|Peng Wang 0173|Hengshu Zhu
conf/wsdm/RegevJ024,2024,WSDM,inproceedings,Future Timelines: Extraction and Visualization of Future-related Content From News Articles.,Juwal Regev|Adam Jatowt|Michael F
conf/wsdm/WangJ23,2023,WSDM,inproceedings,Uncertainty Quantification for Fairness in Two-Stage Recommender Systems.,Lequn Wang|Thorsten Joachims
conf/wsdm/FarfadeVCM24,2024,WSDM,inproceedings,Scaling Use-case Based Shopping using LLMs.,Sachin Farfade|Sachin Vernekar|Vineet Chaoji|Rajdeep Mukherjee
conf/wsdm/TruongSL21,2021,WSDM,inproceedings,Bilateral Variational Autoencoder for Collaborative Filtering.,Quoc-Tuan Truong|Aghiles Salah|Hady W. Lauw
conf/wsdm/BurySS18,2018,WSDM,inproceedings,Sketch 'Em All: Fast Approximate Similarity Search for Dynamic Data Streams.,Marc Bury|Chris Schwiegelshohn|Mara Sorella
conf/wsdm/LiuCS024,2024,WSDM,inproceedings,ONCE: Boosting Content-based Recommendation with Both Open- and Closed-source Large Language Models.,Qijiong Liu|Nuo Chen 0004|Tetsuya Sakai|Xiao-Ming Wu 0003
conf/wsdm/ZhaoZZLZ22,2022,WSDM,inproceedings,Joint Learning of E-commerce Search and Recommendation with a Unified Graph Neural Network.,Kai Zhao 0009|Yukun Zheng|Tao Zhuang|Xiang Li 0107|Xiaoyi Zeng
conf/wsdm/KimKO19,2019,WSDM,inproceedings,Homogeneity-Based Transmissive Process to Model True and False News in Social Networks.,Jooyeon Kim|Dongkwan Kim 0001|Alice Oh
conf/wsdm/RageshSIBL21,2021,WSDM,inproceedings,HeteGCN: Heterogeneous Graph Convolutional Networks for Text Classification.,Rahul Ragesh|Sundararajan Sellamanickam|Arun Iyer|Ramakrishna Bairi|Vijay Lingam
conf/wsdm/Deng0D22,2022,WSDM,inproceedings,Improving Personalized Search with Dual-Feedback Network.,Chenlong Deng|Yujia Zhou 0002|Zhicheng Dou
conf/wsdm/Chen0SXY21,2021,WSDM,inproceedings,Temporal Meta-path Guided Explainable Recommendation.,Hongxu Chen 0002|Yicong Li 0001|Xiangguo Sun|Guandong Xu|Hongzhi Yin
conf/wsdm/LiuLSYZ23,2023,WSDM,inproceedings,Multimodal Pre-Training with Self-Distillation for Product Understanding in E-Commerce.,Shilei Liu|Lin Li|Jun Song|Yonghua Yang|Xiaoyi Zeng
conf/wsdm/ShethMKC024,2024,WSDM,inproceedings,Causality Guided Disentanglement for Cross-Platform Hate Speech Detection.,Paras Sheth|Raha Moraffah|Tharindu S. Kumarage|Aman Chadha|Huan Liu 0001
conf/wsdm/SunLLRGN20,2020,WSDM,inproceedings,LARA: Attribute-to-feature Adversarial Learning for New-item Recommendation.,Changfeng Sun|Han Liu|Meng Liu 0006|Zhaochun Ren|Tian Gan 0002|Liqiang Nie
conf/wsdm/AfzaliDB023,2023,WSDM,inproceedings,UserSimCRS: A User Simulation Toolkit for Evaluating Conversational Recommender Systems.,Jafar Afzali|Aleksander Mark Drzewiecki|Krisztian Balog|Shuo Zhang 0006
conf/wsdm/DongZHTZZ23,2023,WSDM,inproceedings,Active Ensemble Learning for Knowledge Graph Error Detection.,Junnan Dong|Qinggang Zhang|Xiao Huang 0001|Qiaoyu Tan|Daochen Zha|Zihao Zhao
conf/wsdm/WanNMM20,2020,WSDM,inproceedings,Addressing Marketing Bias in Product Recommendations.,Mengting Wan|Jianmo Ni|Rishabh Misra|Julian J. McAuley
conf/wsdm/JuYQSSZ22,2022,WSDM,inproceedings,KGNN: Harnessing Kernel-based Networks for Semi-supervised Graph Classification.,Wei Ju 0001|Junwei Yang|Meng Qu|Weiping Song|Jianhao Shen|Ming Zhang 0004
conf/wsdm/DasSVWX24,2024,WSDM,inproceedings,Applications of LLMs in E-Commerce Search and Product Knowledge Graph: The DoorDash Case Study.,Sudeep Das|Raghav Saboo|Chaitanya S. K. Vadrevu|Bruce Wang|Steven Xu
conf/wsdm/Fang00L0C23,2023,WSDM,inproceedings,Cooperative Explanations of Graph Neural Networks.,Junfeng Fang|Xiang Wang 0010|An Zhang 0003|Zemin Liu|Xiangnan He 0001|Tat-Seng Chua
conf/wsdm/ChenLJJDH24,2024,WSDM,inproceedings,Towards Mitigating Dimensional Collapse of Representations in Collaborative Filtering.,Huiyuan Chen|Vivian Lai|Hongye Jin|Zhimeng Jiang|Mahashweta Das|Xia Hu 0001
conf/wsdm/0022SCZ21,2021,WSDM,inproceedings,Personalized Food Recommendation as Constrained Question Answering over a Large-scale Food Knowledge Graph.,Yu Chen 0022|Ananya Subburathinam|Ching-Hua Chen|Mohammed J. Zaki
conf/wsdm/LentiMM24,2024,WSDM,inproceedings,Likelihood-Based Methods Improve Parameter Estimation in Opinion Dynamics Models.,Jacopo Lenti|Corrado Monti|Gianmarco De Francisci Morales
conf/wsdm/EbrahimiVPN18,2018,WSDM,inproceedings,Predicting Audio Advertisement Quality.,Samaneh Ebrahimi 0001|Hossein Vahabi|Matthew Prockup|Oriol Nieto
conf/wsdm/SagtaniJMJ24,2024,WSDM,inproceedings,Ad-load Balancing via Off-policy Learning in a Content Marketplace.,Hitesh Sagtani|Madan Gopal Jhawar|Rishabh Mehrotra|Olivier Jeunen
conf/wsdm/TepperHBRL18,2018,WSDM,inproceedings,Collabot: Personalized Group Chat Summarization.,Naama Tepper|Anat Hashavit|Maya Barnea|Inbal Ronen|Lior Leiba
conf/wsdm/ShishkinBFDG20,2020,WSDM,inproceedings,Text Recognition Using Anonymous CAPTCHA Answers.,Alexander Shishkin|Anastasia A. Bezzubtseva|Valentina Fedorova|Alexey Drutsa|Gleb Gusev
conf/wsdm/SariyuceP18,2018,WSDM,inproceedings,Peeling Bipartite Networks for Dense Subgraph Discovery.,Ahmet Erdem Sariy|Ali Pinar
conf/wsdm/ShinKSS22,2022,WSDM,inproceedings,"Finding a Concise, Precise, and Exhaustive Set of Near Bi-Cliques in Dynamic Graphs.",Hyeonjeong Shin|Taehyung Kwon|Neil Shah|Kijung Shin
conf/wsdm/YinBL19,2019,WSDM,inproceedings,The Local Closure Coefficient: A New Perspective On Network Clustering.,Hao Yin|Austin R. Benson|Jure Leskovec
conf/wsdm/KicimanS19,2019,WSDM,inproceedings,Causal Inference and Counterfactual Reasoning (3hr Tutorial).,Emre Kiciman|Amit Sharma 0007
conf/wsdm/LiL020,2020,WSDM,inproceedings,Incremental Filter Pruning via Random Walk for Accelerating Deep Convolutional Neural Networks.,Qinghua Li|Cuiping Li 0001|Hong Chen 0001
conf/wsdm/LiYM20,2020,WSDM,inproceedings,Learning with Small Data.,Zhenhui Li|Huaxiu Yao|Fenglong Ma
conf/wsdm/LuoHP23,2023,WSDM,inproceedings,Graph Sequential Neural ODE Process for Link Prediction on Dynamic and Sparse Graphs.,Linhao Luo|Gholamreza Haffari|Shirui Pan
conf/wsdm/ZhangLLXZ22,2022,WSDM,inproceedings,Leaving No One Behind: A Multi-Scenario Multi-Task Meta Learning Approach for Advertiser Modeling.,Qianqian Zhang|Xinru Liao|Quan Liu 0008|Jian Xu 0015|Bo Zheng 0007
conf/wsdm/HibshmanGSW21,2021,WSDM,inproceedings,Joint Subgraph-to-Subgraph Transitions: Generalizing Triadic Closure for Powerful and Interpretable Graph Modeling.,Justus Isaiah Hibshman|Daniel Gonzalez 0001|Satyaki Sikdar|Tim Weninger
conf/wsdm/BayirXZS19,2019,WSDM,inproceedings,Genie: An Open Box Counterfactual Policy Estimator for Optimizing Sponsored Search Marketplace.,Murat Ali Bayir|Mingsen Xu|Yaojia Zhu|Yifan Shi
conf/wsdm/ZhaoLZW23,2023,WSDM,inproceedings,Towards Faithful and Consistent Explanations for Graph Neural Networks.,Tianxiang Zhao 0001|Dongsheng Luo|Xiang Zhang 0001|Suhang Wang
conf/wsdm/DuY00023,2023,WSDM,inproceedings,IDNP: Interest Dynamics Modeling Using Generative Neural Processes for Sequential Recommendation.,Jing Du 0003|Zesheng Ye|Bin Guo 0001|Zhiwen Yu 0001|Lina Yao 0001
conf/wsdm/JainBCV19,2019,WSDM,inproceedings,Slice: Scalable Linear Extreme Classifiers Trained on 100 Million Labels for Related Searches.,Himanshu Jain|Venkatesh Balasubramanian|Bhanu Chunduri|Manik Varma
conf/wsdm/TruongL23,2023,WSDM,inproceedings,Concept-Oriented Transformers for Visual Sentiment Analysis.,Quoc-Tuan Truong|Hady W. Lauw
conf/wsdm/LiaoYS23,2023,WSDM,inproceedings,Proactive Conversational Agents.,Lizi Liao|Grace Hui Yang|Chirag Shah 0001
conf/wsdm/Zhou0VET22,2022,WSDM,inproceedings,Learning Transferable Node Representations for Attribute Extraction from Web Documents.,Yichao Zhou 0001|Ying Sheng 0002|Nguyen Vo|Nick Edmonds|Sandeep Tata
conf/wsdm/ManousakasM21,2021,WSDM,inproceedings,β-Cores: Robust Large-Scale Bayesian Data Summarization in the Presence of Outliers.,Dionysis Manousakas|Cecilia Mascolo
conf/wsdm/SankarWGZY20,2020,WSDM,inproceedings,DySAT: Deep Neural Representation Learning on Dynamic Graphs via Self-Attention Networks.,Aravind Sankar|Yanhong Wu|Liang Gou|Wei Zhang 0189|Hao Yang 0007
conf/wsdm/KeCW22,2022,WSDM,inproceedings,An Unsupervised Detection Framework for Chinese Jargons in the Darknet.,Liang Ke|Xinyu Chen|Haizhou Wang 0001
conf/wsdm/AzarbonyadSW19,2019,WSDM,inproceedings,Domain Adaptation for Commitment Detection in Email.,Hosein Azarbonyad|Robert Sim|Ryen W. White
conf/wsdm/Jin0L024,2024,WSDM,inproceedings,Bridging Text Data and Graph Data: Towards Semantics and Structure-aware Knowledge Discovery.,Bowen Jin|Yu Zhang 0044|Sha Li|Jiawei Han 0001
conf/wsdm/KoopmanZ19,2019,WSDM,inproceedings,WSDM 2019 Tutorial on Health Search (HS2019): A Full-Day from Consumers to Clinicians.,Bevan Koopman|Guido Zuccon
conf/wsdm/UpadhyayDPG19,2019,WSDM,inproceedings,On the Complexity of Opinions and Online Discussions.,Utkarsh Upadhyay|Abir De|Aasish Pappu|Manuel Gomez-Rodriguez
conf/wsdm/ShuWL19,2019,WSDM,inproceedings,Beyond News Contents: The Role of Social Context for Fake News Detection.,Kai Shu|Suhang Wang|Huan Liu 0001
conf/wsdm/ChengG022,2022,WSDM,inproceedings,Estimating Causal Effects of Multi-Aspect Online Reviews with Multi-Modal Proxies.,Lu Cheng 0001|Ruocheng Guo|Huan Liu 0001
conf/wsdm/LuoZACY023,2023,WSDM,inproceedings,Model-based Unbiased Learning to Rank.,Dan Luo 0004|Lixin Zou|Qingyao Ai|Zhiyu Chen 0001|Dawei Yin 0001|Brian D. Davison 0001
conf/wsdm/LeL21,2021,WSDM,inproceedings,Explainable Recommendation with Comparative Constraints on Product Aspects.,Trung-Hoang Le|Hady W. Lauw
conf/wsdm/BeigiGNZ019,2019,WSDM,inproceedings,Protecting User Privacy: An Approach for Untraceable Web Browsing History and Unambiguous User Profiles.,Ghazaleh Beigi|Ruocheng Guo|Alexander Nou|Yanchao Zhang|Huan Liu 0001
conf/wsdm/0003S20,2020,WSDM,inproceedings,The Power of Pivoting for Exact Clique Counting.,Shweta Jain 0003|C. Seshadhri 0001
conf/wsdm/ZhaoZF21,2021,WSDM,inproceedings,Towards Scalable Spectral Embedding and Data Visualization via Spectral Coarsening.,Zhiqiang Zhao|Ying Zhang|Zhuo Feng
conf/wsdm/MaGZFJC21,2021,WSDM,inproceedings,PROP: Pre-training with Representative Words Prediction for Ad-hoc Retrieval.,Xinyu Ma|Jiafeng Guo|Ruqing Zhang 0001|Yixing Fan|Xiang Ji|Xueqi Cheng
conf/wsdm/SchedlMSHL24,2024,WSDM,inproceedings,Psychology-informed Information Access Systems Workshop.,Markus Schedl|Marta Moscati|Bruno Sguerra|Romain Hennequin|Elisabeth Lex
conf/wsdm/GangulyVSPJ21,2021,WSDM,inproceedings,Overview of the Supporting and Understanding of Conversational Dialogues (SUD) Workshop.,Debasis Ganguly|Manisha Verma|Procheta Sen|Dipasree Pal|Gareth J. F. Jones
conf/wsdm/GuDWY20,2020,WSDM,inproceedings,Hierarchical User Profiling for E-commerce Recommender Systems.,Yulong Gu|Zhuoye Ding|Shuaiqiang Wang|Dawei Yin 0001
conf/wsdm/JinDW0LT21,2021,WSDM,inproceedings,Node Similarity Preserving Graph Convolutional Networks.,Wei Jin 0009|Tyler Derr|Yiqi Wang 0001|Yao Ma 0001|Zitao Liu 0001|Jiliang Tang
conf/wsdm/FairsteinHLL22,2022,WSDM,inproceedings,External Evaluation of Ranking Models under Extreme Position-Bias.,Yaron Fairstein|Elad Haramaty|Arnon Lazerson|Liane Lewin-Eytan
conf/wsdm/YangLZTC24,2024,WSDM,inproceedings,GAP: A Grammar and Position-Aware Framework for Efficient Recognition of Multi-Line Mathematical Formulas.,Zhe Yang|Qi Liu 0003|Kai Zhang 0038|Shiwei Tong|Enhong Chen
conf/wsdm/HuangKMRS23,2023,WSDM,inproceedings,Global Counterfactual Explainer for Graph Neural Networks.,Zexi Huang|Mert Kosan|Sourav Medya|Sayan Ranu|Ambuj K. Singh
conf/wsdm/WangLC24,2024,WSDM,inproceedings,Fresh Content Recommendation at Scale: A Multi-funnel Solution and the Potential of LLMs.,Jianling Wang|Haokai Lu|Minmin Chen
conf/wsdm/HuangRZHWD19,2019,WSDM,inproceedings,Taxonomy-Aware Multi-Hop Reasoning Networks for Sequential Recommendation.,Jin Huang 0010|Zhaochun Ren|Wayne Xin Zhao|Gaole He|Ji-Rong Wen|Daxiang Dong
conf/wsdm/ZhouZZ19,2019,WSDM,inproceedings,The 1st International Workshop on Context-Aware Recommendation Systems with Big Data Analytics (CARS-BDA).,Xiangmin Zhou|Ji Zhang 0001|Yanchun Zhang
conf/wsdm/ZhuLCZ24,2024,WSDM,inproceedings,The Devil is in the Data: Learning Fair Graph Neural Networks via Partial Knowledge Distillation.,Yuchang Zhu|Jintang Li|Liang Chen 0001|Zibin Zheng
conf/wsdm/WangHLS23,2023,WSDM,inproceedings,Graph Explicit Neural Networks: Explicitly Encoding Graphs for Efficient and Accurate Inference.,Yiwei Wang 0001|Bryan Hooi|Yozen Liu|Neil Shah
conf/wsdm/XuRKKA20,2020,WSDM,inproceedings,Product Knowledge Graph Embedding for E-commerce.,Da Xu|Chuanwei Ruan|Evren K|Sushant Kumar|Kannan Achan
conf/wsdm/PangAX21,2021,WSDM,inproceedings,Beyond Probability Ranking Principle: Modeling the Dependencies among Documents.,Liang Pang 0001|Qingyao Ai|Jun Xu 0001
conf/wsdm/KimKSK24,2024,WSDM,inproceedings,MONET: Modality-Embracing Graph Convolutional Network and Target-Aware Attention for Multimedia Recommendation.,Yungi Kim|Taeri Kim 0001|Won-Yong Shin|Sang-Wook Kim
conf/wsdm/ChakrabortyRMD23,2023,WSDM,inproceedings,Learning and Maximizing Influence in Social Networks Under Capacity Constraints.,Pritish Chakraborty|Sayan Ranu|Krishna Sri Ipsit Mantri|Abir De
conf/wsdm/YongDS23,2023,WSDM,inproceedings,DOCoR: Document-level OpenIE with Coreference Resolution.,Shan Jie Yong|Kuicai Dong|Aixin Sun
conf/wsdm/QuT018,2018,WSDM,inproceedings,Curriculum Learning for Heterogeneous Star Network Embedding via Deep Reinforcement Learning.,Meng Qu|Jian Tang 0005|Jiawei Han 0001
conf/wsdm/LiuZSW023,2023,WSDM,inproceedings,WSDM 2023 Workshop on Interactive Recommender Systems.,Yong Liu 0020|Hao Zhang 0048|Zhu Sun 0001|Shoujin Wang|Jie Zhang 0002
conf/wsdm/DeldariSMKSM24,2024,WSDM,inproceedings,CroSSL: Cross-modal Self-Supervised Learning for Time-series through Latent Masking.,Shohreh Deldari|Dimitris Spathis|Mohammad Malekzadeh|Fahim Kawsar|Flora D. Salim|Akhil Mathur
conf/wsdm/ZhangW023,2023,WSDM,inproceedings,Disentangled Representation for Diversified Recommendations.,Xiaoying Zhang|Hongning Wang|Hang Li 0001
conf/wsdm/ZhengMLSZM20,2020,WSDM,inproceedings,Investigating Examination Behavior in Mobile Search.,Yukun Zheng|Jiaxin Mao|Yiqun Liu 0001|Mark Sanderson|Min Zhang 0006|Shaoping Ma
conf/wsdm/DrutsaFUMZB20,2020,WSDM,inproceedings,"Practice of Efficient Data Collection via Crowdsourcing: Aggregation, Incremental Relabelling, and Pricing.",Alexey Drutsa|Valentina Fedorova|Dmitry Ustalov|Olga Megorskaya|Evfrosiniya Zerminova|Daria Baidakova
conf/wsdm/ShenCCZX22,2022,WSDM,inproceedings,Diversified Query Generation Guided by Knowledge Graph.,Xinyao Shen|Jiangjie Chen|Jiaze Chen|Chun Zeng|Yanghua Xiao
conf/wsdm/ChenZWLX24,2024,WSDM,inproceedings,TemporalMed: Advancing Medical Dialogues with Time-Aware Responses in Large Language Models.,Yuyan Chen|Jin Zhao 0004|Zhihao Wen|Zhixu Li|Yanghua Xiao
conf/wsdm/ChenWQM20,2020,WSDM,inproceedings,Parameter Tuning in Personal Search Systems.,Suming J. Chen|Xuanhui Wang|Zhen Qin 0001|Donald Metzler
conf/wsdm/ChowdhuryTFW18,2018,WSDM,inproceedings,VISIR: Visual and Semantic Image Label Refinement.,Sreyasi Nag Chowdhury|Niket Tandon|Hakan Ferhatosmanoglu|Gerhard Weikum
conf/wsdm/Clarke0A23,2023,WSDM,inproceedings,Preference-Based Offline Evaluation.,Charles L. A. Clarke|Fernando Diaz 0001|Negar Arabzadeh
conf/wsdm/WangZHXGL18,2018,WSDM,inproceedings,SHINE: Signed Heterogeneous Information Network Embedding for Sentiment Link Prediction.,Hongwei Wang 0004|Fuzheng Zhang|Min Hou 0004|Xing Xie 0001|Minyi Guo|Qi Liu 0003
conf/wsdm/LiouCTHC21,2021,WSDM,inproceedings,FinSense: An Assistant System for Financial Journalists and Investors.,Yi-Ting Liou|Chung-Chi Chen 0001|Tsun-Hsien Tang|Hen-Hsen Huang|Hsin-Hsi Chen
conf/wsdm/KlettiRL22,2022,WSDM,inproceedings,Introducing the Expohedron for Efficient Pareto-optimal Fairness-Utility Amortizations in Repeated Rankings.,Till Kletti|Jean-Michel Renders|Patrick Loiseau
conf/wsdm/RakeshWSL19,2019,WSDM,inproceedings,Linked Variational AutoEncoders for Inferring Substitutable and Supplementary Items.,Vineeth Rakesh|Suhang Wang|Kai Shu|Huan Liu 0001
conf/wsdm/ShuWTWL18,2018,WSDM,inproceedings,CrossFire: Cross Media Joint Friend and Item Recommendations.,Kai Shu|Suhang Wang|Jiliang Tang|Yilin Wang 0002|Huan Liu 0001
conf/wsdm/Xie0YZDH24,2024,WSDM,inproceedings,Making Small Language Models Better Multi-task Learners with Mixture-of-Task-Adapters.,Yukang Xie|Chengyu Wang 0001|Junbing Yan|Jiyong Zhou|Feiqi Deng|Jun Huang 0007
conf/wsdm/Vedula021,2021,WSDM,inproceedings,FACE-KEG: Fact Checking Explained using KnowledgE Graphs.,Nikhita Vedula|Srinivasan Parthasarathy 0001
conf/wsdm/ParkLMCFD22,2022,WSDM,inproceedings,EvoKG: Jointly Modeling Event Time and Network Structure for Reasoning over Temporal Knowledge Graphs.,Namyong Park 0001|Fuchen Liu|Purvanshi Mehta|Dana Cristofor|Christos Faloutsos|Yuxiao Dong
conf/wsdm/Derr0RSP23,2023,WSDM,inproceedings,The 3rd International Workshop on Machine Learning on Graphs (MLoG).,Tyler Derr|Yao Ma 0001|Benedek Rozemberczki|Neil Shah|Shirui Pan
conf/wsdm/PrabhuKGV20,2020,WSDM,inproceedings,Extreme Regression for Dynamic Search Advertising.,Yashoteja Prabhu|Aditya Kusupati|Nilesh Gupta|Manik Varma
conf/wsdm/GomezC24,2024,WSDM,inproceedings,Framework for Bias Detection in Machine Learning Models: A Fairness Approach.,Alveiro Alonso Rosado Gomez|Maritza Liliana Calder
conf/wsdm/JagermanKPQBN21,2021,WSDM,inproceedings,Improving Cloud Storage Search with User Activity.,Rolf Jagerman|Weize Kong|Rama Kumar Pasumarthi|Zhen Qin 0001|Michael Bendersky|Marc Najork
conf/wsdm/Jhaveri0V19,2019,WSDM,inproceedings,clstk: The Cross-Lingual Summarization Tool-Kit.,Nisarg Jhaveri|Manish Gupta 0001|Vasudeva Varma
conf/wsdm/SpitzAG19,2019,WSDM,inproceedings,TopExNet: Entity-Centric Network Topic Exploration in News Streams.,Andreas Spitz|Satya Almasian|Michael Gertz 0001
conf/wsdm/StamenkovicKAXK22,2022,WSDM,inproceedings,Choosing the Best of Both Worlds: Diverse and Novel Recommendations through Multi-Objective Reinforcement Learning.,Dusan Stamenkovic|Alexandros Karatzoglou|Ioannis Arapakis|Xin Xin 0003|Kleomenis Katevas
conf/wsdm/WangLHCCH20,2020,WSDM,inproceedings,Time to Shop for Valentine's Day: Shopping Occasions and Sequential Recommendation in E-commerce.,Jianling Wang|Raphael Louca|Diane Hu|Caitlin Cellier|James Caverlee|Liangjie Hong
conf/wsdm/BhallaLM23,2023,WSDM,inproceedings,Local Edge Dynamics and Opinion Polarization.,Nikita Bhalla|Adam Lechowicz|Cameron Musco
conf/wsdm/YuPXZ023,2023,WSDM,inproceedings,Web of Conferences: A Conference Knowledge Graph.,Shuo Yu 0001|Ciyuan Peng|Chengchuan Xu|Chen Zhang 0032|Feng Xia 0001
conf/wsdm/FlaggFMM21,2021,WSDM,inproceedings,Real-time Streaming of Gait Assessment for Parkinson's Disease.,Cristopher Flagg|Ophir Frieder|Sean MacAvaney|Gholam Motamedi
conf/wsdm/KornilovaB21,2021,WSDM,inproceedings,Mining the Stars: Learning Quality Ratings with User-facing Explanations for Vacation Rentals.,Anastasiia Kornilova|Lucas Bernardi
conf/wsdm/XuRCKKA20,2020,WSDM,inproceedings,Knowledge-aware Complementary Product Representation Learning.,Da Xu|Chuanwei Ruan|Jason H. D. Cho|Evren K|Sushant Kumar|Kannan Achan
conf/wsdm/YuanKAJ019,2019,WSDM,inproceedings,A Simple Convolutional Generative Network for Next Item Recommendation.,Fajie Yuan|Alexandros Karatzoglou|Ioannis Arapakis|Joemon M. Jose|Xiangnan He 0001
conf/wsdm/WuSDHC19,2019,WSDM,inproceedings,Neural Tensor Factorization for Temporal Interaction Learning.,Xian Wu 0003|Baoxu Shi|Yuxiao Dong|Chao Huang 0001|Nitesh V. Chawla
conf/wsdm/Lin0Y18,2018,WSDM,inproceedings,"The 5th International Workshop on Social Web for Disaster Management(SWDM'18): Collective Sensing, Trust, and Resilience in Global Crises.",Yu-Ru Lin|Carlos Castillo 0001|Jie Yin 0001
conf/wsdm/Benson0T18,2018,WSDM,inproceedings,A Discrete Choice Model for Subset Selection.,Austin R. Benson|Ravi Kumar 0001|Andrew Tomkins
conf/wsdm/ArnaoutNRW23,2023,WSDM,inproceedings,UnCommonSense in Action! Informative Negations for Commonsense Knowledge Bases.,Hiba Arnaout|Tuan-Phong Nguyen|Simon Razniewski|Gerhard Weikum
conf/wsdm/ZhuSZWMN24,2024,WSDM,inproceedings,Collaboration and Transition: Distilling Item Transitions into Multi-Query Self-Attention for Sequential Recommendation.,Tianyu Zhu|Yansong Shi|Yuan Zhang 0024|Yihong Wu 0006|Fengran Mo|Jian-Yun Nie
conf/wsdm/XieLRHZM18,2018,WSDM,inproceedings,Why People Search for Images using Web Search Engines.,Xiaohui Xie|Yiqun Liu 0001|Maarten de Rijke|Jiyin He|Min Zhang 0006|Shaoping Ma
conf/wsdm/MaLWT0C24,2024,WSDM,inproceedings,Leveraging Multimodal Features and Item-level User Feedback for Bundle Construction.,Yunshan Ma 0002|Xiaohao Liu|Yinwei Wei|Zhulin Tao|Xiang Wang 0010|Tat-Seng Chua
conf/wsdm/Pan0T0021,2021,WSDM,inproceedings,Unsupervised Attributed Network Embedding via Cross Fusion.,Guosheng Pan|Yuan Yao 0001|Hanghang Tong|Feng Xu 0007|Jian Lu 0001
conf/wsdm/HoPKBW20,2020,WSDM,inproceedings,"Entities with Quantities: Extraction, Search, and Ranking.",Vinh Thinh Ho|Koninika Pal|Niko Kleer|Klaus Berberich|Gerhard Weikum
conf/wsdm/ShirzadkhaniHKR24,2024,WSDM,inproceedings,Temporal Graph Analysis with TGX.,Razieh Shirzadkhani|Shenyang Huang|Elahe Kooshafar|Reihaneh Rabbany|Farimah Poursafaei
conf/wsdm/ZengSLS19,2019,WSDM,inproceedings,Attitude Detection for One-Round Conversation: Jointly Extracting Target-Polarity Pairs.,Zhaohao Zeng|Ruihua Song|Pingping Lin|Tetsuya Sakai
conf/wsdm/ChenXLC18,2018,WSDM,inproceedings,WSDM Cup 2018: Music Recommendation and Churn Prediction.,Yian Chen|Xing Xie 0001|Shou-De Lin|Arden Chiu
conf/wsdm/YangBGHE18,2018,WSDM,inproceedings,OpenRec: A Modular Framework for Extensible and Adaptable Recommendation Algorithms.,Longqi Yang 0001|Eugene Bagdasaryan|Joshua Gruenstein|Cheng-Kang Hsieh|Deborah Estrin
conf/wsdm/HassonNFA21,2021,WSDM,inproceedings,Category Recognition in E-Commerce using Sequence-to-Sequence Hierarchical Classification.,Idan Hasson|Slava Novgorodov|Gilad Fuchs|Yoni Acriche
conf/wsdm/XuTLHB18,2018,WSDM,inproceedings,GTA,Jiejun Xu|Hanghang Tong|Tsai-Ching Lu|Jingrui He|Nadya Bliss
conf/wsdm/WangCN22,2022,WSDM,inproceedings,A New Class of Polynomial Activation Functions of Deep Learning for Precipitation Forecasting.,Jiachuan Wang|Lei Chen 0002|Charles Wang Wai Ng
conf/wsdm/ChenCXC21,2021,WSDM,inproceedings,User Response Models to Improve a REINFORCE Recommender System.,Minmin Chen|Bo Chang 0002|Can Xu|Ed H. Chi
conf/wsdm/RajGDSSV24,2024,WSDM,inproceedings,"""Maya""- A Conversational Shopping Assistant for Fashion at Myntra.",Akhil Raj|Hrishikesh Ganu|Saikat Kumar Das|R. Sandeep|Satyajeet Singh|Sreekanth Vempati
conf/wsdm/DaiW21,2021,WSDM,inproceedings,Say No to the Discrimination: Learning Fair Graph Neural Networks with Limited Sensitive Attribute Information.,Enyan Dai|Suhang Wang
conf/wsdm/GuptaSDFM20,2020,WSDM,inproceedings,"Challenges, Best Practices and Pitfalls in Evaluating Results of Online Controlled Experiments.",Somit Gupta|Xiaolin Shi|Pavel A. Dmitriev|Xin Fu|Avijit Mukherjee
conf/wsdm/Fan0HH22,2022,WSDM,inproceedings,Building Multi-turn Query Interpreters for E-commercial Chatbots with Sparse-to-dense Attentive Modeling.,Yan Fan|Chengyu Wang 0001|Peng He|Yunhua Hu
conf/wsdm/LiCCC020,2020,WSDM,inproceedings,Interpretable Click-Through Rate Prediction through Hierarchical Attention.,Zeyu Li 0001|Wei Cheng 0002|Yang Chen 0063|Haifeng Chen|Wei Wang 0010
conf/wsdm/AnandKSZZ19,2019,WSDM,inproceedings,Asynchronous Training of Word Embeddings for Large Text Corpora.,Avishek Anand|Megha Khosla|Jaspreet Singh|Jan-Hendrik Zab|Zijian Zhang 0006
conf/wsdm/Song0WCZT19,2019,WSDM,inproceedings,Session-Based Social Recommendation via Dynamic Graph Attention Networks.,Weiping Song|Zhiping Xiao 0001|Yifan Wang 0014|Laurent Charlin|Ming Zhang 0004|Jian Tang 0005
conf/wsdm/PonzaCFMK21,2021,WSDM,inproceedings,Contextualizing Trending Entities in News Stories.,Marco Ponza|Diego Ceccarelli|Paolo Ferragina|Edgar Meij|Sambhav Kothari
conf/wsdm/Derr0FLAT20,2020,WSDM,inproceedings,Epidemic Graph Convolutional Network.,Tyler Derr|Yao Ma 0001|Wenqi Fan|Xiaorui Liu|Charu C. Aggarwal|Jiliang Tang
conf/wsdm/StergiouRT18,2018,WSDM,inproceedings,Shortcutting Label Propagation for Distributed Connected Components.,Stergios Stergiou|Dipen Rughwani|Kostas Tsioutsiouliklis
conf/wsdm/YuanZCYR19,2019,WSDM,inproceedings,A State Transition Model for Mobile Notifications via Survival Analysis.,Yiping Yuan|Jing Zhang|Shaunak Chatterjee|Shipeng Yu|R
conf/wsdm/ChatterjeeGA20,2020,WSDM,inproceedings,FAQAugmenter: Suggesting Questions for Enterprise FAQ Pages.,Ankush Chatterjee|Manish Gupta 0001|Puneet Agrawal
conf/wsdm/YaoSDRX18,2018,WSDM,inproceedings,Dynamic Word Embeddings for Evolving Semantic Discovery.,Zijun Yao 0001|Yifan Sun 0001|Weicong Ding|Nikhil Rao 0001|Hui Xiong 0001
conf/wsdm/HiranandaniSKA19,2019,WSDM,inproceedings,Clustered Monotone Transforms for Rating Factorization.,Gaurush Hiranandani|Raghav Somani|Oluwasanmi Koyejo|Sreangsu Acharyya
conf/wsdm/0007SBQ19,2019,WSDM,inproceedings,Intelligent Traffic Analytics: From Monitoring to Controlling.,Sheng Wang 0007|Yunzhuang Shen|Zhifeng Bao|Xiaolin Qin
conf/wsdm/KalifaSGRR22,2022,WSDM,inproceedings,Leveraging World Events to Predict E-Commerce Consumer Demand under Anomaly.,Dan Kalifa|Uriel Singer|Ido Guy|Guy D. Rosin|Kira Radinsky
conf/wsdm/WangSWZ024,2024,WSDM,inproceedings,Dynamic Sparse Learning: A Novel Paradigm for Efficient Recommendation.,Shuyao Wang|Yongduo Sui|Jiancan Wu|Zhi Zheng 0008|Hui Xiong 0001
conf/wsdm/ZhangYCHNC22,2022,WSDM,inproceedings,PipAttack: Poisoning Federated Recommender Systems for Manipulating Item Promotion.,Shijie Zhang|Hongzhi Yin|Tong Chen 0005|Zi Huang|Quoc Viet Hung Nguyen|Lizhen Cui
conf/wsdm/AliSKMR21,2021,WSDM,inproceedings,Ad Delivery Algorithms: The Hidden Arbiters of Political Messaging.,Muhammad Ali 0014|Piotr Sapiezynski|Aleksandra Korolova|Alan Mislove|Aaron Rieke
conf/wsdm/SachdevaWM22,2022,WSDM,inproceedings,On Sampling Collaborative Filtering Datasets.,Noveen Sachdeva|Carole-Jean Wu|Julian J. McAuley
conf/wsdm/TanjimA18,2018,WSDM,inproceedings,sSketch: A Scalable Sketching Technique for PCA in the Cloud.,Md. Mehrab Tanjim|Muhammad Abdullah Adnan
conf/wsdm/BendreDWY21,2021,WSDM,inproceedings,GPR: Global Personalized Restaurant Recommender System Leveraging Billions of Financial Transactions.,Mangesh Bendre|Mahashweta Das|Fei Wang 0062|Hao Yang 0007
conf/wsdm/0001SRC22,2022,WSDM,inproceedings,Translating Human Mobility Forecasting through Natural Language Generation.,Hao Xue 0001|Flora D. Salim|Yongli Ren|Charles L. A. Clarke
conf/wsdm/SawhneyJGS21,2021,WSDM,inproceedings,Towards Ordinal Suicide Ideation Detection on Social Media.,Ramit Sawhney|Harshit Joshi|Saumya Gandhi|Rajiv Ratn Shah
conf/wsdm/FeyisetanBDD20,2020,WSDM,inproceedings,Privacy- and Utility-Preserving Textual Analysis via Calibrated Multivariate Perturbations.,Oluwaseyi Feyisetan|Borja Balle|Thomas Drake|Tom Diethe
conf/wsdm/PelechrinisP18,2018,WSDM,inproceedings,Athlytics: Winning in Sports with Data.,Konstantinos Pelechrinis|Evangelos E. Papalexakis
conf/wsdm/ChitraM20,2020,WSDM,inproceedings,Analyzing the Impact of Filter Bubbles on Social Network Polarization.,Uthsav Chitra|Christopher Musco
conf/wsdm/Gad-Elrab0UW19,2019,WSDM,inproceedings,ExFaKT: A Framework for Explaining Facts over Knowledge Graphs and Text.,Mohamed H. Gad-Elrab|Daria Stepanova 0001|Jacopo Urbani|Gerhard Weikum
conf/wsdm/ChenML0M20,2020,WSDM,inproceedings,A Context-Aware Click Model for Web Search.,Jia Chen 0003|Jiaxin Mao|Yiqun Liu 0001|Min Zhang 0006|Shaoping Ma
conf/wsdm/Wood-DoughtyB22,2022,WSDM,inproceedings,The Incentives Platform at Lyft.,Alex Wood-Doughty|Cameron Bruggeman
conf/wsdm/ZhangSA0ZL23,2023,WSDM,inproceedings,A Semantic Search Framework for Similar Audit Issue Recommendation in Financial Industry.,Chuchu Zhang|Can Song|Samarth Agarwal|Huayu Wu 0001|Xuejie Zhang|John Jianan Lu
conf/wsdm/Li0Y0MX23,2023,WSDM,inproceedings,Exploiting Explicit and Implicit Item relationships for Session-based Recommendation.,Zihao Li 0005|Xianzhi Wang 0001|Chao Yang 0024|Lina Yao 0001|Julian J. McAuley|Guandong Xu
conf/wsdm/WallatJA24,2024,WSDM,inproceedings,Temporal Blind Spots in Large Language Models.,Jonas Wallat|Adam Jatowt|Avishek Anand
conf/wsdm/TaoSCHC21,2021,WSDM,inproceedings,Adversarial Immunization for Certifiable Robustness on Graphs.,Shuchang Tao|Huawei Shen|Qi Cao 0005|Liang Hou|Xueqi Cheng
conf/wsdm/MengLBZ19,2019,WSDM,inproceedings,Co-Embedding Attributed Networks.,Zaiqiao Meng|Shangsong Liang|Hongyan Bao|Xiangliang Zhang 0001
conf/wsdm/FengWLLW24,2024,WSDM,inproceedings,Contextual MAB Oriented Embedding Denoising for Sequential Recommendation.,Zhichao Feng|Pengfei Wang 0009|Kaiyuan Li|Chenliang Li 0005|Shangguang Wang
conf/wsdm/GhazimatinRW19,2019,WSDM,inproceedings,FAIRY: A Framework for Understanding Relationships Between Users' Actions and their Social Feeds.,Azin Ghazimatin|Rishiraj Saha Roy|Gerhard Weikum
conf/wsdm/ChoiJLL21,2021,WSDM,inproceedings,Local Collaborative Autoencoders.,Minjin Choi 0001|Yoonki Jeong|Joonseok Lee|Jongwuk Lee
conf/wsdm/XuHSW22,2022,WSDM,inproceedings,MAF: A General Matching and Alignment Framework for Multimodal Named Entity Recognition.,Bo Xu 0023|Shizhou Huang|Chaofeng Sha|Hongya Wang
conf/wsdm/RazniewskiTV21,2021,WSDM,inproceedings,Information to Wisdom: Commonsense Knowledge Extraction and Compilation.,Simon Razniewski|Niket Tandon|Aparna S. Varde
conf/wsdm/RenKWS18,2018,WSDM,inproceedings,"First Workshop on Knowledge Base Construction, Mining and Reasoning.",Xiang Ren 0001|Craig A. Knoblock|William Yang Wang|Yu Su 0001
conf/wsdm/DuanJ19,2019,WSDM,inproceedings,Across-Time Comparative Summarization of News Articles.,Yijun Duan|Adam Jatowt
conf/wsdm/WangFGCH19,2019,WSDM,inproceedings,Solving the Sparsity Problem in Recommendations via Cross-Domain Item Embedding Based on Co-Clustering.,Yaqing Wang 0004|Chunyan Feng|Caili Guo|Yunfei Chu|Jenq-Neng Hwang
conf/wsdm/WuLZWZM19,2019,WSDM,inproceedings,The Influence of Image Search Intents on User Behavior and Satisfaction.,Zhijing Wu 0001|Yiqun Liu 0001|Qianfan Zhang 0002|Kailu Wu|Min Zhang 0006|Shaoping Ma
conf/wsdm/LiuYXL023,2023,WSDM,inproceedings,Position-Aware Subgraph Neural Networks with Data-Efficient Learning.,Chang Liu 0078|Yuwen Yang|Zhe Xie|Hongtao Lu 0001|Yue Ding 0001
conf/wsdm/ZhouC0LH22,2022,WSDM,inproceedings,AngHNE: Representation Learning for Bipartite Heterogeneous Networks with Angular Loss.,Cangqi Zhou|Hui Chen|Jing Zhang 0015|Qianmu Li|Dianming Hu
conf/wsdm/MasudPDGNC22,2022,WSDM,inproceedings,"Half-Day Tutorial on Combating Online Hate Speech: The Role of Content, Networks, Psychology, User Behavior, etc.",Sarah Masud|Pinkesh Pinkesh|Amitava Das 0001|Manish Gupta 0001|Preslav Nakov|Tanmoy Chakraborty 0002
conf/wsdm/WangHLD22,2022,WSDM,inproceedings,Learning-To-Ensemble by Contextual Rank Aggregation in E-Commerce.,Xuesi Wang|Guangda Huzhang|Qianying Lin|Qing Da
conf/wsdm/JagatapF24,2024,WSDM,inproceedings,Recent Advances in Refinement Recommendations.,Akshay Jagatap|Sachin Farfade
conf/wsdm/AfsharinejadH18,2018,WSDM,inproceedings,Performance Analysis of a Privacy Constrained kNN Recommendation Using Data Sketches.,Armita Afsharinejad|Neil Hurley
conf/wsdm/LiYC22,2022,WSDM,inproceedings,a2RegInf: An Interactive System for Maximizing Influence within Arbitrary Number of Arbitrary Shaped Query Regions.,Hui Li 0005|Qiting Yang|Jiangtao Cui
conf/wsdm/MiaoLZW20,2020,WSDM,inproceedings,Predicting Human Mobility via Attentive Convolutional Network.,Congcong Miao|Ziyan Luo|Fengzhu Zeng|Jilong Wang 0001
conf/wsdm/JiangQX024,2024,WSDM,inproceedings,Incomplete Graph Learning via Attribute-Structure Decoupled Variational Auto-Encoder.,Xinke Jiang|Zidi Qin|Jiarong Xu|Xiang Ao 0001
conf/wsdm/MahajanCLGS21,2021,WSDM,inproceedings,Community Connect: A Mock Social Media Platform to Study Online Behavior.,Khyati Mahajan|Sourav Roy Choudhury|Sara Levens|Tiffany Gallicano|Samira Shaikh
conf/wsdm/RosinGR21,2021,WSDM,inproceedings,Event-Driven Query Expansion.,Guy D. Rosin|Ido Guy|Kira Radinsky
conf/wsdm/YouCWS22,2022,WSDM,inproceedings,Bringing Your Own View: Graph Contrastive Learning without Prefabricated Data Augmentations.,Yuning You|Tianlong Chen 0001|Zhangyang Wang|Yang Shen 0001
conf/wsdm/LiuD0P23,2023,WSDM,inproceedings,GOOD-D: On Unsupervised Graph Out-Of-Distribution Detection.,Yixin Liu 0001|Kaize Ding|Huan Liu 0001|Shirui Pan
conf/wsdm/WangXKZYZ23,2023,WSDM,inproceedings,Reducing Negative Effects of the Biases of Language Models in Zero-Shot Setting.,Xiaosu Wang|Yun Xiong|Beichen Kang|Yao Zhang 0009|Philip S. Yu|Yangyong Zhu
conf/wsdm/LoDXJK21,2021,WSDM,inproceedings,All the Wiser: Fake News Intervention Using User Reading Preferences.,Kuan-Chieh Lo|Shih-Chieh Dai|Aiping Xiong|Jing Jiang 0001|Lun-Wei Ku
conf/wsdm/MaedaYHT21,2021,WSDM,inproceedings,ColorfulFeedback: Enhancing Interest Prediction Performance through Multi-dimensional Labeled Feedback from Users.,Yuki Maeda|Shuji Yamaguchi|Tatsuru Higurashi|Kota Tsubouchi
conf/wsdm/SahaDM023,2023,WSDM,inproceedings,"Hate Speech: Detection, Mitigation and Beyond.",Punyajoy Saha|Mithun Das|Binny Mathew|Animesh Mukherjee 0001
conf/wsdm/0002B19,2019,WSDM,inproceedings,Structured Search in Annotated Document Collections.,Dhruv Gupta 0002|Klaus Berberich
conf/wsdm/ChenZLM19,2019,WSDM,inproceedings,Social Attentional Memory Network: Modeling Aspect- and Friend-Level Differences in Recommendation.,Chong Chen 0001|Min Zhang 0006|Yiqun Liu 0001|Shaoping Ma
conf/wsdm/KasturiaGH22,2022,WSDM,inproceedings,Query Interpretations from Entity-Linked Segmentations.,Vaibhav Kasturia|Marcel Gohsen|Matthias Hagen
conf/wsdm/Papakyriakopoulos23,2023,WSDM,inproceedings,Considerations for Ethical Speech Recognition Datasets.,Orestis Papakyriakopoulos|Alice Xiang
conf/wsdm/QinYZ0ZS24,2024,WSDM,inproceedings,Intent Contrastive Learning with Cross Subsequences for Sequential Recommendation.,Xiuyuan Qin|Huanhuan Yuan|Pengpeng Zhao 0001|Guanfeng Liu 0001|Fuzhen Zhuang|Victor S. Sheng
conf/wsdm/WangZC20,2020,WSDM,inproceedings,User Recommendation in Content Curation Platforms.,Jianling Wang|Ziwei Zhu 0001|James Caverlee
conf/wsdm/WangPWS22,2022,WSDM,inproceedings,Personalized Long-distance Fuel-efficient Route Recommendation Through Historical Trajectories Mining.,Zhan Wang|Zhaohui Peng|Senzhang Wang|Qiao Song
conf/wsdm/LiaoLMZ21,2021,WSDM,inproceedings,Learning Dynamic Embeddings for Temporal Knowledge Graphs.,Siyuan Liao|Shangsong Liang|Zaiqiao Meng|Qiang Zhang 0026
conf/wsdm/KhanK22,2022,WSDM,inproceedings,Cluster-Aware Heterogeneous Information Network Embedding.,Rayyan Ahmad Khan|Martin Kleinsteuber
conf/wsdm/PangC021,2021,WSDM,inproceedings,"Deep Learning for Anomaly Detection: Challenges, Methods, and Opportunities.",Guansong Pang|Longbing Cao|Charu Aggarwal 0001
conf/wsdm/YuJJJY019,2019,WSDM,inproceedings,WassRank: Listwise Document Ranking Using Optimal Transport Theory.,Haitao Yu 0003|Adam Jatowt|Hideo Joho|Joemon M. Jose|Xiao Yang|Long Chen 0008
conf/wsdm/ChenXWD21,2021,WSDM,inproceedings,Decomposed Collaborative Filtering: Modeling Explicit and Implicit Factors For Recommender Systems.,Hao Chen 0099|Xin Xin 0003|Dong Wang 0024|Yue Ding 0001
conf/wsdm/ChoudhuryPLWHA18,2018,WSDM,inproceedings,Percolator: Scalable Pattern Discovery in Dynamic Graphs.,Sutanay Choudhury|Sumit Purohit|Peng Lin|Yinghui Wu 0001|Lawrence B. Holder|Khushbu Agarwal
conf/wsdm/ChristmannRW22,2022,WSDM,inproceedings,Beyond NED: Fast and Effective Search Space Reduction for Complex Question Answering over Knowledge Bases.,Philipp Christmann|Rishiraj Saha Roy|Gerhard Weikum
conf/wsdm/WuCZHY021,2021,WSDM,inproceedings,Unbiased Learning to Rank in Feeds Recommendation.,Xinwei Wu 0001|Hechang Chen|Jiashu Zhao|Li He|Dawei Yin 0001|Yi Chang 0001
conf/wsdm/JinWCZ20,2020,WSDM,inproceedings,WebShapes: Network Visualization with 3D Shapes.,Shengmin Jin|Richard Wituszynski|Max Caiello-Gingold|Reza Zafarani
conf/wsdm/JiaB19,2019,WSDM,inproceedings,Random Spatial Network Models for Core-Periphery Structure.,Junteng Jia|Austin R. Benson
conf/wsdm/SikdarSW22,2022,WSDM,inproceedings,Attributed Graph Modeling with Vertex Replacement Grammars.,Satyaki Sikdar|Neil Shah|Tim Weninger
conf/wsdm/MartinsMC19,2019,WSDM,inproceedings,Modeling Temporal Evidence from External Collections.,Fl|Jo|Jamie Callan
conf/wsdm/SadequeXB18,2018,WSDM,inproceedings,Measuring the Latency of Depression Detection in Social Media.,Farig Sadeque|Dongfang Xu|Steven Bethard
conf/wsdm/LiJLH020,2020,WSDM,inproceedings,Automatic Speaker Recognition with Limited Data.,Ruirui Li 0002|Jyun-Yu Jiang|Jiahao Liu|Chu-Cheng Hsieh|Wei Wang 0010
conf/wsdm/ChenLZLGG22,2022,WSDM,inproceedings,A Personalized Cross-Platform Post Style Transfer Method Based on Transformer and Bi-Attention Mechanism.,Zhuo Chen|Baoxi Liu|Peng Zhang 0060|Tun Lu|Hansu Gu|Ning Gu 0001
conf/wsdm/WangZ21,2021,WSDM,inproceedings,CONQ: CONtinuous Quantile Treatment Effects for Large-Scale Online Controlled Experiments.,Weinan Wang|Xi Zhang
conf/wsdm/YangJWZ23,2023,WSDM,inproceedings,Feature Missing-aware Routing-and-Fusion Network for Customer Lifetime Value Prediction in Advertising.,Xuejiao Yang|Binfeng Jia|Shuangyang Wang|Shijie Zhang
conf/wsdm/ZhangLZ0YP22,2022,WSDM,inproceedings,Learning Concept Prerequisite Relations from Educational Data via Multi-Head Attention Variational Graph Auto-Encoders.,Juntao Zhang|Nanzhou Lin|Xuelong Zhang|Wei Song 0006|Xiandi Yang|Zhiyong Peng 0001
conf/wsdm/BenderskyWNM22,2022,WSDM,inproceedings,Search and Discovery in Personal Email Collections.,Michael Bendersky|Xuanhui Wang|Marc Najork|Donald Metzler
conf/wsdm/WangLZ23,2023,WSDM,inproceedings,MeSH Suggester: A Library and System for MeSH Term Suggestion for Systematic Review Boolean Query Construction.,Shuai Wang 0032|Hang Li 0009|Guido Zuccon
conf/wsdm/HillLT24,2024,WSDM,inproceedings,Ginkgo-P: General Illustrations of Knowledge Graphs for Openness as a Platform.,Blaine Hill|Lihui Liu|Hanghang Tong
conf/wsdm/0001GPG022,2022,WSDM,inproceedings,Wikipedia Reader Navigation: When Synthetic Data Is Enough.,Akhil Arora 0001|Martin Gerlach|Tiziano Piccardi|Alberto Garc|Robert West 0001
conf/wsdm/ZhangWSDFP20,2020,WSDM,inproceedings,AutoBlock: A Hands-off Blocking Framework for Entity Matching.,Wei Zhang 0058|Hao Wei|Bunyamin Sisman|Xin Luna Dong|Christos Faloutsos|David Page
conf/wsdm/ZengBPCK21,2021,WSDM,inproceedings,Causal Transfer Random Forest: Combining Logged Data and Randomized Experiments for Robust Prediction.,Shuxi Zeng|Murat Ali Bayir|Joseph J. Pfeiffer III|Denis Charles|Emre Kiciman
conf/wsdm/NaseemKKD24,2024,WSDM,inproceedings,A Linguistic Grounding-Infused Contrastive Learning Approach for Health Mention Classification on Social Media.,Usman Naseem|Jinman Kim|Matloob Khushi|Adam G. Dunn
conf/wsdm/YuanZC024,2024,WSDM,inproceedings,PhoGAD: Graph-based Anomaly Behavior Detection with Persistent Homology Optimization.,Ziqi Yuan|Haoyi Zhou|Tianyu Chen|Jianxin Li 0002
conf/wsdm/DuW0L0N23,2023,WSDM,inproceedings,Multi-queue Momentum Contrast for Microvideo-Product Retrieval.,Yali Du 0002|Yinwei Wei|Wei Ji 0008|Fan Liu 0008|Xin Luo 0006|Liqiang Nie
conf/wsdm/SongCZ021,2021,WSDM,inproceedings,Triangular Bidword Generation for Sponsored Search Auction.,Zhenqiao Song|Jiaze Chen|Hao Zhou 0012|Lei Li 0005
conf/wsdm/KawaseMS23,2023,WSDM,inproceedings,Stochastic Solutions for Dense Subgraph Discovery in Multilayer Networks.,Yasushi Kawase|Atsushi Miyauchi 0001|Hanna Sumita
conf/wsdm/VakulenkoLTA21,2021,WSDM,inproceedings,Question Rewriting for Conversational Question Answering.,Svitlana Vakulenko|Shayne Longpre|Zhucheng Tu|Raviteja Anantha
conf/wsdm/RamKR21,2021,WSDM,inproceedings,Birdspotter: A Tool for Analyzing and Labeling Twitter Users.,Rohit Ram|Quyu Kong|Marian-Andrei Rizoiu
conf/wsdm/ZhangYS24,2024,WSDM,inproceedings,AAGenRec: A Novel Approach for Mitigating Inter-task Interference in Multi-task Optimization of Sequential Behavior Modeling.,Jiawei Zhang|Shimin Yang|Liang Shen
conf/wsdm/ZhangZZJL22,2022,WSDM,inproceedings,A Counterfactual Modeling Framework for Churn Prediction.,Guozhen Zhang|Jinwei Zeng|Zhengyue Zhao|Depeng Jin|Yong Li 0008
conf/wsdm/HsiehWSH21,2021,WSDM,inproceedings,Explainable Multivariate Time Series Classification: A Deep Neural Network Which Learns to Attend to Important Variables As Well As Time Intervals.,Tsung-Yu Hsieh|Suhang Wang|Yiwei Sun|Vasant G. Honavar
conf/wsdm/HuLBLL18,2018,WSDM,inproceedings,Listening to Chaotic Whispers: A Deep Learning Framework for News-oriented Stock Trend Prediction.,Ziniu Hu|Weiqing Liu|Jiang Bian 0002|Xuanzhe Liu|Tie-Yan Liu
conf/wsdm/XuHL19,2019,WSDM,inproceedings,Deep Learning for Matching in Search and Recommendation.,Jun Xu 0001|Xiangnan He 0001|Hang Li 0001
conf/wsdm/LuWZLX23,2023,WSDM,inproceedings,VRKG4Rec: Virtual Relational Knowledge Graph for Recommendation.,Lingyun Lu|Bang Wang 0001|Zizhuo Zhang|Shenghao Liu|Han Xu 0003
conf/wsdm/NarvaezM24,2024,WSDM,inproceedings,Integrating Knowledge Graph Data with Large Language Models for Explainable Inference.,Carlos Efrain Quintero Narvaez|Ra
conf/wsdm/XuSLH023,2023,WSDM,inproceedings,Hansel: A Chinese Few-Shot and Zero-Shot Entity Linking Benchmark.,Zhenran Xu|Zifei Shan|Yuxin Li|Baotian Hu|Bing Qin 0001
conf/wsdm/BirdKKM19,2019,WSDM,inproceedings,Fairness-Aware Machine Learning: Practical Challenges and Lessons Learned.,Sarah Bird|Krishnaram Kenthapadi|Emre Kiciman|Margaret Mitchell
conf/wsdm/YooKSCZ20,2020,WSDM,inproceedings,Sampling Subgraphs with Guaranteed Treewidth for Accurate and Efficient Graphical Inference.,Jaemin Yoo|U Kang|Mauro Scanagatta|Giorgio Corani|Marco Zaffalon
conf/wsdm/AkkerJL0NP24,2024,WSDM,inproceedings,Practical Bandits: An Industry Perspective.,Bram van den Akker|Olivier Jeunen|Ying Li 0124|Ben London 0001|Zahra Nazari|Devesh Parekh
conf/wsdm/WuQ0YDZ22,2022,WSDM,inproceedings,Crowdsourcing-based Multi-Device Communication Cooperation for Mobile High-Quality Video Enhancement.,Xiaotong Wu|Lianyong Qi|Xiaolong Xu 0001|Shui Yu 0001|Wanchun Dou|Xuyun Zhang
conf/wsdm/SarviHASR22,2022,WSDM,inproceedings,Understanding and Mitigating the Effect of Outliers in Fair Ranking.,Fatemeh Sarvi|Maria Heuss|Mohammad Aliannejadi|Sebastian Schelter|Maarten de Rijke
conf/wsdm/FakhraeiLSW18,2018,WSDM,inproceedings,HeteroNAM: International Workshop on Heterogeneous Networks Analysis and Mining.,Shobeir Fakhraei|Yanen Li|Yizhou Sun|Tim Weninger
conf/wsdm/ZhangYLL23,2023,WSDM,inproceedings,Reducing the Bias of Visual Objects in Multimodal Named Entity Recognition.,Xin Zhang 0159|Jingling Yuan|Lin Li 0001|Jianquan Liu
conf/wsdm/TogashiOS21,2021,WSDM,inproceedings,Alleviating Cold-Start Problems in Recommendation through Pseudo-Labelling over Knowledge Graph.,Riku Togashi|Mayu Otani|Shin'ichi Satoh 0001
conf/wsdm/WangCZWZW23,2023,WSDM,inproceedings,A Multi-graph Fusion Based Spatiotemporal Dynamic Learning Framework.,Xu Wang 0029|Lianliang Chen|Hongbo Zhang|Pengkun Wang 0001|Zhengyang Zhou|Yang Wang 0015
conf/wsdm/YatesNL21,2021,WSDM,inproceedings,Pretrained Transformers for Text Ranking: BERT and Beyond.,Andrew Yates|Rodrigo Nogueira 0001|Jimmy Lin
conf/wsdm/ChetanJD019,2019,WSDM,inproceedings,CoReRank: Ranking to Detect Users Involved in Blackmarket-Based Collusive Retweeting Activities.,Aditya Chetan|Brihi Joshi|Hridoy Sankar Dutta|Tanmoy Chakraborty 0002
conf/wsdm/MaY0HH20,2020,WSDM,inproceedings,Beyond Statistical Relations: Integrating Knowledge Relations into Style Correlations for Multi-Label Music Style Classification.,Qianwen Ma|Chunyuan Yuan|Wei Zhou 0019|Jizhong Han|Songlin Hu 0001
conf/wsdm/ZhuZYGC18,2018,WSDM,inproceedings,IFUP: Workshop on Multi-dimensional Information Fusion for User Modeling and Personalization.,Feida Zhu 0001|Yongfeng Zhang 0003|Neil Yorke-Smith|Guibing Guo|Xu Chen 0017
conf/wsdm/BeigiMGAN020,2020,WSDM,inproceedings,Privacy-Aware Recommendation with Private-Attribute Protection using Adversarial Learning.,Ghazaleh Beigi|Ahmadreza Mosallanezhad|Ruocheng Guo|Hamidreza Alvari|Alexander Nou|Huan Liu 0001
conf/wsdm/LiuCWWB24,2024,WSDM,inproceedings,Generative Models for Complex Logical Reasoning over Knowledge Graphs.,Yu Liu 0118|Yanan Cao 0001|Shi Wang 0002|Qingyue Wang|Guanqun Bi
conf/wsdm/PascaW19,2019,WSDM,inproceedings,Lightweight Lexical and Semantic Evidence for Detecting Classes Among Wikipedia Articles.,Marius Pasca|Travis Wolfe
conf/wsdm/SaidPBP19,2019,WSDM,inproceedings,IDM-WSDM 2019: Workshop on Interactive Data Mining.,Alan Said|Denis Parra|Juhee Bae|Sepideh Pashami
conf/wsdm/PhamSF18,2018,WSDM,inproceedings,Learning to Discover Domain-Specific Web Content.,Kien Pham|A|Juliana Freire
conf/wsdm/MaGTW22,2022,WSDM,inproceedings,Diversified Subgraph Query Generation with Group Fairness.,Hanchao Ma|Sheng Guan|Christopher Toomey|Yinghui Wu 0001
conf/wsdm/AgichteinHKM20,2020,WSDM,inproceedings,ConvERSe'20: The WSDM 2020 Workshop on Conversational Systems for E-Commerce Recommendations and Search.,Eugene Agichtein|Dilek Hakkani-T|Surya Kallumadi|Shervin Malmasi
conf/wsdm/FettalLN22,2022,WSDM,inproceedings,Efficient Graph Convolution for Joint Node Representation Learning and Clustering.,Chakib Fettal|Lazhar Labiod|Mohamed Nadif
conf/wsdm/He0WZYX23,2023,WSDM,inproceedings,Simplifying Graph-based Collaborative Filtering for Recommendation.,Li He|Xianzhi Wang 0001|Dingxian Wang|Haoyuan Zou|Hongzhi Yin|Guandong Xu
conf/wsdm/ChenLWCW024,2024,WSDM,inproceedings,Empathetic Response Generation with Relation-aware Commonsense Knowledge.,Changyu Chen|Yanran Li|Chen Wei|Jianwei Cui 0002|Bin Wang 0004|Rui Yan 0001
conf/wsdm/NargesianAJ23,2023,WSDM,inproceedings,Next-generation Challenges of Responsible Data Integration.,Fatemeh Nargesian|Abolfazl Asudeh|H. V. Jagadish
conf/wsdm/DingLL19,2019,WSDM,inproceedings,Interactive Anomaly Detection on Attributed Networks.,Kaize Ding|Jundong Li|Huan Liu 0001
conf/wsdm/XieWZY0L21,2021,WSDM,inproceedings,Real-time Relevant Recommendation Suggestion.,Ruobing Xie|Rui Wang 0068|Shaoliang Zhang|Zhihong Yang|Feng Xia 0006|Leyu Lin
conf/wsdm/0020MKKZ19,2019,WSDM,inproceedings,A General View for Network Embedding as Matrix Factorization.,Xin Liu 0020|Tsuyoshi Murata|Kyoung-Sook Kim 0001|Chatchawan Kotarasu|Chenyi Zhuang
conf/wsdm/ZhangZMJM023,2023,WSDM,inproceedings,Effective Seed-Guided Topic Discovery by Integrating Multiple Types of Contexts.,Yu Zhang 0044|Yunyi Zhang 0001|Martin Michalski|Yucheng Jiang|Yu Meng 0001|Jiawei Han 0001
conf/wsdm/BandyopadhyayNV20,2020,WSDM,inproceedings,Outlier Resistant Unsupervised Deep Architectures for Attributed Network Embedding.,Sambaran Bandyopadhyay|Lokesh N|Saley Vishal Vivek|M. Narasimha Murty
conf/wsdm/LuoNWBYZ20,2020,WSDM,inproceedings,Deep Multi-Graph Clustering via Attentive Cross-Graph Association.,Dongsheng Luo|Jingchao Ni|Suhang Wang|Yuchen Bian|Xiong Bill Yu|Xiang Zhang 0001
conf/wsdm/BrantleyFDJ24,2024,WSDM,inproceedings,Ranking with Long-Term Constraints.,Kiant|Zhichong Fang|Sarah Dean|Thorsten Joachims
conf/wsdm/HaoZYL021,2021,WSDM,inproceedings,Pre-Training Graph Neural Networks for Cold-Start Users and Items Representation.,Bowen Hao|Jing Zhang 0001|Hongzhi Yin|Cuiping Li 0001|Hong Chen 0001
conf/wsdm/SaitoYNSN20,2020,WSDM,inproceedings,Unbiased Recommender Learning from Missing-Not-At-Random Implicit Feedback.,Yuta Saito|Suguru Yaginuma|Yuta Nishino|Hayato Sakata|Kazuhide Nakata
conf/wsdm/ZamaniMSCT18,2018,WSDM,inproceedings,Neural Ranking Models with Multiple Document Fields.,Hamed Zamani|Bhaskar Mitra 0001|Xia Song|Nick Craswell|Saurabh Tiwary
conf/wsdm/ZhangMDZ23,2023,WSDM,inproceedings,SimSumIoT: A Platform for Simulating the Summarisation from Internet of Things.,Wei Emma Zhang|Adnan Mahmood|Lixin Deng|Minhao Zhu
conf/wsdm/LiFLLZ21,2021,WSDM,inproceedings,"AnaSearch: Extract, Retrieve and Visualize Structured Results from Unstructured Text for Analytical Queries.",Tongliang Li|Lei Fang 0004|Jian-Guang Lou|Zhoujun Li 0001|Dongmei Zhang 0001
conf/wsdm/QinRF0020,2020,WSDM,inproceedings,Sequential Recommendation with Dual Side Neighbor-based Collaborative Relation Modeling.,Jiarui Qin|Kan Ren|Yuchen Fang|Weinan Zhang 0001|Yong Yu 0001
conf/wsdm/KumarJJLL18,2018,WSDM,inproceedings,MIS2: Misinformation and Misbehavior Mining on the Web.,Srijan Kumar|Meng Jiang 0001|Taeho Jung|Roger Jie Luo|Jure Leskovec
conf/wsdm/CarmelHLLM20,2020,WSDM,inproceedings,Why Do People Buy Seemingly Irrelevant Items in Voice Product Search?: On the Relation between Product Relevance and Customer Satisfaction in eCommerce.,David Carmel|Elad Haramaty|Arnon Lazerson|Liane Lewin-Eytan|Yoelle Maarek
conf/wsdm/YatesAZYJL20,2020,WSDM,inproceedings,Capreolus: A Toolkit for End-to-End Neural Ad Hoc Retrieval.,Andrew Yates|Siddhant Arora|Xinyu Zhang 0018|Wei Yang 0017|Kevin Martin Jose|Jimmy Lin
conf/wsdm/KermanyY0P22,2022,WSDM,inproceedings,Fair-SRS: A Fair Session-based Recommendation System.,Naime Ranjbar Kermany|Jian Yang 0001|Jia Wu 0001|Luiz Pizzato
conf/wsdm/GoldenbergKAMHT21,2021,WSDM,inproceedings,Personalization in Practice: Methods and Applications.,Dmitri Goldenberg|Kostia Kofman|Javier Albert|Sarai Mizrachi|Adam Horowitz|Irene Teinemaa
conf/wsdm/YangXWTA23,2023,WSDM,inproceedings,Marginal-Certainty-Aware Fair Ranking Algorithm.,Tao Yang 0030|Zhichao Xu 0001|Zhenduo Wang|Anh Tran|Qingyao Ai
conf/wsdm/KucukC22,2022,WSDM,inproceedings,A Tutorial on Stance Detection.,Dilek K|Fazli Can
conf/wsdm/SunLWFFL18,2018,WSDM,inproceedings,Logician: A Unified End-to-End Neural Approach for Open-Domain Information Extraction.,Mingming Sun 0001|Xu Li 0001|Xin Wang 0017|Miao Fan|Yue Feng 0002|Ping Li 0001
conf/wsdm/JiangYXH24,2024,WSDM,inproceedings,DiffKG: Knowledge Graph Diffusion Model for Recommendation.,Yangqin Jiang|Yuhao Yang 0002|Lianghao Xia|Chao Huang 0001
conf/wsdm/SarkarS23,2023,WSDM,inproceedings,A Synthetic Search Session Generator for Task-Aware Information Seeking and Retrieval.,Shawon Sarkar|Chirag Shah 0001
conf/wsdm/HubeIF20,2020,WSDM,inproceedings,Debiasing Word Embeddings from Sentiment Associations in Names.,Christoph Hube|Maximilian Idahl|Besnik Fetahu
conf/wsdm/Gou023,2023,WSDM,inproceedings,Telecommunication Traffic Forecasting via Multi-task Learning.,Xiaochuan Gou|Xiangliang Zhang 0001
conf/wsdm/MackenzieCBCCL18,2018,WSDM,inproceedings,Query Driven Algorithm Selection in Early Stage Retrieval.,Joel M. Mackenzie|J. Shane Culpepper|Roi Blanco|Matt Crane|Charles L. A. Clarke|Jimmy Lin
conf/wsdm/CottaHJL19,2019,WSDM,inproceedings,Off-Policy Evaluation of Probabilistic Identity Data in Lookalike Modeling.,Randell Cotta|Mingyang Hu|Dan Jiang|Peizhou Liao
conf/wsdm/WangDDCL23,2023,WSDM,inproceedings,Few-shot Node Classification with Extremely Weak Supervision.,Song Wang 0013|Yushun Dong|Kaize Ding|Chen Chen 0022|Jundong Li
conf/wsdm/NemirovskyTXG21,2021,WSDM,inproceedings,Providing Actionable Feedback in Hiring Marketplaces using Generative Adversarial Networks.,Daniel Nemirovsky|Nicolas Thiebaut|Ye Xu|Abhishek Gupta
conf/wsdm/BagadMDSGK21,2021,WSDM,inproceedings,Data-Sharing Economy: Value-Addition from Data meets Privacy.,Piyush Bagad|Subrata Mitra|Sunny Dhamnani|Atanu R. Sinha|Raunak Gautam|Haresh Khanna
conf/wsdm/KordanK18,2018,WSDM,inproceedings,Deep Neural Architecture for Multi-Modal Retrieval based on Joint Embedding Space for Text and Images.,Saeid Balaneshin Kordan|Alexander Kotov 0001
conf/wsdm/TanLNL23,2023,WSDM,inproceedings,Compliance Analyses of Australia's Online Household Appliances.,Chang How Tan|Vincent C. S. Lee|Jessie Nghiem|Priya Laxman
conf/wsdm/KongRR21,2021,WSDM,inproceedings,Evently: Modeling and Analyzing Reshare Cascades with Hawkes Processes.,Quyu Kong|Rohit Ram|Marian-Andrei Rizoiu
conf/wsdm/ZhangCS0H22,2022,WSDM,inproceedings,ESC-GAN: Extending Spatial Coverage of Physical Sensors.,Xiyuan Zhang 0001|Ranak Roy Chowdhury|Jingbo Shang|Rajesh K. Gupta 0001|Dezhi Hong
conf/wsdm/ChenLX19,2019,WSDM,inproceedings,How A/B Tests Could Go Wrong: Automatic Diagnosis of Invalid Online Experiments.,Nanyu Chen|Min Liu|Ya Xu
conf/wsdm/LyuFMW21,2021,WSDM,inproceedings,Centrality with Diversity.,Liang Lyu 0001|Brandon Fain|Kamesh Munagala|Kangning Wang 0001
conf/wsdm/BernardKB24,2024,WSDM,inproceedings,IAI MovieBot 2.0: An Enhanced Research Platform with Trainable Neural Components and Transparent User Modeling.,Nolwenn Bernard|Ivica Kostric|Krisztian Balog
conf/wsdm/TrabelsiHC22,2022,WSDM,inproceedings,DAME: Domain Adaptation for Matching Entities.,Mohamed Trabelsi 0003|Jeff Heflin|Jin Cao
conf/wsdm/Wang0WW21,2021,WSDM,inproceedings,Non-Clicks Mean Irrelevant? Propensity Ratio Scoring As a Correction.,Nan Wang|Zhen Qin 0001|Xuanhui Wang|Hongning Wang
conf/wsdm/ZhangC0021,2021,WSDM,inproceedings,Hierarchical Metadata-Aware Document Categorization under Weak Supervision.,Yu Zhang 0044|Xiusi Chen|Yu Meng 0001|Jiawei Han 0001
conf/wsdm/ChangAM24,2024,WSDM,inproceedings,"To Copy, or not to Copy; That is a Critical Issue of the Output Softmax Layer in Neural Sequential Recommenders.",Haw-Shiuan Chang|Nikhil Agarwal|Andrew McCallum
conf/wsdm/DeSUG20,2020,WSDM,inproceedings,Can A User Guess What Her Followers Want?,Abir De|Adish Singla|Utkarsh Upadhyay|Manuel Gomez-Rodriguez
conf/wsdm/NiuCL18,2018,WSDM,inproceedings,Neural Personalized Ranking for Image Recommendation.,Wei Niu 0003|James Caverlee|Haokai Lu
conf/wsdm/SchnabelBDJ18,2018,WSDM,inproceedings,Short-Term Satisfaction and Long-Term Coverage: Understanding How Users Tolerate Algorithmic Exploration.,Tobias Schnabel|Paul N. Bennett|Susan T. Dumais|Thorsten Joachims
conf/wsdm/HuangSS22,2022,WSDM,inproceedings,POLE: Polarized Embedding for Signed Networks.,Zexi Huang|Arlei Silva|Ambuj K. Singh
conf/wsdm/ChenLLXLC23,2023,WSDM,inproceedings,Can Pre-trained Language Models Understand Chinese Humor?,Yuyan Chen|Zhixu Li|Jiaqing Liang|Yanghua Xiao|Bang Liu 0003|Yunwen Chen
conf/wsdm/WeiHXXZY22,2022,WSDM,inproceedings,Contrastive Meta Learning with Behavior Multiplicity for Recommendation.,Wei Wei 0027|Chao Huang 0001|Lianghao Xia|Yong Xu 0007|Jiashu Zhao|Dawei Yin 0001
conf/wsdm/0002L22,2022,WSDM,inproceedings,Sentiment Analysis of Fashion Related Posts in Social Media.,Yifei Yuan 0002|Wai Lam
conf/wsdm/TanZXL20,2020,WSDM,inproceedings,Fast Item Ranking under Neural Network based Measures.,Shulong Tan|Zhixin Zhou|Zhaozhuo Xu|Ping Li 0001
conf/wsdm/CaoSGWC20,2020,WSDM,inproceedings,Popularity Prediction on Social Platforms with Coupled Graph Neural Networks.,Qi Cao 0005|Huawei Shen|Jinhua Gao|Bingzheng Wei|Xueqi Cheng
conf/wsdm/0002WJZ023,2023,WSDM,inproceedings,Self-Supervised Graph Structure Refinement for Graph Neural Networks.,Jianan Zhao 0002|Qianlong Wen|Mingxuan Ju|Chuxu Zhang|Yanfang Ye 0001
conf/wsdm/ShivaswamyC21,2021,WSDM,inproceedings,Bias-Variance Decomposition for Ranking.,Pannaga Shivaswamy|Ashok Chandrashekar
conf/wsdm/GhazimatinBRW20,2020,WSDM,inproceedings,PRINCE: Provider-side Interpretability with Counterfactual Explanations in Recommender Systems.,Azin Ghazimatin|Oana Balalau|Rishiraj Saha Roy|Gerhard Weikum
conf/wsdm/KaiserRW24,2024,WSDM,inproceedings,Robust Training for Conversational Question Answering Models with Reinforced Reformulation Generation.,Magdalena Kaiser|Rishiraj Saha Roy|Gerhard Weikum
conf/wsdm/BuiRR18,2018,WSDM,inproceedings,Neural Graph Learning: Training Neural Networks Using Graphs.,Thang D. Bui|Sujith Ravi|Vivek Ramavajjala
conf/wsdm/JiangLFWZ18,2018,WSDM,inproceedings,Recommendation in Heterogeneous Information Networks Based on Generalized Random Walk Model and Bayesian Personalized Ranking.,Zhengshen Jiang|Hongzhi Liu 0001|Bin Fu|Zhonghai Wu|Tao Zhang 0070
conf/wsdm/0001RJTY18,2018,WSDM,inproceedings,Multi-Dimensional Network Embedding with Hierarchical Structure.,Yao Ma 0001|Zhaochun Ren|Ziheng Jiang|Jiliang Tang|Dawei Yin 0001
conf/wsdm/WeiH020,2020,WSDM,inproceedings,VISION-KG: Topic-centric Visualization System for Summarizing Knowledge Graph.,Jiaqi Wei|Shuo Han 0010|Lei Zou 0001
conf/wsdm/HirschNGN21,2021,WSDM,inproceedings,Generating Tips from Product Reviews.,Sharon Hirsch|Slava Novgorodov|Ido Guy|Alexander Nus
conf/wsdm/DeldjooNM20,2020,WSDM,inproceedings,Adversarial Machine Learning in Recommender Systems (AML-RecSys).,Yashar Deldjoo|Tommaso Di Noia|Felice Antonio Merra
conf/wsdm/ZhangSC19,2019,WSDM,inproceedings,SHNE: Representation Learning for Semantic-Associated Heterogeneous Networks.,Chuxu Zhang|Ananthram Swami|Nitesh V. Chawla
conf/wsdm/0001WSZW22,2022,WSDM,inproceedings,CMT-Net: A Mutual Transition Aware Framework for Taxicab Pick-ups and Drop-offs Co-Prediction.,Yudong Zhang 0005|Binwu Wang|Ziyang Shan|Zhengyang Zhou|Yang Wang 0015
conf/wsdm/KimKZLRK19,2019,WSDM,inproceedings,Domain Switch-Aware Holistic Recurrent Neural Network for Modeling Multi-Domain User Behavior.,Donghyun Kim 0007|Sungchul Kim|Handong Zhao|Sheng Li 0001|Ryan A. Rossi|Eunyee Koh
conf/wsdm/VaucherSC021,2021,WSDM,inproceedings,Quotebank: A Corpus of Quotations from a Decade of News.,Timot|Andreas Spitz|Michele Catasta|Robert West 0001
conf/wsdm/Chen0F0023,2023,WSDM,inproceedings,Unbiased Knowledge Distillation for Recommendation.,Gang Chen 0047|Jiawei Chen 0007|Fuli Feng|Sheng Zhou 0004|Xiangnan He 0001
conf/wsdm/AslayLLX18,2018,WSDM,inproceedings,Influence Maximization in Online Social Networks.,Laks V. S. Lakshmanan|Wei Lu 0002|Xiaokui Xiao
conf/wsdm/LiCWL18,2018,WSDM,inproceedings,Streaming Link Prediction on Dynamic Attributed Networks.,Jundong Li|Kewei Cheng|Liang Wu 0006|Huan Liu 0001
conf/wsdm/ChuRW20,2020,WSDM,inproceedings,ENTYFI: Entity Typing in Fictional Texts.,Cuong Xuan Chu|Simon Razniewski|Gerhard Weikum
conf/wsdm/ZhangCZXG22,2022,WSDM,inproceedings,Geometric Inductive Matrix Completion: A Hyperbolic Approach with Unified Message Passing.,Chengkun Zhang|Hongxu Chen 0002|Sixiao Zhang|Guandong Xu|Junbin Gao
conf/wsdm/Chang0SASL21,2021,WSDM,inproceedings,F-FADE: Frequency Factorization for Anomaly Detection in Edge Streams.,Yen-Yu Chang|Pan Li 0005|Rok Sosic|M. H. Afifi|Marco Schweighauser|Jure Leskovec
conf/wsdm/GuyNPS18,2018,WSDM,inproceedings,Care to Share?: Learning to Rank Personal Photos for Public Sharing.,Ido Guy|Alexander Nus|Dan Pelleg|Idan Szpektor
conf/wsdm/ZhangZHW021,2021,WSDM,inproceedings,WULAI-QA: Web Understanding and Learning with AI towards Document-based Question Answering against COVID-19.,Yuan Zhang|Xiaoqing Zhang 0017|Yichuan Hu|Guanchun Wang|Rui Yan 0001
conf/wsdm/SuWZCM22,2022,WSDM,inproceedings,Efficient Reachability Query with Extreme Labeling Filter.,Zhixiang Su|Di Wang 0004|Xiaofeng Zhang 0002|Lizhen Cui|Chunyan Miao
conf/wsdm/ZhuCLYYX20,2020,WSDM,inproceedings,Sequential Modeling of Hierarchical User Intention and Preference for Next-item Recommendation.,Nengjun Zhu|Jian Cao 0001|Yanchi Liu|Yang Yang 0074|Haochao Ying|Hui Xiong 0001
conf/wsdm/ZuoDW22,2022,WSDM,inproceedings,Improving Session Search by Modeling Multi-Granularity Historical Query Change.,Xiaochen Zuo|Zhicheng Dou|Ji-Rong Wen
conf/wsdm/HaoY0YY24,2024,WSDM,inproceedings,Motif-based Prompt Learning for Universal Cross-domain Recommendation.,Bowen Hao|Chaoqun Yang 0002|Lei Guo 0008|Junliang Yu|Hongzhi Yin
conf/wsdm/JinKRK22,2022,WSDM,inproceedings,On Generalizing Static Node Embedding to Dynamic Settings.,Di Jin 0003|Sungchul Kim|Ryan A. Rossi|Danai Koutra
conf/wsdm/WeiGZ00H23,2023,WSDM,inproceedings,CLNode: Curriculum Learning for Node Classification.,Xiaowen Wei|Xiuwen Gong|Yibing Zhan|Bo Du 0001|Yong Luo 0002|Wenbin Hu 0001
conf/wsdm/SiedlaczekMS22,2022,WSDM,inproceedings,Using Conjunctions for Faster Disjunctive Top-k Queries.,Michal Siedlaczek|Antonio Mallia|Torsten Suel
conf/wsdm/0001XRL0023,2023,WSDM,inproceedings,Knowledge-Augmented Methods for Natural Language Processing.,Chenguang Zhu 0001|Yichong Xu|Xiang Ren 0001|Bill Yuchen Lin|Meng Jiang 0001|Wenhao Yu 0002
conf/wsdm/LinHZCC20,2020,WSDM,inproceedings,Initialization for Network Embedding: A Graph Partition Approach.,Wenqing Lin|Feng He|Faqiang Zhang|Xu Cheng|Hongyun Cai 0001
conf/wsdm/WicaksonoM20,2020,WSDM,inproceedings,"Metrics, User Models, and Satisfaction.",Alfan Farizki Wicaksono|Alistair Moffat
conf/wsdm/KimTOSG18,2018,WSDM,inproceedings,Leveraging the Crowd to Detect and Reduce the Spread of Fake News and Misinformation.,Jooyeon Kim|Behzad Tabibian|Alice Oh|Bernhard Sch|Manuel Gomez-Rodriguez
conf/wsdm/WuKWYL20,2020,WSDM,inproceedings,"PERQ: Predicting, Explaining, and Rectifying Failed Questions in KB-QA Systems.",Zhiyong Wu 0003|Ben Kao|Tien-Hsuan Wu|Pengcheng Yin|Qun Liu 0001
conf/wsdm/LinHG19,2019,WSDM,inproceedings,Sparsemax and Relaxed Wasserstein for Topic Sparsity.,Tianyi Lin|Zhiyue Hu|Xin Guo 0001
conf/wsdm/PashanasangiS20,2020,WSDM,inproceedings,"Efficiently Counting Vertex Orbits of All 5-vertex Subgraphs, by EVOKE.",Noujan Pashanasangi|C. Seshadhri 0001
conf/wsdm/ChengLDZFZ22,2022,WSDM,inproceedings,An Adaptive Unified Allocation Framework for Guaranteed Display Advertising.,Xiao Cheng|Chuanren Liu|Liang Dai|Peng Zhang 0001|Zhen Fang|Zhonglin Zu
conf/wsdm/RahmanH24,2024,WSDM,inproceedings,Customer Understanding for Recommender Systems.,Md. Mostafizur Rahman|Yu Hirate
conf/wsdm/DifallahFI18,2018,WSDM,inproceedings,Demographics and Dynamics of Mechanical Turk Workers.,Djellel Eddine Difallah|Elena Filatova|Panos Ipeirotis
conf/wsdm/WangLT24,2024,WSDM,inproceedings,CityCAN: Causal Attention Network for Citywide Spatio-Temporal Forecasting.,Chengxin Wang|Yuxuan Liang 0002|Gary Tan
conf/wsdm/TaoWXHZY19,2019,WSDM,inproceedings,Multi-Representation Fusion Network for Multi-Turn Response Selection in Retrieval-Based Chatbots.,Chongyang Tao|Wei Wu 0014|Can Xu|Wenpeng Hu|Dongyan Zhao 0001|Rui Yan 0001
conf/wsdm/0001BCS19,2019,WSDM,inproceedings,Interactive Visualization of Urban Areas of Interest: A Parameter-Free and Efficient Footprint Method.,Mingzhao Li 0001|Zhifeng Bao|Farhana Murtaza Choudhury|Timos Sellis
conf/wsdm/GuoLL20,2020,WSDM,inproceedings,Learning Individual Causal Effects from Networked Observational Data.,Ruocheng Guo|Jundong Li|Huan Liu 0001
conf/wsdm/WuWLHHX19,2019,WSDM,inproceedings,Neural Demographic Prediction using Search Query.,Chuhan Wu|Fangzhao Wu|Junxin Liu|Shaojian He|Yongfeng Huang 0001|Xing Xie 0001
conf/wsdm/OlteanuK018,2018,WSDM,inproceedings,"A Critical Review of Online Social Data: Biases, Methodological Pitfalls, and Ethical Boundaries.",Alexandra Olteanu|Emre Kiciman|Carlos Castillo 0001
conf/wsdm/HeZYY18,2018,WSDM,inproceedings,Robust Transfer Learning for Cross-domain Collaborative Filtering Using Multiple Rating Patterns Approximation.,Ming He 0001|Jiuling Zhang|Peng Yang|Kaisheng Yao
conf/wsdm/YuZHLZ21,2021,WSDM,inproceedings,Chebyshev Accelerated Spectral Clustering.,Tianyu Yu 0005|Yonghua Zhao|Rongfeng Huang|Shifang Liu|Xinyin Zhang
conf/wsdm/0001R023,2023,WSDM,inproceedings,Scalable Adversarial Attack Algorithms on Influence Maximization.,Lichao Sun 0001|Xiaobin Rui|Wei Chen 0013
conf/wsdm/RenHZZZ23,2023,WSDM,inproceedings,Slate-Aware Ranking for Recommendation.,Yi Ren|Xiao Han|Xu Zhao 0007|Shenzheng Zhang|Yan Zhang
conf/wsdm/WakamiyaS0KAJ19,2019,WSDM,inproceedings,Pleasant Route Suggestion based on Color and Object Rates.,Shoko Wakamiya|Panote Siriaraya|Yihong Zhang 0001|Yukiko Kawai|Eiji Aramaki|Adam Jatowt
conf/wsdm/Zhao0W22,2022,WSDM,inproceedings,ST-GSP: Spatial-Temporal Global Semantic Representation Learning for Urban Flow Prediction.,Liang Zhao|Min Gao 0001|Zongwei Wang 0002
conf/wsdm/LiangSPGZJ21,2021,WSDM,inproceedings,CalibreNet: Calibration Networks for Multilingual Sequence Labeling.,Shining Liang|Linjun Shou|Jian Pei 0001|Ming Gong 0001|Wanli Zuo|Daxin Jiang
conf/wsdm/Wang0C20,2020,WSDM,inproceedings,Learning and Reasoning on Graph for Recommendation.,Xiang Wang 0010|Xiangnan He 0001|Tat-Seng Chua
conf/wsdm/SuG022,2022,WSDM,inproceedings,Automating ETL and Mining of Ethereum Blockchain Network.,Voon Hou Su|Sourav Sen Gupta 0001|Arijit Khan 0001
conf/wsdm/0001DM22,2022,WSDM,inproceedings,Adversarial Attack on Graph Neural Networks as An Influence Maximization Problem.,Jiaqi Ma 0001|Junwei Deng|Qiaozhu Mei
conf/wsdm/GongLSW20,2020,WSDM,inproceedings,JNET: Learning User Representations via Joint Network Embedding and Topic Embedding.,Lin Gong|Lu Lin 0001|Weihao Song|Hongning Wang
conf/wsdm/SinghA19,2019,WSDM,inproceedings,EXS: Explainable Search Using Local Model Agnostic Interpretability.,Jaspreet Singh|Avishek Anand
conf/wsdm/ChoiKLSL22,2022,WSDM,inproceedings,S-Walk: Accurate and Scalable Session-based Recommendation with Random Walks.,Minjin Choi 0001|Jinhong Kim|Joonseok Lee|Hyunjung Shim|Jongwuk Lee
conf/wsdm/AhujaRKSR20,2020,WSDM,inproceedings,Language-Agnostic Representation Learning for Product Search on E-Commerce Platforms.,Aman Ahuja|Nikhil Rao 0001|Sumeet Katariya|Karthik Subbian|Chandan K. Reddy
conf/wsdm/HuangYA23,2023,WSDM,inproceedings,Improving Cross-lingual Information Retrieval on Low-Resource Languages via Optimal Transport Distillation.,Zhiqi Huang 0002|Puxuan Yu|James Allan 0001
conf/wsdm/LeL22,2022,WSDM,inproceedings,Collaborative Curating for Discovery and Expansion of Visual Clusters.,Dung D. Le|Hady W. Lauw
conf/wsdm/AlmanzaEPR22,2022,WSDM,inproceedings,k-Clustering with Fair Outliers.,Matteo Almanza|Alessandro Epasto|Alessandro Panconesi|Giuseppe Re
conf/wsdm/KumarLCB20,2020,WSDM,inproceedings,Retrieving Top Weighted Triangles in Graphs.,Raunak Kumar|Paul Liu 0001|Moses Charikar|Austin R. Benson
conf/wsdm/WangBHZ18,2018,WSDM,inproceedings,A Unified Processing Paradigm for Interactive Location-based Web Search.,Sheng Wang 0007|Zhifeng Bao|Shixun Huang|Rui Zhang 0003
conf/wsdm/XiaoYZJNY24,2024,WSDM,inproceedings,Deep Evolutional Instant Interest Network for CTR Prediction in Trigger-Induced Recommendation.,Zhibo Xiao|Luwei Yang|Tao Zhang 0124|Wen Jiang|Wei Ning|Yujiu Yang 0001
conf/wsdm/ShankarSMSMS23,2023,WSDM,inproceedings,Privacy Aware Experiments without Cookies.,Shiv Shankar|Ritwik Sinha|Saayan Mitra|Viswanathan (Vishy) Swaminathan|Sridhar Mahadevan|Moumita Sinha
conf/wsdm/AgarwalZWLNJ19,2019,WSDM,inproceedings,Estimating Position Bias without Intrusive Interventions.,Aman Agarwal|Ivan Zaitsev|Xuanhui Wang|Cheng Li 0012|Marc Najork|Thorsten Joachims
conf/wsdm/SunCYC20,2020,WSDM,inproceedings,Influence Maximization with Spontaneous User Adoption.,Lichao Sun 0001|Albert C. Chen 0002|Philip S. Yu|Wei Chen 0013
conf/wsdm/ChuWXLW23,2023,WSDM,inproceedings,Meta Policy Learning for Cold-Start Conversational Recommendation.,Zhendong Chu|Hongning Wang|Yun Xiao|Bo Long|Lingfei Wu 0001
conf/wsdm/JainVMVK23,2023,WSDM,inproceedings,Self-supervised Multi-view Disentanglement for Expansion of Visual Collections.,Nihal Jain|Praneetha Vaddamanu|Paridhi Maheshwari|Vishwa Vinay|Kuldeep Kulkarni
conf/wsdm/0001JF0S23,2023,WSDM,inproceedings,Towards an Event-Aware Urban Mobility Prediction System.,Zhaonan Wang 0001|Renhe Jiang|Zipei Fan|Xuan Song 0001|Ryosuke Shibasaki
conf/wsdm/LuBH22,2022,WSDM,inproceedings,An Ensemble Model for Combating Label Noise.,Yangdi Lu|Yang Bo|Wenbo He
conf/wsdm/ZhaoZW21,2021,WSDM,inproceedings,GraphSMOTE: Imbalanced Node Classification on Graphs with Graph Neural Networks.,Tianxiang Zhao 0001|Xiang Zhang 0001|Suhang Wang
conf/wsdm/TosicCNRTP22,2022,WSDM,inproceedings,Towards a Cross-domain Semantically Interoperable Ecosystem.,Milenko Tosic|F|Barry Nouwt|David Emanuel Rua|Aleksandar Tomcic|Sasa Pesic
conf/wsdm/ZhaoYY22,2022,WSDM,inproceedings,Multi-Sparse-Domain Collaborative Recommendation via Enhanced Comprehensive Aspect Preference Learning.,Xiaoyun Zhao|Ning Yang 0001|Philip S. Yu
conf/wsdm/SharmaGMRB21,2021,WSDM,inproceedings,Balance Maximization in Signed Networks via Edge Deletions.,Kartik Sharma|Iqra Altaf Gillani|Sourav Medya|Sayan Ranu|Amitabha Bagchi
conf/wsdm/HanHZ0WS23,2023,WSDM,inproceedings,Search Behavior Prediction: A Hypergraph Perspective.,Yan Han 0001|Edward W. Huang|Wenqing Zheng|Nikhil Rao 0001|Zhangyang Wang|Karthik Subbian
conf/wsdm/MontalvoS23,2023,WSDM,inproceedings,Learning to Infer Product Attribute Values From Descriptive Texts and Images.,Pablo Montalvo|Aghiles Salah
conf/wsdm/LiTHXCJ22,2022,WSDM,inproceedings,Unsupervised Cross-Domain Adaptation for Response Selection Using Self-Supervised and Adversarial Training.,Jia Li 0012|Chongyang Tao|Huang Hu|Can Xu|Yining Chen|Daxin Jiang
conf/wsdm/MalliaSS21,2021,WSDM,inproceedings,Fast Disjunctive Candidate Generation Using Live Block Filtering.,Antonio Mallia|Michal Siedlaczek|Torsten Suel
conf/wsdm/SuDJJ22,2022,WSDM,inproceedings,An Interactive Knowledge Graph Based Platform for COVID-19 Clinical Research.,Juntao Su|Edward T. Dougherty|Shuang Jiang|Fang Jin
conf/wsdm/LinLL20,2020,WSDM,inproceedings,Balanced Influence Maximization in Attributed Social Network Based on Sampling.,Mingkai Lin|Wenzhong Li|Sanglu Lu
conf/wsdm/ChoudharyRKSR22,2022,WSDM,inproceedings,ANTHEM: Attentive Hyperbolic Entity Model for Product Search.,Nurendra Choudhary|Nikhil Rao 0001|Sumeet Katariya|Karthik Subbian|Chandan K. Reddy
conf/wsdm/ZhaoZ00L23,2023,WSDM,inproceedings,Differentially Private Temporal Difference Learning with Stochastic Nonconvex-Strongly-Concave Optimization.,Canzhe Zhao|Yanjie Ze|Jing Dong 0008|Baoxiang Wang 0001|Shuai Li 0010
conf/wsdm/AkujuobiZY020,2020,WSDM,inproceedings,Recurrent Attention Walk for Semi-supervised Classification.,Uchenna Akujuobi|Qiannan Zhang|Yufei Han 0001|Xiangliang Zhang 0001
conf/wsdm/LiW020,2020,WSDM,inproceedings,Adversarial Learning to Compare: Self-Attentive Prospective Customer Recommendation in Location based Social Networks.,Ruirui Li 0002|Xian Wu 0001|Wei Wang 0010
conf/wsdm/CaiFWYLX23,2023,WSDM,inproceedings,A Causal View for Item-level Effect of Recommendation on User Preference.,Wei Cai|Fuli Feng|Qifan Wang 0001|Tian Yang|Zhenguang Liu|Congfu Xu
conf/wsdm/KaghazgaranCS18,2018,WSDM,inproceedings,Combating Crowdsourced Review Manipulators: A Neighborhood-Based Approach.,Parisa Kaghazgaran|James Caverlee|Anna Cinzia Squicciarini
conf/wsdm/TranT0CL20,2020,WSDM,inproceedings,HyperML: A Boosting Metric Learning Approach in Hyperbolic Space for Recommender Systems.,Lucas Vinh Tran|Yi Tay|Shuai Zhang 0007|Gao Cong|Xiaoli Li 0001
conf/wsdm/DevinsTL22,2022,WSDM,inproceedings,Aligning the Research and Practice of Building Search Applications: Elasticsearch and Pyserini.,Josh Devins|Julie Tibshirani|Jimmy Lin
conf/wsdm/LabiodNS24,2024,WSDM,inproceedings,WSDM 2024 Workshop on Representation Learning & Clustering.,Lazhar Labiod|Mohamed Nadif|Aghiles Salah
conf/wsdm/QiuHYW22,2022,WSDM,inproceedings,Contrastive Learning for Representation Degeneration Problem in Sequential Recommendation.,Ruihong Qiu|Zi Huang|Hongzhi Yin|Zijian Wang 0009
conf/wsdm/TangW18,2018,WSDM,inproceedings,Personalized Top-N Sequential Recommendation via Convolutional Sequence Embedding.,Jiaxi Tang|Ke Wang 0001
conf/wsdm/WangYXZT22,2022,WSDM,inproceedings,Structure Meets Sequences: Predicting Network of Co-evolving Sequences.,Yaojing Wang|Yuan Yao 0001|Feng Xu 0007|Yada Zhu|Hanghang Tong
conf/wsdm/ChengLSHL19,2019,WSDM,inproceedings,XBully: Cyberbullying Detection within a Multi-Modal Context.,Lu Cheng 0001|Jundong Li|Yasin N. Silva|Deborah L. Hall|Huan Liu 0001
conf/wsdm/Pougue-BiyongGH23,2023,WSDM,inproceedings,Learning Stance Embeddings from Signed Social Graphs.,John Pougu|Akshay Gupta|Aria Haghighi|Ahmed El-Kishky
conf/wsdm/SopranoRBM22,2022,WSDM,inproceedings,Crowd_Frame: A Simple and Complete Framework to Deploy Complex Crowdsourcing Tasks Off-the-shelf.,Michael Soprano|Kevin Roitero|Francesco Bombassei De Bona|Stefano Mizzaro
conf/wsdm/LockardSDH20,2020,WSDM,inproceedings,Web-scale Knowledge Collection.,Colin Lockard|Prashant Shiralkar|Xin Luna Dong|Hannaneh Hajishirzi
conf/wsdm/DuttaCC022,2022,WSDM,inproceedings,Semi-supervised Stance Detection of Tweets Via Distant Network Supervision.,Subhabrata Dutta|Samiya Caur|Soumen Chakrabarti|Tanmoy Chakraborty 0002
conf/wsdm/KonarS21,2021,WSDM,inproceedings,Exploring the Subgraph Density-Size Trade-off via the Lovaśz Extension.,Aritra Konar|Nicholas D. Sidiropoulos
conf/wsdm/BaoCLLLX22,2022,WSDM,inproceedings,Harvesting More Answer Spans from Paragraph beyond Annotation.,Qiaoben Bao|Jiangjie Chen|Linfang Liu|Jingping Liu|Jiaqing Liang|Yanghua Xiao
conf/wsdm/KangLZ21,2021,WSDM,inproceedings,QueryBlazer: Efficient Query Autocompletion Framework.,Young Mo Kang|Wenhao Liu 0003|Yingbo Zhou 0002
conf/wsdm/GeH0023,2023,WSDM,inproceedings,"FineSum: Target-Oriented, Fine-Grained Opinion Summarization.",Suyu Ge|Jiaxin Huang 0001|Yu Meng 0001|Jiawei Han 0001
conf/wsdm/TayTH18,2018,WSDM,inproceedings,Hyperbolic Representation Learning for Fast and Efficient Neural Question Answering.,Yi Tay|Luu Anh Tuan|Siu Cheung Hui
conf/wsdm/ZhangXZZ20,2020,WSDM,inproceedings,Distilling Structured Knowledge into Embeddings for Explainable and Accurate Recommendation.,Yuan Zhang 0024|Xiaoran Xu|Hanning Zhou|Yan Zhang 0004
conf/wsdm/ChenLJZC19,2019,WSDM,inproceedings,Review-Driven Answer Generation for Product-Related Questions in E-Commerce.,Shiqian Chen|Chenliang Li|Feng Ji|Wei Zhou|Haiqing Chen
conf/wsdm/HuangSLH18,2018,WSDM,inproceedings,Exploring Expert Cognition for Attributed Network Embedding.,Xiao Huang 0001|Qingquan Song|Jundong Li|Xia Hu 0001
conf/wsdm/LiuS23,2023,WSDM,inproceedings,Combining vs. Transferring Knowledge: Investigating Strategies for Improving Demographic Inference in Low Resource Settings.,Yaguang Liu|Lisa Singh
conf/wsdm/0004K20,2020,WSDM,inproceedings,Listwise Learning to Rank by Exploring Unique Ratings.,Xiaofeng Zhu 0004|Diego Klabjan
conf/wsdm/SuhHWA21,2021,WSDM,inproceedings,Population-Scale Study of Human Needs During the COVID-19 Pandemic: Analysis and Implications.,Jina Suh|Eric Horvitz|Ryen W. White|Tim Althoff
conf/wsdm/BaiDBCSW19,2019,WSDM,inproceedings,SimGNN: A Neural Network Approach to Fast Graph Similarity Computation.,Yunsheng Bai|Hao Ding 0003|Song Bian 0002|Ting Chen 0007|Yizhou Sun|Wei Wang 0010
conf/wsdm/LiBCS18,2018,WSDM,inproceedings,Supporting Large-scale Geographical Visualization in a Multi-granularity Way.,Mingzhao Li 0001|Zhifeng Bao|Farhana Murtaza Choudhury|Timos Sellis
conf/wsdm/BondarenkoADHBH22,2022,WSDM,inproceedings,Towards Understanding and Answering Comparative Questions.,Alexander Bondarenko 0001|Yamen Ajjour|Valentin Dittmar|Niklas Homann|Pavel Braslavski 0001|Matthias Hagen
conf/wsdm/LiuSZ18,2018,WSDM,inproceedings,Inferring Dockless Shared Bike Distribution in New Cities.,Zhaoyang Liu 0003|Yanyan Shen|Yanmin Zhu 0006
conf/wsdm/SuiZZH024,2024,WSDM,inproceedings,Table Meets LLM: Can Large Language Models Understand Structured Table Data? A Benchmark and Empirical Study.,Yuan Sui 0001|Mengyu Zhou|Mingjie Zhou|Shi Han|Dongmei Zhang 0001
conf/wsdm/AnwarSR21,2021,WSDM,inproceedings,Balanced Influence Maximization in the Presence of Homophily.,Md Sanzeed Anwar|Martin Saveski|Deb Roy
conf/wsdm/MaPCH22,2022,WSDM,inproceedings,Deep Graph-level Anomaly Detection by Glocal Knowledge Distillation.,Rongrong Ma|Guansong Pang|Ling Chen 0006|Anton van den Hengel
conf/wsdm/XinKAJ22,2022,WSDM,inproceedings,Supervised Advantage Actor-Critic for Recommender Systems.,Xin Xin 0003|Alexandros Karatzoglou|Ioannis Arapakis|Joemon M. Jose
conf/wsdm/MarquezW19,2019,WSDM,inproceedings,Overlapping Community Detection in Static and Dynamic Social Networks.,Renny M|Richard Weber 0002
conf/wsdm/BalashankarBS21,2021,WSDM,inproceedings,Enhancing Neural Recommender Models through Domain-Specific Concordance.,Ananth Balashankar|Alex Beutel|Lakshminarayanan Subramanian
conf/wsdm/KarisaniK21,2021,WSDM,inproceedings,Semi-Supervised Text Classification via Self-Pretraining.,Payam Karisani|Negin Karisani
conf/wsdm/YangZZ022,2022,WSDM,inproceedings,Interpretable Relation Learning on Heterogeneous Graphs.,Qiang Yang 0015|Qiannan Zhang|Chuxu Zhang|Xiangliang Zhang 0001
conf/wsdm/GuoWYLW22,2022,WSDM,inproceedings,Multi-Scale Variational Graph AutoEncoder for Link Prediction.,Zhihao Guo|Feng Wang 0038|Kaixuan Yao|Jiye Liang|Zhiqiang Wang 0005
conf/icdm/Lin0G23,2023,ICDM (Workshops),inproceedings,Enhancing Interpretability in AI-Generated Image Detection with Genetic Programming.,Mingqian Lin|Lin Shang 0001|Xiaoying Gao
conf/icdm/HondaMS18,2018,ICDM Workshops,inproceedings,Automatic Mining of Large IoT Sensor Tensor.,Takato Honda|Yasuko Matsubara|Yasushi Sakurai
conf/icdm/AnwarZ23,2023,ICDM,inproceedings,Reinforcement Learning based Hyper-heuristics for Many-objective Pickup and Delivery Problem.,Adeem Ali Anwar|Xuyun Zhang
conf/icdm/HolodnakBML22,2022,ICDM (Workshops),inproceedings,Backdoor Poisoning of Encrypted Traffic Classifiers.,John T. Holodnak|Olivia M. Brown|Jason Matterer|Andrew Lemke
conf/icdm/LefortBOGS24,2024,ICDM (Workshops),inproceedings,Sentiment Score of Bloomberg Market Wraps with ChatGPT.,Baptiste Lefort|Eric Benhamou|Jean-Jacques Ohana|Beatrice Guez|David Saltiel
conf/icdm/GomesRN18,2018,ICDM,inproceedings,Multi-level Hypothesis Testing for Populations of Heterogeneous Networks.,Guilherme Gomes|Vinayak A. Rao|Jennifer Neville
conf/icdm/GuoWL18,2018,ICDM Workshops,inproceedings,Large Margin Graph Construction for Semi-Supervised Learning.,Lan-Zhe Guo|Shao-Bo Wang|Yufeng Li 0008
conf/icdm/Qiu0X23,2023,ICDM,inproceedings,A Progressive Sampling Method for Dual-Node Imbalanced Learning with Restricted Data Access.,Yixuan Qiu|Weitong Chen 0001|Miao Xu 0001
conf/icdm/EmmadiSAN22,2022,ICDM (Workshops),inproceedings,Simplifying Process Navigations - Divide and Rule way.,Sai Charan Emmadi|Satya Samudrala|Parag Agrawal|Maitreya Natu
conf/icdm/ZhaoZL0LH18,2018,ICDM Workshops,inproceedings,Query of Marine Big Data Based on Graph Compression and Views.,Danfeng Zhao|Yeyi Zhang|Junchen Lin|Wei Song 0007|Antonio Liotta|Dongmei Huang
conf/icdm/WangLPCHW19,2019,ICDM,inproceedings,Fast Semantic Preserving Hashing for Large-Scale Cross-Modal Retrieval.,Xingzhi Wang|Xin Liu 0011|Shu-Juan Peng|Yiu-ming Cheung|Zhikai Hu|Nannan Wang 0001
conf/icdm/TianJZ22,2022,ICDM (Workshops),inproceedings,Exploiting Cross-Order Patterns and Link Prediction in Higher-Order Networks.,Hao Tian|Shengmin Jin|Reza Zafarani
conf/icdm/Hwang0CL0P21,2021,ICDM,inproceedings,Climate Modeling with Neural Diffusion Equations.,Jeehyun Hwang|Jeongwhan Choi 0002|Hwangyong Choi|Kookjin Lee|Dongeun Lee 0001|Noseong Park
conf/icdm/WuLBZYL18,2018,ICDM,inproceedings,Human-Centric Urban Transit Evaluation and Planning.,Guojun Wu|Yanhua Li|Jie Bao 0003|Yu Zheng 0004|Jieping Ye|Jun Luo 0007
conf/icdm/LiQWYS20,2020,ICDM,inproceedings,Exploiting Inconsistency Problem in Multi-label Classification via Metric Learning.,Peiyan Li 0002|Zhili Qin|Honglian Wang|Qinli Yang|Junming Shao
conf/icdm/Yu0YLGW19,2019,ICDM,inproceedings,Generating Reliable Friends via Adversarial Training to Improve Social Recommendation.,Junliang Yu|Min Gao 0001|Hongzhi Yin|Jundong Li|Chongming Gao|Qinyong Wang
conf/icdm/ImaniK19,2019,ICDM,inproceedings,Matrix Profile XIX: Time Series Semantic Motifs: A New Primitive for Finding Higher-Level Structure in Time Series.,Shima Imani|Eamonn J. Keogh
conf/icdm/GiladiK23,2023,ICDM,inproceedings,Feedback Decision Transformer: Offline Reinforcement Learning With Feedback.,Liad Giladi|Gilad Katz
conf/icdm/0002W21,2021,ICDM,inproceedings,Fair Decision-making Under Uncertainty.,Wenbin Zhang 0002|Jeremy C. Weiss
conf/icdm/HenryS19,2019,ICDM Workshops,inproceedings,Predictive Models for Early Detection of Hoax Spread in Twitter.,Didier Henry|Erick Stattner
conf/icdm/WangSWDJ20,2020,ICDM,inproceedings,CorDEL: A Contrastive Deep Learning Approach for Entity Linkage.,Zhengyang Wang|Bunyamin Sisman|Hao Wei|Xin Luna Dong|Shuiwang Ji
conf/icdm/LiZ0Y18,2018,ICDM,inproceedings,Concept Mining via Embedding.,Keqian Li|Hanwen Zha|Yu Su 0001|Xifeng Yan
conf/icdm/LinCFEA20,2020,ICDM,inproceedings,Building Autocorrelation-Aware Representations for Fine-Scale Spatiotemporal Prediction.,Yijun Lin 0001|Yao-Yi Chiang|Meredith Franklin|Sandrah P. Eckel|Jos
conf/icdm/GaoZHZFY22,2022,ICDM,inproceedings,Towards Feature Distribution Alignment and Diversity Enhancement for Data-Free Quantization.,Yangcheng Gao|Zhao Zhang 0001|Richang Hong|Haijun Zhang 0002|Jicong Fan 0001|Shuicheng Yan
conf/icdm/GuanQLSGL18,2018,ICDM Workshops,inproceedings,An Efficient ADMM-Based Algorithm to Nonconvex Penalized Support Vector Machines.,Lei Guan|Linbo Qiao|Dongsheng Li 0001|Tao Sun 0005|Keshi Ge|Xicheng Lu
conf/icdm/MarinescuRL20,2020,ICDM (Workshops),inproceedings,Improving object detection in paintings based on time contexts.,Maria-Cristina V. Marinescu|Artem Reshetnikov|Joaquim Mor
conf/icdm/LiHD18,2018,ICDM Workshops,inproceedings,Learning Network Representations with Neighboring Affinity.,Zhao Li 0007|Jiaming Huang|Donghui Ding
conf/icdm/WeiSZ23,2023,ICDM (Workshops),inproceedings,ESOA Algorithm Based on learning rate optimization in Convolutional neural networks.,Peiyang Wei|Xiaoyu Shi 0001|Jiesan Zhou
conf/icdm/ZhaoDLM19,2019,ICDM Workshops,inproceedings,Data Mining in Railway Defect Image Based on Object Detection Technology.,Bing Zhao 0003|Mingrui Dai|Ping Li 0038|Xiao-ning Ma
conf/icdm/Klikowski024,2024,ICDM (Workshops),inproceedings,Non-stationary Imbalanced Data Stream Classification with Weighted One-Class Ensemble.,Jakub Klikowski|Michal Wozniak 0001
conf/icdm/SakajiKIM19,2019,ICDM Workshops,inproceedings,Extraction of Volitional Utterances from Japanese Local Political Corpus.,Hiroki Sakaji|Yasutomo Kimura|Kiyoshi Izumi|Hiroyasu Matsushima
conf/icdm/HeZ0C0T24,2024,ICDM,inproceedings,Influence-Aware Group Recommendation for Social Media Propagation.,Chengkun He|Xiangmin Zhou|Chen Wang 0008|Longbing Cao|Jie Shao 0001|Zahir Tari
conf/icdm/YangCLYX21,2021,ICDM,inproceedings,Hyper Meta-Path Contrastive Learning for Multi-Behavior Recommendation.,Haoran Yang 0001|Hongxu Chen 0002|Lin Li 0001|Philip S. Yu|Guandong Xu
conf/icdm/ChenN19,2019,ICDM Workshops,inproceedings,Deep Learning Ethereum Token Price Prediction with Network Motif Analysis.,Yuzhou Chen|Hon Keung Tony Ng
conf/icdm/HoCL20,2020,ICDM (Workshops),inproceedings,A Short-Term Cryptocurrency Price Movement Prediction Using Centrality Measures.,Kin-Hon Ho|Wai-Han Chiu|Chin Li
conf/icdm/SuzukiITF023,2023,ICDM,inproceedings,Rule Mining for Correcting Classification Models.,Hirofumi Suzuki|Hiroaki Iwashita|Takuya Takagi|Yuta Fujishige|Satoshi Hara 0001
conf/icdm/SunZZY22,2022,ICDM (Workshops),inproceedings,Improving Your Graph Neural Networks: A High-Frequency Booster.,Jiaqi Sun|Lin Zhang|Shenglin Zhao|Yujiu Yang 0001
conf/icdm/ZhangZZ0Q023,2023,ICDM,inproceedings,Cognition-Mode Aware Variational Representation Learning Framework for Knowledge Tracing.,Moyu Zhang|Xinning Zhu|Chunhong Zhang|Feng Pan 0010|Wenchen Qian|Hui Zhao 0001
conf/icdm/HeLZLNH18,2018,ICDM,inproceedings,A General Cross-Domain Recommendation Framework via Bayesian Neural Network.,Jia He 0001|Rui Liu 0007|Fuzhen Zhuang|Fen Lin|Cheng Niu|Qing He 0003
conf/icdm/AshokLP18,2018,ICDM Workshops,inproceedings,JobSense: A Data-Driven Career Knowledge Exploration Framework and System.,Xavier Jayaraj Siddarth Ashok|Ee-Peng Lim|Philips Kokoh Prasetyo
conf/icdm/LeeWZ18,2018,ICDM Workshops,inproceedings,Dimension Reduction on Open Data Using Variational Autoencoder.,Hyunmin Lee|Zhen Hao Wu|Zhaolei Zhang
conf/icdm/KonarS20,2020,ICDM,inproceedings,Soft Graph Matching: Submodular Relaxation and Lov,Aritra Konar|Nicholas D. Sidiropoulos
conf/icdm/OloruntobaCL19,2019,ICDM Workshops,inproceedings,Clan-Based Cultural Algorithm for Feature Selection.,Oluwabunmi Oloruntoba|Georgina Cosma|Antonio Liotta
conf/icdm/ChenCC20,2020,ICDM,inproceedings,GraphEBM: Energy-based Graph Construction for Semi-Supervised Learning.,Zhijie Chen|Hongtai Cao|Kevin Chen-Chuan Chang
conf/icdm/RenZFZXW21,2021,ICDM,inproceedings,Robust Low-rank Deep Feature Recovery in CNNs: Toward Low Information Loss and Fast Convergence.,Jiahuan Ren|Zhao Zhang 0001|Jicong Fan 0001|Haijun Zhang 0002|Mingliang Xu 0001|Meng Wang 0001
conf/icdm/ParambathAAK24,2024,ICDM (Workshops),inproceedings,Sequential Block Elimination for Dynamic Pricing.,Shameem Puthiya Parambath|Saleh Abdullah M. Alfahad|Christos Anagnostopoulos 0001|Kostas Kolomvatsos
conf/icdm/SenarathMVPND21,2021,ICDM,inproceedings,Practitioner-Centric Approach for Early Incident Detection Using Crowdsourced Data for Emergency Services.,Yasas Senarath|Ayan Mukhopadhyay|Sayyed Mohsen Vazirizade|Hemant Purohit|Saideep Nannapaneni|Abhishek Dubey
conf/icdm/WangCYWW018,2018,ICDM,inproceedings,A Reinforcement Learning Framework for Explainable Recommendation.,Xiting Wang|Yiru Chen|Jie Yang|Le Wu|Zhengtao Wu|Xing Xie 0001
conf/icdm/VijaikumarHS21,2021,ICDM,inproceedings,HyperTeNet: Hypergraph and Transformer-based Neural Network for Personalized List Continuation.,M. Vijaikumar|Deepesh V. Hada|Shirish K. Shevade
conf/icdm/LiuC19,2019,ICDM Workshops,inproceedings,IIRank: A Novel Algorithm for Identifying Influencers in Micro-Blog Social Networks.,Yufei Liu 0001|Jie Cao 0001
conf/icdm/DoanVK18,2018,ICDM Workshops,inproceedings,Generating Realistic Sequences of Customer-Level Transactions for Retail Datasets.,Thang Doan|Neil Veira|Brian Keng
conf/icdm/YangSM0S24,2024,ICDM,inproceedings,Combining Self-Supervision and Privileged Information for Representation Learning from Tabular Data.,Haoyu Yang|Michael S. Steinbach|Genevieve B. Melton|Vipin Kumar 0001|Gy
conf/icdm/RenW0GLF22,2022,ICDM,inproceedings,Mitigating Popularity Bias in Recommendation with Unbalanced Interactions: A Gradient Perspective.,Weijieying Ren|Lei Wang 0185|Kunpeng Liu 0001|Ruocheng Guo|Ee-Peng Lim|Yanjie Fu
conf/icdm/TabeiYP19,2019,ICDM,inproceedings,Space-Efficient Feature Maps for String Alignment Kernels.,Yasuo Tabei|Yoshihiro Yamanishi|Rasmus Pagh
conf/icdm/PhamYMZZ21,2021,ICDM,inproceedings,Cardiac Complication Risk Profiling for Cancer Survivors via Multi-View Multi-Task Learning.,Thai-Hoang Pham|Changchang Yin|Laxmi Mehta|Xueru Zhang|Ping Zhang 0016
conf/icdm/WangG0Z23,2023,ICDM,inproceedings,BDVFL: Blockchain-based Decentralized Vertical Federated Learning.,Shuo Wang 0026|Keke Gai|Jing Yu 0007|Liehuang Zhu
conf/icdm/YuanCD24,2024,ICDM,inproceedings,A Parameter Update Balancing Algorithm for Multi-task Ranking Models in Recommendation Systems.,Jun Yuan 0008|Guohao Cai|Zhenghua Dong
conf/icdm/Chen0LZL18,2018,ICDM,inproceedings,Rational Neural Networks for Approximating Graph Convolution Operator on Jump Discontinuities.,Zhiqian Chen|Feng Chen 0001|Rongjie Lai|Xuchao Zhang|Chang-Tien Lu
conf/icdm/ZhangQZSW23,2023,ICDM,inproceedings,A Mixed-State Streaming Edge Partitioning based on Combinatorial Design.,Zhenyu Zhang 0023|Wenwen Qu|Weixi Zhang|Junlin Shang|Xiaoling Wang
conf/icdm/YangP00LZ18,2018,ICDM,inproceedings,Binarized attributed network embedding.,Hong Yang 0003|Shirui Pan|Peng Zhang 0001|Ling Chen 0006|Defu Lian|Chengqi Zhang
conf/icdm/ShiLQ24,2024,ICDM (Workshops),inproceedings,Structure Aware Loss for Deep Unsupervised Industrial Image Registration.,Yong Shi|Mengjin Lyu|Zhiquan Qi
conf/icdm/BaranK22,2022,ICDM (Workshops),inproceedings,Linguistic Knowledge Application to Neuro-Symbolic Transformers in Sentiment Analysis.,Joanna Baran|Jan Kocon
conf/icdm/ZhangZW18,2018,ICDM,inproceedings,A Machine Reading Comprehension-Based Approach for Featured Snippet Extraction.,Chen Zhang|Xuyuanyu Zhang|Hao Wang
conf/icdm/AtzmuellerSSB18,2018,ICDM Workshops,inproceedings,MinerLSD: Efficient Local Pattern Mining on Attributed Graphs.,Martin Atzmueller|Henry Soldano|Guillaume Santini|Dominique Bouthinon
conf/icdm/ChenWCLL024,2024,ICDM,inproceedings,A Novel Shadow Variable Catcher for Addressing Selection Bias in Recommendation Systems.,Qingfeng Chen|Boquan Wei|Debo Cheng|Jiuyong Li|Lin Liu 0003|Shichao Zhang 0001
conf/icdm/LiC23,2023,ICDM (Workshops),inproceedings,A fast incremental spectral clustering algorithm with cosine similarity.,Ran Li|Guangliang Chen
conf/icdm/BiswasMR22,2022,ICDM (Workshops),inproceedings,AARS: A novel adaptive archive-based efficient counting method for machine learning applications.,Sajib K. Biswas|Pranab K. Muhuri|Uttam K. Roy
conf/icdm/DinhBCG23,2023,ICDM (Workshops),inproceedings,E2EG: End-to-End Node Classification Using Graph Topology and Text-based Node Attributes.,Tu Anh Dinh|Jeroen den Boef|Joran Cornelisse|Paul Groth
conf/icdm/KongH0S23,2023,ICDM,inproceedings,Tree-based Kendall's τ Maximization for Explainable Unsupervised Anomaly Detection.,Lanfang Kong|Alexis Huet|Dario Rossi 0001|Mauro Sozio
conf/icdm/KhiariO20,2020,ICDM (Workshops),inproceedings,Boosting Algorithms for Delivery Time Prediction in Transportation Logistics.,Jihed Khiari|Cristina Olaverri-Monreal
conf/icdm/AndonovM23,2023,ICDM (Workshops),inproceedings,LogGC: Novel Approach for Graph-based Log Anomaly Detection.,Stefan Andonov|Gjorgji Madjarov
conf/icdm/GurumoorthyDCA19,2019,ICDM,inproceedings,Efficient Data Representation by Selecting Prototypes with Importance Weights.,Karthik S. Gurumoorthy|Amit Dhurandhar|Guillermo A. Cecchi|Charu C. Aggarwal
conf/icdm/HuSSDZ21,2021,ICDM,inproceedings,Source Inference Attacks in Federated Learning.,Hongsheng Hu|Zoran Salcic|Lichao Sun 0001|Gillian Dobbie|Xuyun Zhang
conf/icdm/PintilieMB23,2023,ICDM (Workshops),inproceedings,Time Series Anomaly Detection using Diffusion-based Models.,Ioana Pintilie|Andrei Manolache|Florin Brad
conf/icdm/YuYWD020,2020,ICDM,inproceedings,Partial Multi-label Learning using Label Compression.,Tingting Yu|Guoxian Yu|Jun Wang 0035|Carlotta Domeniconi|Xiangliang Zhang 0001
conf/icdm/ShuLY020,2020,ICDM,inproceedings,Learning from Multi-Class Positive and Unlabeled Data.,Senlin Shu|Zhuoyi Lin|Yan Yan|Li Li 0006
conf/icdm/XiaoJMXP22,2022,ICDM,inproceedings,Spatiotemporal Contextual Consistency Network for Precipitation Nowcasting.,Xinyu Xiao|Qizhao Jin|Gaofeng Meng|Shiming Xiang|Chunhong Pan
conf/icdm/HakimiALS21,2021,ICDM,inproceedings,LAGA: Lagged AllReduce with Gradient Accumulation for Minimal Idle Time.,Ido Hakimi|Rotem Zamir Aviv|Kfir Y. Levy|Assaf Schuster
conf/icdm/HanN22,2022,ICDM,inproceedings,Text-enhanced Multi-Granularity Temporal Graph Learning for Event Prediction.,Xiaoxue Han|Yue Ning 0001
conf/icdm/XieZ20,2020,ICDM,inproceedings,Robust Product Rating Rules Against Herding Effects: Theory and Applications.,Hong Xie 0004|Mingze Zhong
conf/icdm/XiaoL0WWL24,2024,ICDM,inproceedings,Towards Dynamic University Course Timetabling Problem: An Automated Approach Augmented via Reinforcement Learning.,Yanan Xiao|XiangLin Li|Lu Jiang 0007|Pengfei Wang 0008|Kaidi Wang|Na Luo
conf/icdm/XieMLZL18,2018,ICDM,inproceedings,Unsupervised User Identity Linkage via Factoid Embedding.,Wei Xie 0005|Xin Mu|Roy Ka-Wei Lee|Feida Zhu 0001|Ee-Peng Lim
conf/icdm/WittkoppAK23,2023,ICDM (Workshops),inproceedings,Progressing from Anomaly Detection to Automated Log Labeling and Pioneering Root Cause Analysis.,Thorsten Wittkopp|Alexander Acker|Odej Kao
conf/icdm/KosmanOC22,2022,ICDM (Workshops),inproceedings,LSP: Acceleration of Graph Neural Networks via Locality Sensitive Pruning of Graphs.,Eitan Kosman|Joel Oren|Dotan Di Castro
conf/icdm/LiXYLZ23,2023,ICDM,inproceedings,Anti-Noise Muiti-View Feature Selection With Sample Constraints.,Jiaye Li 0001|Hang Xu|Hao Yu|Weixin Li|Shichao Zhang 0001
conf/icdm/ZhangWC20,2020,ICDM (Workshops),inproceedings,Hybrid Learning with Teacher-student Knowledge Distillation for Recommenders.,Hangbin Zhang|Raymond K. Wong 0001|Victor W. Chu
conf/icdm/ParkKSY022,2022,ICDM,inproceedings,Multi-view POI-level Cellular Trajectory Reconstruction for Digital Contact Tracing of Infectious Diseases.,Dongmin Park|Junhyeok Kang|Hwanjun Song|Susik Yoon|Jae-Gil Lee 0001
conf/icdm/MoonBC20,2020,ICDM (Workshops),inproceedings,Learning Disentangled Representation of Residential Power Demand Peak via Convolutional-Recurrent Triplet Network.,Hyung-Jun Moon|Seok-Jun Bu|Sung-Bae Cho
conf/icdm/Liu0XW23,2023,ICDM,inproceedings,IE-Evo: Internal and External Evolution-Enhanced Temporal Knowledge Graph Forecasting.,Kangzheng Liu|Feng Zhao 0003|Guandong Xu|Shiqing Wu 0001
conf/icdm/RathinavelMOR22,2022,ICDM,inproceedings,Detecting Irregular Network Activity with Adversarial Learning and Expert Feedback.,Gopikrishna Rathinavel|Nikhil Muralidhar|Timothy J. O'Shea|Naren Ramakrishnan
conf/icdm/HuoYLZ18,2018,ICDM,inproceedings,Learning Semantic Features for Software Defect Prediction by Code Comments Embedding.,Xuan Huo|Yang Yang 0074|Ming Li 0005|De-Chuan Zhan
conf/icdm/Schreckenberger20,2020,ICDM (Workshops),inproceedings,Restructuring of Hoeffding Trees for Trapezoidal Data Streams.,Christian Schreckenberger|Tim Glockner|Heiner Stuckenschmidt|Christian Bartelt
conf/icdm/BaytasXW0Z18,2018,ICDM,inproceedings,Heterogeneous Hyper-Network Embedding.,Inci M. Baytas|Cao Xiao|Fei Wang 0001|Anil K. Jain 0001|Jiayu Zhou
conf/icdm/KalofoliasBV19,2019,ICDM,inproceedings,Discovering Robustly Connected Subgraphs with Simple Descriptions.,Janis Kalofolias|Mario Boley|Jilles Vreeken
conf/icdm/WangFC23,2023,ICDM (Workshops),inproceedings,FedNAT: Byzantine-robust Federated Learning through Activation-based Attention Transfer.,Mengxin Wang|Liming Fang 0001|Kuiqi Chen
conf/icdm/SasakiO21,2021,ICDM,inproceedings,Alternative Ruleset Discovery to Support Black-box Model Predictions.,Yoichi Sasaki 0002|Yuzuru Okajima
conf/icdm/JinZ18,2018,ICDM,inproceedings,Representing Networks with 3D Shapes.,Shengmin Jin|Reza Zafarani
conf/icdm/FangL23,2023,ICDM,inproceedings,Concordance Learning with Spectral Decay on Triplet Similarity.,Jiansheng Fang|Jiajian Li
conf/icdm/ZhangNPT22,2022,ICDM (Workshops),inproceedings,A Multi -level Alignment Training Scheme for Video-and-Language Grounding.,Yubo Zhang 0004|Feiyang Niu|Qing Ping|Govind Thattai
conf/icdm/WangKZ22,2022,ICDM (Workshops),inproceedings,Towards Fair Representation Learning in Knowledge Graph with Stable Adversarial Debiasing.,Yihe Wang|Mohammad Mahdi Khalili|Xiang Zhang 0012
conf/icdm/LiufuJLL20,2020,ICDM (Workshops),inproceedings,A Recommender Algorithm: Gradient Recurrent Neural Network Applied to Yang-Baxter-Like Equation.,Ying Liufu|Long Jin 0001|Mei Liu|Shuai Li 0002
conf/icdm/EjiriIS18,2018,ICDM Workshops,inproceedings,Realization of Data Exchange and Utilization Society by Blockchain and Data Jacket: Merit of Consortium to Accelerate Co-Creation.,Yusuke Ejiri|Eiji Ikeda|Hiromichi Sasaki
conf/icdm/ZhangLK23,2023,ICDM (Workshops),inproceedings,Probabilistic Forecast Reconciliation with Kullback-Leibler Divergence Regularization.,Guanyu Zhang|Feng Li 0028|Yanfei Kang
conf/icdm/LangfordKH18,2018,ICDM Workshops,inproceedings,Wildfire Mapping in Interior Alaska Using Deep Neural Networks on Imbalanced Datasets.,Zachary L. Langford|Jitendra Kumar 0001|Forrest M. Hoffman
conf/icdm/SankarLH22,2022,ICDM (Workshops),inproceedings,Above Ground Biomass Estimation of a Cocoa Plantation using Machine Learning.,Sabrina Sankar|Marvin Lewis|Patrick Hosein
conf/icdm/ChenRNPKS23,2023,ICDM (Workshops),inproceedings,Toward Solving Domain Adaptation with Limited Source Labeled Data.,Kunru Chen|Thorsteinn S. R|Slawomir Nowaczyk|Sepideh Pashami|Jonas Klang|Gustav Sternel
conf/icdm/XiaoLZJYW22,2022,ICDM (Workshops),inproceedings,Streaming Traffic Flow Prediction Based on Continuous Reinforcement Learning.,Yanan Xiao|Minyu Liu|Zichen Zhang 0014|Lu Jiang 0007|Minghao Yin|Jianan Wang
conf/icdm/NitandaMS19,2019,ICDM,inproceedings,Sharp Characterization of Optimal Minibatch Size for Stochastic Finite Sum Convex Optimization.,Atsushi Nitanda|Tomoya Murata|Taiji Suzuki
conf/icdm/MaWHLG18,2018,ICDM Workshops,inproceedings,Learning via Social Preference: A Coarse-to-Fine Training Strategy for Style Transfer Systems.,Zhuoqi Ma|Nannan Wang 0001|Yi Hao|Jie Li 0001|Xinbo Gao 0001
conf/icdm/VictorZ18,2018,ICDM Workshops,inproceedings,Geofences on the Blockchain: Enabling Decentralized Location-Based Services.,Friedhelm Victor|Sebastian Zickau
conf/icdm/LiuL0YDZ19,2019,ICDM,inproceedings,Cross-Modal Zero-Shot Hashing.,Xuanwu Liu|Zhao Li 0007|Jun Wang 0035|Guoxian Yu|Carlotta Domeniconi|Xiangliang Zhang 0001
conf/icdm/MaoY024,2024,ICDM,inproceedings,Towards Expressive Graph Representations for Graph Neural Networks.,Chengsheng Mao|Liang Yao|Yuan Luo 0001
conf/icdm/YangL023,2023,ICDM,inproceedings,Fact-Preserved Personalized News Headline Generation.,Zhao Yang|Junhong Lian|Xiang Ao 0001
conf/icdm/Mo022,2022,ICDM,inproceedings,Bayesian Deep Structured Semantic Model for Sub-Linear-Time Information Retrieval.,Yuji Mo|Stephen D. Scott 0001
conf/icdm/SonPJ18,2018,ICDM Workshops,inproceedings,Country Interest Analysis Based on Long-Term Short-Term Memory(LSTM) In Decentralized System.,Hojae Son|Anand Paul 0001|Gwanggil Jeon
conf/icdm/TanZDH23,2023,ICDM (Workshops),inproceedings,Graph Neural Networks with Non-Recursive Message Passing.,Qiaoyu Tan|Xin Zhang 0104|Jiahe Du|Xiao Huang 0001
conf/icdm/AbrahamD20,2020,ICDM (Workshops),inproceedings,Rebuilding Trust in Active Learning with Actionable Metrics.,Alexandre Abraham|L
conf/icdm/YeoMNL18,2018,ICDM,inproceedings,DE-RNN: Forecasting the Probability Density Function of Nonlinear Time Series.,Kyongmin Yeo|Igor Melnyk|Nam Nguyen|Eun Kyung Lee
conf/icdm/RahmanSA20,2020,ICDM,inproceedings,Force2Vec: Parallel force-directed graph embedding.,Md. Khaledur Rahman|Majedul Haque Sujon|Ariful Azad
conf/icdm/EswaranF18,2018,ICDM,inproceedings,SedanSpot: Detecting Anomalies in Edge Streams.,Dhivya Eswaran|Christos Faloutsos
conf/icdm/WeiSKO18,2018,ICDM,inproceedings,Uncluttered Domain Sub-Similarity Modeling for Transfer Regression.,Pengfei Wei 0001|Ram|Yiping Ke|Yew-Soon Ong
conf/icdm/YehG22,2022,ICDM (Workshops),inproceedings,An Efficient and Reliable Tolerance- Based Algorithm for Principal Component Analysis.,Michael Yeh|Ming Gu
conf/icdm/TanWPY19,2019,ICDM,inproceedings,User Response Driven Content Understanding with Causal Inference.,Fei Tan 0002|Zhi Wei 0001|Abhishek Pani|Zhenyu Yan 0001
conf/icdm/HamdiA19,2019,ICDM,inproceedings,Interpretable Feature Learning of Graphs using Tensor Decomposition.,Shah Muhammad Hamdi|Rafal A. Angryk
conf/icdm/WangWZSDF20,2020,ICDM,inproceedings,Defending Water Treatment Networks: Exploiting Spatio-temporal Effects for Cyber Attack Detection.,Dongjie Wang|Pengyang Wang|Jingbo Zhou 0003|Leilei Sun|Bowen Du 0001|Yanjie Fu
conf/icdm/ElourajiniA22,2022,ICDM (Workshops),inproceedings,AWS-EP: A Multi-Task Prediction Approach for MBTI/Big5 Personality Tests.,Fahed Elourajini|Esma A
conf/icdm/RajulapatiND20,2020,ICDM (Workshops),inproceedings,Deep Learning-based Critical Infrastructure Simulation Model for Disaster Monitoring.,Parashuram Shourya Rajulapati|Nivedita Nukavarapu|Surya S. Durbha
conf/icdm/YuLHS24,2024,ICDM (Workshops),inproceedings,Prediction Is NOT Classification: On Formulation and Evaluation of Hyperedge Prediction.,Taehyung Yu|Soo Yong Lee|Hyunjin Hwang|Kijung Shin
conf/icdm/YoonM023,2023,ICDM (Workshops),inproceedings,Outlier Elimination and Reliability Assessment for Peak and Declining Time Series Datasets.,Jungeun Yoon|Aekyeung Moon|Seung Woo Son 0001
conf/icdm/KosmajacSKK20,2020,ICDM (Workshops),inproceedings,Graph-based Topic Extraction Using Centroid Distance of Phrase Embeddings on Healthy Aging Open-ended Survey Questions.,Dijana Kosmajac|Kirstie Smith|Vlado Keselj|Susan Kirkland
conf/icdm/ChengCY18,2018,ICDM Workshops,inproceedings,A Cooperative Architecture for Blockchain Federated Mediators from Industry Perspective.,Dong Cheng|Suihe Chen|Yinjian Yang
conf/icdm/NguyenT0BBC23,2023,ICDM,inproceedings,Low-Resource Named Entity Recognition: Can One-vs-All AUC Maximization Help?,Ngoc Dang Nguyen|Wei Tan|Lan Du 0002|Wray L. Buntine|Richard Beare|Changyou Chen
conf/icdm/HuangFYP024,2024,ICDM (Workshops),inproceedings,Automating Maritime Risk Data Collection and Identification Leveraging Large Language Models.,Donghao Huang|Xiuju Fu|Xiaofeng Yin|Haibo Pen|Zhaoxia Wang 0001
conf/icdm/YuLS21,2021,ICDM,inproceedings,Online Testing of Subgroup Treatment Effects Based on Value Difference.,Miao Yu|Wenbin Lu|Rui Song 0006
conf/icdm/LiuKLC18,2018,ICDM,inproceedings,TreeGAN: Syntax-Aware Sequence Generation with Generative Adversarial Networks.,Xinyue Liu 0003|Xiangnan Kong|Lei Liu|Kuorong Chiang
conf/icdm/WangDTG018,2018,ICDM,inproceedings,Partial Multi-view Clustering via Consistent GAN.,Qianqian Wang 0001|Zhengming Ding|Zhiqiang Tao|Quanxue Gao|Yun Fu 0001
conf/icdm/FayeALDB23,2023,ICDM (Workshops),inproceedings,Context Normalization Layer with Applications.,Bilal Faye|Hanane Azzag|Mustapha Lebbah|Mohamed Djallel Dilmi|Djamel Bouchaffra
conf/icdm/MaXSLH18,2018,ICDM,inproceedings,Deep Heterogeneous Autoencoders for Collaborative Filtering.,Yukun Ma|Jiu Xu|Bj|Chen Liu|Yu Hirate
conf/icdm/Hui0CK21,2021,ICDM,inproceedings,Trajectory WaveNet: A Trajectory-Based Model for Traffic Forecasting.,Bo Hui 0001|Da Yan 0001|Haiquan Chen|Wei-Shinn Ku
conf/icdm/NeupaneZ021,2021,ICDM,inproceedings,MetaEDL: Meta Evidential Learning For Uncertainty-Aware Cold-Start Recommendations.,Krishna Prasad Neupane|Ervine Zheng|Qi Yu 0001
conf/icdm/MasadaEH19,2019,ICDM Workshops,inproceedings,Difference between Similars: A Novel Method to Use Topic Models for Sensor Data Analysis.,Tomonari Masada|Takumi Eguchi|Daisuke Hamaguchi
conf/icdm/TangZL18,2018,ICDM Workshops,inproceedings,Robust Binary Classification via ℓ0-SVM.,Jianxiong Tang|Na Zhang|Qia Li
conf/icdm/MuFZL24,2024,ICDM,inproceedings,Enhancing Embeddings Quality with Stacked Gate for Click-Through Rate Prediction.,Caihong Mu|Yunfei Fang 0002|Jialiang Zhou|Yi Liu 0051
conf/icdm/Teo0PSHQ23,2023,ICDM (Workshops),inproceedings,Knowledge Graph enhanced Aspect-Based Sentiment Analysis Incorporating External Knowledge.,Autumn Teo|Zhaoxia Wang 0001|Haibo Pen|Budhitama Subagdja|Seng-Beng Ho|Boon-Kiat Quek
conf/icdm/SasakiM22,2022,ICDM (Workshops),inproceedings,Sentence-BERT Distinguishes Good and Bad Essays in Cross-prompt Automated Essay Scoring.,Toru Sasaki|Tomonari Masada
conf/icdm/NazeriB21,2021,ICDM,inproceedings,Exploring Reflective Limitation of Behavior Cloning in Autonomous Vehicles.,Mohammad Hossein Nazeri|Mahdi Bohlouli
conf/icdm/Hong023,2023,ICDM (Workshops),inproceedings,Review-Enhanced Sequential Recommendation with Self-Attention and Graph Collaborative Features.,Yunqi Hong|Wei Ye 0001
conf/icdm/OettershagenM22,2022,ICDM (Workshops),inproceedings,TGLib: An Open-Source Library for Temporal Graph Analysis.,Lutz Oettershagen|Petra Mutzel
conf/icdm/GaoGS18,2018,ICDM Workshops,inproceedings,Graph Regularized Symmetric Non-Negative Matrix Factorization for Graph Clustering.,Ziheng Gao|Naiyang Guan|Longfei Su
conf/icdm/0003OHL24,2024,ICDM,inproceedings,Scaling Disk Failure Prediction via Multi-Source Stream Mining.,Shujie Han 0003|Zirui Ou|Qun Huang 0001|Patrick P. C. Lee
conf/icdm/GerasyovKBM24,2024,ICDM (Workshops),inproceedings,VIA AI: Reliable Deep Reinforcement Learning for Traffic Signal Control.,Matvey Gerasyov|Dmitrii Kiselev|Maxim Beketov|Ilya Makarov
conf/icdm/SchnellB18,2018,ICDM Workshops,inproceedings,Hardening Encrypted Patient Names Against Cryptographic Attacks Using Cellular Automata.,Rainer Schnell|Christian Borgs
conf/icdm/WangYLY19,2019,ICDM,inproceedings,TMDA: Task-Specific Multi-source Domain Adaptation via Clustering Embedded Adversarial Training.,Haotian Wang 0001|Wenjing Yang 0002|Zhipeng Lin|Yue Yu
conf/icdm/LiH018,2018,ICDM Workshops,inproceedings,Leveraging Reconstructive Profiles of Users and Items for Tag-Aware Recommendation.,Zhaoqiang Li|Jiajin Huang|Ning Zhong 0001
conf/icdm/XiaL020,2020,ICDM (Workshops),inproceedings,Gaussian Process Bandits for Online Influence Maximization.,Wenwen Xia|Fangqi Li 0001|Shenghong Li 0001
conf/icdm/Rahmani020,2020,ICDM,inproceedings,The Necessity of Geometrical Representation for Deep Graph Analysis.,Mostafa Rahmani|Ping Li 0001
conf/icdm/XuYHWZX18,2018,ICDM,inproceedings,Exploiting the Sentimental Bias between Ratings and Reviews for Enhancing Recommendation.,Yuanbo Xu|Yongjian Yang 0001|Jiayu Han|En Wang|Fuzhen Zhuang|Hui Xiong 0001
conf/icdm/HouZLZZ21,2021,ICDM,inproceedings,Conversion Prediction with Delayed Feedback: A Multi-task Learning Approach.,Yilin Hou|Guangming Zhao|Chuanren Liu|Zhonglin Zu|Xiaoqiang Zhu
conf/icdm/LiW18,2018,ICDM Workshops,inproceedings,A Study on Customer Churn of Commercial Banks Based on Learning from Label Proportions.,Yue Li|Bo Wang
conf/icdm/WangMWG22,2022,ICDM,inproceedings,Heterogeneous Information Enhanced Prerequisite Learning in Massive Open Online Courses.,Tianqi Wang|Fenglong Ma|Yaqing Wang 0001|Jing Gao 0004
conf/icdm/LiCJW23,2023,ICDM,inproceedings,Pseudo-Labeling with Graph Active Learning for Few-shot Node Classification.,Quan Li|Lingwei Chen|Shixiong Jing|Dinghao Wu
conf/icdm/HuangWZZZ20,2020,ICDM,inproceedings,Soft policy optimization using dual-track advantage estimator.,Yubo Huang|Xuechun Wang|Luobao Zou|Zhiwei Zhuang|Weidong Zhang 0004
conf/icdm/AradhyaA19,2019,ICDM Workshops,inproceedings,Deep Network Optimization for rs-fMRI Classification.,Abhay M. S. Aradhya|Andri Ashfahani
conf/icdm/SongHZW23,2023,ICDM,inproceedings,Natural Language Generation Meets Data Visualization: Vis-to-Text and its Duality with Text-to-Vis.,Yuanfeng Song|Xiaoling Huang|Xuefang Zhao|Raymond Chi-Wing Wong
conf/icdm/WangTZ18,2018,ICDM,inproceedings,Imputing Structured Missing Values in Spatial Data with Clustered Adversarial Matrix Factorization.,Qi Wang|Pang-Ning Tan|Jiayu Zhou
conf/icdm/XiangHZ22,2022,ICDM,inproceedings,DeepiForest: A Deep Anomaly Detection Framework with Hashing Based Isolation Forest.,Haolong Xiang|Hongsheng Hu|Xuyun Zhang
conf/icdm/PandeyBUM20,2020,ICDM (Workshops),inproceedings,Building knowledge graphs of homicide investigation chronologies.,Ritika Pandey|P. Jeffrey Brantingham|Craig D. Uchida|George O. Mohler
conf/icdm/YangCW23,2023,ICDM (Workshops),inproceedings,Aligning Contrastive Clusters for Cross-Network Node Classification.,Linyao Yang|Hongyang Chen 0001|Xiao Wang 0014
conf/icdm/MacriGS23,2023,ICDM (Workshops),inproceedings,An IoT-based Approach to Expert Recommendation in Community Question Answering for Disaster Recovery.,Davide Macr|Antonio Francesco Gentile|Pietro Sabatino
conf/icdm/WeiITWZZ24,2024,ICDM (Workshops),inproceedings,Measuring the user experience on network assurance.,Wutao Wei|Sara Isaac|Alex Ting|Yuanqi Wang|Ke Zhu|Sophine Zhang
conf/icdm/LiXLCLX23,2023,ICDM (Workshops),inproceedings,Human-interpretable features derived from breast cancer pathology slides detect BRCA1/2 gene mutations.,Yi Li|Xiaomin Xiong|Xiaohua Liu|Lin Chen|Bo Lin|Bo Xu
conf/icdm/LvWXWLH24,2024,ICDM (Workshops),inproceedings,Differential Evolution Integrated Hybrid Deep Learning Model for Object Detection in Pre-made Dishes.,Lujia Lv|Di Wu|Yangyi Xia|Jia Wu|Xiaojing Liu|Yi He
conf/icdm/PraharajM22,2022,ICDM (Workshops),inproceedings,On Robust Incremental Learning over Many Multilingual Steps.,Karan Praharaj|Irina Matveeva
conf/icdm/RasouliYJ22,2022,ICDM (Workshops),inproceedings,Interpreting Categorical Data Classifiers using Explanation-based Locality.,Peyman Rasouli|Ingrid Chieh Yu|Ernesto Jim
conf/icdm/LiLXY18,2018,ICDM Workshops,inproceedings,Effects of Negative Customer Reviews on Sales: Evidence Based on Text Data Mining.,Zhen Li 0014|Fangzhou Li|Jing Xiao|Zhi Yang
conf/icdm/YangJCZHL19,2019,ICDM,inproceedings,Scene Text Recognition with Auto-Aligned Feature Generator.,Qiangpeng Yang|Hongsheng Jin|Mengli Cheng|Wenmeng Zhou|Jun Huang 0007|Wei Lin 0016
conf/icdm/CombettesTO23,2023,ICDM (Workshops),inproceedings,An Interpretable Distance Measure for Multivariate Non-Stationary Physiological Signals.,Sylvain W. Combettes|Charles Truong|Laurent Oudre
conf/icdm/XuSCP22,2022,ICDM (Workshops),inproceedings,SV-Learn: Learning Matrix Singular Values with Neural Networks.,Derek Xu|William Shiao|Jia Chen 0002|Evangelos E. Papalexakis
conf/icdm/NguyenT0NN24,2024,ICDM,inproceedings,Improving Time Series Encoding with Noise-Aware Self-Supervised Learning and an Efficient Encoder.,Duy A. Nguyen|Trang H. Tran|Huy Hieu Pham 0001|Phi Le Nguyen|Lam M. Nguyen
conf/icdm/YangYHZ19,2019,ICDM,inproceedings,VSB-DVM: An End-to-End Bayesian Nonparametric Generalization of Deep Variational Mixture Model.,Xi Yang 0008|Yuyao Yan|Kaizhu Huang|Rui Zhang 0012
conf/icdm/ZhangWLYZ21,2021,ICDM,inproceedings,Deep Incremental RNN for Learning Sequential Data: A Lyapunov Stable Dynamical System.,Ziming Zhang|Guojun Wu|Yanhua Li|Yun Yue|Xun Zhou 0001
conf/icdm/NiuJXCW18,2018,ICDM Workshops,inproceedings,A Novel Learning Approach to Improve Mobile Application Recommendation Diversity.,Kun Niu|Haizhen Jiao|Xiao Xu|Cheng Cheng 0011|Chao Wang 0032
conf/icdm/KiniXDPWW24,2024,ICDM (Workshops),inproceedings,Customer Engagement Journey Driven Propensity Model for Home Page Composition.,Venkataramana Kini|Charlie Xu|Ravi Divvela|Unmesh Phadke|Fei Wang|Zhen Wen
conf/icdm/KangLLHK21,2021,ICDM,inproceedings,Adversarial Learning of Balanced Triangles for Accurate Community Detection on Signed Networks.,Yoonsuk Kang|Woncheol Lee|Yeon-Chang Lee|Kyungsik Han|Sang-Wook Kim
conf/icdm/LiLOW20,2020,ICDM,inproceedings,Semantics-assisted Wasserstein Learning for Topic and Word Embeddings.,Changchun Li|Ximing Li 0002|Jihong Ouyang|Yiming Wang 0012
conf/icdm/RezaeiG19,2019,ICDM,inproceedings,On Privacy of Socially Contagious Attributes.,Aria Rezaei|Jie Gao 0001
conf/icdm/GennaroPPZC24,2024,ICDM (Workshops),inproceedings,Amatriciana: Exploiting Temporal GNNs for Robust and Efficient Money Laundering Detection.,Marco Di Gennaro 0001|Francesco Panebianco|Marco Pianta|Stefano Zanero|Michele Carminati
conf/icdm/TayalRGJ023,2023,ICDM,inproceedings,Koopman Invertible Autoencoder: Leveraging Forward and Backward Dynamics for Temporal Modeling.,Kshitij Tayal|Arvind Renganathan|Rahul Ghosh|Xiaowei Jia|Vipin Kumar 0001
conf/icdm/JiangCA22,2022,ICDM,inproceedings,D.MCA: Outlier Detection with Explicit Micro-Cluster Assignments.,Shuli Jiang|Robson L. F. Cordeiro|Leman Akoglu
conf/icdm/HuoJH18,2018,ICDM,inproceedings,Asynchronous Dual Free Stochastic Dual Coordinate Ascent for Distributed Data Mining.,Zhouyuan Huo|Xue Jiang|Heng Huang 0001
conf/icdm/KhanACUKL23,2023,ICDM (Workshops),inproceedings,SSK-DNN: Semantic and Sentiment Knowledge for Incremental Text Sentiment Classification.,Jawad Khan|Niaz Ahmad|Chanyeok Choi|Saif Ullah|Gyurin Kim|Youngmoon Lee
conf/icdm/PhamNCLDW23,2023,ICDM,inproceedings,Attacking c-MARL More Effectively: A Data Driven Approach.,Nhan H. Pham|Lam M. Nguyen|Jie Chen|Hoang Thanh Lam|Subhro Das|Tsui-Wei Weng
conf/icdm/ZhouLCYT19,2019,ICDM,inproceedings,ADMIRING: Adversarial Multi-network Mining.,Qinghai Zhou|Liangyue Li|Nan Cao 0001|Lei Ying 0001|Hanghang Tong
conf/icdm/FerdinanKK24,2024,ICDM (Workshops),inproceedings,Into the Unknown: Self-Learning Large Language Models.,Teddy Ferdinan|Jan Kocon|Przemyslaw Kazienko
conf/icdm/GaoZCWR022,2022,ICDM,inproceedings,Enhancing Robust Text Classification via Category Description.,Xin Gao|Zhengye Zhu|Xu Chu|Yasha Wang|Wenjie Ruan|Junfeng Zhao 0001
conf/icdm/ZhaoYMWL22,2022,ICDM,inproceedings,MSDN: A Multi-Subspace Deviation Net for Anomaly Detection.,Sinong Zhao|Zhaoyang Yu 0003|Trent G. Marbach|Gang Wang 0001|Xiaoguang Liu 0001
conf/icdm/ArslanturkSOKD19,2019,ICDM Workshops,inproceedings,Effect of Missing Data Imputation on Prediction of Urinary Incontinence.,Suzan Arslanturk|Mohammad-Reza Siadat|Theophilus Ogunyemi|Kim Killinger|Ananias Diokno
conf/icdm/GuidottiM20,2020,ICDM,inproceedings,Data-Agnostic Local Neighborhood Generation.,Riccardo Guidotti|Anna Monreale
conf/icdm/WangXL0TT22,2022,ICDM,inproceedings,Imbalanced Adversarial Training with Reweighting.,Wentao Wang 0006|Han Xu 0002|Xiaorui Liu|Yaxin Li 0001|Bhavani Thuraisingham|Jiliang Tang
conf/icdm/ZhangZG022,2022,ICDM,inproceedings,Robust Time Series Chain Discovery with Incremental Nearest Neighbors.,Li Zhang 0074|Yan Zhu|Yifeng Gao 0001|Jessica Lin 0001
conf/icdm/ZhangXZCYT22,2022,ICDM,inproceedings,Active Heterogeneous Graph Neural Networks with Per-step Meta-Q-Learning.,Yuheng Zhang|Yinglong Xia|Yan Zhu|Yuejie Chi|Lei Ying 0001|Hanghang Tong
conf/icdm/XiaoAG18,2018,ICDM,inproceedings,Robust Cascade Reconstruction by Steiner Tree Sampling.,Han Xiao 0009|Aristides Gionis
conf/icdm/ShangZAHL19,2019,ICDM Workshops,inproceedings,Efficient Parallel Stochastic Variance Reduction Algorithms for Large-Scale SVD.,Fanhua Shang|Zhihui Zhang|Yuying An|Yang Hu|Hongying Liu 0001
conf/icdm/CoskunBC18,2018,ICDM Workshops,inproceedings,Deep Reinforcement Learning for Traffic Light Optimization.,Mustafa Coskun|Abdelkader Baggag|Sanjay Chawla
conf/icdm/StarnesDBP22,2022,ICDM (Workshops),inproceedings,Modeling Non-deterministic Human Behaviors in Discrete Food Choices.,Andrew Starnes|Anton Dereventsov|E. Susanne Blazek|Folasade Phillips
conf/icdm/WeiWYD020,2020,ICDM,inproceedings,Deep Incomplete Multi-View Multiple Clusterings.,Shaowei Wei|Jun Wang 0035|Guoxian Yu|Carlotta Domeniconi|Xiangliang Zhang 0001
conf/icdm/LanZZD18,2018,ICDM Workshops,inproceedings,Defect Detection from UAV Images Based on Region-Based CNNs.,Meng Lan|Yipeng Zhang 0001|Lefei Zhang|Bo Du 0001
conf/icdm/Xing0023,2023,ICDM,inproceedings,GCFormer: Granger Causality based Attention Mechanism for Multivariate Time Series Anomaly Detection.,Shiwang Xing|Jianwei Niu 0002|Tao Ren 0001
conf/icdm/OkuraM22,2022,ICDM (Workshops),inproceedings,Empirical analysis of fairness-aware data segmentation.,Seiji Okura|Takao Mohri
conf/icdm/LeeHPL18,2018,ICDM Workshops,inproceedings,Linky: Visualizing User Identity Linkage Results for Multiple Online Social Networks.,Roy Ka-Wei Lee|Ming Shan Hee|Philips Kokoh Prasetyo|Ee-Peng Lim
conf/icdm/YarramsettiJLLV24,2024,ICDM (Workshops),inproceedings,A Deep Learning Based Cloud Imputation Framework.,Harshitaa Yarramsetti|Kritika Javali|Mukund Logasundar|Richard Li|Ranga Raju Vatsavai
conf/icdm/LeiberMP023,2023,ICDM (Workshops),inproceedings,Benchmarking Deep Clustering Algorithms With ClustPy.,Collin Leiber|Lukas Miklautz|Claudia Plant|Christian B
conf/icdm/StarnesW24,2024,ICDM (Workshops),inproceedings,Mamba for Scalable and Efficient Personalized Recommendations.,Andrew Starnes|Clayton G. Webster
conf/icdm/0006QBXM022,2022,ICDM,inproceedings,Making Reconstruction-based Method Great Again for Video Anomaly Detection.,Yizhou Wang 0006|Can Qin|Yue Bai|Yi Xu 0005|Xu Ma 0005|Yun Fu 0001
conf/icdm/SuLZY0021,2021,ICDM,inproceedings,Attention-based Feature Interaction for Efficient Online Knowledge Distillation.,Tongtong Su|Qiyu Liang|Jinsong Zhang|Zhaoyang Yu 0003|Gang Wang 0001|Xiaoguang Liu 0001
conf/icdm/Zhang0H21,2021,ICDM,inproceedings,Unified Fairness from Data to Learning Algorithm.,Yanfu Zhang|Lei Luo 0001|Heng Huang 0001
conf/icdm/YadaIYHMT24,2024,ICDM (Workshops),inproceedings,Covid-19 and Multichannel Customers.,Katsutoshi Yada|Tomoya Ikeda|Genki Yoshida|Takahiro Hakozaki|Ken Matsumoto|Shusaku Tsumoto
conf/icdm/GaoWH019,2019,ICDM,inproceedings,DynGraph2Seq: Dynamic-Graph-to-Sequence Interpretable Learning for Health Stage Prediction in Online Health Forums.,Yuyang Gao|Lingfei Wu 0001|Houman Homayoun|Liang Zhao 0002
conf/icdm/KimJ22,2022,ICDM (Workshops),inproceedings,Personalized User Recommendation based on Various User Behavior in Local Domain.,Junhyung Kim|Yeonghwan Jeon
conf/icdm/SawlaniZA21,2021,ICDM,inproceedings,Fast Attributed Graph Embedding via Density of States.,Saurabh Sawlani|Lingxiao Zhao|Leman Akoglu
conf/icdm/HuangWC18,2018,ICDM,inproceedings,A Harmonic Motif Modularity Approach for Multi-layer Network Community Detection.,Ling Huang 0002|Chang-Dong Wang 0001|Hong-Yang Chao
conf/icdm/0002LWGT18,2018,ICDM Workshops,inproceedings,River: A Real-Time Influence Monitoring System on Social Media Streams.,Mo Sha 0002|Yuchen Li 0001|Yanhao Wang 0001|Wentian Guo|Kian-Lee Tan
conf/icdm/WangQTYZ18,2018,ICDM,inproceedings,Deep Reinforcement Learning with Knowledge Transfer for Online Rides Order Dispatching.,Zhaodong Wang|Zhiwei (Tony) Qin|Xiaocheng Tang|Jieping Ye|Hongtu Zhu
conf/icdm/MalicKL23,2023,ICDM (Workshops),inproceedings,Racial Skew in Fine-Tuned Legal AI Language Models.,Vincent Quirante Malic|Anamika Kumari|Xiaozhong Liu 0001
conf/icdm/ChenWZPZ19,2019,ICDM,inproceedings,AMENDER: An Attentive and Aggregate Multi-layered Network for Dataset Recommendation.,Yujun Chen|Yuanhong Wang|Yutao Zhang|Juhua Pu|Xiangliang Zhang 0001
conf/icdm/DuM020,2020,ICDM,inproceedings,MARLINE: Multi-Source Mapping Transfer Learning for Non-Stationary Environments.,Honghui Du|Leandro L. Minku|Huiyu Zhou 0001
conf/icdm/ChronisAS19,2019,ICDM,inproceedings,Automatic Clustering by Detecting Significant Density Dips in Multiple Dimensions.,Pantelis Chronis|Spiros Athanasiou|Spiros Skiadopoulos
conf/icdm/WangFGWY23,2023,ICDM (Workshops),inproceedings,IGCN: Item Influence Enhanced Graph Convolution Networks for Recommendation of Cold-Start Items.,Shen Wang 0005|Ziwei Fan 0001|Jibing Gong|Xiaokai Wei|Philip S. Yu
conf/icdm/QuWZYD21,2021,ICDM,inproceedings,Incomplete Multi-view Multi-label Active Learning.,Chuanwei Qu|Kuangmeng Wang|Hong Zhang 0030|Guoxian Yu|Carlotta Domeniconi
conf/icdm/YanZJW19,2019,ICDM Workshops,inproceedings,Method for Calculating Geographic Entity Relevance Based on Spatial and Semantic Association.,Mengyu Yan|Zhinong Zhong|Ning Jing|Ye Wu 0003
conf/icdm/LuXLZ18,2018,ICDM Workshops,inproceedings,Design Pattern as a Service for Blockchain Applications.,Qinghua Lu 0001|Xiwei Xu 0001|Yue Liu 0010|Weishan Zhang
conf/icdm/LengLZQ18,2018,ICDM Workshops,inproceedings,Context Learning Network for Object Detection.,Jiaxu Leng|Ying Liu 0039|Tianlin Zhang|Pei Quan
conf/icdm/YangFLS018,2018,ICDM,inproceedings,"Meta-Graph Based HIN Spectral Embedding: Methods, Analyses, and Insights.",Carl Yang 0001|Yichen Feng|Pan Li 0005|Yu Shi 0002|Jiawei Han 0001
conf/icdm/PuhaKL20,2020,ICDM (Workshops),inproceedings,Batch Mode Active Learning for Individual Treatment Effect Estimation.,Zolt|Maurits Kaptein|Aur
conf/icdm/KimCW23,2023,ICDM (Workshops),inproceedings,Dynamic Relation-Attentive Graph Neural Networks for Fraud Detection.,Heehyeon Kim|Jinhyeok Choi|Joyce Jiyoung Whang
conf/icdm/MollahS021,2021,ICDM,inproceedings,Multi-way Time Series Join on Multi-length Patterns.,Md. Parvez Mollah|Vin|Abdullah Mueen
conf/icdm/EswaranFMN19,2019,ICDM,inproceedings,Intervention-Aware Early Warning.,Dhivya Eswaran|Christos Faloutsos|Nina Mishra|Yonatan Naamad
conf/icdm/RaziperchikolaeiC22,2022,ICDM (Workshops),inproceedings,A Recommendation System Framework to Generalize AutoRec and Neural Collaborative Filtering.,Ramin Raziperchikolaei|Young-joo Chung
conf/icdm/ZhangZJL21,2021,ICDM,inproceedings,A Multi-view Confidence-calibrated Framework for Fair and Stable Graph Representation Learning.,Xu Zhang 0026|Liang Zhang 0031|Bo Jin 0001|Xinjiang Lu
conf/icdm/IoannouS23,2023,ICDM (Workshops),inproceedings,The Issue of Baselines in Explainability Methods.,George Ioannou|Andreas Stafylopatis
conf/icdm/GhoshPBRNS18,2018,ICDM Workshops,inproceedings,Analyzing Correlation Between Air and Noise Pollution with Influence on Air Quality Prediction.,Arindam Ghosh 0002|Prithviraj Pramanik|Kartick Das Banerjee|Ashutosh Roy|Subrata Nandi|Sujoy Saha
conf/icdm/JafariNNMK24,2024,ICDM (Workshops),inproceedings,A Silent Voice: A Bilingual Longitudinal Analysis of Mahsa Amini's Movement Tweet.,Sadegh Jafari|Mahsa Farsouni Nezhad|Melika Nobakhtian|Arash Chaichi Mellatshahi|Amirmohammad Kazemeini
conf/icdm/FizeRT18,2018,ICDM Workshops,inproceedings,Matching Heterogeneous Textual Data Using Spatial Features.,Jacques Fize|Mathieu Roche|Maguelonne Teisseire
conf/icdm/FangZJ19,2019,ICDM Workshops,inproceedings,Exercise Difficulty Prediction in Online Education Systems.,Jiansheng Fang|Wei Zhao|Dongya Jia
conf/icdm/Liu0Y23,2023,ICDM,inproceedings,A Counterfactual Fair Model for Longitudinal Electronic Health Records via Deconfounder.,Zheng Liu 0017|Xiaohan Li 0001|Philip S. Yu
conf/icdm/WangYDW0Z18,2018,ICDM,inproceedings,Multiple Co-clusterings.,Xing Wang|Guoxian Yu|Carlotta Domeniconi|Jun Wang 0035|Zhiwen Yu 0002|Zili Zhang 0001
conf/icdm/Zhang0WF19,2019,ICDM,inproceedings,Generation of Low Distortion Adversarial Attacks via Convex Programming.,Tianyun Zhang|Sijia Liu 0001|Yanzhi Wang 0001|Makan Fardad
conf/icdm/VillanuevaMirandaHA22,2022,ICDM (Workshops),inproceedings,Human Mobility Driven Modeling of an Infectious Disease.,Ismael Villanueva-Miranda|Mahmud Shahriar Hossain|Monika Akbar
conf/icdm/YouX018,2018,ICDM,inproceedings,Online Dictionary Learning with Confidence.,Shan You|Chang Xu 0002|Chao Xu 0006
conf/icdm/LaishramS22,2022,ICDM,inproceedings,On Finding and Analyzing the Backbone of the k-Core Structure of a Graph.,Ricky Laishram|Sucheta Soundarajan
conf/icdm/HeM22,2022,ICDM (Workshops),inproceedings,SGKD: A Scalable and Effective Knowledge Distillation Framework for Graph Representation Learning.,Yufei He|Yao Ma 0001
conf/icdm/LiZZFZX23,2023,ICDM,inproceedings,Feature Aggregating Network with Inter-Frame Interaction for Efficient Video Super-Resolution.,Yawei Li 0004|Zhao Zhang 0001|Suiyi Zhao|Jicong Fan 0001|Haijun Zhang 0002|Mingliang Xu 0001
conf/icdm/WanXLZH19,2019,ICDM,inproceedings,Towards Making Deep Transfer Learning Never Hurt.,Ruosi Wan|Haoyi Xiong|Xingjian Li 0002|Zhanxing Zhu|Jun Huan
conf/icdm/0003ZXLJ22,2022,ICDM,inproceedings,STORM-GAN: Spatio-Temporal Meta-GAN for Cross-City Estimation of Human Mobility Responses to COVID-19.,Han Bao 0003|Xun Zhou 0001|Yiqun Xie|Yanhua Li|Xiaowei Jia
conf/icdm/WeiZZHW19,2019,ICDM,inproceedings,A Coarse-to-Fine Multi-stream Hybrid Deraining Network for Single Image Deraining.,Yanyan Wei|Zhao Zhang 0001|Haijun Zhang 0002|Richang Hong|Meng Wang 0001
conf/icdm/GunesCBT18,2018,ICDM Workshops,inproceedings,Ask George Washington on Negotiated Texts with Quill Q&A.,Omer Gunes|Nicholas Cole|Sebastian Bates|Jonas Tupp-Mugglestone
conf/icdm/00010WDWF21,2021,ICDM,inproceedings,Efficient Reinforced Feature Selection via Early Stopping Traverse Strategy.,Kunpeng Liu 0001|Pengfei Wang 0008|Dongjie Wang|Wan Du|Dapeng Oliver Wu|Yanjie Fu
conf/icdm/WuYGHC18,2018,ICDM,inproceedings,EPAB: Early Pattern Aware Bayesian Model for Social Content Popularity Prediction.,Qitian Wu|Chaoqi Yang|Xiaofeng Gao 0001|Peng He|Guihai Chen
conf/icdm/LiW024,2024,ICDM,inproceedings,Scalable Graph Classification via Random Walk Fingerprints.,Peiyan Li 0002|Honglian Wang|Christian B
conf/icdm/YoonGHF20,2020,ICDM,inproceedings,Autonomous Graph Mining Algorithm Search with Best Speed/Accuracy Trade-off.,Minji Yoon|Th|Bryan Hooi|Christos Faloutsos
conf/icdm/0002NF20,2020,ICDM,inproceedings,Community Preserved Social Graph Publishing with Node Differential Privacy.,Sen Zhang 0002|Weiwei Ni|Nan Fu
conf/icdm/XuLJZ20,2020,ICDM (Workshops),inproceedings,Cache-based Optimization for Block Commit of Hyperledger Fabric.,Qinqi Xu|Yimin Lin|Qingshan Jiang|Mengqiu Zhang
conf/icdm/PopescuCB23,2023,ICDM (Workshops),inproceedings,Generating assessment tests using image-based items.,Doru Anastasiu Popescu|Doru Constantin|Nicolae Bold
conf/icdm/Wang00023,2023,ICDM,inproceedings,GeoMixer: The MLP-Based Sequential POI Recommender with Travel Routing Modelling.,Tianxing Wang 0004|Can Wang 0004|Hui Tian 0001|Hong Shen 0001
conf/icdm/GuoQL19,2019,ICDM Workshops,inproceedings,Mining Logic Patterns from Visual Data.,Qian Guo 0005|Yuhua Qian|Xinyan Liang
conf/icdm/MahmoodA20,2020,ICDM (Workshops),inproceedings,Using Deep Generative Models to Boost Forecasting: A Phishing Prediction Case Study.,Syed Hasan Amin Mahmood|Ahmed Abbasi
conf/icdm/ShaoXG18,2018,ICDM,inproceedings,Multi-label Learning with Label Enhancement.,Ruifeng Shao|Ning Xu 0009|Xin Geng 0001
conf/icdm/WangGR19,2019,ICDM Workshops,inproceedings,Nearest-Neighbor Neural Networks for Geostatistics.,Haoyu Wang|Yawen Guan|Brian J. Reich
conf/icdm/PretiMR22,2022,ICDM,inproceedings,Alice and the Caterpillar: A More Descriptive Null Model for Assessing Data Mining Results.,Giulia Preti|Gianmarco De Francisci Morales|Matteo Riondato
conf/icdm/CaoZL23,2023,ICDM,inproceedings,Online Ensemble of Ensemble OVA Framework for Class Evolution with Dominant Emerging Classes.,Zhi Cao 0001|Shuyi Zhang|Chin-Teng Lin
conf/icdm/ChenL18,2018,ICDM,inproceedings,DrugCom: Synergistic Discovery of Drug Combinations Using Tensor Decomposition.,Huiyuan Chen|Jing Li 0002
conf/icdm/Lu00ZGS24,2024,ICDM,inproceedings,FGLBA: Enabling Highly-Effective and Stealthy Backdoor Attack on Federated Graph Learning.,Qing Lu|Miao Hu 0001|Di Wu 0001|Yipeng Zhou|Mohsen Guizani|Quan Z. Sheng
conf/icdm/GadirajuRV19,2019,ICDM Workshops,inproceedings,Evaluating Performance of Deep Neural Networks for Crop Classification and Complex Facility Recognition.,Krishna Karthik Gadiraju|Bharathkumar Ramachandra|Ranga Raju Vatsavai
conf/icdm/ZhangL23,2023,ICDM (Workshops),inproceedings,A Survey on Spatio-Temporal Graph Neural Networks for Traffic Forecasting.,Can Zhang|Minglong Lei
conf/icdm/ShahsavariHSS23,2023,ICDM (Workshops),inproceedings,A lightweight and unsupervised approach for identifying risk events in news articles.,Maryam Shahsavari|Omar Khadeer Hussain|Morteza Saberi|Pankaj Sharma 0001
conf/icdm/HarriganSI18,2018,ICDM Workshops,inproceedings,Airdrops and Privacy: A Case Study in Cross-Blockchain Analysis.,Martin Harrigan|Lei Shi 0008|Jacob Illum
conf/icdm/PramanikIS18,2018,ICDM,inproceedings,Predicted Edit Distance Based Clustering of Gene Sequences.,Sakti Pramanik|A. K. M. Tauhidul Islam|Shamik Sural
conf/icdm/ZhangZ0B23,2023,ICDM,inproceedings,MEG: Masked Ensemble Tabular Data Generator.,Yishuo Zhang|Nayyar Abbas Zaidi|Gang Li 0009|Wray L. Buntine
conf/icdm/ZhangZ00MM23,2023,ICDM,inproceedings,ATTA: Adversarial Task-transferable Attacks on Autonomous Driving Systems.,Qingjie Zhang|Maosen Zhang|Han Qiu 0001|Tianwei Zhang 0004|Mounira Msahli|G
conf/icdm/ZhangB18,2018,ICDM Workshops,inproceedings,On the Sustainability of Blockchain Funding.,Bingsheng Zhang|Hamed Balogun
conf/icdm/KoJJMS21,2021,ICDM,inproceedings,ENGINE: Enhancing Neuroimaging and Genetic Information by Neural Embedding.,Wonjun Ko|Wonsik Jung|Eunjin Jeon|Ahmad Wisnu Mulyadi|Heung-Il Suk
conf/icdm/CaiWZXJ19,2019,ICDM,inproceedings,Supervised Class Distribution Learning for GANs-Based Imbalanced Classification.,Zixin Cai|Xinyue Wang|Mingjie Zhou|Jian Xu|Liping Jing
conf/icdm/Gao0A24,2024,ICDM (Workshops),inproceedings,Fed-LDR: Federated Local Data-infused Graph Creation with Node-centric Model Refinement.,Jiechao Gao|Yuangang Li 0002|Syeda Faiza Ahmed
conf/icdm/DevHP19,2019,ICDM,inproceedings,Closed Form Word Embedding Alignment.,Sunipa Dev|Safia Hassan|Jeff M. Phillips
conf/icdm/MengZXX18,2018,ICDM,inproceedings,Intelligent Salary Benchmarking for Talent Recruitment: A Holistic Matrix Factorization Approach.,Qingxin Meng 0002|Hengshu Zhu|Keli Xiao|Hui Xiong 0001
conf/icdm/KusabaS0K20,2020,ICDM (Workshops),inproceedings,Predictive Nonlinear Modeling by Koopman Mode Decomposition.,Akira Kusaba|Kilho Shin 0001|Dave Shepard 0001|Tetsuji Kuboyama
conf/icdm/LiangHW19,2019,ICDM,inproceedings,Consistency Meets Inconsistency: A Unified Graph Learning Framework for Multi-view Clustering.,Youwei Liang|Dong Huang 0001|Chang-Dong Wang 0001
conf/icdm/KoneruW0R23,2023,ICDM (Workshops),inproceedings,Can machine learning algorithms predict publication outcomes? A case study of COVID-19 preprints.,Sai Dileep Koneru|Xin Wei|Jian Wu 0006|Sarah Rajtmajer
conf/icdm/NewenM22,2022,ICDM (Workshops),inproceedings,Unsupervised DeepView: Global Uncertainty Visualization for High Dimensional Data.,Carina Newen|Emmanuel M
conf/icdm/PuruckerSLB22,2022,ICDM,inproceedings,Estimating the Pruned Search Space Size of Subgroup Discovery.,Lennart Purucker|Felix I. Stamm|Florian Lemmerich|Joeran Beel
conf/icdm/YaoSSZ24,2024,ICDM (Workshops),inproceedings,Learning Invariant Features on Graphs by Disentangling Spurious Features.,Tianjun Yao|Yongqiang Shen|Zhiqiang Shen|Kun Zhang
conf/icdm/LeeS21,2021,ICDM,inproceedings,THyMe+: Temporal Hypergraph Motifs and Fast Algorithms for Exact Counting.,Geon Lee|Kijung Shin
conf/icdm/TingWWZ21,2021,ICDM,inproceedings,Isolation Kernel Density Estimation.,Kai Ming Ting|Takashi Washio|Jonathan R. Wells|Hang Zhang 0003
conf/icdm/FangW0L22,2022,ICDM,inproceedings,Structure-Preserving Graph Representation Learning.,Ruiyi Fang|Liangjian Wen|Zhao Kang 0001|Jianzhuang Liu
conf/icdm/XuHW0DY19,2019,ICDM,inproceedings,Social Trust Network Embedding.,Pinghua Xu|Wenbin Hu 0001|Jia Wu 0001|Weiwei Liu 0003|Bo Du 0001|Jian Yang 0001
conf/icdm/ZhangRW020,2020,ICDM,inproceedings,Generalizing Universal Adversarial Attacks Beyond Additive Perturbations.,Yanghao Zhang|Wenjie Ruan|Fu Wang|Xiaowei Huang 0001
conf/icdm/WangHZ24,2024,ICDM (Workshops),inproceedings,Projection Pursuit Based Density Ratio Estimation.,Meilin Wang|Wei Huang|Zheng Zhang
conf/icdm/DangCL18,2018,ICDM Workshops,inproceedings,A Comparative Study of Urban Mobility Patterns Using Large-Scale Spatio-Temporal Data.,The Anh Dang|Jodi Chiam|Ying Li 0040
conf/icdm/PhanLDC19,2019,ICDM Workshops,inproceedings,Enhancing Clinical Name Entity Recognition Based on Hybrid Deep Learning Scheme.,Robert Phan|Thoai Man Luu|Rachel Davey|Girija Chetty
conf/icdm/XuWWW19,2019,ICDM,inproceedings,MIX: A Joint Learning Framework for Detecting Both Clustered and Scattered Outliers in Mixed-Type Data.,Hongzuo Xu|Yijie Wang 0001|Yongjun Wang|Zhiyue Wu
conf/icdm/ZhangGB19,2019,ICDM,inproceedings,PERCeIDs: PERiodic CommunIty Detection.,Lin Zhang|Alexander Gorovits|Petko Bogdanov
conf/icdm/WangWWZBW22,2022,ICDM,inproceedings,Countering Modal Redundancy and Heterogeneity: A Self-Correcting Multimodal Fusion.,Pengkun Wang 0001|Xu Wang 0029|Binwu Wang|Yudong Zhang 0005|Lei Bai 0001|Yang Wang 0015
conf/icdm/LiuHNW23,2023,ICDM,inproceedings,Promoting Robustness of Randomized Smoothing: Two Cost-Effective Approaches.,Linbo Liu|Trong Nghia Hoang|Lam M. Nguyen|Tsui-Wei Weng
conf/icdm/ChandraCN20,2020,ICDM (Workshops),inproceedings,"One Belt, One Road, One Sentiment? A Hybrid Approach to Gauging Public Opinions on the New Silk Road Initiative.",Jonathan Kevin Chandra|Erik Cambria|Andrea Nanetti
conf/icdm/JiaoLJWW21,2021,ICDM,inproceedings,An Effective and Robust Framework by Modeling Correlations of Multiplex Network Embedding.,Pengfei Jiao|Ruili Lu|Di Jin 0001|Yinghui Wang 0005|Huaming Wu
conf/icdm/SureshN20,2020,ICDM,inproceedings,A Hybrid Model for Learning Embeddings and Logical Rules Simultaneously from Knowledge Graphs.,Susheel Suresh|Jennifer Neville
conf/icdm/BelhadiDL19,2019,ICDM Workshops,inproceedings,Comparative Study on Trajectory Outlier Detection Algorithms.,Asma Belhadi|Youcef Djenouri|Jerry Chun-Wei Lin
conf/icdm/LinH20,2020,ICDM,inproceedings,A Goal-Prioritized Algorithm for Additional Route Deployment on Existing Mass Transportation System.,Fandel Lin|Hsun-Ping Hsieh
conf/icdm/KumarB18,2018,ICDM Workshops,inproceedings,Review of Graph Processing Frameworks.,Siddharth Bhatia 0001|Rajiv Kumar 0002
conf/icdm/ZhujiW0W23,2023,ICDM (Workshops),inproceedings,Blockchain-Based System for Vaccine Traceability.,Xining Zhuji|Jiehua Wang|Weiping Ding 0001|Weixiang Wu
conf/icdm/RenXZZGC18,2018,ICDM,inproceedings,Tracking and Forecasting Dynamics in Crowdfunding: A Basis-Synthesis Approach.,Xiaoying Ren|Linli Xu|Tianxiang Zhao 0006|Chen Zhu 0003|Junliang Guo|Enhong Chen
conf/icdm/RenLWLSC18,2018,ICDM Workshops,inproceedings,NEARM: Natural Language Enhanced Association Rules Mining.,Shiya Ren|Zhixing Li|Huaming Wang|Yuan Li 0050|Ke Shen 0003|Sijie Cheng
conf/icdm/LiXXW23,2023,ICDM,inproceedings,Hypergraph Attribute Attention Network for Community Recommendation.,Kang Li|Wu-Dong Xi|Xing-Xing Xing|Chang-Dong Wang 0001
conf/icdm/Wang0ZZZ019,2019,ICDM,inproceedings,DMFP: A Dynamic Multi-faceted Fine-Grained Preference Model for Recommendation.,Huizhao Wang|Guanfeng Liu 0001|Yan Zhao 0008|Bolong Zheng|Pengpeng Zhao 0001|Kai Zheng 0001
conf/icdm/XuZF018,2018,ICDM,inproceedings,Enhancing Question Understanding and Representation for Knowledge Base Relation Detection.,Zihan Xu|Hai-Tao Zheng 0002|Zuoyou Fu|Wei Wang 0138
conf/icdm/ZhaoSZY18,2018,ICDM,inproceedings,Forecasting Wavelet Transformed Time Series with Attentive Neural Networks.,Yi Zhao|Yanyan Shen|Yanmin Zhu 0006|Junjie Yao
conf/icdm/QinLNY23,2023,ICDM (Workshops),inproceedings,Video Instance Segmentation Using Graph Matching Transformer.,Zheyun Qin|Xiankai Lu|Xiushan Nie|Yilong Yin
conf/icdm/PengZ20,2020,ICDM,inproceedings,LineaRE: Simple but Powerful Knowledge Graph Embedding for Link Prediction.,Yanhui Peng|Jing Zhang 0015
conf/icdm/SeungLK24,2024,ICDM (Workshops),inproceedings,An Adaptive Method Stabilizing Activations for Enhanced Generalization.,Hyunseok Seung|Jaewoo Lee|Hyunsuk Ko
conf/icdm/CuzzocreaZ20,2020,ICDM (Workshops),inproceedings,Message from the ICDM 2020 General Chairs.,Alfredo Cuzzocrea|Carlo Zaniolo
conf/icdm/ZhuangA0FI022,2022,ICDM,inproceedings,Widening the Time Horizon: Predicting the Long-Term Behavior of Chaotic Systems.,Yong Zhuang|Matthew Almeida|Wei Ding 0003|Patrick D. Flynn|Shafiqul Islam|Ping Chen 0001
conf/icdm/PeiYHX22,2022,ICDM,inproceedings,Self-Attention Gated Cognitive Diagnosis For Faster Adaptive Educational Assessments.,Xiaohuan Pei|Shuo Yang 0006|Jiajun Huang|Chang Xu 0002
conf/icdm/LiuZ0LH23,2023,ICDM,inproceedings,Hierarchical Graph Contrastive Learning via Debiasing Noise Samples with Adaptive Repelling Ratio.,Peishuo Liu|Cangqi Zhou|Jing Zhang 0015|Qianmu Li|Dianming Hu
conf/icdm/HeXH20,2020,ICDM (Workshops),inproceedings,Accelerated SGD for Tensor Decomposition of Sparse Count Data.,Huan He|Yuanzhe Xi|Joyce C. Ho
conf/icdm/ZhangQWWL19,2019,ICDM Workshops,inproceedings,Deep Learning Based Dynamic Pricing Model for Hotel Revenue Management.,Qing Zhang|Liyuan Qiu|Huaiwen Wu|Jinshan Wang|Hengliang Luo
conf/icdm/TraganitisG21,2021,ICDM,inproceedings,Detecting adversaries in Crowdsourcing.,Panagiotis A. Traganitis|Georgios B. Giannakis
conf/icdm/LuKCKL18,2018,ICDM Workshops,inproceedings,Detecting Outliers in Streaming Time Series Data from ARM Distributed Sensors.,Yuping Lu|Jitendra Kumar 0001|Nathan Collier|Bhargavi Krishna|Michael A. Langston
conf/icdm/0016ZA22,2022,ICDM,inproceedings,Toward Unsupervised Outlier Model Selection.,Yue Zhao 0016|Sean Zhang|Leman Akoglu
conf/icdm/WuV022,2022,ICDM,inproceedings,Efficient Semi-Supervised Adversarial Training without Guessing Labels.,Huimin Wu 0004|William de Vazelhes|Bin Gu 0001
conf/icdm/Wei021,2021,ICDM,inproceedings,Nonlinear Causal Structure Learning for Mixed Data.,Wenjuan Wei|Lu Feng 0002
conf/icdm/TanHW21,2021,ICDM,inproceedings,Ultra fast warping window optimization for Dynamic Time Warping.,Chang Wei Tan|Matthieu Herrmann|Geoffrey I. Webb
conf/icdm/MaletzkeRHB21,2021,ICDM,inproceedings,Accurately Quantifying under Score Variability.,Andr|Denis Moreira dos Reis|Waqar Hassan|Gustavo Batista
conf/icdm/KazempourZMK24,2024,ICDM (Workshops),inproceedings,"Not the same, yet similar? - On commonalities and differences between VQPCA and ORCLUS.",Daniyal Kazempour|Claudius Zelenka|Artjom Mukhamedov|Peer Kr
conf/icdm/AlduaijiD18,2018,ICDM Workshops,inproceedings,An Empirical Study on Sentiments in Twitter Communities.,Noha Alduaiji|Amitava Datta
conf/icdm/CuiLYWWM22,2022,ICDM,inproceedings,MedSkim: Denoised Health Risk Prediction via Skimming Medical Claims Data.,Suhan Cui|Junyu Luo 0001|Muchao Ye|Jiaqi Wang 0002|Ting Wang 0006|Fenglong Ma
conf/icdm/XieHPZPW19,2019,ICDM,inproceedings,Discriminative Regularized Deep Generative Models for Semi-Supervised Learning.,Qianqian Xie|Jimin Huang|Min Peng 0002|Yihan Zhang 0005|Kaifei Peng|Hua Wang 0002
conf/icdm/PellizzoniB23,2023,ICDM,inproceedings,FASM and FAST-YB: Significant Pattern Mining with False Discovery Rate Control.,Paolo Pellizzoni|Karsten M. Borgwardt
conf/icdm/0003YWXZ23,2023,ICDM (Workshops),inproceedings,Unbiased and Robust: External Attention-enhanced Graph Contrastive Learning for Cross-domain Sequential Recommendation.,Xinhua Wang 0003|Houping Yue|Zizheng Wang|Liancheng Xu|Jinyu Zhang 0002
conf/icdm/KomorniczakK24,2024,ICDM (Workshops),inproceedings,Classification of Recurrent Concepts with Metafeature-based Model Selection.,Joanna Komorniczak|Pawel Ksieniewicz
conf/icdm/IkedaNU23,2023,ICDM (Workshops),inproceedings,Operating Range Estimation for Price Optimization.,Shunnosuke Ikeda|Naoki Nishimura|Shunji Umetani
conf/icdm/McNeilB23,2023,ICDM,inproceedings,Multi-Dictionary Tensor Decomposition.,Maxwell McNeil|Petko Bogdanov
conf/icdm/DedeogluZL19,2019,ICDM Workshops,inproceedings,Emotion Classification Based on Audiovisual Information Fusion Using Deep Learning.,Mehmet Dedeoglu|Jessica Zhang|Runli Liang
conf/icdm/TanHGF023,2023,ICDM (Workshops),inproceedings,Video Sentiment Analysis for Child Safety.,Yee Sen Tan|Nicole Anne Teo Huiying|Ezekiel En Zhe Ghe|Jolie Zhi Yi Fong|Zhaoxia Wang 0001
conf/icdm/HeSJL19,2019,ICDM Workshops,inproceedings,Predicting Travel Time of Bus Journeys with Alternative Bus Services.,Peilan He|Yidan Sun|Guiyuan Jiang|Siew-Kei Lam
conf/icdm/MnichPGLR20,2020,ICDM (Workshops),inproceedings,Super Learning with Repeated Cross Validation.,Krzysztof Mnich|Aneta Polewko-Klim|Agnieszka Kitlas Golinska|Wojciech Lesinski|Witold R. Rudnicki
conf/icdm/ZhangK19,2019,ICDM Workshops,inproceedings,Experiments with Random Projections Ensembles: Linear Versus Quadratic Discriminants.,Xi Zhang|Ata Kab
conf/icdm/WickerHRP19,2019,ICDM,inproceedings,XOR-Based Boolean Matrix Decomposition.,J|Yan Cathy Hua|Rayner Rebello|Bernhard Pfahringer
conf/icdm/EnniA18,2018,ICDM,inproceedings,Using Balancing Terms to Avoid Discrimination in Classification.,Simon Aagaard Enni|Ira Assent
conf/icdm/LiWK18,2018,ICDM,inproceedings,Transfer Hawkes Processes with Content Information.,Tianbo Li|Pengfei Wei 0001|Yiping Ke
conf/icdm/Song0YH23,2023,ICDM (Workshops),inproceedings,How to Use Language Expert to Assist Inference for Visual Commonsense Reasoning.,Zijie Song|Wenbo Hu 0001|Hao Ye|Richang Hong
conf/icdm/0001XQ24,2024,ICDM (Workshops),inproceedings,Outlier Exposure in Visual Industrial Anomaly Detection - Survey.,Yong Shi 0001|Ruijie Xu|Zhiquan Qi
conf/icdm/ShumkovskiiKSC22,2022,ICDM (Workshops),inproceedings,MetaSieve: Performance vs. Complexity Sieve for Time Series Forecasting.,Pavel Shumkovskii|Anton Kovantsev|Elizaveta Stavinova|Petr Chunaev
conf/icdm/ManiuIC20,2020,ICDM,inproceedings,Bandits Under the Influence.,Silviu Maniu|Stratis Ioannidis|Bogdan Cautis
conf/icdm/LongG023,2023,ICDM,inproceedings,Mixup-Inspired Video Class-Incremental Learning.,Jinqiang Long|Yizhao Gao 0004|Zhiwu Lu 0001
conf/icdm/TillinghastF0Z20,2020,ICDM,inproceedings,Probabilistic Neural-Kernel Tensor Decomposition.,Conor Tillinghast|Shikai Fang|Kai Zhang 0001|Shandian Zhe
conf/icdm/ZhangHSW20,2020,ICDM,inproceedings,Adversarial Label-Flipping Attack and Defense for Graph Neural Networks.,Mengmei Zhang|Linmei Hu|Chuan Shi 0001|Xiao Wang 0017
conf/icdm/JiWJMZ20,2020,ICDM,inproceedings,Interpretable Spatiotemporal Deep Learning Model for Traffic Flow Prediction based on Potential Energy Fields.,Jiahao Ji|Jingyuan Wang 0001|Zhe Jiang 0001|Jingtian Ma|Hu Zhang
conf/icdm/VeeramaniTN23,2023,ICDM (Workshops),inproceedings,Temporally Dynamic Session-Keyword Aware Sequential Recommendation System.,Hariram Veeramani|Surendrabikram Thapa|Usman Naseem
conf/icdm/ZhouCLWWC19,2019,ICDM Workshops,inproceedings,ST-Attn: Spatial-Temporal Attention Mechanism for Multi-step Citywide Crowd Flow Prediction.,Yirong Zhou|Hao Chen 0046|Jun Li 0020|Ye Wu 0003|Jiangjiang Wu|Luo Chen
conf/icdm/HaraSN23,2023,ICDM (Workshops),inproceedings,Temporal Positive Collective Matrix Factorization for Interpretable Trend Analysis in Recommender Systems.,Tomofumi Hara|Yuki Sumiya|Kazuhide Nakata
conf/icdm/HeCZC18,2018,ICDM,inproceedings,Pseudo-Implicit Feedback for Alleviating Data Sparsity in Top-K Recommendation.,Yun He 0001|Haochen Chen|Ziwei Zhu 0001|James Caverlee
conf/icdm/ZhangL0BL18,2018,ICDM,inproceedings,Robust Regression via Online Feature Selection Under Adversarial Data Corruption.,Xuchao Zhang|Shuo Lei|Liang Zhao 0002|Arnold P. Boedihardjo|Chang-Tien Lu
conf/icdm/NieXLLC24,2024,ICDM,inproceedings,Hierarchical Explanations for Text Classification Models: Fast and Effective.,Zhenyu Nie|Zheng Xiao|Huizhang Luo|Xuan Liu|Anthony Theodore Chronopoulos
conf/icdm/Yang0W0023,2023,ICDM,inproceedings,Review-Incorporated Model-Agnostic Profile Injection Attacks on Recommender Systems.,Shiyi Yang 0001|Lina Yao 0001|Chen Wang 0008|Xiwei Xu 0001|Liming Zhu 0001
conf/icdm/ParkMH20,2020,ICDM (Workshops),inproceedings,Explainable Anomaly Detection for District Heating Based on Shapley Additive Explanations.,Sungwoo Park|Jihoon Moon|Eenjun Hwang
conf/icdm/ParkKFD20,2020,ICDM,inproceedings,J-Recs: Principled and Scalable Recommendation Justification.,Namyong Park 0001|Andrey Kan|Christos Faloutsos|Xin Luna Dong
conf/icdm/ChabrierCPR24,2024,ICDM (Workshops),inproceedings,Detecting gene regulatory network rewiring as changes in marker regulatory associations using only single-cell gene expression data.,Lisa Chabrier|Anton Crombach|Sergio Peignier|Christophe Rigotti
conf/icdm/PatelQISW24,2024,ICDM,inproceedings,EMIT - Event-Based Masked Auto Encoding for Irregular Time Series.,Hrishikesh Patel|Ruihong Qiu|Adam Irwin|Shazia Sadiq|Sen Wang 0001
conf/icdm/ZhouS0LH21,2021,ICDM,inproceedings,Topic-Attentive Encoder-Decoder with Pre-Trained Language Model for Keyphrase Generation.,Cangqi Zhou|Jinling Shang|Jing Zhang 0015|Qianmu Li|Dianming Hu
conf/icdm/TononV19,2019,ICDM,inproceedings,Permutation Strategies for Mining Significant Sequential Patterns.,Andrea Tonon|Fabio Vandin
conf/icdm/LinLFDZ19,2019,ICDM Workshops,inproceedings,An Efficient Chain Structure to Mine High-Utility Sequential Patterns.,Jerry Chun-Wei Lin|Yuanfa Li|Philippe Fournier-Viger|Youcef Djenouri|Ji Zhang 0001
conf/icdm/CasoTV22,2022,ICDM (Workshops),inproceedings,Disentangling the Information Flood on OSNs: Finding Notable Posts and Topics.,Paola Caso|Martino Trevisan|Luca Vassio
conf/icdm/SengerJMGK20,2020,ICDM,inproceedings,Unsupervised Anomaly Detection on Multisensory Data from Honey Bee Colonies.,Diren Senger|Carolin Johannsen|Alexandros Melemenidis|Alexander Goncharskiy|Thorsten Kluss
conf/icdm/ZhuWWXL21,2021,ICDM,inproceedings,A new multiple instance algorithm using structural information.,Xiaoyan Zhu 0003|Ting Wang|Jiayin Wang 0002|Ying Xu|Yuqian Liu
conf/icdm/LiC0W22,2022,ICDM,inproceedings,The Devil is in the Conflict: Disentangled Information Graph Neural Networks for Fraud Detection.,Zhixun Li|Dingshuo Chen|Qiang Liu 0006|Shu Wu
conf/icdm/WangWT24,2024,ICDM,inproceedings,SR-PredictAO: Session-Based Recommendation with High-Capability Predictor Add-On.,Ruida Wang|Raymond Chi-Wing Wong|Weile Tan
conf/icdm/SubhashiniLZA20,2020,ICDM (Workshops),inproceedings,Integration of Fuzzy and Deep Learning in Three-Way Decisions.,L. D. C. S. Subhashini|Yuefeng Li|Jinglan Zhang|Ajantha S. Atukorale
conf/icdm/NentwigR18,2018,ICDM Workshops,inproceedings,Incremental Clustering on Linked Data.,Markus Nentwig|Erhard Rahm
conf/icdm/SongPWB18,2018,ICDM Workshops,inproceedings,Robust Commuter Movement Inference from Connected Mobile Devices.,Baoyang Song|Hasan Poonawala|Laura Wynter|Sebastien Blandin
conf/icdm/0003S18,2018,ICDM Workshops,inproceedings,Attend2trend: Attention Model for Real-Time Detecting and Forecasting of Trending Topics.,Ahmed Saleh 0003|Ansgar Scherp
conf/icdm/ShethR21,2021,ICDM,inproceedings,PARWiS: Winner determination from Active Pairwise Comparisons under a Shoestring Budget.,Dev Yashpal Sheth|Arun Rajkumar
conf/icdm/KovantsevG20,2020,ICDM (Workshops),inproceedings,Analysis of multivariate time series predictability based on their features.,Anton Kovantsev|Peter Gladilin
conf/icdm/BhanderiB24,2024,ICDM (Workshops),inproceedings,Incremental Gaussian Mixture Clustering for Data Streams.,Aniket Bhanderi|Raj Bhatnagar
conf/icdm/HosseiniMH19,2019,ICDM,inproceedings,Deep-Aligned Convolutional Neural Network for Skeleton-Based Action Recognition and Segmentation.,Babak Hosseini|Romain Montagn|Barbara Hammer
conf/icdm/ZhiYZ0W018,2018,ICDM,inproceedings,Dynamic Truth Discovery on Numerical Data.,Shi Zhi|Fan Yang 0084|Zheyi Zhu|Qi Li 0012|Zhaoran Wang 0001|Jiawei Han 0001
conf/icdm/ZhangW0LY18,2018,ICDM,inproceedings,Layerwise Perturbation-Based Adversarial Training for Hard Drive Health Degree Prediction.,Jianguo Zhang 0005|Ji Wang 0002|Lifang He 0001|Zhao Li 0007|Philip S. Yu
conf/icdm/ZengO19,2019,ICDM Workshops,inproceedings,Learning Joint Embedding for Cross-Modal Retrieval.,Donghuo Zeng|Keizo Oyama
conf/icdm/0001GDZ023,2023,ICDM,inproceedings,Neural Contextual Combinatorial Bandit under Non-stationary Environment.,Jiaqi Zheng 0001|Hedi Gao|Haipeng Dai 0001|Zhenzhe Zheng 0002|Fan Wu 0006
conf/icdm/HouTC0T23,2023,ICDM (Workshops),inproceedings,PROTEUS: Domain Adaptation for Dynamic Features in AI-assisted Windows Malware Detection.,Yubo Hou|Tram Truong Huu|Zhenghua Chen|Chee-Keong Kwoh 0001|Sin G. Teo
conf/icdm/AlaeeKK20,2020,ICDM,inproceedings,Matrix Profile XXII: Exact Discovery of Time Series Motifs under DTW.,Sara Alaee|Kaveh Kamgar|Eamonn J. Keogh
conf/icdm/HoogenBA20,2020,ICDM (Workshops),inproceedings,An Improved Wide-Kernel CNN for Classifying Multivariate Signals in Fault Diagnosis.,Jurgen O. D. van den Hoogen|Stefan Bloemheuvel|Martin Atzmueller
conf/icdm/FanLLWGF20,2020,ICDM,inproceedings,AutoFS: Automated Feature Selection via Diversity-aware Interactive Reinforcement Learning.,Wei Fan 0010|Kunpeng Liu 0001|Hao Liu 0026|Pengyang Wang|Yong Ge|Yanjie Fu
conf/icdm/ReasABB18,2018,ICDM,inproceedings,SuperPart: Supervised Graph Partitioning for Record Linkage.,Russell Reas|Steve Ash|Rob Barton|Andrew Borthwick
conf/icdm/YangFD0021,2021,ICDM,inproceedings,Structure-Aware Stabilization of Adversarial Robustness with Massive Contrastive Adversaries.,Shuo Yang 0006|Zeyu Feng|Pei Du|Bo Du 0001|Chang Xu 0002
conf/icdm/NguyenGDNV24,2024,ICDM,inproceedings,Generating Realistic Tabular Data with Large Language Models.,Dang Nguyen 0002|Sunil Gupta 0001|Kien Do|Thin Nguyen|Svetha Venkatesh
conf/icdm/AlesianiYY21,2021,ICDM,inproceedings,Gated Information Bottleneck for Generalization in Sequential Environments.,Francesco Alesiani|Shujian Yu|Xi Yu
conf/icdm/LahotiGW21,2021,ICDM,inproceedings,Detecting and Mitigating Test-time Failure Risks via Model-agnostic Uncertainty Learning.,Preethi Lahoti|Krishna P. Gummadi|Gerhard Weikum
conf/icdm/ZenatiRFLC18,2018,ICDM,inproceedings,Adversarially Learned Anomaly Detection.,Houssam Zenati|Manon Romain|Chuan-Sheng Foo|Bruno Lecouat|Vijay Chandrasekhar 0001
conf/icdm/AbdullakuttyAN24,2024,ICDM (Workshops),inproceedings,Context-Aware Offensive Meme Detection: A Multi-Modal Zero-Shot Approach with Caption-Enhanced Classification.,Faseela Abdullakutty|Somaya Al-M|Usman Naseem
conf/icdm/KilleenKY22,2022,ICDM (Workshops),inproceedings,Corn Grain Yield Prediction Using UAV-based High Spatiotemporal Resolution Multispectral Imagery.,Patrick Killeen|Iluju Kiringa|Tet Hin Yeap
conf/icdm/Derr0T18,2018,ICDM,inproceedings,Signed Graph Convolutional Networks.,Tyler Derr|Yao Ma 0001|Jiliang Tang
conf/icdm/ZhangFXLS23,2023,ICDM (Workshops),inproceedings,SeqAdver: Automatic Payload Construction and Injection in Sequence-based Android Adversarial Attack.,Fei Zhang|Ruitao Feng|Xiaofei Xie|Xiaohong Li 0001|Lianshuan Shi
conf/icdm/ChouguleS24,2024,ICDM (Workshops),inproceedings,Generative-Graph Method for Project Duration Estimation.,Sandeep Chougule|Vaishali Sadaphal
conf/icdm/SinghW22,2022,ICDM (Workshops),inproceedings,Polytopal Complex Construction and Use in Persistent Homology.,Rohit P. Singh|Philip A. Wilsey
conf/icdm/SunBHH18,2018,ICDM Workshops,inproceedings,Multi-view Network Embedding via Graph Factorization Clustering and Co-regularized Multi-view Agreement.,Yiwei Sun|Ngot Bui|Tsung-Yu Hsieh|Vasant G. Honavar
conf/icdm/TsouCLY18,2018,ICDM,inproceedings,Robust Distributed Anomaly Detection Using Optimal Weighted One-Class Random Forests.,Yu-Lin Tsou|Hong-Min Chu|Cong Li 0010|Shao-Wen Yang
conf/icdm/HenryJES19,2019,ICDM Workshops,inproceedings,Climate Change Perception in Scientific and Public Sphere.,Didier Henry|Nathan Jadoul|Reynald Eug|Erick Stattner
conf/icdm/CaiTTZC23,2023,ICDM (Workshops),inproceedings,A Label Distribution for Few-shot In-domain Out-of-Scope Detection.,Xinyi Cai|Pei-Wei Tsai|Jiao Tian|Kai Zhang 0074|Jinjun Chen
conf/icdm/KimP20,2020,ICDM,inproceedings,Ordinal-Content VAE: Isolating Ordinal-Valued Content Factors in Deep Latent Variable Models.,Minyoung Kim 0001|Vladimir Pavlovic 0001
conf/icdm/HanZL18,2018,ICDM,inproceedings,EDLT: Enabling Deep Learning for Generic Data Classification.,Huimei Han|Xingquan Zhu 0001|Ying Li 0002
conf/icdm/GuoJWY019,2019,ICDM,inproceedings,Quantized Adversarial Training: An Iterative Quantized Local Search Approach.,Yifan Guo 0001|Tianxi Ji|Qianlong Wang 0003|Lixing Yu|Pan Li 0001
conf/icdm/ChenGZLS22,2022,ICDM,inproceedings,Exploiting Hierarchical Correlations for Cross-City Cross-Mode Traffic Flow Prediction.,Yan Chen|Jingjing Gu|Fuzhen Zhuang|Xinjiang Lu|Ming Sun
conf/icdm/SantosSTE23,2023,ICDM (Workshops),inproceedings,Influence Propagation for Linear Threshold Model with Graph Neural Networks.,Francisco Santos|Anna Stephens|Pang-Ning Tan|Abdol-Hossein Esfahanian
conf/icdm/BusaranuvongZLZ23,2023,ICDM,inproceedings,CAC: Enabling Customer-Centered Passenger-Seeking for Self-Driving Ride Service with Conservative Actor-Critic.,Palawat Busaranuvong|Xin Zhang 0098|Yanhua Li|Xun Zhou 0001|Jun Luo 0007
conf/icdm/DhurandharG20,2020,ICDM,inproceedings,Classifier Invariant Approach to Learn from Positive-Unlabeled Data.,Amit Dhurandhar|Karthik S. Gurumoorthy
conf/icdm/SharmaBKZJ18,2018,ICDM,inproceedings,Synthetic Oversampling with the Majority Class: A New Perspective on Handling Extreme Imbalance.,Shiven Sharma|Colin Bellinger|Bartosz Krawczyk|Osmar R. Za|Nathalie Japkowicz
conf/icdm/BaderSDBK22,2022,ICDM (Workshops),inproceedings,Macaw: The Machine Learning Magnetometer Calibration Workflow.,Jonathan Bader|Kevin Styp-Rekowski|Leon Doehler|Soeren Becker 0001|Odej Kao
conf/icdm/PeiRYLQL21,2021,ICDM,inproceedings,Towards Generating Real-World Time Series Data.,Hengzhi Pei|Kan Ren|Yuqing Yang 0001|Chang Liu 0030|Tao Qin 0001|Dongsheng Li 0002
conf/icdm/PathakRVGSK18,2018,ICDM Workshops,inproceedings,Automatic Structuring of Breast Cancer Radiology Reports for Quality Assurance.,Shreyasi Pathak|Jorit van Rossen|Onno Vijlbrief|Jeroen Geerdink|Christin Seifert|Maurice van Keulen
conf/icdm/ChenGYLH24,2024,ICDM,inproceedings,Graph Contrastive Learning with Adversarial Structure Refinement (GCL-ASR).,Jiangwen Chen|Kou Guang|Huang Yan|Qiyang Li|Tan Hao
conf/icdm/PuCZLSF24,2024,ICDM,inproceedings,Solving Combinatorial Optimization Problem Over Graph Through QUBO Transformation and Deep Reinforcement Learning.,Tianle Pu|Chao Chen|Li Zeng|Shixuan Liu|Rui Sun|Changjun Fan
conf/icdm/ZhaoW22,2022,ICDM (Workshops),inproceedings,Adversarial Removal of Population Bias in Genomics Phenotype Prediction.,Honggang Zhao|Wenlu Wang
conf/icdm/AmiriABP18,2018,ICDM,inproceedings,NetGist: Learning to Generate Task-Based Network Summaries.,Sorour E. Amiri|Bijaya Adhikari|Aditya Bharadwaj|B. Aditya Prakash
conf/icdm/ZhouCCZ18,2018,ICDM Workshops,inproceedings,Quantification and Analysis of Scientific Language Variation Across Research Fields.,Pei Zhou|Muhao Chen 0001|Kai-Wei Chang 0001|Carlo Zaniolo
conf/icdm/SakaiNW18,2018,ICDM Workshops,inproceedings,A Model of Rule Generation Handling Granules Defined by Implications in Table Data Sets.,Hiroshi Sakai|Michinori Nakata|Junzo Watada
conf/icdm/WangWQ18,2018,ICDM Workshops,inproceedings,Concept Analysis Based on Granular Formal Contexts.,Zhen Wang 0038|Ling Wei|Jian-Jun Qi
conf/icdm/MercerK22,2022,ICDM,inproceedings,Matrix Profile XXV: Introducing Novelets: A Primitive that Allows Online Detection of Emerging Behaviors in Time Series.,Ryan Mercer|Eamonn J. Keogh
conf/icdm/GaoWF23,2023,ICDM (Workshops),inproceedings,Cross-Modal Attention Network for Sign Language Translation.,Liqing Gao|Liang Wan|Wei Feng 0005
conf/icdm/BarkanHKCWK21,2021,ICDM,inproceedings,Cold Item Integration in Deep Hybrid Recommenders via Tunable Stochastic Gates.,Oren Barkan|Roy Hirsch|Ori Katz|Avi Caciularu|Jonathan Weill|Noam Koenigstein
conf/icdm/GalibTL23,2023,ICDM,inproceedings,SimEXT: Self-supervised Representation Learning for Extreme Values in Time Series.,Asadullah Hill Galib|Pang-Ning Tan|Lifeng Luo
conf/icdm/YangLWH18,2018,ICDM,inproceedings,Towards Interpretation of Recommender Systems with Sorted Explanation Paths.,Fan Yang 0023|Ninghao Liu 0001|Suhang Wang|Xia Hu 0001
conf/icdm/PanDC21,2021,ICDM,inproceedings,Multi-Classification Prediction of Alzheimer's Disease based on Fusing Multi-modal Features.,Qiao Pan|Ke Ding|Dehua Chen
conf/icdm/OiraseK24,2024,ICDM (Workshops),inproceedings,Data Augmentation Using Generative AI In Tomato Leaf Lesion Classification Problems.,Masaya Oirase|Eisuke Kita
conf/icdm/RuisPGHSK20,2020,ICDM (Workshops),inproceedings,Human-in-the-loop Language-agnostic Extraction of Medication Data from Highly Unstructured Electronic Health Records.,Frank Ruis|Shreyasi Pathak|Jeroen Geerdink|Johannes H. Hegeman|Christin Seifert|Maurice van Keulen
conf/icdm/RezaeiDRB22,2022,ICDM (Workshops),inproceedings,Joint Debiased Representation Learning and Imbalanced Data Clustering.,Mina Rezaei|Emilio Dorigatti|David R|Bernd Bischl
conf/icdm/YuanMZHH19,2019,ICDM,inproceedings,Jointly Embedding the Local and Global Relations of Heterogeneous Graph for Rumor Detection.,Chunyuan Yuan|Qianwen Ma|Wei Zhou 0019|Jizhong Han|Songlin Hu 0001
conf/icdm/ZhangXGZY23,2023,ICDM (Workshops),inproceedings,SubAnom: Efficient Subgraph Anomaly Detection Framework over Dynamic Graphs.,Chi Zhang|Wenkai Xiang|Xingzhi Guo|Baojian Zhou|Deqing Yang
conf/icdm/BidaurrazagaPC21,2021,ICDM,inproceedings,K-means for Evolving Data Streams.,Arkaitz Bidaurrazaga|Aritz P|Marco Cap
conf/icdm/GugnaniKP18,2018,ICDM Workshops,inproceedings,Generating Unified Candidate Skill Graph for Career Path Recommendation.,Akshay Gugnani|Vinay Kumar Reddy Kasireddy|Karthikeyan Ponnalagu
conf/icdm/BoldrinV24,2024,ICDM,inproceedings,Fast and Accurate Triangle Counting in Graph Streams Using Predictions.,Cristian Boldrin|Fabio Vandin
conf/icdm/AdriaensG22,2022,ICDM,inproceedings,Diameter Minimization by Shortcutting with Degree Constraints.,Florian Adriaens|Aristides Gionis
conf/icdm/FanZLYL22,2022,ICDM (Workshops),inproceedings,Identifying Hydrometeorological Factors Influencing Reservoir Releases Using Machine Learning Methods.,Ming Fan|Lujun Zhang|Siyan Liu|Tiantian Yang|Dan Lu 0001
conf/icdm/AdebisiGLV20,2020,ICDM (Workshops),inproceedings,Classification of Dementia Associated Disorders Using EEG based Frequent Subgraph Technique.,Abdulyekeen T. Adebisi|Venkateswarlu Gonuguntla|Ho-Won Lee|Kalyana C. Veluvolu
conf/icdm/LamichhaneE22,2022,ICDM (Workshops),inproceedings,Self-Organizing Map-Based Graph Clustering and Visualization on Streaming Graphs.,Prabin B. Lamichhane|William Eberle
conf/icdm/BuzmakovKMN22,2022,ICDM,inproceedings,△-Closure Structure for Studying Data Distribution.,Aleksey Buzmakov 0002|Sergei O. Kuznetsov|Tatiana Makhalova|Amedeo Napoli
conf/icdm/SikdarHW19,2019,ICDM,inproceedings,Modeling Graphs with Vertex Replacement Grammars.,Satyaki Sikdar|Justus Hibshman|Tim Weninger
conf/icdm/LiuJH0D23,2023,ICDM,inproceedings,Insight Analysis for Tennis Strategy and Tactics.,Zhaoyu Liu|Kan Jiang|Zhe Hou|Yun Lin 0001|Jin Song Dong 0001
conf/icdm/LiOW23,2023,ICDM,inproceedings,Enriched Representation Learning for Longitudinal Chest X-ray Analysis: A Novel Approach for Improved Disease Detection and Localization.,Xiangyu Li|Armand Ovanessians|Hua Wang 0007
conf/icdm/HudsonHMA23,2023,ICDM (Workshops),inproceedings,Explainable Multi-Modal and Local Approaches to Modelling Injuries in Sports Data.,Dan Hudson 0001|Ruud J. R. Den Hartigh|L. Rens A. Meerhoff|Martin Atzmueller
conf/icdm/ZhangQB23,2023,ICDM,inproceedings,Bayesian A/B Testing with Covariates.,Yuanyu Zhang|Cheng Qian|Wenhang Bao
conf/icdm/MalashinMBBNT24,2024,ICDM (Workshops),inproceedings,Anomaly Detection in Financial Data Using GA-Optimized MLP Models.,Ivan P. Malashin|Igor S. Masich|Aleksei S. Borodulin|Vladimir Viktorovich Bukhtoyarov|Vladimir A. Nelyub|Vadim Tynchenko
conf/icdm/VahedianZ21,2021,ICDM,inproceedings,Precise Bayes Classifier: Summary of Results.,Amin Vahedian|Xun Zhou 0001
conf/icdm/ShenHLWW023,2023,ICDM (Workshops),inproceedings,Birds of a Feather Purchase Together: Accurate Social Network Inference using Transaction Data.,Jiaxing Shen|Yulin He|Yunfei Long|Jiaqi Wen|Yanwen Wang 0001|Yu Yang 0012
conf/icdm/HadjadjiKSMED24,2024,ICDM (Workshops),inproceedings,Optimizing MLP Network Structure for Classification Problems Using PSO and Dominating Vertex Set.,Ines Hadjadji|Nour El Islem Karabadji|Hassina Seridi|Naouel Manaa|Mohamed Elati|Wajdi Dhifli
conf/icdm/GautamBSA18,2018,ICDM Workshops,inproceedings,When and Where?: Behavior Dominant Location Forecasting with Micro-Blog Streams.,Bhaskar Gautam|Annappa Basava|Abhishek Singh|Amit Agrawal
conf/icdm/NikolakakiPTT20,2020,ICDM,inproceedings,Finding Teams of Maximum Mutual Respect.,Sofia Maria Nikolakaki|Evaggelia Pitoura|Evimaria Terzi|Panayiotis Tsaparas
conf/icdm/PietrosanuJK24,2024,ICDM,inproceedings,A Bayesian Hierarchical Model for Orthogonal Tucker Decomposition with Oblivious Tensor Compression.,Matthew Pietrosanu|Bei Jiang|Linglong Kong
conf/icdm/HuangXY19,2019,ICDM,inproceedings,Bi-directional Causal Graph Learning through Weight-Sharing and Low-Rank Neural Network.,Hao Huang 0007|Chenxiao Xu|Shinjae Yoo
conf/icdm/WangHL18,2018,ICDM Workshops,inproceedings,Stock Market Prediction Analysis by Incorporating Social and News Opinion and Sentiment.,Zhaoxia Wang 0001|Seng-Beng Ho|Zhiping Lin 0001
conf/icdm/ErlyginZBS023,2023,ICDM (Workshops),inproceedings,Surrogate uncertainty estimation for your time series forecasting black-box: learn when to trust.,Leonid Erlygin|Vladimir Zholobov|Valeriia Baklanova|Evgeny Sokolovskiy|Alexey Zaytsev 0002
conf/icdm/EikmeierRG18,2018,ICDM,inproceedings,The HyperKron Graph Model for Higher-Order Features.,Nicole Eikmeier|Arjun S. Ramani|David F. Gleich
conf/icdm/KerenSS18,2018,ICDM,inproceedings,Fast Single-Class Classification and the Principle of Logit Separation.,Gil Keren|Sivan Sabato|Bj
conf/icdm/LeeCLS19,2019,ICDM,inproceedings,Collaborative Distillation for Top-N Recommendation.,Jae-woong Lee|Minjin Choi 0001|Jongwuk Lee|Hyunjung Shim
conf/icdm/HuangLC23,2023,ICDM,inproceedings,Personalized Federated Semi-Supervised Learning with Black-Box Models.,Siyin Huang|Shaoyuan Li|Songcan Chen
conf/icdm/TuXCB18,2018,ICDM Workshops,inproceedings,A Domain-Independent Text Segmentation Method for Educational Course Content.,Yuwei Tu|Ying Xiong|Weiyu Chen|Christopher G. Brinton
conf/icdm/ProvodinGPK22,2022,ICDM,inproceedings,The Impact of Batch Learning in Stochastic Linear Bandits.,Danil Provodin|Pratik Gajane|Mykola Pechenizkiy|Maurits Kaptein
conf/icdm/YuanZRWWL22,2022,ICDM,inproceedings,Neural Network Driven by Space-time Partial Differential Equation for Predicting Sea Surface Temperature.,Taikang Yuan|Junxing Zhu|Kaijun Ren|Wuxin Wang|Xiang Wang 0015|Xiaoyong Li 0002
conf/icdm/YamamotoS23,2023,ICDM (Workshops),inproceedings,A Joint Permute-and-Flip and Its Enhancement for Large-Scale Genomic Statistical Analysis.,Akito Yamamoto|Tetsuo Shibuya
conf/icdm/YangL021,2021,ICDM,inproceedings,Space Meets Time: Local Spacetime Neural Network For Traffic Flow Forecasting.,Song Yang 0001|Jiamou Liu|Kaiqi Zhao 0001
conf/icdm/GoossensDH18,2018,ICDM Workshops,inproceedings,Effective Steering of Customer Journey via Order-Aware Recommendation.,Jo|Tiblets Demewez|Marwan Hassani
conf/icdm/SongFG023,2023,ICDM,inproceedings,Interactive Activities Initiation through Retrieving Hidden Social Information Networks.,Yulong Song|Bin Fu|Jianxiong Guo|Xiaofeng Gao 0001
conf/icdm/KorczynskiK22,2022,ICDM (Workshops),inproceedings,Compression Methods for Transformers in Multidomain Sentiment Analysis.,Wojciech Korczynski|Jan Kocon
conf/icdm/ZhaoYZGC19,2019,ICDM Workshops,inproceedings,A High Performance Text Vector Similarity Search Method Based on Overlapping Degree.,Peng Zhao|Fan Yang 0094|Zhibin Zhang|Jiafeng Guo|Xueqi Cheng
conf/icdm/YangMK20,2020,ICDM,inproceedings,FeatureNorm: L2 Feature Normalization for Dynamic Graph Embedding.,Menglin Yang 0001|Ziqiao Meng|Irwin King
conf/icdm/LiZF20,2020,ICDM (Workshops),inproceedings,SynC: A Copula based Framework for Generating Synthetic Data from Aggregated Sources.,Zheng Li|Yue Zhao 0016|Jialin Fu
conf/icdm/FangZL0N20,2020,ICDM,inproceedings,Online Bayesian Sparse Learning with Spike and Slab Priors.,Shikai Fang|Shandian Zhe|Kuang-chih Lee|Kai Zhang 0001|Jennifer Neville
conf/icdm/FrommBFCSS19,2019,ICDM Workshops,inproceedings,XD-STOD: Cross-Domain Superresolution for Tiny Object Detection.,Michael Fromm 0001|Max Berrendorf|Evgeniy Faerman|Yiyi Chen 0002|Balthasar Sch|Matthias Schubert
conf/icdm/ParkLK23,2023,ICDM,inproceedings,Two-Level Graph Representation Learning with Community-as-a-Node Graphs.,Jeongha Park|Kisung Lee|Hyuk-Yoon Kwon
conf/icdm/GharghabiIBDK18,2018,ICDM,inproceedings,Matrix Profile XII: MPdist: A Novel Time Series Distance Measure to Allow Data Mining in More Challenging Scenarios.,Shaghayegh Gharghabi|Shima Imani|Anthony J. Bagnall|Amirali Darvishzadeh|Eamonn J. Keogh
conf/icdm/XieBSK18,2018,ICDM,inproceedings,A TIMBER Framework for Mining Urban Tree Inventories Using Remote Sensing Datasets.,Yiqun Xie|Han Bao 0003|Shashi Shekhar 0001|Joseph F. Knight
conf/icdm/AshJMNS20,2020,ICDM (Workshops),inproceedings,Unsupervised Extraction of Workplace Rights and Duties from Collective Bargaining Agreements.,Elliott Ash|Jeff Jacobs|W. Bentley MacLeod|Suresh Naidu|Dominik Stammbach
conf/icdm/0007YT020,2020,ICDM,inproceedings,Active Learning with Multi-Granular Graph Auto-Encoder.,Yi He 0007|Xu Yuan 0001|Nian-Feng Tzeng|Xindong Wu 0001
conf/icdm/YooKYKJK21,2021,ICDM,inproceedings,Accurate Graph-Based PU Learning without Class Prior.,Jaemin Yoo|Junghun Kim|Hoyoung Yoon|Geonsoo Kim|Changwon Jang|U Kang
conf/icdm/LaharotteBF20,2020,ICDM (Workshops),inproceedings,Detecting Dynamic Critical Links within Large Scale Network for Traffic State Prediction.,Pierre-Antoine Laharotte|Romain Billot|Nour-Eddin El Faouzi
conf/icdm/HayatX023,2023,ICDM,inproceedings,Self-supervised Heterogeneous Hypergraph Learning with Context-aware Pooling for Graph-level Classification.,Malik Khizar Hayat|Shan Xue 0001|Jian Yang 0001
conf/icdm/ZhouEB18,2018,ICDM,inproceedings,Online CP Decomposition for Sparse Tensors.,Shuo Zhou 0001|Sarah M. Erfani|James Bailey 0001
conf/icdm/TuYS0V23,2023,ICDM (Workshops),inproceedings,Deep Outdated Fact Detection in Knowledge Graphs.,Huiling Tu|Shuo Yu 0001|Vidya Saikrishna|Feng Xia 0001|Karin Verspoor
conf/icdm/0003D0K22,2022,ICDM,inproceedings,ABN: Anti-Blur Neural Networks for Multi-Stage Deformable Image Registration.,Yao Su 0003|Xin Dai|Lifang He 0001|Xiangnan Kong
conf/icdm/PaepeH20,2020,ICDM,inproceedings,Mining Recurring Patterns in Real-Valued Time Series using the Radius Profile.,Dieter De Paepe|Sofie Van Hoecke
conf/icdm/GohKZ18,2018,ICDM Workshops,inproceedings,Twitter-Informed Crowd Flow Prediction.,Gary Goh|Jing Yu Koh|Yue Zhang
conf/icdm/MihovC0K0L22,2022,ICDM,inproceedings,MentalNet: Heterogeneous Graph Representation for Early Depression Detection.,Ivan Mihov|Haiquan Chen|Xiao Qin 0001|Wei-Shinn Ku|Da Yan 0001|Yuhong Liu
conf/icdm/FengSZ023,2023,ICDM,inproceedings,Mixtron: Bandit Online Multiclass Prediction with Implicit Feedback.,Wanjin Feng|Hailong Shi|Peilin Zhao|Xingyu Gao 0001
conf/icdm/PirbhulalWL18,2018,ICDM Workshops,inproceedings,A Biometric Security Model for Wearable Healthcare.,Sandeep Pirbhulal|Wanqing Wu|Guanglin Li 0001
conf/icdm/Wasilewski0K24,2024,ICDM (Workshops),inproceedings,Combining Active Learning and Self-Labeling for Deep Learning from Data Streams.,Jan Wasilewski|Michal Wozniak 0001|Bartosz Krawczyk
conf/icdm/FukishimaAK19,2019,ICDM Workshops,inproceedings,How Will Sense of Values Change during Art Appreciation?,Kotaro Fukishima|Akinori Abe|Reina Kawada
conf/icdm/StephensSTE23,2023,ICDM (Workshops),inproceedings,Population Graph Cross-Network Node Classification for Autism Detection Across Sample Groups.,Anna Stephens|Francisco Santos|Pang-Ning Tan|Abdol-Hossein Esfahanian
conf/icdm/StattnerJ19,2019,ICDM Workshops,inproceedings,Climate Data Analytics Applied to Sugar Cane Crop in the French West Indies.,Erick Stattner|Nathan Jadoul
conf/icdm/ZhangLZYYW21,2021,ICDM,inproceedings,Triplet Deep Subspace Clustering via Self-Supervised Data Augmentation.,Zhao Zhang 0001|Xianzhen Li|Haijun Zhang 0002|Yi Yang 0001|Shuicheng Yan|Meng Wang 0001
conf/icdm/HoussouGP22,2022,ICDM (Workshops),inproceedings,Edit distance with Quasi Real Penalties: a hybrid distance for network-constrained trajectories.,Noud|Jean-Loup Guillaume|Armelle Prigent
conf/icdm/ShenWW18,2018,ICDM Workshops,inproceedings,Growing Deep Forests Efficiently with Soft Routing and Learned Connectivity.,Jianghao Shen|Sicheng Wang 0003|Zhangyang Wang
conf/icdm/ChattopadhyayKA23,2023,ICDM (Workshops),inproceedings,VAM: Value Propensity Score For User Acquisition Marketing Campaign.,Sayantan Chattopadhyay|Chandrai Kayal|Satyen Abrol
conf/icdm/BasiriPK22,2022,ICDM (Workshops),inproceedings,Domain-Specific Deep Learning Feature Extractor for Diabetic Foot Ulcer Detection.,Reza Basiri|Milos R. Popovic|Shehroz S. Khan
conf/icdm/MalandriMMN20,2020,ICDM (Workshops),inproceedings,MEET: A Method for Embeddings Evaluation for Taxonomic Data.,Lorenzo Malandri|Fabio Mercorio|Mario Mezzanzanica|Navid Nobani
conf/icdm/SabetpourKXL21,2021,ICDM,inproceedings,Truth Discovery in Sequence Labels from Crowds.,Nasim Sabetpour|Adithya Kulkarni|Sihong Xie|Qi Li 0012
conf/icdm/TsaoICP18,2018,ICDM Workshops,inproceedings,Stitching Aerial Images for Vehicle Positioning and Tracking.,Paul Tsao|Tsi-Ui Ik|Guan-Wen Chen|Wen-Chih Peng
conf/icdm/MuellerS19,2019,ICDM,inproceedings,Recognizing Variables from Their Data via Deep Embeddings of Distributions.,Jonas Mueller 0001|Alex Smola
conf/icdm/XiongC22,2022,ICDM (Workshops),inproceedings,Deep Heterogeneous Graph Neural Networks via Similarity Regularization Loss and Hierarchical Fusion.,Zhilong Xiong|Jia Cai
conf/icdm/JeongJSS22,2022,ICDM,inproceedings,Deep Geometrical Learning for Alzheimer's Disease Progression Modeling.,Seungwoo Jeong|Wonsik Jung|Junghyo Sohn|Heung-Il Suk
conf/icdm/SamudralaBN24,2024,ICDM (Workshops),inproceedings,Mining patterns for proactive management of procure-to-pay exceptions.,Satya Narayana Samudrala|Uday Chandra Bhookya|Maitreya Natu
conf/icdm/DjenouriZC18,2018,ICDM,inproceedings,Outlier Detection in Urban Traffic Flow Distributions.,Youcef Djenouri|Arthur Zimek|Marco Chiarandini
conf/icdm/CaiYZ23,2023,ICDM (Workshops),inproceedings,Exploring Approaches for Teaching Cybersecurity and AI for K-12.,Yu Cai 0002|Drew Youngstrom|Wenbin Zhang 0002
conf/icdm/LiuY020,2020,ICDM,inproceedings,Estimating Individual Treatment Effects with Time-Varying Confounders.,Ruoqi Liu|Changchang Yin|Ping Zhang 0016
conf/icdm/ZhangSZWLW19,2019,ICDM,inproceedings,Learning Structured Twin-Incoherent Twin-Projective Latent Dictionary Pairs for Classification.,Zhao Zhang 0001|Yulin Sun|Zheng Zhang 0006|Yang Wang 0023|Guangcan Liu|Meng Wang 0001
conf/icdm/LimPW19,2019,ICDM Workshops,inproceedings,Combining Micro and Macro Features for Online Pattern-of-Life Movement Prediction.,Shiau Hong Lim|Hasan Poonawala|Laura Wynter
conf/icdm/SohnL19,2019,ICDM Workshops,inproceedings,MC-BERT4HATE: Hate Speech Detection using Multi-channel BERT for Different Languages and Translations.,Hajung Sohn|Hyunju Lee
conf/icdm/ZhangLCJTL20,2020,ICDM,inproceedings,DoubleEnsemble: A New Ensemble Method Based on Sample Reweighting and Feature Selection for Financial Data Analysis.,Chuheng Zhang|Yuanqi Li|Xi Chen 0010|Yifei Jin|Pingzhong Tang|Jian Li 0015
conf/icdm/AktasJGA22,2022,ICDM (Workshops),inproceedings,Influence Maximization on Hypergraphs via Similarity-based Diffusion.,Mehmet Emin Aktas|Sidra Jawaid|Ihsan Gokalp|Esra Akbas
conf/icdm/YuanZZPJ19,2019,ICDM,inproceedings,Learning Hierarchical and Shared Features for Improving 3D Neuron Reconstruction.,Hao Yuan 0001|Na Zou 0001|Shaoting Zhang 0001|Hanchuan Peng|Shuiwang Ji
conf/icdm/HuangZ0LZF23,2023,ICDM (Workshops),inproceedings,Multi-modal Chinese Fake News Detection.,Wenxi Huang|Zhangyi Zhao|Xiaojun Chen 0006|Mark Junjie Li|Qin Zhang 0011|Philippe Fournier-Viger
conf/icdm/SimB18,2018,ICDM,inproceedings,Record2Vec: Unsupervised Representation Learning for Structured Records.,Adelene Y. L. Sim|Andrew Borthwick
conf/icdm/LiZLY0W19,2019,ICDM,inproceedings,Contrast Feature Dependency Pattern Mining for Controlled Experiments with Application to Driving Behavior.,Qingzhe Li|Liang Zhao 0002|Yi-Ching Lee|Yanfang Ye 0001|Jessica Lin 0001|Lingfei Wu 0001
conf/icdm/RaffFH20,2020,ICDM (Workshops),inproceedings,Getting Passive Aggressive About False Positives: Patching Deployed Malware Detectors.,Edward Raff|Bobby Filar|James Holt
conf/icdm/MuhuriSCC18,2018,ICDM Workshops,inproceedings,Drug Vector Minimization in Cancer Therapy Based on Boolean Logic Model of Gene Regulatory Network.,Samya Muhuri|Ananya Sarkar|Sambhabi Chakraborty|Susanta Chakraborty
conf/icdm/LiuRP023,2023,ICDM,inproceedings,Variational Collective Graph AutoEncoder for Multi-behavior Recommendation.,Yang Liu 0322|Qianzhen Rao|Weike Pan|Zhong Ming 0001
conf/icdm/VuilleminB22,2022,ICDM (Workshops),inproceedings,"Identify malfunctions and their possible causes using rules, application to process mining.",Benoit Vuillemin|Fr
conf/icdm/GuiL18,2018,ICDM,inproceedings,Multi-view Feature Selection for Heterogeneous Face Recognition.,Jie Gui|Ping Li 0001
conf/icdm/PawlickaPKC23,2023,ICDM (Workshops),inproceedings,The Need for Practical Legal and Ethical Guidelines for Explainable AI-based Network Intrusion Detection Systems.,Aleksandra Pawlicka|Marek Pawlicki|Rafal Kozik|Michal Choras
conf/icdm/JinZGXX23,2023,ICDM (Workshops),inproceedings,Multi-triplet Feature Augmentation for Ponzi Scheme Detection in Ethereum.,Chengxiang Jin|Jiajun Zhou 0005|Shengbo Gong|Chenxuan Xie|Qi Xuan 0001
conf/icdm/ZhangY23,2023,ICDM (Workshops),inproceedings,Asymmetric Polysemous Reasoning for Image-Text Matching.,Hongping Zhang|Ming Yang
conf/icdm/ChenZZTZ23,2023,ICDM (Workshops),inproceedings,CrsKGC-RSAN: Conflict Resolution Strategy for Knowledge Graph Completion.,Jie Chen|Xin Zhang|Wuyang Zhang|Siyu Tan|Shu Zhao
conf/icdm/GrobVMMB18,2018,ICDM Workshops,inproceedings,Pareto Optimization of Parameter Selection Speeds Up and Improves Quality of Motion Computation: Applying Evolutionary Multi-objective Optimization to Randomized-Subspace Robust PCA.,David Grob|Mehmet Vurkac|Agnieszka Miguel|Mirka Mandich|Rana Bayrakcsmith
conf/icdm/PhetsouvanhOD18,2018,ICDM Workshops,inproceedings,EGRET: Extortion Graph Exploration Techniques in the Bitcoin Network.,Silivanxay Phetsouvanh|Fr|Anwitaman Datta
conf/icdm/KwonKJS23,2023,ICDM,inproceedings,TensorCodec: Compact Lossy Compression of Tensors without Strong Data Assumptions.,Taehyung Kwon|Jihoon Ko|Jinhong Jung|Kijung Shin
conf/icdm/LiWHT19,2019,ICDM Workshops,inproceedings,An Efficient Algorithm for Mining High Utility Quantitative Itemsets.,Chia Hua Li|Cheng-Wei Wu|JianTao Huang|Vincent S. Tseng
conf/icdm/SinghW24,2024,ICDM,inproceedings,Constructing $\epsilon$-Constrained Sparsified $\beta^{s}$-Complexes using Space Partitioning Trees.,Rohit P. Singh|Philip A. Wilsey
conf/icdm/PaulM18,2018,ICDM Workshops,inproceedings,Robust Computational Method for Identification of miRNA-mRNA Modules in Cervical Cancer.,Sushmita Paul|Madhumita
conf/icdm/LiSC21,2021,ICDM,inproceedings,Mcore: Multi-Agent Collaborative Learning for Knowledge-Graph-Enhanced Recommendation.,Xujia Li|Yanyan Shen|Lei Chen 0002
conf/icdm/YuWLT023,2023,ICDM,inproceedings,MPRE: Multi-perspective Patient Representation Extractor for Disease Prediction.,Ziyue Yu|Jiayi Wang|Wuman Luo|Rita Tse|Giovanni Pau 0001
conf/icdm/YiC18,2018,ICDM Workshops,inproceedings,Learning the Group Structure of Deep Neural Networks with an Expectation Maximization Method.,Subin Yi|Jaesik Choi
conf/icdm/NeloyT22,2022,ICDM (Workshops),inproceedings,Feature Extraction and Prediction of Combined Text and Survey Data using Two-Staged Modeling.,Asif Ahmed Neloy|Maxime Turgeon
conf/icdm/SquillaceTTV24,2024,ICDM,inproceedings,Efficient Network Embedding by Approximate Equitable Partitions.,Giuseppe Squillace|Mirco Tribastone|Max Tschaikowski|Andrea Vandin
conf/icdm/LiL20,2020,ICDM,inproceedings,A Generalized-Momentum-Accelerated Hessian-Vector Algorithm for High-Dimensional and Sparse Data.,Weiling Li|Xin Luo 0001
conf/icdm/MaoSZ22,2022,ICDM,inproceedings,Augmenting Knowledge Transfer across Graphs.,Yuzhen Mao|Jianhui Sun|Dawei Zhou 0003
conf/icdm/XieZ22,2022,ICDM (Workshops),inproceedings,Zero-shot Object Detection Through Vision-Language Embedding Alignment.,Johnathan Xie|Shuai Zheng
conf/icdm/DuLYH19,2019,ICDM,inproceedings,Learning Credible Deep Neural Networks with Rationale Regularization.,Mengnan Du|Ninghao Liu 0001|Fan Yang 0023|Xia Hu 0001
conf/icdm/HmamoucheLC18,2018,ICDM Workshops,inproceedings,Predictors Extraction in Time Series Using Authorities-Hubs Ranking.,Youssef Hmamouche|Lotfi Lakhal|Alain Casali
conf/icdm/ChenDCM18,2018,ICDM Workshops,inproceedings,Understanding the Impact of Label Granularity on CNN-Based Image Classification.,Zhuo Chen|Ruizhou Ding|Ting-Wu Chin|Diana Marculescu
conf/icdm/LiSQC18,2018,ICDM Workshops,inproceedings,A Survey on Semantic Segmentation.,Biao Li 0005|Yong Shi 0001|Zhiquan Qi|Zhensong Chen 0001
conf/icdm/NarayananSCLW18,2018,ICDM,inproceedings,Apk2vec: Semi-Supervised Multi-view Representation Learning for Profiling Android Applications.,Annamalai Narayanan|Charlie Soh|Lihui Chen 0001|Yang Liu 0003|Lipo Wang 0001
conf/icdm/ZhangLZL021,2021,ICDM,inproceedings,C,Yingxue Zhang 0002|Yanhua Li|Xun Zhou 0001|Zhenming Liu|Jun Luo 0007
conf/icdm/GilhuberJM022,2022,ICDM,inproceedings,VERIPS: Verified Pseudo-label Selection for Deep Active Learning.,Sandra Gilhuber|Philipp Jahn 0001|Yunpu Ma|Thomas Seidl 0001
conf/icdm/MinnYDZV18,2018,ICDM,inproceedings,Deep Knowledge Tracing and Dynamic Student Classification for Knowledge Tracing.,Sein Minn|Yi Yu 0001|Michel C. Desmarais|Feida Zhu 0001|Jill-J
conf/icdm/YaoKFBFK22,2022,ICDM (Workshops),inproceedings,Deep Neural Networks and Data Accentuation for Standoff Detection of Dangerous Chemicals.,Eric Yao|Christopher A. Kendziora|Robert Furstenberg|Christopher J. Breshike|Drew M. Finton|Drew C. Kendziora
conf/icdm/Abdu-AguyeZN24,2024,ICDM,inproceedings,Feature Map Purification for Enhancing Adversarial Robustness of Deep Timeseries Classifiers.,Mubarak G. Abdu-Aguye|Muhammad Zaigham Zaheer|Karthik Nandakumar
conf/icdm/0004YDWLZ18,2018,ICDM,inproceedings,Cost Effective Multi-label Active Learning via Querying Subexamples.,Xia Chen 0004|Guoxian Yu|Carlotta Domeniconi|Jun Wang 0035|Zhao Li 0007|Zili Zhang 0001
conf/icdm/LianH0024,2024,ICDM,inproceedings,Utilitarian Online Learning from Open-World Soft Sensing.,Heng Lian 0001|Yu Huang 0017|Xingquan Zhu 0001|Yi He 0007
conf/icdm/WasidA18,2018,ICDM Workshops,inproceedings,Clustering Approach for Multidimensional Recommender Systems.,Mohammed Wasid|Rashid Ali 0002
conf/icdm/TobinZ21,2021,ICDM,inproceedings,DCF: An Efficient and Robust Density-Based Clustering Method.,Joshua Tobin|Mimi Zhang
conf/icdm/SunderrajanVL18,2018,ICDM Workshops,inproceedings,Road Speed Profiling for Upfront Travel Time Estimation.,Abhinav Sunderrajan|Jagannadan Varadarajan|Kong Wei Lye
conf/icdm/PengLSW021,2021,ICDM,inproceedings,Sequential Diagnosis Prediction with Transformer and Ontological Representation.,Xueping Peng|Guodong Long|Tao Shen 0001|Sen Wang 0001|Jing Jiang 0002
conf/icdm/LiLMYL23,2023,ICDM (Workshops),inproceedings,Blockchain-based Reputation Management Scheme for the Internet of Vehicles.,Shijie Li|Xiaowu Liu|Wenshuo Ma|Kan Yu 0001|Yangyang Liu
conf/icdm/FanWYLZ022,2022,ICDM,inproceedings,FedSkip: Combatting Statistical Heterogeneity with Federated Skip Aggregation.,Ziqing Fan|Yanfeng Wang 0001|Jiangchao Yao|Lingjuan Lyu|Ya Zhang 0002|Qi Tian 0001
conf/icdm/StarnesDW23,2023,ICDM (Workshops),inproceedings,Increasing Entropy to Boost Policy Gradient Performance on Personalization Tasks.,Andrew Starnes|Anton Dereventsov|Clayton G. Webster
conf/icdm/JuCYYL23,2023,ICDM (Workshops),inproceedings,Heterogeneity-aware Cross-school Electives Recommendation: a Hybrid Federated Approach.,Chengyi Ju|Jiannong Cao 0001|Yu Yang 0012|Zhen-Qun Yang|Ho Man Lee
conf/icdm/KoeblerT024,2024,ICDM,inproceedings,MoRE-LLM: Mixture of Rule Experts Guided by a Large Language Model.,Alexander Koebler|Ingo Thon|Florian Buettner 0001
conf/icdm/MavroudeasMSB22,2022,ICDM (Workshops),inproceedings,HMM-Boost: Improved Time Series State Prediction Via Supervised Hidden Markov Models: Case Studies in Epileptic Seizure and Complex Care Management.,Georgios Mavroudeas|Malik Magdon-Ismail|Xiao Shou|Kristin P. Bennett
conf/icdm/PutinaSRN20,2020,ICDM,inproceedings,Random Histogram Forest for Unsupervised Anomaly Detection.,Andrian Putina|Mauro Sozio|Dario Rossi 0001|Jos
conf/icdm/LeeL0K22,2022,ICDM,inproceedings,THOR: Self-Supervised Temporal Knowledge Graph Embedding via Three-Tower Graph Convolutional Networks.,Yeon-Chang Lee|Jaehyun Lee 0001|Dongwon Lee 0001|Sang-Wook Kim
conf/icdm/KriegeGB019,2019,ICDM,inproceedings,Computing Optimal Assignments in Linear Time for Approximate Graph Matching.,Nils M. Kriege|Pierre-Louis Giscard|Franka Bause|Richard C. Wilson 0001
conf/icdm/LeeKLPY21,2021,ICDM,inproceedings,Learnable Structural Semantic Readout for Graph Classification.,Dongha Lee 0003|Su Kim|Seonghyeon Lee|Chanyoung Park 0001|Hwanjo Yu
conf/icdm/LuoLL22,2022,ICDM,inproceedings,Deep Stable Representation Learning on Electronic Health Records.,Yingtao Luo|Zhaocheng Liu|Qiang Liu 0006
conf/icdm/DaiZYX19,2019,ICDM Workshops,inproceedings,A Two-Stage Multi-task Learning-Based Method for Selective Unsupervised Domain Adaptation.,Yong Dai 0001|Jian Zhang|Shuai Yuan 0018|Zenglin Xu
conf/icdm/LiuTUGS22,2022,ICDM (Workshops),inproceedings,Towards Practical Explainability with Cluster Descriptors.,Xiaoyuan Liu 0001|Ilya Tyagin|Hayato Ushijima-Mwesigwa|Indradeep Ghosh|Ilya Safro
conf/icdm/TingAW18,2018,ICDM,inproceedings,Which Outlier Detector Should I use?,Kai Ming Ting|Sunil Aryal|Takashi Washio
conf/icdm/ZhuZPZW19,2019,ICDM,inproceedings,Relation Structure-Aware Heterogeneous Graph Neural Network.,Shichao Zhu|Chuan Zhou 0001|Shirui Pan|Xingquan Zhu 0001|Bin Wang 0004
conf/icdm/ZhangH18,2018,ICDM,inproceedings,Variational Bayesian Inference for Robust Streaming Tensor Factorization and Completion.,Zheng Zhang 0005|Cole Hawkins
conf/icdm/AltafA0019,2019,ICDM,inproceedings,Dataset Recommendation via Variational Graph Autoencoder.,Basmah Altaf|Uchenna Akujuobi|Lu Yu 0006|Xiangliang Zhang 0001
conf/icdm/ShiDYL022,2022,ICDM,inproceedings,MRM2: Multi-Relationship Modeling Module for Multivariate Time Series Classification.,Pengxiang Shi|Xuan Dang|Wenwen Ye|Zhipeng Li|Zheng Qin 0003
conf/icdm/Vepakomma0GR20,2020,ICDM (Workshops),inproceedings,NoPeek: Information leakage reduction to share activations in distributed deep learning.,Praneeth Vepakomma|Abhishek Singh 0005|Otkrist Gupta|Ramesh Raskar
conf/icdm/LiuUJF18,2018,ICDM,inproceedings,Privacy-Preserving Multi-task Learning.,Kunpeng Liu 0001|Nitish M. Uplavikar|Wei Jiang|Yanjie Fu
conf/icdm/WangZSMZZ22,2022,ICDM (Workshops),inproceedings,End-to-End Modeling of Hierarchical Time Series Using Autoregressive Transformer and Conditional Normalizing Flow-based Reconciliation.,Shiyu Wang 0001|Fan Zhou 0012|Yinbo Sun|Lintao Ma|James Zhang|Yangfei Zheng
conf/icdm/WuW18,2018,ICDM,inproceedings,On Big Wisdom.,Minghui Wu|Xindong Wu 0001
conf/icdm/KozalW23,2023,ICDM (Workshops),inproceedings,Combining Self-labeling with Selective Sampling.,Jedrzej Kozal|Michal Wozniak 0001
conf/icdm/ZhuR22,2022,ICDM (Workshops),inproceedings,Message from the ICDM 2022 Program Committee Chairs.,Xingquan Zhu 0001|Sanjay Ranka
conf/icdm/LiW22,2022,ICDM,inproceedings,On Mean-Optimal Robust Linear Discriminant Analysis.,Xiangyu Li|Hua Wang 0007
conf/icdm/CevahirK22,2022,ICDM (Workshops),inproceedings,Multi-purpose Recommender Platform using Perceiver IO.,Ali Cevahir|Kentaro Kanada
conf/icdm/NouiouaWFLW20,2020,ICDM (Workshops),inproceedings,TKC: Mining Top-K Cross-Level High Utility Itemsets.,Mourad Nouioua|Ying Wang|Philippe Fournier-Viger|Jerry Chun-Wei Lin|Jimmy Ming-Tai Wu
conf/icdm/HolubovaSBSP19,2019,ICDM Workshops,inproceedings,Inferred Social Networks: A Case Study.,Irena Holubov|Martin Svoboda|David Bernhauer|Tom|Petr Pascenko
conf/icdm/BhatiaG18,2018,ICDM Workshops,inproceedings,Extreme Values from Spatiotemporal Chaos: Precipitation Extremes and Climate Variability.,Udit Bhatia|Auroop Ratan Ganguly
conf/icdm/Li0Z23,2023,ICDM (Workshops),inproceedings,Anisotropic Knowledge Empowers Efficient Recommender System through Generative-Mapping Representation Learning.,Linfeng Li|Hai Liu 0004|Zhaoli Zhang
conf/icdm/ShiY019,2019,ICDM,inproceedings,Reinforced Molecule Generation with Heterogeneous States.,Fangzhou Shi|Shan You|Chang Xu 0002
conf/icdm/YangLSZL22,2022,ICDM (Workshops),inproceedings,Deep Knowledge Tracing with Learning Curves.,Shanghui Yang|Xin Liu|Hang Su|Mengxia Zhu|Xuesong Lu
conf/icdm/HeLY22,2022,ICDM,inproceedings,Non-local Patch Mixup for Unsupervised Domain Adaptation.,Jiujun He|Bin Liu|Xuan Yang
conf/icdm/LiJGWC18,2018,ICDM Workshops,inproceedings,Path Reasoning over Knowledge Graph: A Multi-agent and Reinforcement Learning Based Method.,Zixuan Li 0001|Xiaolong Jin 0001|Saiping Guan|Yuanzhuo Wang|Xueqi Cheng
conf/icdm/AksehirliL18,2018,ICDM Workshops,inproceedings,Predicting MRT Trips in Singapore by Creating a Mobility Behavior Model Based on GSM Data.,Emin Aksehirli|Ying Li
conf/icdm/KazempourK020,2020,ICDM (Workshops),inproceedings,Towards an Internal Evaluation Measure for Arbitrarily Oriented Subspace Clustering.,Daniyal Kazempour|Peer Kr|Thomas Seidl 0001
conf/icdm/Maurel0S20,2020,ICDM (Workshops),inproceedings,Deep Cooperative Reconstruction with Security Constraints in multi-view environments.,Denis Maurel|Sylvain Lefebvre 0002|J
conf/icdm/KodamaA24,2024,ICDM (Workshops),inproceedings,Neighborhood Spatio-temporal Self-Attention for Crowd Flow Prediction.,Sohei Kodama|Shin Ando
conf/icdm/MaLSY23,2023,ICDM (Workshops),inproceedings,Deep Attention Q-Network for Personalized Treatment Recommendation.,Simin Ma|Junghwan Lee|Nicoleta Serban|Shihao Yang 0002
conf/icdm/LiuWZC20,2020,ICDM (Workshops),inproceedings,AttentionFM: Incorporating Attention Mechanism and Factorization Machine for Credit Scoring.,Ying Liu 0039|Wei Wang|Tianlin Zhang|Zhenyu Cui
conf/icdm/XuHXXXY20,2020,ICDM,inproceedings,Global Context Enhanced Social Recommendation with Hierarchical Graph Neural Networks.,Huance Xu|Chao Huang 0001|Yong Xu 0007|Lianghao Xia|Hao Xing|Dawei Yin 0001
conf/icdm/YangCZWY23,2023,ICDM,inproceedings,An Impact Study of Concept Drift in Federated Learning.,Guanhui Yang|Xiaoting Chen|Tengsen Zhang|Shuo Wang|Yun Yang
conf/icdm/SaideepKZFKR19,2019,ICDM Workshops,inproceedings,Discovering Periodic Patterns in Irregular Time Series.,C. Saideep|Rage Uday Kiran|Koji Zettsu|Philippe Fournier-Viger|Masaru Kitsuregawa|P. Krishna Reddy
conf/icdm/ChuWMJZY20,2020,ICDM,inproceedings,Inductive Granger Causal Modeling for Multivariate Time Series.,Yunfei Chu|Xiaowei Wang|Jianxin Ma|Kunyang Jia|Jingren Zhou 0001|Hongxia Yang
conf/icdm/ZhangWL0H23,2023,ICDM,inproceedings,Learning Efficient Unsupervised Satellite Image-based Building Damage Detection.,Yiyun Zhang|Zijian Wang 0009|Yadan Luo|Xin Yu 0002|Zi Huang
conf/icdm/BuschjagerCCM18,2018,ICDM,inproceedings,Realization of Random Forest for Real-Time Evaluation through Tree Framing.,Sebastian Buschj|Kuan-Hsun Chen|Jian-Jia Chen|Katharina Morik
conf/icdm/GhosalBAH19,2019,ICDM Workshops,inproceedings,A Deep Learning Approach to Predict Parking Occupancy using Cluster Augmented Learning Method.,Soumya Suvra Ghosal|Abderrahman Bani|Amine Amrouss|Issmail El Hallaoui
conf/icdm/DebSKRGK18,2018,ICDM Workshops,inproceedings,Multimapper: Data Density Sensitive Topological Visualization.,Bishal Deb|Ankita Sarkar 0001|Nupur Kumari|Akash Rupela|Piyush Gupta|Balaji Krishnamurthy
conf/icdm/NiuYCW20,2020,ICDM (Workshops),inproceedings,GCMCSR: A New Graph Convolution Matrix Complete Method with Side-Information Reconstruction.,Kun Niu|Yicong Yu|Xipeng Cao|Chao Wang 0032
conf/icdm/ZhangYZ21,2021,ICDM,inproceedings,Temporal Clustering with External Memory Network for Disease Progression Modeling.,Zicong Zhang|Changchang Yin|Ping Zhang 0016
conf/icdm/WenZ0XP24,2024,ICDM,inproceedings,An Efficient Graph Autoencoder with Lightweight Desmoothing Decoder and Long-Range Modeling.,Jinyong Wen|Tao Zhang|Chunxia Zhang 0001|Shiming Xiang|Chunhong Pan
conf/icdm/AkimovLM18,2018,ICDM Workshops,inproceedings,A Graph-Based Approach for Learner-Tailored Teaching of Korean Grammar Constructions.,Mikhail Akimov|Ekaterina Loginova|Maxim Musin
conf/icdm/ZhangSLWLL21,2021,ICDM,inproceedings,Jointly Multi-Similarity Loss for Deep Metric Learning.,Li Zhang|Shitian Shen|Lingxiao Li|Han Wang|Xueying Li|Jun Lang 0001
conf/icdm/OngHSCM23,2023,ICDM (Workshops),inproceedings,FinXABSA: Explainable Finance through Aspect-Based Sentiment Analysis.,Keane Ong|Wihan van der Heever|Ranjan Satapathy|Erik Cambria|Gianmarco Mengaldo
conf/icdm/ShakyaMSV23,2023,ICDM,inproceedings,On the Verification of Embeddings with Hybrid Markov Logic.,Anup Shakya|Abisha Thapa Magar|Somdeb Sarkhel|Deepak Venugopal
conf/icdm/LeeKY20,2020,ICDM (Workshops),inproceedings,An Accelerated Continual Learning with Demand Prediction based Scheduling in Edge-Cloud Computing.,Changha Lee|Seong-Hwan Kim 0002|Chan-Hyun Youn
conf/icdm/KilleenKYB23,2023,ICDM,inproceedings,"Using UAV-Based Multispectral Imagery, Data-Driven Models, and Spatial Cross-Validation for Corn Grain Yield Prediction.",Patrick Killeen|Iluju Kiringa|Tet Hin Yeap|Paula Branco
conf/icdm/StraussBHS22,2022,ICDM (Workshops),inproceedings,A Comparison of Ambulance Redeployment Systems on Real-World Data.,Niklas Strau|Max Berrendorf|Tom Haider|Matthias Schubert
conf/icdm/ChoiPH19,2019,ICDM,inproceedings,Counterfactual Attention Supervision.,Seungtaek Choi|Haeju Park|Seung-won Hwang
conf/icdm/TaraviyaBL021,2021,ICDM,inproceedings,PSANet - subspace attention for personalized compatibility.,Meet Taraviya|Anurag Beniwal|Yen-Liang Lin|Larry Davis 0001
conf/icdm/BeckerTB23,2023,ICDM (Workshops),inproceedings,Explainable Artificial Intelligence for Interpretable Data Minimization.,Maximilian Becker|Emrah Toprak|J
conf/icdm/RozenshteinBGST18,2018,ICDM,inproceedings,Finding Events in Temporal Networks: Segmentation Meets Densest-Subgraph Discovery.,Polina Rozenshtein|Francesco Bonchi|Aristides Gionis|Mauro Sozio|Nikolaj Tatti
conf/icdm/Zhang0ZLLC23,2023,ICDM,inproceedings,Multiple Hypothesis Testing for Anomaly Detection in Multi-type Event Sequences.,Shuai Zhang 0007|Chuan Zhou 0001|Peng Zhang 0001|Yang Liu 0320|Zhao Li 0007|Hongyang Chen 0001
conf/icdm/ZhuYD23,2023,ICDM (Workshops),inproceedings,Data Intrusion Tolerance Model based on Game Theory for Energy Internet.,Zhanwang Zhu|Yiming Yuan|Song Deng
conf/icdm/Ling018,2018,ICDM Workshops,inproceedings,Human-Assisted Computation for Auto-Grading.,Lin Ling|Chee-Wei Tan 0001
conf/icdm/ZhangYCLW19,2019,ICDM,inproceedings,Collective Protection: Preventing Sensitive Inferences via Integrative Transformation.,Dalin Zhang 0001|Lina Yao 0001|Kaixuan Chen 0001|Guodong Long|Sen Wang 0001
conf/icdm/FodehLJS18,2018,ICDM Workshops,inproceedings,Identifying Patients with Coronary Microvascular Dysfunction using Machine Learning.,Samah J. Fodeh|Taihua Li|Haya Jarad|Basmah Safdar
conf/icdm/MoY19,2019,ICDM Workshops,inproceedings,Point of Interest Recommendation by Exploiting Geographical Weighted Center and Categorical Preference.,Fan Mo 0002|Hayato Yamana
conf/icdm/LiangCNLY23,2023,ICDM,inproceedings,Learning Compact Compositional Embeddings via Regularized Pruning for Recommendation.,Xurong Liang|Tong Chen 0005|Quoc Viet Hung Nguyen|Jianxin Li|Hongzhi Yin
conf/icdm/Wang0C021,2021,ICDM,inproceedings,Dynamic Attributed Graph Prediction with Conditional Normalizing Flows.,Daheng Wang|Tong Zhao 0003|Nitesh V. Chawla|Meng Jiang 0001
conf/icdm/WangX24,2024,ICDM (Workshops),inproceedings,SRSA: A Cost-Efficient Strategy-Router Search Agent for Real-world Human-Machine Interactions.,Yaqi Wang|Haipei Xu
conf/icdm/Yang0G23,2023,ICDM,inproceedings,Graph Open-Set Recognition via Entropy Message Passing.,Lina Yang|Bin Lu 0005|Xiaoying Gan
conf/icdm/HathawayH22,2022,ICDM (Workshops),inproceedings,Diagonally Colorized iVAT Images for Labeled Data.,Elizabeth D. Hathaway|Richard J. Hathaway
conf/icdm/ShuqairJG22,2022,ICDM (Workshops),inproceedings,Incremental Learning in Time-series Data using Reinforcement Learning.,Mustafa Shuqair|Joohi Jimenez-Shahed|Behnaz Ghoraani
conf/icdm/FiorC20,2020,ICDM (Workshops),inproceedings,Exploring the Use of Data at Multiple Granularity Levels in Machine Learning-Based Stock Trading.,Jacopo Fior|Luca Cagliero
conf/icdm/0001LZH0024,2024,ICDM,inproceedings,Emotional Synchronization for Audio-Driven Talking-Head Generation.,Zhao Zhang 0001|Yan Luo 0004|Zhichao Zuo|Richang Hong|Yi Yang 0001|Meng Wang 0001
conf/icdm/WuKDL22,2022,ICDM,inproceedings,Cost-Effective Transfer Learning for Data Streams.,Ocean Wu|Yun Sing Koh|Gillian Dobbie|Thomas Lacombe
conf/icdm/AnHS20,2020,ICDM,inproceedings,ViVA: Semi-supervised Visualization via Variational Autoencoders.,Sungtae An|Shenda Hong|Jimeng Sun 0001
conf/icdm/WangCC020,2020,ICDM,inproceedings,Toward Model Parallelism for Deep Neural Network based on Gradient-free ADMM Framework.,Junxiang Wang|Zheng Chai|Yue Cheng 0001|Liang Zhao 0002
conf/icdm/WangW024,2024,ICDM,inproceedings,MOStream: A Modular and Self-Optimizing Data Stream Clustering Algorithm.,Zhengru Wang|Xin Wang 0120|Shuhao Zhang 0001
conf/icdm/ChunaevNB19,2019,ICDM Workshops,inproceedings,Community Detection in Attributed Social Networks: A Unified Weight-Based Model and Its Regimes.,Petr Chunaev|Ivan Nuzhdenko|Klavdiya Bochenina
conf/icdm/LongAPB23,2023,ICDM,inproceedings,FedDIP: Federated Learning with Extreme Dynamic Pruning and Incremental Regularization.,Qianyu Long|Christos Anagnostopoulos 0001|Shameem Puthiya Parambath|Daning Bi
conf/icdm/ZhangXZLY018,2018,ICDM,inproceedings,CADEN: A Context-Aware Deep Embedding Network for Financial Opinions Mining.,Liang Zhang 0031|Keli Xiao|Hengshu Zhu|Chuanren Liu|Jingyuan Yang 0001|Bo Jin 0001
conf/icdm/MondalGSK18,2018,ICDM Workshops,inproceedings,Khan Academy: A Social Networking and Community Question Answering Perspective.,Sneha Mondal|Akshay Gugnani|Renuka Sindhgatta|Vinay Kumar Reddy Kasireddy
conf/icdm/Su00Q24,2024,ICDM,inproceedings,Debunking Fake News in Online Social Networks Without Text Analysis.,Xing Su 0006|Jian Yang 0001|Jia Wu 0001|Zitai Qiu
conf/icdm/NiuYSGY21,2021,ICDM,inproceedings,Label Dependent Attention Model for Disease Risk Prediction Using Multimodal Electronic Health Records.,Shuai Niu|Qing Yin|Yunya Song|Yike Guo|Xian Yang 0001
conf/icdm/KumarGPCVS20,2020,ICDM (Workshops),inproceedings,CAMTA: Causal Attention Model for Multi-touch Attribution.,Sachin Kumar|Garima Gupta|Ranjitha Prasad|Arnab Chatterjee|Lovekesh Vig|Gautam Shroff
conf/icdm/KarlssonRPG18,2018,ICDM,inproceedings,Explainable Time Series Tweaking via Irreversible and Reversible Temporal Transformations.,Isak Karlsson|Jonathan Rebane|Panagiotis Papapetrou|Aristides Gionis
conf/icdm/LiXXW23a,2023,ICDM,inproceedings,Auto Graph Filtering for Bundle Recommendation.,Xiang-Long Li|Wu-Dong Xi|Xing-Xing Xing|Chang-Dong Wang 0001
conf/icdm/ZhangZZ021,2021,ICDM,inproceedings,GANBLR: A Tabular Data Generation Model.,Yishuo Zhang|Nayyar Abbas Zaidi|Jiahui Zhou|Gang Li 0009
conf/icdm/BianYCWLZ18,2018,ICDM,inproceedings,On Multi-query Local Community Detection.,Yuchen Bian|Yaowei Yan|Wei Cheng 0002|Wei Wang 0010|Dongsheng Luo|Xiang Zhang 0001
conf/icdm/WangZPSMG23,2023,ICDM (Workshops),inproceedings,Dual trustworthy mechanism for illness classification with multi-modality data.,Qing Wang 0043|Jia Zhu 0003|Changfan Pan|Jianyang Shi|Chaojun Meng|Hanghui Guo
conf/icdm/WuSZW0020,2020,ICDM,inproceedings,Meta-path Hierarchical Heterogeneous Graph Convolution Network for High Potential Scholar Recognition.,Yiqing Wu|Ying Sun 0006|Fuzhen Zhuang|Deqing Wang 0001|Xiangliang Zhang 0001|Qing He 0003
conf/icdm/GhoshCFR24,2024,ICDM,inproceedings,Unsupervised Domain Adaptation for Action Recognition via Self-Ensembling and Conditional Embedding Alignment.,Indrajeet Ghosh|Garvit Chugh|Abu Zaher Md Faridee|Nirmalya Roy
conf/icdm/YuCG19,2019,ICDM Workshops,inproceedings,Video Saliency Detection with Gated CNN and Residual Architecture.,Hang Yu|Derong Chen|Jiulu Gong
conf/icdm/WangLZN23,2023,ICDM (Workshops),inproceedings,Adversarial Maritime Trajectory Prediction with Real-time Spatial-Temporal Mutual Influence.,Jie Wang|Dan Li 0016|Zibin Zheng|See-Kiong Ng
conf/icdm/AmazonSRR21,2021,ICDM,inproceedings,DIVINIA: Rare Object Localization and Search in Overhead Imagery.,Jonathan Amazon|Khurram Shafique|Zeeshan Rasheed|Aaron Reite
conf/icdm/ZhaoCWK20,2020,ICDM,inproceedings,A Primal-Dual Subgradient Approach for Fair Meta Learning.,Chen Zhao 0010|Feng Chen 0001|Zhuoyi Wang|Latifur Khan
conf/icdm/Pereira0S20,2020,ICDM (Workshops),inproceedings,$\mu-\text{cf}2\text{vec}$: Representation Learning for Personalized Algorithm Selection in Recommender Systems.,Tomas Sousa Pereira|Tiago Cunha 0001|Carlos Soares
conf/icdm/ZhaLWH20,2020,ICDM,inproceedings,Meta-AAD: Active Anomaly Detection with Deep Reinforcement Learning.,Daochen Zha|Kwei-Herng Lai|Mingyang Wan|Xia Hu 0001
conf/icdm/LoI19,2019,ICDM,inproceedings,Matching Novelty While Training: Novel Recommendation Based on Personalized Pairwise Loss Weighting.,Kachun Lo|Tsukasa Ishigaki
conf/icdm/MaheshwaryL024,2024,ICDM (Workshops),inproceedings,Investigating the Role of Metaphors in Human-AI Conversation and Engagement.,Pragati Maheshwary|Qiawen Liu|Rui Mao 0010
conf/icdm/TangH23,2023,ICDM (Workshops),inproceedings,Online Change Point Detection in Open Feature Spaces.,Yixiang Tang|Yi He
conf/icdm/SongTBJWW20,2020,ICDM,inproceedings,TopicOcean: An Ever-Increasing Topic Model With Meta-learning.,Yuanfeng Song|Yongxin Tong|Siqi Bao|Di Jiang 0004|Hua Wu 0003|Raymond Chi-Wing Wong
conf/icdm/LiaoM24,2024,ICDM,inproceedings,Hypergraph-Enhanced Contrastively Regularized Transformer for Multi-Behavior E-commerce Product Recommendation.,Shuiying Liao|P. Y. Mok 0001
conf/icdm/Ding0Z0L019,2019,ICDM,inproceedings,Reinforcement Learning Based Monte Carlo Tree Search for Temporal Path Discovery.,Pengfei Ding 0001|Guanfeng Liu 0001|Pengpeng Zhao 0001|An Liu 0002|Zhixu Li|Kai Zheng 0001
conf/icdm/OetomoPBR21,2021,ICDM,inproceedings,Cutting to the Chase with Warm-Start Contextual Bandits.,Bastian Oetomo|R. Malinga Perera|Renata Borovica-Gajic|Benjamin I. P. Rubinstein
conf/icdm/SadawiMIHG19,2019,ICDM Workshops,inproceedings,Gesture Correctness Estimation with Deep Neural Networks and Rough Path Descriptors.,Noureddin Sadawi|Alina Dana Miron|Waidah Ismail|Hafez Hussain|Crina Grosan
conf/icdm/SongJHH18,2018,ICDM,inproceedings,Multi-label Adversarial Perturbations.,Qingquan Song|Haifeng Jin|Xiao Huang 0001|Xia Hu 0001
conf/icdm/DenhamLSN21,2021,ICDM,inproceedings,Gain-Some-Lose-Some: Reliable Quantification Under General Dataset Shift.,Benjamin Denham|Edmund M.-K. Lai|Roopak Sinha|Muhammad Asif Naeem
conf/icdm/BernardoVB20,2020,ICDM (Workshops),inproceedings,Incremental Rebalancing Learning on Evolving Data Streams.,Alessio Bernardo|Emanuele Della Valle|Albert Bifet
conf/icdm/GeWXLZ19,2019,ICDM,inproceedings,An Integrated Model for Urban Subregion House Price Forecasting: A Multi-source Data Perspective.,Chuancai Ge|Yang Wang 0015|Xike Xie|Hengchang Liu|Zhengyang Zhou
conf/icdm/ZhouYZT21,2021,ICDM,inproceedings,Joint Scence Network and Attention-Guided for Image Captioning.,Dongming Zhou|Jing Yang 0046|Canlong Zhang|Yanping Tang
conf/icdm/ZhangZCSLZ23,2023,ICDM,inproceedings,Infinitely Deep Graph Transformation Networks.,Lei Zhang 0158|Qisheng Zhang|Zhiqian Chen|Yanshen Sun|Chang-Tien Lu|Liang Zhao 0002
conf/icdm/WangJYD20,2020,ICDM,inproceedings,Integrating Group Homophily and Individual Personality of Topics Can Better Model Network Communities.,Yingkui Wang|Di Jin 0001|Carl Yang 0001|Jianwu Dang 0001
conf/icdm/PracianoCMMJP18,2018,ICDM Workshops,inproceedings,Spatio-Temporal Trend Analysis of the Brazilian Elections Based on Twitter Data.,Bruno Justino Garcia Praciano|Jo|Joao Paulo Abreu Maranhao|F|Rafael Tim|Juliano Barbosa Prettz
conf/icdm/HeCXH22,2022,ICDM,inproceedings,Structural Robust Label Propagation on Homogeneous Graphs.,Qiuting He|Jinsong Chen 0002|Hao Xu 0047|Kun He 0001
conf/icdm/WenCWT21,2021,ICDM,inproceedings,PRGAN: Personalized Recommendation with Conditional Generative Adversarial Networks.,Jing Wen|Bi-Yi Chen|Chang-Dong Wang 0001|Zhihong Tian
conf/icdm/JTC22,2022,ICDM (Workshops),inproceedings,Stress Identification in Online Social Networks.,Ashok Kumar J|Tina Esther Trueman|Erik Cambria
conf/icdm/ZhangHZH19,2019,ICDM,inproceedings,Generalized Adversarial Training in Riemannian Space.,Shufei Zhang|Kaizhu Huang|Rui Zhang 0012|Amir Hussain 0001
conf/icdm/DrawsLT20,2020,ICDM (Workshops),inproceedings,Helping users discover perspectives: Enhancing opinion mining with joint topic models.,Tim Draws|Jody Liu|Nava Tintarev
conf/icdm/AbolfazliSPA23,2023,ICDM,inproceedings,A Deep Reinforcement Learning Approach to Configuration Sampling Problem.,Amir Abolfazli|Jakob Spiegelberg|Gregory Palmer|Avishek Anand
conf/icdm/00400000024,2024,ICDM,inproceedings,GQ*: Towards Generalizable Deep Q-Learning for Steiner Tree in Graphs.,Wei Huang 0040|Hanchen Wang 0001|Dong Wen 0001|Xuefeng Chen 0001|Wenjie Zhang 0001|Ying Zhang 0001
conf/icdm/QiLCG22,2022,ICDM (Workshops),inproceedings,Mining Valuable Fuzzy Patterns via the RFM Model.,Yanlin Qi|Fuyin Lai|Guoting Chen|Wensheng Gan
conf/icdm/EtterHELLC23,2023,ICDM (Workshops),inproceedings,Evading Deep Learning-Based Malware Detectors via Obfuscation: A Deep Reinforcement Learning Approach.,Brian Etter|James Lee Hu|Mohammadreza Ebrahimi 0001|Weifeng Li 0002|Xin Li 0108|Hsinchun Chen
conf/icdm/KoYBP0K21,2021,ICDM,inproceedings,MASCOT: A Quantization Framework for Efficient Matrix Factorization in Recommender Systems.,Yun-Yong Ko|Jae-Seo Yu|Hong-Kyun Bae|Yongjun Park 0001|Dongwon Lee 0001|Sang-Wook Kim
conf/icdm/XueZ0C24,2024,ICDM (Workshops),inproceedings,Understanding the Hidden State of Language Models from the Perspective of Sentiment Analysis.,Kaicheng Xue|Xulang Zhang|Rui Mao 0010|Erik Cambria
conf/icdm/ZhengLLW20,2020,ICDM (Workshops),inproceedings,DGTN: Dual-channel Graph Transition Network for Session-based Recommendation.,Yujia Zheng 0001|Siyi Liu|Zekun Li 0001|Shu Wu
conf/icdm/Li0HK19,2019,ICDM,inproceedings,Learning a Low-Rank Tensor of Pharmacogenomic Multi-relations from Biomedical Networks.,Zhuliu Li|Wei Zhang 0076|Rong Stephanie Huang|Rui Kuang
conf/icdm/ZhaoPACLH19,2019,ICDM,inproceedings,Elastic Bulk Synchronous Parallel Model for Distributed Deep Learning.,Xing Zhao 0004|Manos Papagelis|Aijun An|Bao Xin Chen|Junfeng Liu 0005|Yonggang Hu
conf/icdm/Lian024,2024,ICDM (Workshops),inproceedings,Urban Functional Zone Delineation Aided by Vision Foundation Models.,Heng Lian 0001|Yi He 0007
conf/icdm/FukushimaY23,2023,ICDM,inproceedings,Balancing Summarization and Change Detection in Graph Streams.,Shintaro Fukushima|Kenji Yamanishi
conf/icdm/QiangZWWLD24,2024,ICDM,inproceedings,A Momentum Contrastive Learning Framework for Query-POI Matching.,Yuting Qiang|Jianbing Zheng 0002|Lixia Wu|Haomin Wen|Junhong Lou|Minhui Deng
conf/icdm/QiuHY21,2021,ICDM,inproceedings,Memory Augmented Multi-Instance Contrastive Predictive Coding for Sequential Recommendation.,Ruihong Qiu|Zi Huang|Hongzhi Yin
conf/icdm/DengHJLH23,2023,ICDM (Workshops),inproceedings,A contactless automated dynamic monitoring method for organoid morphology on the time axis.,Xun Deng|Lun Hu|Zekun Jiang|Lu Liu|Peng-Wei Hu 0001
conf/icdm/DalleigerV20,2020,ICDM,inproceedings,The Relaxed Maximum Entropy Distribution and its Application to Pattern Discovery.,Sebastian Dalleiger|Jilles Vreeken
conf/icdm/MoultonJ18,2018,ICDM,inproceedings,Maximally Consistent Sampling and the Jaccard Index of Probability Distributions.,Ryan Moulton|Yunjiang Jiang
conf/icdm/ZhongLL023,2023,ICDM (Workshops),inproceedings,An Adaptive Alternating-direction-method-based Nonnegative Latent Factor Model.,Yurong Zhong|Weiling Li|Zhigang Liu 0006|Xin Luo 0001
conf/icdm/ShenL18,2018,ICDM,inproceedings,T2S: Domain Adaptation Via Model-Independent Inverse Mapping and Model Reuse.,Zhi-Yu Shen|Ming Li 0005
conf/icdm/OwusuTPBW23,2023,ICDM,inproceedings,Rethinking Temporal Dependencies in Multiple Time Series: A Use Case in Financial Data.,Patrick Asante Owusu|Etienne Gael Tajeuna|Jean-Marc Patenaude|Armelle Brun|Shengrui Wang
conf/icdm/YeZL20,2020,ICDM (Workshops),inproceedings,Cross-Session Aware Temporal Convolutional Network for Session-based Recommendation.,Rui Ye|Qing Zhang|Hengliang Luo
conf/icdm/SzycWM24,2024,ICDM (Workshops),inproceedings,Beyond Overall Accuracy: Exploring Per-Class Performance Reveals Robustness and Safety Gaps in Deep Models.,Kamil Szyc|Tomasz Walkowiak|Henryk Maciejewski
conf/icdm/DaoNKZ20,2020,ICDM (Workshops),inproceedings,Insights From Urban Sensing Data: From Chaos to Predicted Congestion Patterns.,Minh-Son Dao|Ngoc-Thanh Nguyen|R. Uday Kiran|Koji Zettsu
conf/icdm/KiniM20,2020,ICDM (Workshops),inproceedings,Revenue Maximization using Multitask Learning for Promotion Recommendation.,Venkataramana B. Kini|Ashwin Manjunatha
conf/icdm/LiuLNX20,2020,ICDM,inproceedings,Online Optimized Product Quantization.,Chong Liu|Defu Lian|Min Nie|Hu Xia
conf/icdm/WuLH23,2023,ICDM (Workshops),inproceedings,Predicting Value-at-Risk with Risk-aware Mutual Attention Mechanism.,Chien-Shuo Wu|Shiou-Chi Li|Jen-Wei Huang
conf/icdm/WangGZYZ18,2018,ICDM,inproceedings,Incomplete Label Uncertainty Estimation for Petition Victory Prediction with Dynamic Features.,Junxiang Wang|Yuyang Gao|Andreas Z|Jingyuan Yang 0001|Liang Zhao 0002
conf/icdm/Cai0NZ23a,2023,ICDM (Workshops),inproceedings,Resolving the Imbalance Issue in Hierarchical Disciplinary Topic Inference via LLM-based Data Augmentation.,Xunxin Cai|Meng Xiao 0001|Zhiyuan Ning 0001|Yuanchun Zhou
conf/icdm/LiuTZZ20,2020,ICDM (Workshops),inproceedings,Attentive-Feature Transfer based on Mapping for Cross-domain Recommendation.,Zhen Liu|Jingyu Tian|Lingxi Zhao|Yanling Zhang
conf/icdm/LutovKC18,2018,ICDM Workshops,inproceedings,Clubmark: A Parallel Isolation Framework for Benchmarking and Profiling Clustering Algorithms on NUMA Architectures.,Artem Lutov|Mourad Khayati|Philippe Cudr
conf/icdm/FolkmanFP18,2018,ICDM Workshops,inproceedings,GenERes: A Genealogical Entity Resolution System.,Tyler Folkman|Rey Furner|Drew Pearson
conf/icdm/ShuklaSB20,2020,ICDM (Workshops),inproceedings,Sample-Rank: Weak Multi-Objective Recommendations Using Rejection Sampling.,Abhay Shukla|Jairaj Sathyanarayana|Dipyaman Banerjee
conf/icdm/0008XYW22,2022,ICDM,inproceedings,Few-shot Anomaly Detection and Classification Through Reinforced Data Selection.,Xiao Han 0008|Depeng Xu 0001|Shuhan Yuan|Xintao Wu
conf/icdm/Xiong0HC19,2019,ICDM,inproceedings,Privacy-Preserving Auto-Driving: A GAN-Based Approach to Protect Vehicular Camera Data.,Zuobin Xiong|Wei Li 0059|Qilong Han|Zhipeng Cai 0001
conf/icdm/ChenWLYSL18,2018,ICDM,inproceedings,Dynamic Illness Severity Prediction via Multi-task RNNs for Intensive Care Unit.,Weitong Chen 0001|Sen Wang 0001|Guodong Long|Lina Yao 0001|Quan Z. Sheng|Xue Li 0001
conf/icdm/WangBDM19,2019,ICDM Workshops,inproceedings,A Markov Network Model for Natural Language Semantic Matching.,Lidan Wang|Trung Bui|Franck Dernoncourt|Natwar Modani
conf/icdm/KarabulutB24,2024,ICDM,inproceedings,Channel-Attentive Graph Neural Networks.,Tugrul Hasan Karabulut|Inci M. Baytas
conf/icdm/ShrivastavaPKAK23,2023,ICDM (Workshops),inproceedings,INFRANET: Forecasting intermittent time series using DeepNet with parameterized conditional demand and size distribution.,Diksha Shrivastava|Sarthak Pujari|Yatin Katyal|Siddhartha Asthana|Chandrudu K|Aakashdeep Singh
conf/icdm/RahiliROC18,2018,ICDM Workshops,inproceedings,Optimal Routing for Autonomous Taxis using Distributed Reinforcement Learning.,Salar Rahili|Benjamin Rivi|Suzanne Olivier|Soon-Jo Chung
conf/icdm/ChenC0H0G24,2024,ICDM,inproceedings,HomoMGC: Homophily-Enhanced Adaptive Graph Refinement for Multi-View Graph Clustering.,Man-Sheng Chen|Xiaosha Cai|Chang-Dong Wang 0001|Dong Huang 0001|Min Chen 0003|Mohsen Guizani
conf/icdm/LiWCWWH24,2024,ICDM,inproceedings,Adaptive Graph Neural Networks for Cold-Start Multimedia Recommendation.,Zhen Li|Jibin Wang|Zhuo Chen|Kun Wu|Yuanzhen Wei|Hai Huang
conf/icdm/RenYS021,2021,ICDM,inproceedings,Causal Discovery with Flow-based Conditional Density Estimation.,Shaogang Ren|Haiyan Yin|Mingming Sun 0001|Ping Li 0001
conf/icdm/YehGZZGZ20,2020,ICDM (Workshops),inproceedings,Towards a Flexible Embedding Learning Framework.,Chin-Chia Michael Yeh|Dhruv Gelda|Zhongfang Zhuang|Yan Zheng 0001|Liang Gou|Wei Zhang 0189
conf/icdm/AbediDCK22,2022,ICDM (Workshops),inproceedings,MAISON - Multimodal AI-based Sensor platform for Older Individuals.,Ali Abedi 0003|Faranak Dayyani|Charlene H. Chu|Shehroz S. Khan
conf/icdm/JiaoXZ0ZZ20,2020,ICDM,inproceedings,Sub-graph Contrast for Scalable Self-Supervised Graph Representation Learning.,Yizhu Jiao|Yun Xiong|Jiawei Zhang 0001|Yao Zhang 0009|Tianqi Zhang|Yangyong Zhu
conf/icdm/XuXYW20,2020,ICDM,inproceedings,Order-Preserving Metric Learning for Mining Multivariate Time Series.,Jie Xu 0012|Zhenxing Xu|Bin Yu|Fei Wang 0001
conf/icdm/WozniakKJKK24,2024,ICDM (Workshops),inproceedings,Personalized Large Language Models.,Stanislaw Wozniak|Bartlomiej Koptyra|Arkadiusz Janz|Przemyslaw Kazienko|Jan Kocon
conf/icdm/WongD20,2020,ICDM (Workshops),inproceedings,Pelican: Continual Adaptation for Phishing Detection.,Wernsen Wong|Gillian Dobbie
conf/icdm/ZouZYWJ023,2023,ICDM (Workshops),inproceedings,Emotion Recognition in Social Network Texts Based on A Multilingual Architecture.,Jiajun Zou|Yexuan Zhang|Jinshuai Yang|Sixing Wu|Minghu Jiang|Yongfeng Huang 0001
conf/icdm/GeYSLL22,2022,ICDM (Workshops),inproceedings,ENiD: An Encrypted Web Pages Traffic Identification Based on Web Visiting Behavior.,Mengmeng Ge 0003|Xiangzhan Yu|Vinay Mysore Sachidananda|Shangqing Liu|Likun Liu
conf/icdm/ZhaoHSLW20,2020,ICDM,inproceedings,Interactive Attention Networks for Semantic Text Matching.,Sendong Zhao|Yong Huang|Chang Su 0002|Yuantong Li|Fei Wang 0001
conf/icdm/KotaniS18,2018,ICDM Workshops,inproceedings,Unsupervised Scanning Behavior Detection Based on Distribution of Network Traffic Features Using Robust Autoencoders.,Gaku Kotani|Yuji Sekiya
conf/icdm/ZuoZT21,2021,ICDM,inproceedings,SMATE: Semi-Supervised Spatio-Temporal Representation Learning on Multivariate Time Series.,Jingwei Zuo|Karine Zeitouni|Yehia Taher
conf/icdm/VictorH19,2019,ICDM Workshops,inproceedings,Cryptocurrency Pump and Dump Schemes: Quantification and Detection.,Friedhelm Victor|Tanja Hagemann
conf/icdm/ShenLCBTP18,2018,ICDM,inproceedings,GINA: Group Gender Identification Using Privacy-Sensitive Audio Data.,Jiaxing Shen|Oren Lederman|Jiannong Cao 0001|Florian Berg|Shaojie Tang 0001|Alex Pentland
conf/icdm/NagayaUT19,2019,ICDM Workshops,inproceedings,Tracking Topics of Influential Tweets on Fukushima Disaster Over Long Periods of Time.,Hiroshi Nagaya|Kazuko Uno|Hiroyuki A. Torii
conf/icdm/YangK18,2018,ICDM,inproceedings,Collapsed Variational Inference for Nonparametric Bayesian Group Factor Analysis.,Sikun Yang|Heinz Koeppl
conf/icdm/MizufuneK18,2018,ICDM Workshops,inproceedings,Joint Classification Model of Topic and Polarity: Finding Satisfaction and Dissatisfaction Factors from Airport Service Review.,Kosuke Mizufune|Sotaro Katsumata
conf/icdm/ZhangGZB20,2020,ICDM,inproceedings,Learning Periods from Incomplete Multivariate Time Series.,Lin Zhang|Alexander Gorovits|Wenyu Zhang 0003|Petko Bogdanov
conf/icdm/JamilPCC24,2024,ICDM (Workshops),inproceedings,Emotion Retrieval Using Generative Models: An Exploratory Study.,M. Luqman Jamil|Sebasti|Andr|Jo
conf/icdm/ZhangMS18,2018,ICDM,inproceedings,Chinese Medical Concept Normalization by Using Text and Comorbidity Network Embedding.,Yizhou Zhang|Xiaojun Ma 0001|Guojie Song
conf/icdm/EbrahimiLCPC22,2022,ICDM (Workshops),inproceedings,An Adversarial Reinforcement Learning Framework for Robust Machine Learning-based Malware Detection.,Mohammadreza Ebrahimi 0001|Weifeng Li 0002|Yidong Chai|Jason Pacheco|Hsinchun Chen
conf/icdm/ChenWSC22,2022,ICDM,inproceedings,Correntropy-Induced Tensor Learning for Multi-view Subspace Clustering.,Yongyong Chen|Shuqin Wang 0001|Jingyong Su|Junxin Chen 0001
conf/icdm/LanfermannSW22,2022,ICDM (Workshops),inproceedings,Understanding Concept Identification as Consistent Data Clustering Across Multiple Feature Spaces.,Felix Lanfermann|Sebastian Schmitt|Patricia Wollstadt
conf/icdm/BallenG18,2018,ICDM Workshops,inproceedings,Elastic Nonnegative Matrix Factorization.,Peter Ballen|Sudipto Guha
conf/icdm/TranE24,2024,ICDM (Workshops),inproceedings,Energy-efficiency Management Framework of a Ship based on Data Classification Technique.,Tien Anh Tran|Sathishkumar Veerappampalayam Easwaramoorthy
conf/icdm/LiuJGCY24,2024,ICDM (Workshops),inproceedings,The Chain of Narrative Framework: Advancing Controllable Generation of Financial Themes.,Shuoling Liu|Gaoguo Jia|Dongsheng Gu|Liyuan Chen|Qiang Yang
conf/icdm/DuongN22,2022,ICDM,inproceedings,Conditional Independence Testing via Latent Representation Learning.,Bao Duong|Thin Nguyen
conf/icdm/ZhengZCL0P22,2022,ICDM,inproceedings,Multi-Relational Graph Neural Architecture Search with Fine-grained Message Passing.,Xin Zheng 0008|Miao Zhang 0022|Chunyang Chen 0001|Chaojie Li|Chuan Zhou 0001|Shirui Pan
conf/icdm/QinWC021,2021,ICDM,inproceedings,GQNAS: Graph Q Network for Neural Architecture Search.,Yijian Qin|Xin Wang 0019|Peng Cui 0001|Wenwu Zhu 0001
conf/icdm/RuchteG21,2021,ICDM,inproceedings,Scalable Pareto Front Approximation for Deep Multi-Objective Learning.,Michael Ruchte|Josif Grabocka
conf/icdm/ZhaoCYZW18,2018,ICDM Workshops,inproceedings,Recommendation with Hybrid Interest Model.,Hanqing Zhao|Xu Chen 0026|Jiangchao Yao|Ya Zhang 0002|Yanfeng Wang 0001
conf/icdm/JangSVKC24,2024,ICDM,inproceedings,D-Cube: Exploiting Hyper-Features of Diffusion Model for Robust Medical Classification.,Minhee Jang|Juheon Son|Thanaporn Viriyasaranon|Junho Kim|Jang Hwan Choi 0001
conf/icdm/LinKS024,2024,ICDM,inproceedings,Controllable Visit Trajectory Generation with Spatiotemporal Constraints.,Haowen Lin|John Krumm|Cyrus Shahabi|Li Xiong 0001
conf/icdm/ChakeriL18,2018,ICDM Workshops,inproceedings,From Geolocation-Based Only to Semantically-Aware Digital Advertising: A Neural Embedding Approach.,Alireza Chakeri|Mark Lowe
conf/icdm/ZhengZ22,2022,ICDM,inproceedings,Knowledge-Guided Semantics Adjustment for Improved Few-Shot Classification.,Guangtao Zheng|Aidong Zhang 0001
conf/icdm/KiranRZTKR19,2019,ICDM Workshops,inproceedings,Discovering Spatial Weighted Frequent Itemsets in Spatiotemporal Databases.,Rage Uday Kiran|P. P. C. Reddy|Koji Zettsu|Masashi Toyoda|Masaru Kitsuregawa|P. Krishna Reddy
conf/icdm/HossainHCRM24,2024,ICDM (Workshops),inproceedings,"Bengali Cyberbullying: Detection, Categorization, and Gender Bias Analysis.",Md. Mithun Hossain|Md Shakil Hossain|Sudipto Chaki|Md. Saifur Rahman|Mohammad Ali Moni
conf/icdm/JiangWLC19,2019,ICDM Workshops,inproceedings,A New Classification Method of Signature Network Node Based on Potential Space Projection.,Weijin Jiang|Yang Wang|Xiaoliang Liu|Jiahui Chen 0003
conf/icdm/LeGJL20,2020,ICDM (Workshops),inproceedings,TrustedChain: A Blockchain-based Data Sharing Scheme for Supply Chain.,Gejun Le|Qifeng Gu|Qingshan Jiang|Weiyi Lin
conf/icdm/OggierPD18,2018,ICDM Workshops,inproceedings,BiVA: Bitcoin Network Visualization & Analysis.,Fr|Silivanxay Phetsouvanh|Anwitaman Datta
conf/icdm/LiCLZL23,2023,ICDM,inproceedings,Efficient and Effective Entity Alignment for Evolving Temporal Knowledge Graphs.,Yunfei Li|Lu Chen 0008|Chengfei Liu|Rui Zhou 0001|Jianxin Li 0001
conf/icdm/TanLS20,2020,ICDM (Workshops),inproceedings,MIR_MAD: An Efficient and On-line Approach for Anomaly Detection in Dynamic Data Stream.,Chang How Tan|Vincent C. S. Lee|Mahsa Salehi
conf/icdm/KangZK0QD18,2018,ICDM,inproceedings,Clustering on Sparse Data in Non-overlapping Feature Space with Applications to Cancer Subtyping.,Tianyu Kang|Kourosh Zarringhalam|Marieke L. Kuijjer|Ping Chen 0001|John Quackenbush|Wei Ding 0003
conf/icdm/TamangBDA24,2024,ICDM,inproceedings,Margin-Bounded Confidence Scores for Out-of-Distribution Detection.,Lakpa Dorje Tamang|Mohamed Reda Bouadjenek|Richard Dazeley|Sunil Aryal
conf/icdm/TianXS21,2021,ICDM,inproceedings,Streaming Dynamic Graph Neural Networks for Continuous-Time Temporal Graph Modeling.,Sheng Tian|Tao Xiong|Leilei Shi
conf/icdm/WangGWHL19,2019,ICDM Workshops,inproceedings,Traffic Flow Prediction Based on Deep Neural Networks.,Yashan Wang|Yuchun Guo|Zhongrui Wei|Yin Huang|Xiang Liu
conf/icdm/ShawiS22,2022,ICDM (Workshops),inproceedings,cSmartML-Glassbox: Increasing Transparency and Controllability in Automated Clustering.,Radwa El Shawi|Sherif Sakr
conf/icdm/Li0Z024,2024,ICDM,inproceedings,Zero-Shot Link Prediction in Knowledge Graphs with Large Language Models.,Mingchen Li|Chen Ling 0003|Rui Zhang 0028|Liang Zhao 0002
conf/icdm/0001RDJZL20,2020,ICDM,inproceedings,Robust Meta Network Embedding against Adversarial Attacks.,Yang Zhou 0001|Jiaxiang Ren 0001|Dejing Dou|Ruoming Jin|Jingyi Zheng|Kisung Lee
conf/icdm/ZhangXWZ19,2019,ICDM,inproceedings,Boosted Trajectory Calibration for Traffic State Estimation.,Xitong Zhang|Liyang Xie|Zheng Wang|Jiayu Zhou
conf/icdm/SinglaSCS22,2022,ICDM (Workshops),inproceedings,What Do Audio Transformers Hear? Probing Their Representations For Language Delivery & Structure.,Yaman Kumar Singla|Jui Shah|Changyou Chen|Rajiv Ratn Shah
conf/icdm/HongKHLL20,2020,ICDM (Workshops),inproceedings,A Tree-based Fuzzy Average-Utility Mining Algorithm.,Tzung-Pei Hong|Meng-Ping Ku|Wei-Ming Huang|Shu-Min Li|Jerry Chun-Wei Lin
conf/icdm/HuangPYWS21,2021,ICDM,inproceedings,"Flexible, Robust, Scalable Semi-supervised Learning via Reliability Propagation.",Chen Huang|Liangxu Pan|Qinli Yang|Hongliang Wang|Junming Shao
conf/icdm/SukharevSFPB20,2020,ICDM,inproceedings,EWS-GCN: Edge Weight-Shared Graph Convolutional Network for Transactional Banking Data.,Ivan Sukharev|Valentina Shumovskaia|Kirill Fedyanin|Maxim Panov|Dmitry Berestnev
conf/icdm/SwamiGVB24,2024,ICDM (Workshops),inproceedings,A Data-Driven Approach for Ancillary Bundle Recommendation to Segmented Users.,Aakash Swami|Narendhar Gugulothu|Tirumala V|Sanjay Bhat
conf/icdm/Moraffah022,2022,ICDM,inproceedings,Query-Efficient Target-Agnostic Black-Box Attack.,Raha Moraffah|Huan Liu 0001
conf/icdm/DostTRW20,2020,ICDM,inproceedings,Your Best Guess When You Know Nothing: Identification and Mitigation of Selection Bias.,Katharina Dost|Katerina Taskova|Patricia Riddle|J
conf/icdm/LiPLP023,2023,ICDM,inproceedings,Interpretable Subgraph Feature Extraction for Hyperlink Prediction.,Peiyan Li 0002|Liming Pan|Kai Li|Claudia Plant|Christian B
conf/icdm/ChaturvediRGC20,2020,ICDM (Workshops),inproceedings,COAL: Convolutional Online Adaptation Learning for Opinion Mining.,Iti Chaturvedi|Edoardo Ragusa|Paolo Gastaldo|Erik Cambria
conf/icdm/ReisLHV18,2018,ICDM Workshops,inproceedings,Large Database Schema Matching using Data Mining Techniques.,Debora Gomes dos Reis|Marcelo Ladeira|Maristela Holanda|M
conf/icdm/WangD22,2022,ICDM (Workshops),inproceedings,Degree-Related Bias in Link Prediction.,Yu Wang 0160|Tyler Derr
conf/icdm/YanF0Y023,2023,ICDM (Workshops),inproceedings,User Preference Learning based on Automatic Environment Classification for General Debiasing in Recommendation Systems.,Chengshan Yan|Shanshan Feng|Jian Cao 0001|Yan Yao 0001|Huaxiang Zhang 0001
conf/icdm/HeK20,2020,ICDM (Workshops),inproceedings,Stock Price Prediction by Using Hybrid Sequential Generative Adversarial Networks.,Bate He|Eisuke Kita
conf/icdm/YeZXZYX19,2019,ICDM,inproceedings,Identifying High Potential Talent: A Neural Network Based Dynamic Social Profiling Approach.,Yuyang Ye 0002|Hengshu Zhu|Tong Xu 0001|Fuzhen Zhuang|Runlong Yu|Hui Xiong 0001
conf/icdm/ChenGA20,2020,ICDM,inproceedings,LFGCN: Levitating over Graphs with Levy Flights.,Yuzhou Chen|Yulia R. Gel|Konstantin Avrachenkov
conf/icdm/TranNDN23,2023,ICDM,inproceedings,Differentiable Bayesian Structure Learning with Acyclicity Assurance.,Quang-Duy Tran|Phuoc Nguyen|Bao Duong|Thin Nguyen
conf/icdm/SahnanDGB021,2021,ICDM,inproceedings,Better Prevent than React: Deep Stratified Learning to Predict Hate Intensity of Twitter Reply Chains.,Dhruv Sahnan|Snehil Dahiya|Vasu Goel|Anil Bandhakavi|Tanmoy Chakraborty 0002
conf/icdm/DuWHZJ23,2023,ICDM (Workshops),inproceedings,Automatic Component Identification Based on Time Series Classification for Intelligent Devices.,Mingsen Du|Yanxuan Wei|Yupeng Hu 0003|Xiangwei Zheng 0001|Cun Ji
conf/icdm/DongY0X021,2021,ICDM,inproceedings,MetaGB: A Gradient Boosting Framework for Efficient Task Adaptive Meta Learning.,Manqing Dong|Lina Yao 0001|Xianzhi Wang 0001|Xiwei Xu 0001|Liming Zhu 0001
conf/icdm/KilleenKYB23a,2023,ICDM (Workshops),inproceedings,"Using UAV-Based Multispectral Imagery, Data-Driven Models, and Spatial Cross-Validation for Corn Grain Yield Prediction.",Patrick Killeen|Iluju Kiringa|Tet Hin Yeap|Paula Branco
conf/icdm/LeeH0Y21,2021,ICDM,inproceedings,Out-of-Category Document Identification Using Target-Category Names as Weak Supervision.,Dongha Lee 0003|Dongmin Hyun|Jiawei Han 0001|Hwanjo Yu
conf/icdm/MillsSKSHH18,2018,ICDM Workshops,inproceedings,Parallel k-Means Clustering of Geospatial Data Sets Using Manycore CPU Architectures.,Richard Tran Mills|Vamsi Sripathi|Jitendra Kumar 0001|Sarat Sreepathi|Forrest M. Hoffman|William W. Hargrove
conf/icdm/SatheA19,2019,ICDM,inproceedings,Nearest Neighbor Classifiers Versus Random Forests and Support Vector Machines.,Saket Sathe 0001|Charu C. Aggarwal
conf/icdm/WuYPY21,2021,ICDM,inproceedings,Adapting Membership Inference Attacks to GNN for Graph Classification: Approaches and Implications.,Bang Wu 0004|Xiangwen Yang|Shirui Pan|Xingliang Yuan
conf/icdm/WangZ00ZX20,2020,ICDM,inproceedings,AtNE-Trust: Attributed Trust Network Embedding for Trust Prediction in Online Social Networks.,Qi Wang 0078|Weiliang Zhao|Jian Yang 0001|Jia Wu 0001|Chuan Zhou 0001|Qianli Xing 0002
conf/icdm/ZhangSZWW020,2020,ICDM,inproceedings,MDPL-net: Multi-layer Dictionary Learning Network with Added Skip Dense Connections.,Zhao Zhang 0001|Yulin Sun|Zheng Zhang 0006|Yang Wang 0023|Lin Wu 0001|Meng Wang 0001
conf/icdm/SakataOT18,2018,ICDM Workshops,inproceedings,An Extension of Gradient Boosted Decision Tree Incorporating Statistical Tests.,Ryuji Sakata|Iku Ohama|Tadahiro Taniguchi
conf/icdm/LinWSKK23,2023,ICDM,inproceedings,Multi-Label Personalized Classification via Exclusive Sparse Tensor Factorization.,Weijia Lin|Jiankun Wang 0002|Lu Sun 0001|Mineichi Kudo|Keigo Kimura
conf/icdm/LeeNC20,2020,ICDM (Workshops),inproceedings,Anomaly Detection and Visualization for Electricity Consumption Data.,Nyoungwoo Lee|Jehyun Nam|Ho-Jin Choi
conf/icdm/ChenQWCW19,2019,ICDM Workshops,inproceedings,Efficient Adoption Maximization in Multi-layer Social Networks.,Shuntong Chen|Huaien Qian|Yanping Wu|Chen Chen 0017|Xiaoyang Wang 0002
conf/icdm/CongLY22,2022,ICDM (Workshops),inproceedings,Augmenting Graph Convolution with Distance Preserving Embedding for Improved Learning.,Guojing Cong|Seung-Hwan Lim|Steven Young
conf/icdm/KostyuchenkoJ20,2020,ICDM (Workshops),inproceedings,Blockchain Applications to combat the global trade of falsified drugs.,Yulia Kostyuchenko|Qingshan Jiang
conf/icdm/IvanovDB18,2018,ICDM Workshops,inproceedings,Learning Node Embeddings for Influence Set Completion.,Sergey Ivanov|Nikita Durasov|Evgeny Burnaev
conf/icdm/ZhangLZZZW21,2021,ICDM,inproceedings,MERITS: Medication Recommendation for Chronic Disease with Irregular Time-Series.,Shuai Zhang 0026|Jianxin Li 0002|Haoyi Zhou|Qishan Zhu|Shanghang Zhang|Danding Wang
conf/icdm/ZhaoZYY19,2019,ICDM Workshops,inproceedings,Feature-Matching Speech Denoising GANs via Progressive Training.,Li Zhao|Fang Zhou|Chun Yang|Xu-Cheng Yin
conf/icdm/WuMJZWZ22,2022,ICDM,inproceedings,GRANDE: a neural model over directed multigraphs with application to anti-money laundering.,Ruofan Wu|Boqun Ma|Hong Jin|Wenlong Zhao 0013|Weiqiang Wang 0002|Tianyi Zhang
conf/icdm/LiuWM18,2018,ICDM Workshops,inproceedings,Improving the Interpretability of Deep Neural Networks with Knowledge Distillation.,Xuan Liu 0007|Xiaoguang Wang 0001|Stan Matwin
conf/icdm/KrishnamoorthyR19,2019,ICDM Workshops,inproceedings,An Utility-Based Storage Assignment Strategy for e-Commerce Warehouse Management.,Srikumar Krishnamoorthy|Debjit Roy
conf/icdm/AssafGBS19,2019,ICDM,inproceedings,MTEX-CNN: Multivariate Time Series EXplanations for Predictions with Convolutional Neural Networks.,Roy Assaf|Ioana Giurgiu|Frank Bagehorn|Anika Schumann
conf/icdm/XuanX19,2019,ICDM Workshops,inproceedings,"Rumor Stance Classification via Machine Learning with Text, User and Propagation Features.",Kaizhou Xuan|Rui Xia
conf/icdm/JamilPPCN23,2023,ICDM (Workshops),inproceedings,Challenges of Profiling Offenders for Recidivism Risk.,M. Luqman Jamil|Sebasti|Nuno Pombo|Jo|Pedro Neves
conf/icdm/MarzuoliMF18,2018,ICDM Workshops,inproceedings,Passenger-Centric Metrics for Air Transportation Leveraging Mobile Phone and Twitter Data.,Aude Marzuoli|Philippe Monmousseau|Eric Feron
conf/icdm/XieH20,2020,ICDM,inproceedings,Semi-Supervised Partial Multi-Label Learning.,Ming-Kun Xie|Sheng-Jun Huang
conf/icdm/LiuTALH18,2018,ICDM,inproceedings,Distribution Preserving Multi-task Regression for Spatio-Temporal Data.,Xi Liu|Pang-Ning Tan|Zubin Abraham|Lifeng Luo|Pouyan Hatami
conf/icdm/SwiechowskiS18,2018,ICDM Workshops,inproceedings,Granular Games in Real-Time Environment.,Maciej Swiechowski|Dominik Slezak
conf/icdm/GuanC00ZS21,2021,ICDM,inproceedings,Recurrent Neural Networks Meet Context-Free Grammar: Two Birds with One Stone.,Hui Guan 0001|Umana Chaudhary|Yuanchao Xu 0001|Lin Ning 0001|Lijun Zhang 0005|Xipeng Shen
conf/icdm/GongHW18,2018,ICDM,inproceedings,Deep Semantic Correlation Learning Based Hashing for Multimedia Cross-Modal Retrieval.,Xiaolong Gong|Linpeng Huang|Fuwei Wang
conf/icdm/XianHH22,2022,ICDM,inproceedings,Communication-Efficient Adam-Type Algorithms for Distributed Data Mining.,Wenhan Xian|Feihu Huang 0001|Heng Huang 0001
conf/icdm/LilLLM22,2022,ICDM (Workshops),inproceedings,FLAG: Stock Movement Prediction via Fusing Logic and Semantic Graphs of Financial News.,Angela Li|Jiduan Liu|Yuyong Li|Fan Meng
conf/icdm/LuerWD023,2023,ICDM (Workshops),inproceedings,Adversarial Anomaly Detection using Gaussian Priors and Nonlinear Anomaly Scores.,Fiete L|Tobias Weber|Maxim Dolgich|Christian B
conf/icdm/AfraOR18,2018,ICDM Workshops,inproceedings,NetDriller Version 2: A Powerful Social Network Analysis Tool.,Salim Afra|Tansel|Jon G. Rokne
conf/icdm/YangZLY20,2020,ICDM,inproceedings,Stochastic Hard Thresholding Algorithms for AUC Maximization.,Zhenhuan Yang|Baojian Zhou|Yunwen Lei|Yiming Ying
conf/icdm/MantuanF18,2018,ICDM,inproceedings,Spatial Contextualization for Closed Itemset Mining.,Altobelli B. Mantuan|Leandro Augusto Frata Fernandes
conf/icdm/TaoWX18,2018,ICDM Workshops,inproceedings,Selective Graph Attention Networks for Account Takeover Detection.,Jialing Tao|Hui Wang|Tao Xiong
conf/icdm/MaQQZW19,2019,ICDM,inproceedings,RiWalk: Fast Structural Node Embedding via Role Identification.,Xuewei Ma|Geng Qin|Zhiyang Qiu|Mingxin Zheng|Zhe Wang
conf/icdm/LiWT20,2020,ICDM,inproceedings,Heterogeneous Transfer Learning on Power Systems: A Merged Multi-Modal Gaussian Graphical Model.,Haoran Li 0005|Yang Weng|Hanghang Tong
conf/icdm/HarrisonDB23,2023,ICDM (Workshops),inproceedings,Zero-Shot Recommendations with Pre-Trained Large Language Models for Multimodal Nudging.,Rachel M. Harrison|Anton Dereventsov|Anton Bibin
conf/icdm/AniC24,2024,ICDM (Workshops),inproceedings,Multilingual Sentiment Analysis for Investigating Perceptions of Globalization.,Anagha Ani|Erik Cambria
conf/icdm/JiangXL22,2022,ICDM (Workshops),inproceedings,Deep Transfer Tensor Factorization for Multi-View Learning.,Penghao Jiang|Ke Xin|Chunxi Li
conf/icdm/HanHG22,2022,ICDM (Workshops),inproceedings,Dynamic Combination of Heterogeneous Models for Hierarchical Time Series.,Xing Han|Jing Hu|Joydeep Ghosh
conf/icdm/LinJWH23,2023,ICDM,inproceedings,Context Does Matter: End-to-end Panoptic Narrative Grounding with Deformable Attention Refined Matching Network.,Yiming Lin|Xiao-Bo Jin|Qiufeng Wang 0001|Kaizhu Huang
conf/icdm/WangCCX19,2019,ICDM,inproceedings,Adaptive Teacher-and-Student Model for Heterogeneous Domain Adaptation.,Yunyun Wang|Xuzhang Chen|Songcan Chen|Hui Xue 0002
conf/icdm/HossnyM18,2018,ICDM Workshops,inproceedings,Event Detection in Twitter: A Keyword Volume Approach.,Ahmad Hany Hossny|Lewis Mitchell
conf/icdm/WangZWDZW18,2018,ICDM,inproceedings,Deep Structure Learning for Fraud Detection.,Haibo Wang 0004|Chuan Zhou 0001|Jia Wu 0001|Weizhen Dang|Xingquan Zhu 0001|Jilong Wang 0001
conf/icdm/MontelongoB20,2020,ICDM (Workshops),inproceedings,Tasks performed in the legal domain through Deep Learning: A bibliometric review (1987-2020).,Alfredo Montelongo|Jo
conf/icdm/MouraKDMS23,2023,ICDM (Workshops),inproceedings,Towards graph-based forecasting with attention for real-world restaurant sales.,Henrique Duarte Moura|Leonid Kholkine|Lynn D'eer|Kevin Mets|Tom De Schepper
conf/icdm/0001ZLH21,2021,ICDM,inproceedings,Finding Age Path of Self-Paced Learning.,Bin Gu 0001|Zhou Zhai|Xiang Li 0012|Heng Huang 0001
conf/icdm/ShuLX18,2018,ICDM Workshops,inproceedings,Multi-granularity Network Representation Learning Based on Game Theory.,Hang Shu|Qun Liu 0005|Shuyin Xia
conf/icdm/FoulonFRJ19,2019,ICDM Workshops,inproceedings,Scoring Message Stream Anomalies in Railway Communication Systems.,Lucas Foulon|Serge Fenet|Christophe Rigotti|Denis Jouvin
conf/icdm/SrivastavaKPVSB22,2022,ICDM (Workshops),inproceedings,ULTRA: A Data-driven Approach for Recommending Team Formation in Response to Proposal Calls.,Biplav Srivastava|Tarmo Koppel|Sai Teja Paladi|Siva Likitha Valluru|Rohit Sharma|Owen Bond
conf/icdm/BaiWLY020,2020,ICDM,inproceedings,Dual-Side Auto-Encoder for High-Dimensional Time Series Segmentation.,Yue Bai|Lichen Wang|Yunyu Liu|Yu Yin 0001|Yun Fu 0001
conf/icdm/DiTursiKB19,2019,ICDM,inproceedings,Optimal Timelines for Network Processes.,Daniel J. DiTursi|Carolyn S. Kaminski|Petko Bogdanov
conf/icdm/MandrosBV19,2019,ICDM,inproceedings,Discovering Reliable Correlations in Categorical Data.,Panagiotis Mandros|Mario Boley|Jilles Vreeken
conf/icdm/WangHZL18,2018,ICDM Workshops,inproceedings,TripDecoder: Inferring Routes of Passengers of Mass Rapid Transit Systems by Smart Card Transaction Data.,Yazhe Wang|Chih-Chieh Hung|Baihua Zheng|Ee-Peng Lim
conf/icdm/JiangLF20,2020,ICDM (Workshops),inproceedings,Individualized Context-Aware Tensor Factorization for Online Games Predictions.,Julie Jiang|Kristina Lerman|Emilio Ferrara
conf/icdm/0001LXCW24,2024,ICDM,inproceedings,Towards Efficient Ridesharing via Order-Vehicle Pre-Matching Using Attention Mechanism.,Zhidan Liu 0001|Jinye Lin|Zhiyu Xia|Chao Chen 0004|Kaishun Wu
conf/icdm/NedelkoskiBACK20,2020,ICDM,inproceedings,Self-Attentive Classification-Based Anomaly Detection in Unstructured Logs.,Sasho Nedelkoski|Jasmin Bogatinovski|Alexander Acker|Jorge Cardoso 0001|Odej Kao
conf/icdm/WangL0G20,2020,ICDM (Workshops),inproceedings,Learning Latent Correlation of Heterogeneous Sensors Using Attention based Temporal Convolutional Network.,Xin Wang|Yunji Liang|Zhiwen Yu 0001|Bin Guo 0001
conf/icdm/CruzSBSB21,2021,ICDM,inproceedings,Promoting Fairness through Hyperparameter Optimization.,Andr|Pedro Saleiro|Catarina G. Bel|Carlos Soares|Pedro Bizarro
conf/icdm/LanW019,2019,ICDM,inproceedings,Multi-hop Knowledge Base Question Answering with an Iterative Sequence Matching Model.,Yunshi Lan|Shuohang Wang|Jing Jiang 0001
conf/icdm/DiopDGLS18,2018,ICDM,inproceedings,Sequential Pattern Sampling with Norm Constraints.,Lamine Diop|Cheikh Talibouya Diop|Arnaud Giacometti|Dominique Li|Arnaud Soulet
conf/icdm/0001CW023,2023,ICDM,inproceedings,Exploring Model Learning Heterogeneity for Boosting Ensemble Robustness.,Yanzhao Wu 0001|Ka Ho Chow|Wenqi Wei 0001|Ling Liu 0001
conf/icdm/ThummanusarnK24,2024,ICDM (Workshops),inproceedings,Data Complexity via Random Projection.,Yamonporn Thummanusarn|Ata Kab
conf/icdm/PoulakisDK20,2020,ICDM,inproceedings,AutoClust: A Framework for Automated Clustering based on Cluster Validity Indices.,Yannis Poulakis|Christos Doulkeridis|Dimosthenis Kyriazis
conf/icdm/BalgiD19,2019,ICDM,inproceedings,CUDA: Contradistinguisher for Unsupervised Domain Adaptation.,Sourabh Balgi|Ambedkar Dukkipati
conf/icdm/YuFZLZ24,2024,ICDM (Workshops),inproceedings,Automated Detection and Quantitative Assessment of Extranodal Extension in Lymph Node Breast Tumors Using Dual-Tier Deep Learning and Density-Based Contour Algorithms.,Zhichao Yu|Simon James Fong|Liming Zhang 0002|Tengyue Li|Xin Zhang
conf/icdm/KrishnaGA18,2018,ICDM Workshops,inproceedings,Is Simple Better? Revisiting Non-Linear Matrix Factorization for Learning Incomplete Ratings.,Vaibhav Krishna|Tian Guo 0002|Nino Antulov-Fantulin
conf/icdm/WuTSPL20,2020,ICDM (Workshops),inproceedings,Efficient Mining of Non-Dominated High Quantity-Utility Patterns.,Jimmy Ming-Tai Wu|Qian Teng|Gautam Srivastava 0001|Matin Pirouz|Jerry Chun-Wei Lin
conf/icdm/RehaLRGG23,2023,ICDM (Workshops),inproceedings,Continuous-Time Temporal Graph Learning on Provenance Graphs.,Jakub Reha|Giulio Lovisotto|Michele Russo|Alessio Gravina|Claas Grohnfeldt
conf/icdm/Li0CLY23,2023,ICDM,inproceedings,Efficient Multi-source Contact Event Query Processing for Moving Objects.,Pengyue Li|Hua Dai 0003|Yu Chen 0107|Bohan Li 0001|Geng Yang 0002
conf/icdm/GaoZLZLH21,2021,ICDM,inproceedings,Heterogeneous Graph Neural Architecture Search.,Yang Gao 0024|Peng Zhang 0001|Zhao Li 0007|Chuan Zhou 0001|Yongchao Liu 0004|Yue Hu 0002
conf/icdm/ChoudhuriPSA24,2024,ICDM (Workshops),inproceedings,Summarizing Clinical Notes using LLMs for ICU Bounceback and Length-of-Stay Prediction.,Akash Choudhuri|Philip Polgreen|Alberto M. Segre|Bijaya Adhikari
conf/icdm/SuoZMYHZ18,2018,ICDM,inproceedings,Multi-task Sparse Metric Learning for Monitoring Patient Similarity Progression.,Qiuling Suo|Weida Zhong|Fenglong Ma|Ye Yuan 0006|Mengdi Huai|Aidong Zhang 0001
conf/icdm/KataokaGMM18,2018,ICDM Workshops,inproceedings,A Smartphone-Based Probe Data Platform for Road Management and Safety in Developing Countries.,Kotaro Kataoka|Saurabh Gangwar|Karthik Yadav Mudda|Souraj Mandal
conf/icdm/LeWL20,2020,ICDM,inproceedings,MALCOM: Generating Malicious Comments to Attack Neural Fake News Detection Models.,Thai Le|Suhang Wang|Dongwon Lee 0001
conf/icdm/YuSWLXG18,2018,ICDM Workshops,inproceedings,A Multi-granular Hierarchical Evaluation Model for Multiple Criteria Three Sorting.,Hong Yu 0007|Zuoyu Sun|Guoyin Wang 0001|Jie Li 0002|Yongfang Xie|Gang Guo
conf/icdm/OhKJK21,2021,ICDM,inproceedings,STING: Self-attention based Time-series Imputation Networks using GAN.,Eunkyu Oh|Taehun Kim|Yunhu Ji|Sushil Khyalia
conf/icdm/LiangCZX0023,2023,ICDM,inproceedings,Efficient Cardinality and Cost Estimation with Bidirectional Compressor-based Ensemble Learning.,Zibo Liang|Xu Chen 0023|Yan Zhao 0008|Jiandong Xie|Kai Zeng 0002|Kai Zheng 0001
conf/icdm/ShiLL22,2022,ICDM (Workshops),inproceedings,Knowledge Distillation-enabled Multi-stage Incremental Learning for Online Process Monitoring in Advanced Manufacturing.,Zhangyue Shi|Yuxuan Li|Chenang Liu
conf/icdm/Jiang024,2024,ICDM,inproceedings,DifFaiRec: Generative Fair Recommender with Conditional Diffusion Model.,Zhenhao Jiang|Jicong Fan 0001
conf/icdm/MahinBELE24,2024,ICDM (Workshops),inproceedings,Sirius: A Density-based Colocation Mining Framework for Sets of Continuous Spatial Variables.,Md Mahin|Aparna Budhavarapu|Karima Elgarroussi|Ernst L. Leiss|Christoph F. Eick
conf/icdm/QianPB21,2021,ICDM,inproceedings,Density-Based Clustering for Adaptive Density Variation.,Li Qian 0001|Claudia Plant|Christian B
conf/icdm/LiLZX24,2024,ICDM (Workshops),inproceedings,SCREADER: Prompting Large Language Models to Interpret scRNA-seq Data.,Cong Li|Qingqing Long|Yuanchun Zhou|Meng Xiao 0001
conf/icdm/WangZYWHX19,2019,ICDM,inproceedings,DeepTrust: A Deep User Model of Homophily Effect for Trust Prediction.,Qi Wang 0078|Weiliang Zhao|Jian Yang 0001|Jia Wu 0001|Wenbin Hu 0001|Qianli Xing 0002
conf/icdm/0016TY019,2019,ICDM Workshops,inproceedings,Loyal Consumers or One-Time Deal Hunters: Repeat Buyer Prediction for E-Commerce.,Bo Zhao 0010|Atsuhiro Takasu|Ramin Yahyapour|Xiaoming Fu 0001
conf/icdm/Xu0WZ024,2024,ICDM,inproceedings,APOLLO: Differential Private Online Multi-Sensor Data Prediction with Certified Performance.,Honghui Xu 0001|Wei Li 0059|Shaoen Wu|Liang Zhao|Zhipeng Cai 0001
conf/icdm/MatsunagaY24,2024,ICDM (Workshops),inproceedings,Efficient and High-Quality Formal Verification for Decision Tree Ensembles.,Saori Matsunaga|Genta Yoshimura
conf/icdm/TononV20,2020,ICDM,inproceedings,GRosSo: Mining Statistically Robust Patterns from a Sequence of Datasets.,Andrea Tonon|Fabio Vandin
conf/icdm/ChakrabortyGP20,2020,ICDM (Workshops),inproceedings,G-SimCLR: Self-Supervised Contrastive Learning with Guided Projection via Pseudo Labelling.,Souradip Chakraborty|Aritra Roy Gosthipaty|Sayak Paul
conf/icdm/ZhuCD0Z18,2018,ICDM,inproceedings,Evaluating Top-k Meta Path Queries on Large Heterogeneous Information Networks.,Zichen Zhu|Reynold Cheng|Loc Do|Zhipeng Huang 0001|Haoci Zhang
conf/icdm/Liguori0PR21,2021,ICDM,inproceedings,Adversarial Regularized Reconstruction for Anomaly Detection and Generation.,Angelica Liguori|Giuseppe Manco 0001|Francesco Sergio Pisani|Ettore Ritacco
conf/icdm/SongBKLZZ22,2022,ICDM (Workshops),inproceedings,Efficient Spatio-Temporal Randomly Wired Neural Networks for Traffic Forecasting.,Li Song|Kainan Bao|Songyu Ke|Chunyang Li 0001|Junbo Zhang 0004|Yu Zheng 0004
conf/icdm/SeifallahiGG22,2022,ICDM (Workshops),inproceedings,Detection of Mild Cognitive Impairment from Quantitative Analysis of Timed Up and Go (TUG).,Mahmoud Seifallahi|James E. Galvin|Behnaz Ghoraani
conf/icdm/KamgarGK19,2019,ICDM,inproceedings,Matrix Profile XV: Exploiting Time Series Consensus Motifs to Find Structure in Time Series Sets.,Kaveh Kamgar|Shaghayegh Gharghabi|Eamonn J. Keogh
conf/icdm/CharytanowiczPJ24,2024,ICDM (Workshops),inproceedings,A New Approach Towards Identification of Individuals Belonging to Different Subpopulations Using Machine Learning Models and CLC Data.,Malgorzata Charytanowicz|Kajetan Perzanowski|Maciej Januszczak|Aleksandra Woloszyn-Galeza|Maria Sobczuk|Piotr Kulczycki
conf/icdm/ZhangYWW23,2023,ICDM (Workshops),inproceedings,Efficient Distributed Core Graph Decomposition.,Wenqian Zhang 0006|Zhengyi Yang 0001|Dong Wen 0001|Xiaoyang Wang 0002
conf/icdm/LeePS22,2022,ICDM,inproceedings,Set2Box: Similarity Preserving Representation Learning for Sets.,Geon Lee|Chanyoung Park 0001|Kijung Shin
conf/icdm/MolloyBDCWL22,2022,ICDM,inproceedings,Adversarial Variational Modality Reconstruction and Regularization for Zero-Day Malware Variants Similarity Detection.,Christopher Molloy|Jeremy Banks|Steven H. H. Ding|Philippe Charland|Andrew Walenstein|Litao Li
conf/icdm/DhariyalNGI20,2020,ICDM (Workshops),inproceedings,An Examination of the State-of-the-Art for Multivariate Time Series Classification.,Bhaskar Dhariyal|Thach Le Nguyen|Severin Gsponer|Georgiana Ifrim
conf/icdm/BrunelloKMPU20,2020,ICDM (Workshops),inproceedings,Virtual Sensing of Temperatures in Indoor Environments: A Case Study.,Andrea Brunello|Martin Kraft|Angelo Montanari|Federico Pittino|Andrea Urgolo
conf/icdm/ChristodoulouG23,2023,ICDM (Workshops),inproceedings,Applying Machine Learning in Personality-based Persuasion Marketing.,Evripides Christodoulou|Andreas Gregoriades
conf/icdm/CuppersV20,2020,ICDM,inproceedings,Just Wait For It... Mining Sequential Patterns with Reliable Prediction Delays.,Joscha C|Jilles Vreeken
conf/icdm/Maia0F21,2021,ICDM,inproceedings,An Ensemble of Naive Bayes Classifiers for Uncertain Categorical Data.,Marcelo Rodrigues de Holanda Maia|Alexandre Plastino 0001|Alex Alves Freitas
conf/icdm/ZhangXZC20,2020,ICDM,inproceedings,Opinion Dynamics Incorporating Higher-Order Interactions.,Zuobai Zhang|Wanyue Xu|Zhongzhi Zhang|Guanrong Chen
conf/icdm/DuZWLF19,2019,ICDM,inproceedings,Beyond Geo-First Law: Learning Spatial Representations via Integrated Autocorrelations and Complementarity.,Jiadi Du|Yunchao Zhang|Pengyang Wang|Jennifer L. Leopold|Yanjie Fu
conf/icdm/YangSXWXW23,2023,ICDM,inproceedings,ConvAOA: A Convolutional Attention Over Attention Model for Click-Through Rate Prediction.,Bin Yang 0038|Tianmu Sha|Ying Xing|Ziyang Wang|Zhipu Xie|Xin Wang
conf/icdm/WenCCS0Y23,2023,ICDM,inproceedings,To Predict or to Reject: Causal Effect Estimation with Uncertainty on Networked Data.,Hechuan Wen|Tong Chen 0005|Li Kheng Chai|Shazia Sadiq|Kai Zheng 0001|Hongzhi Yin
conf/icdm/DuY00023,2023,ICDM,inproceedings,Distributional Domain-Invariant Preference Matching for Cross-Domain Recommendation.,Jing Du 0003|Zesheng Ye|Bin Guo 0001|Zhiwen Yu 0001|Lina Yao 0001
conf/icdm/BoingKM22,2022,ICDM,inproceedings,Post-Robustifying Deep Anomaly Detection Ensembles by Model Selection.,Benedikt B|Simon Kl|Emmanuel M
conf/icdm/CaiZTM019,2019,ICDM,inproceedings,Nearest Neighbor Ensembles: An Effective Method for Difficult Problems in Streaming Classification with Emerging New Classes.,Xin-Qiang Cai|Peng Zhao 0006|Kai-Ming Ting|Xin Mu|Yuan Jiang 0001
conf/icdm/SuzukiKSII19,2019,ICDM Workshops,inproceedings,Stock Price Analysis Using Combination of Analyst Reports and Several Documents.,Masahiro Suzuki 0004|Toshiya Katagi|Hiroki Sakaji|Kiyoshi Izumi|Yasushi Ishikawa
conf/icdm/YangY0D020,2020,ICDM,inproceedings,Multi-typed Objects Multi-view Multi-instance Multi-label Learning.,Yuanlin Yang 0001|Guoxian Yu|Jun Wang 0035|Carlotta Domeniconi|Xiangliang Zhang 0001
conf/icdm/MinnZD18,2018,ICDM Workshops,inproceedings,Improving Knowledge Tracing Model by Integrating Problem Difficulty.,Sein Minn|Feida Zhu 0001|Michel C. Desmarais
conf/icdm/AinXAZ22,2022,ICDM (Workshops),inproceedings,A Genetic Programming Approach to Automatically Construct Informative Attributes for Mammographic Density Classification.,Qurrat Ul Ain 0001|Bing Xue 0001|Harith Al-Sahaf|Mengjie Zhang 0001
conf/icdm/Wijesinghe0G21,2021,ICDM,inproceedings,A Regularized Wasserstein Framework for Graph Kernels.,Asiri Wijesinghe|Qing Wang 0002|Stephen Gould
conf/icdm/ZhangYX19,2019,ICDM Workshops,inproceedings,Efficient Attribute Reduction with Submodular Function Optimization.,Xuxia Zhang|Xiaodong Yue|Zhikang Xu
conf/icdm/CrielaardP18,2018,ICDM Workshops,inproceedings,Explainable Predictions of Adverse Drug Events from Electronic Health Records Via Oracle Coaching.,Loes Crielaard|Panagiotis Papapetrou
conf/icdm/BateniMV22,2022,ICDM (Workshops),inproceedings,Efficient Distributed Algorithms for Minimum Spanning Tree in Dense Graphs.,MohammadHossein Bateni|Morteza Monemizadeh|Kees Voorintholt
conf/icdm/LiuSV22,2022,ICDM (Workshops),inproceedings,Persona-Based Conversational AI: State of the Art and Challenges.,Junfeng Liu|Christopher T. Symons|Ranga Raju Vatsavai
conf/icdm/0001LZQZ24,2024,ICDM,inproceedings,Early Fire Detection Based on Local Morphological Knowledge Matching.,Xinzhi Wang 0001|Mengyue Li|Nengjun Zhu|Jiayan Qian|Zhanyi Zheng
conf/icdm/YoussefSIS22,2022,ICDM (Workshops),inproceedings,Model Personalization with Static and Dynamic Patients' Data.,Paul Youssef|J|Sultan Imangaliyev|Christin Seifert
conf/icdm/LimKLKS20,2020,ICDM (Workshops),inproceedings,Design of Neural Network-based Boost Charging for Reducing the Charging Time of Li-ion Battery.,Sue Hyang Lim|Seon Hyeog Kim|Hyeong Min Lee|Si Joong Kim|Yong-June Shin
conf/icdm/KopanSSMC23,2023,ICDM (Workshops),inproceedings,Citation Style Classification: a Comparison of Machine Learning Approaches.,Artyom Kopan|Anna N. Smirnova|Ilya Shchuckin|Vladislav Makeev|George A. Chernishev
conf/icdm/IfukuKA18,2018,ICDM Workshops,inproceedings,Requirements Definition with Extended Goal Graph.,Masafumi Ifuku|Noriyuki Kushiro|Yusuke Aoyama
conf/icdm/Cohen-ShapiraR21,2021,ICDM,inproceedings,TRIO: Task-agnostic dataset representation optimized for automatic algorithm selection.,Noy Cohen-Shapira|Lior Rokach
conf/icdm/ZhangJS19,2019,ICDM,inproceedings,Fast Sparse Coding Inference with Historical Information.,Zhenchang Zhang|Fei Jiang 0006|Ruimin Shen
conf/icdm/CabelloN0K20,2020,ICDM,inproceedings,Fast and Accurate Time Series Classification Through Supervised Interval Search.,Nestor Cabello|Elham Naghizade|Jianzhong Qi 0001|Lars Kulik
conf/icdm/TingTCL20,2020,ICDM,inproceedings,Learning Personal Conscientiousness from Footprints in E-Learning Systems.,Lo Pang-Yun Ting|Shan-Yun Teng|Kun-Ta Chuang|Ee-Peng Lim
conf/icdm/SongLHHPL18,2018,ICDM Workshops,inproceedings,A Residual Convolution Neural Network for Sea Ice Classification with Sentinel-1 SAR Imagery.,Wei Song 0007|Minghui Li|Qi He 0003|Dongmei Huang|Cristian Perra|Antonio Liotta
conf/icdm/JiaoZ0LZ24,2024,ICDM,inproceedings,Informative Subgraphs Aware Masked Auto-Encoder in Dynamic Graphs.,Pengfei Jiao|Xinxun Zhang|Mengzhou Gao 0001|Tianpeng Li|Zhidong Zhao
conf/icdm/RamrakhiyaniPJKP22,2022,ICDM (Workshops),inproceedings,Extracting Entities and Events from Cyber-Physical Security Incident Reports.,Nitin Ramrakhiyani|Sangameshwar Patil|Manideep Jella|Alok Kumar|Girish K. Palshikar
conf/icdm/RothL22,2022,ICDM (Workshops),inproceedings,Forecasting Unobserved Node States with spatio-temporal Graph Neural Networks.,Andreas Roth|Thomas Liebig
conf/icdm/YenL21,2021,ICDM,inproceedings,Limited-memory Common-directions Method With Subsampled Newton Directions for Large-scale Linear Classification.,Jui-Nan Yen|Chih-Jen Lin
conf/icdm/LiuYJ19,2019,ICDM,inproceedings,Learning Local and Global Multi-context Representations for Document Classification.,Yi Liu 0059|Hao Yuan 0001|Shuiwang Ji
conf/icdm/AlamIASNS18,2018,ICDM Workshops,inproceedings,LiSense: Monitoring City Street Lighting During Night using Smartphone Sensors.,Munshi Yusuf Alam|Shahrukh Imam|Harshit Anurag|Sujoy Saha|Subrata Nandi|Mousumi Saha
conf/icdm/KanekoYIO18,2018,ICDM Workshops,inproceedings,"How Game Users Consume Virtual Currency: The Relationship Between Consumed Quantity, Inventory, and Elapsed Time Since Last Consumption in the Mobile Game World.",Yuta Kaneko|Katsutoshi Yada|Wataru Ihara|Ryunosuke Odagiri
conf/icdm/PechlivanoglouC19,2019,ICDM,inproceedings,Efficient Mining and Exploration of Multiple Axis-Aligned Intersecting Objects.,Tilemachos Pechlivanoglou|Vincent Chu|Manos Papagelis
conf/icdm/KoutraVB18,2018,ICDM,inproceedings,Summarizing Graphs at Multiple Scales: New Trends.,Danai Koutra|Jilles Vreeken|Francesco Bonchi
conf/icdm/DanielGHM20,2020,ICDM (Workshops),inproceedings,A Deep Neural Network Approach to Tracing Paths in Cybersecurity Investigations.,Clinton Daniel|Thomas Gill|Alan R. Hevner|Matthew Mullarkey 0001
conf/icdm/KeHWS19,2019,ICDM Workshops,inproceedings,Application of Adversarial Examples in Communication Modulation Classification.,Da Ke|Zhitao Huang|Xiang Wang 0013|Liting Sun
conf/icdm/ZhangYPPJ021,2021,ICDM,inproceedings,Generating Structural Node Representations via Higher-order Features and Adversarial Learning.,Wang Zhang 0001|Yang Yu 0030|Ting Pan|Lin Pan 0002|Pengfei Jiao|Wenjun Wang 0002
conf/icdm/NofongOAKBW22,2022,ICDM (Workshops),inproceedings,Towards Efficient Discovery of Target High Utility Itemsets.,Vincent Mwintieru Nofong|Priscilla Owiredu Okai|Hamidu Abdel-Fatao|Selasi Kwashie|Michael Bewong|John Wondoh
conf/icdm/ZhuHCLL023,2023,ICDM,inproceedings,MtiRec: A Medical Test Recommender System based on the Analysis of Treatment Programs.,Nengjun Zhu|Jieyun Huang|Jian Cao 0001|Xinjiang Lu|Hao Liu 0026|Hui Xiong 0001
conf/icdm/TajeunaBW18,2018,ICDM Workshops,inproceedings,A Network-Based Approach to Enhance Electricity Load Forecasting.,Etienne Gael Tajeuna|Mohamed Bouguessa|Shengrui Wang
conf/icdm/ChenLHZM20,2020,ICDM,inproceedings,Improving Object Detection with Relation Mining Network.,Shengjia Chen|Zhixin Li 0001|Feicheng Huang|Canlong Zhang|Huifang Ma
conf/icdm/DingZPY020,2020,ICDM,inproceedings,Modeling Personalized Out-of-Town Distances in Location Recommendation.,Daizong Ding|Mi Zhang 0001|Xudong Pan|Min Yang 0002|Xiangnan He 0001
conf/icdm/HuangS0FL22,2022,ICDM,inproceedings,GraphGDP: Generative Diffusion Processes for Permutation Invariant Graph Generation.,Han Huang|Leilei Sun|Bowen Du 0001|Yanjie Fu|Weifeng Lv
conf/icdm/YeCZLY19,2019,ICDM,inproceedings,Discrete Overlapping Community Detection with Pseudo Supervision.,Fanghua Ye 0001|Chuan Chen 0001|Zibin Zheng|Rong-Hua Li|Jeffrey Xu Yu
conf/icdm/TsumotoKHY24,2024,ICDM (Workshops),inproceedings,Temporal Data Mining in AI-based Patient Navigation Service.,Shusaku Tsumoto|Tomohiro Kimura|Shoji Hirano|Katsutoshi Yada
conf/icdm/YukiSY23,2023,ICDM,inproceedings,Dimensionality and Curvature Selection of Graph Embedding using Decomposed Normalized Maximum Likelihood Code-Length.,Ryo Yuki|Atsushi Suzuki 0002|Kenji Yamanishi
conf/icdm/ZhangQLYWZ19,2019,ICDM,inproceedings,KnowRisk: An Interpretable Knowledge-Guided Model for Disease Risk Prediction.,Xianli Zhang|Buyue Qian|Yang Li 0139|Changchang Yin|Xudong Wang|Qinghua Zheng
conf/icdm/TohaRSHSI21,2021,ICDM,inproceedings,DhakaNet: Unstructured Vehicle Detection using Limited Computational Resources.,Tarik Reza Toha|Masfiqur Rahaman|Saiful Islam Salim|Mainul Hossain|Arif Mohaimin Sadri|A. B. M. Alim Al Islam
conf/icdm/0001W0WZF23,2023,ICDM,inproceedings,Beyond Discrete Selection: Continuous Embedding Space Optimization for Generative Feature Selection.,Meng Xiao 0001|Dongjie Wang|Min Wu 0008|Pengfei Wang 0008|Yuanchun Zhou|Yanjie Fu
conf/icdm/ChowL22,2022,ICDM,inproceedings,Boosting Object Detection Ensembles with Error Diversity.,Ka Ho Chow|Ling Liu 0001
conf/icdm/FaridiSV18,2018,ICDM Workshops,inproceedings,Performance Evaluation of Features and Clustering Algorithms for Malware.,Houtan Faridi|Srivathsan Srinivasagopalan|Rakesh M. Verma
conf/icdm/LiuZ19,2019,ICDM Workshops,inproceedings,Capped l,Jiao Liu|Mingbo Zhao
conf/icdm/JieWCL019,2019,ICDM,inproceedings,Block-Structured Optimization for Anomalous Pattern Detection in Interdependent Networks.,Fei Jie|Chunpai Wang|Feng Chen 0001|Lei Li 0002|Xindong Wu 0001
conf/icdm/ZhangLZKL19,2019,ICDM,inproceedings,TrafficGAN: Off-Deployment Traffic Estimation with Traffic Generative Adversarial Networks.,Yingxue Zhang 0002|Yanhua Li|Xun Zhou 0001|Xiangnan Kong|Jun Luo 0007
conf/icdm/Tezuka00O19,2019,ICDM Workshops,inproceedings,A Fast Privacy-Preserving Multi-Layer Perceptron Using Ring-LWE-Based Homomorphic Encryption.,Takehiro Tezuka|Lihua Wang 0001|Takuya Hayashi 0001|Seiichi Ozawa
conf/icdm/LeeTL21,2021,ICDM,inproceedings,Robust BiPoly-Matching for Multi-Granular Entities.,Ween Jiann Lee|Maksim Tkachenko|Hady W. Lauw
conf/icdm/Mak-HauY20,2020,ICDM,inproceedings,A mixed integer linear programming approach for soft graph clustering.,Vicky H. Mak-Hau|John Yearwood
conf/icdm/Lu0W18,2018,ICDM Workshops,inproceedings,On Enabling Machine Learning Tasks atop Public Blockchains: A Crowdsourcing Approach.,Yuan Lu 0001|Qiang Tang 0005|Guiling Wang 0001
conf/icdm/XuDZW22,2022,ICDM,inproceedings,HP-GMN: Graph Memory Networks for Heterophilous Graphs.,Junjie Xu|Enyan Dai|Xiang Zhang 0001|Suhang Wang
conf/icdm/0003ZSE022,2022,ICDM,inproceedings,Projection Dual Averaging Based Second-order Online Learning.,Zhong Chen 0003|Huixin Zhan|Victor S. Sheng|Andrea Edwards|Kun Zhang 0012
conf/icdm/LiuW23,2023,ICDM (Workshops),inproceedings,Automatic Personalized Health Insurance Recommendation Based on Utility and User Feedback.,Hao Liu 0067|Raymond Chi-Wing Wong
conf/icdm/PangCHGWZ20,2020,ICDM (Workshops),inproceedings,Deep Fuzzy Clustering with Weighted Intra-class Variance and Extended Mutual Information Regularization.,Yunsheng Pang|Feiyu Chen 0002|Sheng Huang 0001|Yongxin Ge|Wei Wang|Taiping Zhang
conf/icdm/SweeneyALD20,2020,ICDM,inproceedings,Effects of Model Misspecification on Bayesian Bandits Case Studies in UX Optimization.,Mack Sweeney|Matthew van Adelsberg|Kathryn B. Laskey|Carlotta Domeniconi
conf/icdm/WangDHHCF19,2019,ICDM,inproceedings,Generative Correlation Discovery Network for Multi-label Learning.,Lichen Wang|Zhengming Ding|Seungju Han 0001|Jae-Joon Han|Changkyu Choi|Yun Fu 0001
conf/icdm/SongHZJW21,2021,ICDM,inproceedings,Multimodal N-best List Rescoring with Weakly Supervised Pre-training in Hybrid Speech Recognition.,Yuanfeng Song|Xiaoling Huang|Xuefang Zhao|Di Jiang 0004|Raymond Chi-Wing Wong
conf/icdm/Cao023,2023,ICDM,inproceedings,Balancing and Contrasting Biased Samples for Debiased Visual Question Answering.,Runlin Cao|Zhixin Li 0001
conf/icdm/MaoWHYHY23,2023,ICDM (Workshops),inproceedings,Leveraging Federated Learning for Unsecured Loan Risk Assessment on Decentralized Finance Lending Platforms.,Qian'ang Mao|Sheng Wan|Daning Hu|Jiaqi Yan|Jin Hu|Xuan Yang
conf/icdm/LiuC19a,2019,ICDM,inproceedings,What is the Value of Experimentation & Measurement?,C. H. Bryan Liu|Benjamin Paul Chamberlain
conf/icdm/HeGHX19,2019,ICDM Workshops,inproceedings,Deep Minimax Probability Machine.,Lirong He|Ziyi Guo|Kaizhu Huang|Zenglin Xu
conf/icdm/0001TG22,2022,ICDM,inproceedings,Coresets remembered and items forgotten: submodular maximization with deletions.,Guangyi Zhang 0001|Nikolaj Tatti|Aristides Gionis
conf/icdm/Iyer0S21,2021,ICDM,inproceedings,Bi-Level Attention Graph Neural Networks.,Roshni G. Iyer|Wei Wang 0010|Yizhou Sun
conf/icdm/LuerMB19,2019,ICDM Workshops,inproceedings,Anomaly Detection in Time Series using Generative Adversarial Networks.,Fiete L|Dominik Mautz|Christian B
conf/icdm/KocbekG19,2019,ICDM Workshops,inproceedings,Automated Machine Learning Techniques in Prognostics of Railway Track Defects.,Simon Kocbek|Bogdan Gabrys
conf/icdm/NoelS24,2024,ICDM (Workshops),inproceedings,Finite Mixture Models for an underlying zero-one inflated Beta Distribution.,C|Jang Schiltz
conf/icdm/NurbakovaEO20,2020,ICDM (Workshops),inproceedings,Understanding the Personality of Contributors to Information Cascades in Social Media in Response to the COVID-19 Pandemic.,Diana Nurbakova|Liana Ermakova|Irina Ovchinnikova
conf/icdm/AbeH18,2018,ICDM Workshops,inproceedings,How to Determine the Necessary Knowledge in the Conflicting Situation?,Akinori Abe|Yuki Hayashi
conf/icdm/YeLLCZ18,2018,ICDM,inproceedings,Adaptive Affinity Learning for Accurate Community Detection.,Fanghua Ye 0001|Shenghui Li|Zhiwei Lin|Chuan Chen 0001|Zibin Zheng
conf/icdm/ZhongXDZ18,2018,ICDM,inproceedings,Independent Feature and Label Components for Multi-label Classification.,Yongjian Zhong|Chang Xu 0002|Bo Du 0001|Lefei Zhang
conf/icdm/Seo023,2023,ICDM,inproceedings,Fast Multi-Modal Multi-Instance Support Vector Machine for Fine-grained Chest X-ray Recognition.,Hoon Seo|Hua Wang 0007
conf/icdm/ZhouZW22,2022,ICDM (Workshops),inproceedings,U-Net Transfer Learning for Image Restoration on Sparse CT Reconstruction in Pre-Clinical Research.,Huanyi Zhou|Honggang Zhao|Wenlu Wang
conf/icdm/ZhaoBK23,2023,ICDM (Workshops),inproceedings,Counterfactual Explanation for Regression via Disentanglement in Latent Space.,Xuan Zhao 0025|Klaus Broelemann|Gjergji Kasneci
conf/icdm/0060ZGZ24,2024,ICDM,inproceedings,Weakly-Supervised Graph Classification with Even a Single Key Subgraph Per Class.,Lu Zhang 0060|Chenbo Zhang|Jihong Guan|Shuigeng Zhou
conf/icdm/YangZ020,2020,ICDM,inproceedings,Co-Embedding Network Nodes and Hierarchical Labels with Taxonomy Based Generative Adversarial Networks.,Carl Yang 0001|Jieyu Zhang 0001|Jiawei Han 0001
conf/icdm/BuiL23,2023,ICDM,inproceedings,Toward Interpretable Graph Neural Networks via Concept Matching Model.,Tien-Cuong Bui|Wen-Syan Li
conf/icdm/YuWLBS20,2020,ICDM,inproceedings,Community Attention Network for Semi-supervised Node Classification.,Zhongjing Yu|Han Wang|Yang Liu|Christian B|Junming Shao
conf/icdm/Mizera-Pietraszko24a,2024,ICDM (Workshops),inproceedings,Formal Classifier of a Rhythmic Structure Model for Inference about Linguistic Text Properties.,Jolanta Mizera-Pietraszko|Jolanta Tancula
conf/icdm/DasPSZ19,2019,ICDM,inproceedings,MUSE-RNN: A Multilayer Self-Evolving Recurrent Neural Network for Data Stream Classification.,Monidipa Das|Mahardhika Pratama|Septiviana Savitri|Jie Zhang 0002
conf/icdm/UddinTCY20,2020,ICDM (Workshops),inproceedings,Nonlinear Tensor Completion Using Domain Knowledge: An Application in Analysts' Earnings Forecast.,Ajim Uddin|Xinyuan Tao|Chia-Ching Chou|Dantong Yu
conf/icdm/TangZWZ20,2020,ICDM,inproceedings,Adversarial Precision Sensing with Healthcare Applications.,Fengyi Tang|Lifan Zeng|Fei Wang 0001|Jiayu Zhou
conf/icdm/SankarWKS20,2020,ICDM,inproceedings,Beyond Localized Graph Neural Networks: An Attributed Motif Regularization Framework.,Aravind Sankar|Junting Wang 0001|Adit Krishnan|Hari Sundaram
conf/icdm/XuMHS19,2019,ICDM Workshops,inproceedings,Evaluating Carbon Extremes in a Coupled Climate-Carbon Cycle Simulation.,Min Xu 0004|Salil Mahajan|Forrest M. Hoffman|Xiaoying Shi
conf/icdm/ChenHKS19,2019,ICDM Workshops,inproceedings,Aerial Robots On the Way to Underground: An Experimental Evaluation of VINS-Mono on Visual-Inertial Odometry Camera.,Leong Jing Chen|John Henawy|Basaran Bahadir Kocer|Gerald Gim Lee Seet
conf/icdm/ChuGHWHF19,2019,ICDM,inproceedings,Inductive Embedding Learning on Attributed Heterogeneous Networks via Multi-task Sequence-to-Sequence Learning.,Yunfei Chu|Caili Guo|Tongze He|Yaqing Wang 0004|Jenq-Neng Hwang|Chunyan Feng
conf/icdm/ZhangZLS22,2022,ICDM (Workshops),inproceedings,Online Deep Knowledge Tracing.,Wenxin Zhang 0003|Yupei Zhang|Shuhui Liu|Xuequn Shang 0001
conf/icdm/ZhangCCJH20,2020,ICDM (Workshops),inproceedings,Anomaly Detection of Periodic Multivariate Time Series under High Acquisition Frequency Scene in IoT.,Shuo Zhang|Xiaofei Chen|Jiayuan Chen 0002|Qiao Jiang|Hejiao Huang
conf/icdm/WuX023,2023,ICDM,inproceedings,SOAC: Supervised Off-Policy Actor-Critic for Recommender Systems.,Shiqing Wu 0001|Guandong Xu|Xianzhi Wang 0001
conf/icdm/VuT23,2023,ICDM,inproceedings,Limitations of Perturbation-based Explanation Methods for Temporal Graph Neural Networks.,Minh N. Vu|My T. Thai
conf/icdm/LumbantoruanZRB18,2018,ICDM,inproceedings,D-CARS: A Declarative Context-Aware Recommender System.,Rosni Lumbantoruan|Xiangmin Zhou|Yongli Ren|Zhifeng Bao
conf/icdm/LiWJL20,2020,ICDM,inproceedings,Learning Space-Time-Frequency Representation with Two-Stream Attention Based 3D Network for Motor Imagery Classification.,Zhenqi Li|Jing Wang 0060|Ziyu Jia|Youfang Lin
conf/icdm/ZhangLZCP19,2019,ICDM,inproceedings,Discovering Relevant Reviews for Answering Product-Related Queries.,Shiwei Zhang|Jey Han Lau|Xiuzhen Zhang 0001|Jeffrey Chan|C
conf/icdm/GuarinoSNC21,2021,ICDM,inproceedings,PaGAN: Generative Adversarial Network for Patent understanding.,Guillaume Guarino|Ahmed Samet|Amir Nafi|Denis Cavallucci
conf/icdm/LuoGZX023,2023,ICDM,inproceedings,Meteorology-Assisted Spatio-Temporal Graph Network for Uncivilized Urban Event Prediction.,Yang Luo 0004|Zehao Gu|Shiyang Zhou|Yun Xiong|Xiaofeng Gao 0001
conf/icdm/JourdanBWD18,2018,ICDM Workshops,inproceedings,Characterizing Entities in the Bitcoin Blockchain.,Marc Jourdan|Sebastien Blandin|Laura Wynter|Pralhad Deshpande
conf/icdm/GaoSBYH021,2021,ICDM,inproceedings,GNES: Learning to Explain Graph Neural Networks.,Yuyang Gao|Tong Steven Sun|Rishab Bhatt|Dazhou Yu|Sungsoo Ray Hong|Liang Zhao 0002
conf/icdm/VazquezZZ18,2018,ICDM Workshops,inproceedings,Outlier Detection Based on Low Density Models.,F|Tanja Zseby|Arthur Zimek
conf/icdm/LimLTCRE18,2018,ICDM,inproceedings,DOPING: Generative Data Augmentation for Unsupervised Anomaly Detection with GAN.,Swee Kiat Lim|Yi Loo|Ngoc-Trung Tran|Ngai-Man Cheung|Gemma Roig|Yuval Elovici
conf/icdm/XiaoC0ZS18,2018,ICDM,inproceedings,Prediction of MicroRNA Subcellular Localization by Using a Sequence-to-Sequence Model.,Yiqun Xiao|Jiaxun Cai|Yang Yang 0030|Hai Zhao 0001|Hong-Bin Shen
conf/icdm/LinLN19,2019,ICDM Workshops,inproceedings,Optimization Strategies in Quantized Neural Networks: A Review.,Yuhan Lin|Minglong Lei|Lingfeng Niu
conf/icdm/Xia0G022,2022,ICDM,inproceedings,Efficient Navigation for Constrained Shortest Path with Adaptive Expansion Control.,Wenwen Xia|Yuchen Li 0001|Wentian Guo|Shenghong Li 0001
conf/icdm/KhoufacheDAGL22,2022,ICDM (Workshops),inproceedings,Emerging properties from Bayesian Non-Parametric for multiple clustering: Application for multi-view image dataset.,Reda Khoufache|Mohamed Djallel Dilmi|Hanene Azzag|Etienne Gofinnet|Mustapha Lebbah
conf/icdm/KimL18,2018,ICDM,inproceedings,Utilizing In-store Sensors for Revisit Prediction.,Sundong Kim|Jae-Gil Lee 0001
conf/icdm/BernsHB21,2021,ICDM,inproceedings,LOGIC: Probabilistic Machine Learning for Time Series Classification.,Fabian Berns|Jan David H|Christian Beecks
conf/icdm/XiaoWMG18,2018,ICDM,inproceedings,eOTD: An Efficient Online Tucker Decomposition for Higher Order Tensors.,Houping Xiao|Fei Wang|Fenglong Ma|Jing Gao 0004
conf/icdm/LiuCNZGW23,2023,ICDM (Workshops),inproceedings,Intelligent Practical Teaching Platform based on Data Mining.,Qi Liu|Xiao Chen|Kun Niu|Wanru Zhang|Yiman Gao|Jin Wei
conf/icdm/ZhaoC19,2019,ICDM,inproceedings,Rank-Based Multi-task Learning for Fair Regression.,Chen Zhao 0010|Feng Chen 0001
conf/icdm/GanSYFS19,2019,ICDM Workshops,inproceedings,Field-Aware Knowledge Tracing Machine by Modelling Students' Dynamic Learning Procedure and Item Difficulty.,Wenbin Gan|Yuan Sun 0006|Shiwei Ye|Ye Fan|Yi Sun
conf/icdm/KelenPKB23,2023,ICDM,inproceedings,Theoretical Evaluation of Asymmetric Shapley Values for Root-Cause Analysis.,Domokos M. Kelen|Mih|P|Andr
conf/icdm/LangfordKH19,2019,ICDM Workshops,inproceedings,Deep Transfer Learning With Field-Based Measurements for Large Area Classification.,Zachary L. Langford|Jitendra Kumar 0001|Forrest M. Hoffman
conf/icdm/Gao019,2019,ICDM,inproceedings,Discovering Subdimensional Motifs of Different Lengths in Large-Scale Multivariate Time Series.,Yifeng Gao 0001|Jessica Lin 0001
conf/icdm/KozikBGPPC24,2024,ICDM (Workshops),inproceedings,Real-world Application Facilitating Trustworthy Human-Robot Collaboration with Innovative Explainable Neuro-symbolic Reasoning.,Rafal Kozik|Szymon Bus|Grzegorz Gawdzik|Marek Pawlicki|Aleksandra Pawlicka|Michal Choras
conf/icdm/IslamHSZL19,2019,ICDM,inproceedings,Semi-Supervised Adversarial Domain Adaptation for Seagrass Detection in Multispectral Images.,Kazi Aminul Islam|Victoria Hill|Blake A. Schaeffer|Richard Zimmerman|Jiang Li 0001
conf/icdm/ZhongLCP22,2022,ICDM,inproceedings,Jaccard Median for Ego-network Segmentation.,Haodi Zhong|Grigorios Loukides|Alessio Conte|Solon P. Pissis
conf/icdm/ZhangL0WW23,2023,ICDM (Workshops),inproceedings,The Impact of AIGC on Organizational Knowledge Creation : From the Perspective of Adaptive Structuration Theory.,Xi Zhang 0009|Ziyue Liu 0008|Yihang Cheng 0001|Xuyan Wang|Zhe Wang
conf/icdm/AlamiMA23,2023,ICDM (Workshops),inproceedings,A Risk-Averse Framework for Non-Stationary Stochastic Multi-Armed Bandits.,R|Mohammed Mahfoud|Mastane Achab
conf/icdm/LeePJM18,2018,ICDM,inproceedings,Diagnosis Prediction via Medical Context Attention Networks Using Deep Generative Modeling.,Wonsung Lee|Sungrae Park|Weonyoung Joo|Il-Chul Moon
conf/icdm/MaCL23,2023,ICDM (Workshops),inproceedings,DropMix: Better Graph Contrastive Learning with Harder Negative Samples.,Yueqi Ma|Minjie Chen|Xiang Li 0067
conf/icdm/NurbakovaS20,2020,ICDM (Workshops),inproceedings,Deal Closure Prediction based on User's Browsing Behaviour of Sales Content.,Diana Nurbakova|Timoth
conf/icdm/LiuLT18,2018,ICDM,inproceedings,Deep Discriminative Features Learning and Sampling for Imbalanced Data Problem.,Yi-Hsun Liu|Chien-Liang Liu|Shin-Mu Tseng
conf/icdm/ShchurBFGS18,2018,ICDM Workshops,inproceedings,Anomaly Detection in Car-Booking Graphs.,Oleksandr Shchur|Aleksandar Bojchevski|Mohamed Farghal|Stephan G|Yusuf Saber
conf/icdm/PengLS00Z20,2020,ICDM,inproceedings,BiteNet: Bidirectional Temporal Encoder Network to Predict Medical Outcomes.,Xueping Peng|Guodong Long|Tao Shen 0001|Sen Wang 0001|Jing Jiang 0002|Chengqi Zhang
conf/icdm/Fan0X00F21,2021,ICDM,inproceedings,Fair Graph Auto-Encoder for Unbiased Graph Representations with Wasserstein Distance.,Wei Fan 0010|Kunpeng Liu 0001|Rui Xie 0002|Hao Liu 0026|Hui Xiong 0001|Yanjie Fu
conf/icdm/ManapragadaSW22,2022,ICDM,inproceedings,Extremely Fast Hoeffding Adaptive Tree.,Chaitanya Manapragada|Mahsa Salehi|Geoffrey I. Webb
conf/icdm/PanB0T24,2024,ICDM,inproceedings,Accurate and Fast Estimation of Temporal Motifs Using Path Sampling.,Yunjie Pan|Omkar Bhalerao|C. Seshadhri 0001|Nishil Talati
conf/icdm/ZhangZL23,2023,ICDM,inproceedings,Enhancing Bug Localization through Bug Report Summarization.,Xia Zhang|Ziye Zhu|Yun Li
conf/icdm/MiyauchiT18,2018,ICDM,inproceedings,Robust Densest Subgraph Discovery.,Atsushi Miyauchi 0001|Akiko Takeda
conf/icdm/GunnarssonBW19,2019,ICDM Workshops,inproceedings,Optimizing Marketing Campaign Targeting Using Uncertainty-Based Predictive Modelling.,Bj|Seppe vanden Broucke|Jochen De Weerdt
conf/icdm/RatadiyaM19,2019,ICDM Workshops,inproceedings,An Attention Ensemble Based Approach for Multilabel Profanity Detection.,Pratik Ratadiya|Deepak Mishra 0002
conf/icdm/MaZC19,2019,ICDM,inproceedings,Triple-Shapelet Networks for Time Series Classification.,Qianli Ma 0001|Wanqing Zhuang|Garrison W. Cottrell
conf/icdm/NakagawaIM18,2018,ICDM Workshops,inproceedings,End-to-End Deep Knowledge Tracing by Learning Binary Question-Embedding.,Hiromi Nakagawa|Yusuke Iwasawa|Yutaka Matsuo
conf/icdm/WangZ19,2019,ICDM,inproceedings,Personalized Neural Usefulness Network for Rating Prediction.,Qianqian Wang|Min Zhang
conf/icdm/NadeemSM18,2018,ICDM Workshops,inproceedings,Neural Educational Recommendation Engine (NERE).,Moin Nadeem|Dustin Stansbury|Shane Mooney
conf/icdm/Servan-Schreiber18,2018,ICDM,inproceedings,ProSecCo: Progressive Sequence Mining with Convergence Guarantees.,Sacha Servan-Schreiber|Matteo Riondato|Emanuel Zgraggen
conf/icdm/PhanNNK20,2020,ICDM,inproceedings,Pruning Deep Neural Networks with $\ell_{0}$-constrained Optimization.,Dzung T. Phan|Lam M. Nguyen|Nam H. Nguyen|Jayant R. Kalagnanam
conf/icdm/DeshmukhGCJH23,2023,ICDM,inproceedings,Entropy Aware Training for Fast and Accurate Distributed GNN.,Dhruv Deshmukh|Gagan Raj Gupta 0001|Manisha Chawla|Vishwesh Jatala|Anirban Haldar
conf/icdm/MartinVR21,2021,ICDM,inproceedings,FGC-Stream: A novel joint miner for frequent generators and closed itemsets in data streams.,Tomas Martin|Petko Valtchev|Louis-Romain Roux
conf/icdm/KoptyraODK24,2024,ICDM (Workshops),inproceedings,Small Language Models for Emotion Recognition in Polish Stock Market Investor Opinions.,Bartlomiej Koptyra|Marcin Oleksy|Ewa Dzieciol|Jan Kocon
conf/icdm/HsiehCSC18,2018,ICDM,inproceedings,Highly Parallel Sequential Pattern Mining on a Heterogeneous Platform.,Yu-Heng Hsieh|Chun-Chieh Chen|Hong-Han Shuai|Ming-Syan Chen
conf/icdm/RahmadikaKLR18,2018,ICDM Workshops,inproceedings,A Preliminary Approach of Blockchain Technology in Supply Chain System.,Sandi Rahmadika|Bruno Joachim Kweka|Cho Nwe Zin Latt|Kyung-Hyune Rhee
conf/icdm/LiW23,2023,ICDM,inproceedings,PIX-GAN: Enhance Physics-Informed Estimation via Generative Adversarial Network.,Haoran Li 0005|Yang Weng
conf/icdm/YangTZ24,2024,ICDM,inproceedings,PROMIPL: A Probabilistic Generative Model for Multi-Instance Partial-Label Learning.,Yin-Fang Yang|Wei Tang 0017|Min-Ling Zhang
conf/icdm/KongBHS0L19,2019,ICDM Workshops,inproceedings,A Stochastic Variance Reduced Extragradient Method for Sparse Machine Learning Problems.,Lin Kong|Xiaying Bai|Yang Hu|Fanhua Shang|Yuanyuan Liu 0001|Hongying Liu 0001
conf/icdm/RahmanWMMMW24,2024,ICDM,inproceedings,ChronoCTI: Mining Knowledge Graph of Temporal Relations Among Cyberattack Actions.,Rayhanur Rahman|Brandon Wroblewski|Quinn Matthews|Brantley Morgan|Timothy Menzies|Laurie A. Williams
conf/icdm/YinBWF23,2023,ICDM,inproceedings,Concentric Ring Loss for Face Forgery Detection.,Yu Yin 0001|Yue Bai|Yizhou Wang 0006|Yun Fu 0001
conf/icdm/TaoMPMS19,2019,ICDM Workshops,inproceedings,Audio-Based Group Detection for Classroom Dynamics Analysis.,Yudong Tao|Samantha G. Mitsven|Lynn K. Perry|Daniel S. Messinger|Mei-Ling Shyu
conf/icdm/Yu0L19,2019,ICDM,inproceedings,"Mining Audio, Text and Visual Information for Talking Face Generation.",Lingyun Yu 0002|Jun Yu 0001|Qiang Ling 0001
conf/icdm/ChenWLZ19,2019,ICDM,inproceedings,Preference Relationship-Based CrossCMN Scheme for Answer Ranking in Community QA.,Qing Chen|Jianji Wang 0001|Xuguang Lan|Nanning Zheng 0001
conf/icdm/DuraniMPB22,2022,ICDM,inproceedings,DBHD: Density-based clustering for highly varying density.,Walid Durani|Dominik Mautz|Claudia Plant|Christian B
conf/icdm/MautzPB19,2019,ICDM,inproceedings,Deep Embedded Cluster Tree.,Dominik Mautz|Claudia Plant|Christian B
conf/icdm/TalL18,2018,ICDM Workshops,inproceedings,TCENR: A Hybrid Neural Recommender for Location Based Social Networks.,Omer Tal|Yang Liu 0008
conf/icdm/LiangTDPB20,2020,ICDM,inproceedings,Effective Proximal Methods for Non-convex Non-smooth Regularized Learning.,Guannan Liang|Qianqian Tong|Jiahao Ding|Miao Pan|Jinbo Bi
conf/icdm/FischerSZH23,2023,ICDM (Workshops),inproceedings,Enhancing Sequential Next-Item Prediction through Modelling Non-Item Pages.,Elisabeth Fischer|Daniel Schl|Albin Zehe|Andreas Hotho
conf/icdm/0007DWHLF19,2019,ICDM Workshops,inproceedings,Bi-gradient Verification for Grad-CAM Towards Accurate Visual Explanation for Remote Sensing Images.,Wei Song 0007|Shuyuan Dai|Jian Wang 0130|Dongmei Huang|Antonio Liotta|Giuseppe Di Fatta
conf/icdm/AlhussienCN18,2018,ICDM Workshops,inproceedings,Semantically Enhanced Models for Commonsense Knowledge Acquisition.,Ikhlas Alhussien|Erik Cambria|Zhang NengSheng
conf/icdm/DoKACRC24,2024,ICDM (Workshops),inproceedings,"Cross-tissue, Cross-platform Prediction and Validation of Toxicogenomics Profiles with Deep Learning and Clustering.",Trang Do|Richard Kim|Scott Auerbach|Warren M. Casey|Andrew A. Rooney|Guojing Cong
conf/icdm/ChengYLXC21,2021,ICDM,inproceedings,Learning Transferable User Representations with Sequential Behaviors via Contrastive Pre-training.,Mingyue Cheng 0004|Fajie Yuan|Qi Liu 0003|Xin Xin 0003|Enhong Chen
conf/icdm/KocakAMN18,2018,ICDM Workshops,inproceedings,Closed Frequent Itemset Mining with Arbitrary Side Constraints.,Gokberk Kocak|Ozgur Akgun|Ian Miguel|Peter Nightingale
conf/icdm/NurgalievKSM24,2024,ICDM (Workshops),inproceedings,Go-Kart Racing Simulator for Reinforcement Learning with Augmented Sim2Real Adaptation.,Ildar Nurgaliev|Andre Kuzminykh|Andrey V. Savchenko|Ilya Makarov
conf/icdm/ZhangJRWS23,2023,ICDM,inproceedings,Unfairness in Distributed Graph Frameworks.,Hao Zhang|Malith Jayaweera|Bin Ren 0002|Yanzhi Wang 0001|Sucheta Soundarajan
conf/icdm/El-KhawagaAR23,2023,ICDM (Workshops),inproceedings,A Rule-based Evaluation Method of Local Explainers for Predictive Process Monitoring.,Ghada El-Khawaga|Mervat Abu-Elkheir|Manfred Reichert
conf/icdm/XiaoQW0L20,2020,ICDM,inproceedings,LPV: A Log Parser Based on Vectorization for Offline and Online Log Parsing.,Tong Xiao 0002|Zhe Quan|Zhi-Jie Wang 0009|Kaiqi Zhao 0001|Xiangke Liao
conf/icdm/GalhotraKHSSQ19,2019,ICDM Workshops,inproceedings,Automated Feature Enhancement for Predictive Modeling using External Knowledge.,Sainyam Galhotra|Udayan Khurana|Oktie Hassanzadeh|Kavitha Srinivas|Horst Samulowitz|Miao Qi
conf/icdm/WeiLWQL21,2021,ICDM,inproceedings,Learning to Reweight Samples with Offline Loss Sequence.,Yuhua Wei|Xiaoyu Li 0007|Jishang Wei|Buyue Qian|Chen Li 0011
conf/icdm/YangS18,2018,ICDM,inproceedings,LEEM: Lean Elastic EM for Gaussian Mixture Model via Bounds-Based Filtering.,Shuai Yang|Xipeng Shen
conf/icdm/OettershagenM20,2020,ICDM,inproceedings,Efficient Top-k Temporal Closeness Calculation in Temporal Networks.,Lutz Oettershagen|Petra Mutzel
conf/icdm/ChienPTM21,2021,ICDM,inproceedings,Highly Scalable and Provably Accurate Classification in Poincar,Eli Chien|Chao Pan 0003|Puoya Tabaghi|Olgica Milenkovic
conf/icdm/RazzakYYX19,2019,ICDM,inproceedings,An Integrated Multimodal Attention-Based Approach for Bank Stress Test Prediction.,Farid Razzak|Fei Yi|Yang Yang 0074|Hui Xiong 0001
conf/icdm/ChaturvediT18,2018,ICDM Workshops,inproceedings,SysEvoRecomd: Graph Evolution and Change Learning Based System Evolution Recommender.,Animesh Chaturvedi 0001|Aruna Tiwari
conf/icdm/HosseiniDS19,2019,ICDM Workshops,inproceedings,Hierarchical Target-Attentive Diagnosis Prediction in Heterogeneous Information Networks.,Anahita Hosseini|Tyler Davis|Majid Sarrafzadeh
conf/icdm/ItoTSIY19,2019,ICDM,inproceedings,CSNN: Contextual Sentiment Neural Network.,Tomoki Ito|Kota Tsubouchi|Hiroki Sakaji|Kiyoshi Izumi|Tatsuo Yamashita
conf/icdm/MattosM21,2021,ICDM,inproceedings,Semi-Supervised Graph Attention Networks for Event Representation Learning.,Jo|Ricardo M. Marcacini
conf/icdm/EtterHE00C23,2023,ICDM,inproceedings,Evading Deep Learning-Based Malware Detectors via Obfuscation: A Deep Reinforcement Learning Approach.,Brian Etter|James Lee Hu|Mohammadreza Ebrahimi 0001|Weifeng Li 0002|Xin Li 0108|Hsinchun Chen
conf/icdm/XuDW0T22,2022,ICDM,inproceedings,Generalized Few-Shot Node Classification.,Zhe Xu 0007|Kaize Ding|Yu-Xiong Wang|Huan Liu 0001|Hanghang Tong
conf/icdm/MaQZ023,2023,ICDM,inproceedings,Hypergraph Contrastive Learning for Drug Trafficking Community Detection.,Tianyi Ma|Yiyue Qian|Chuxu Zhang|Yanfang Ye 0001
conf/icdm/AmbielCC23,2023,ICDM (Workshops),inproceedings,The Strength of Influence Ties in Stock Networks: Empirical Analysis for Portfolio Selection.,Thiago Ambiel|Douglas Castilho 0001|Andr
conf/icdm/SousaPHGR24,2024,ICDM (Workshops),inproceedings,Pointwise reliability metrics for machine learning model predictions: three different approaches.,Jos|Sim|Jorge Henriques|Lino Gon|Teresa Rocha
conf/icdm/WangLLZSS20,2020,ICDM,inproceedings,Learning Node Representations from Noisy Graph Structures.,Junshan Wang|Ziyao Li|Qingqing Long|Weiyu Zhang|Guojie Song|Chuan Shi 0001
conf/icdm/MatakosG18,2018,ICDM,inproceedings,Tell me Something My Friends do not Know: Diversity Maximization in Social Networks.,Antonis Matakos|Aristides Gionis
conf/icdm/SunYPLNX22,2022,ICDM (Workshops),inproceedings,Abnormal Entity-Aware Knowledge Graph Completion.,Ke Sun 0011|Shuo Yu 0001|Ciyuan Peng|Xiang Li|Mehdi Naseriparsa|Feng Xia 0001
conf/icdm/JoshiYSS22,2022,ICDM (Workshops),inproceedings,Learning About People's Attitude Towards Food Available in India and Its Implications for Fair AI-based Systems.,Hem Chandra Joshi|Utkarsh Yadav|Biplav Srivastava|Ram Manohar Singh
conf/icdm/CambriaMHL22,2022,ICDM (Workshops),inproceedings,Sentic Parser: A Graph-Based Approach to Concept Extraction for Sentiment Analysis.,Erik Cambria|Rui Mao 0010|Sooji Han|Qian Liu 0012
conf/icdm/ChenL0X19,2019,ICDM,inproceedings,Scalable Explanation of Inferences on Large Graphs.,Chao Chen|Yifei Liu|Xi Zhang 0008|Sihong Xie
conf/icdm/YooS19,2019,ICDM,inproceedings,EDiT: Interpreting Ensemble Models via Compact Soft Decision Trees.,Jaemin Yoo|Lee Sael
conf/icdm/SamirE20,2020,ICDM (Workshops),inproceedings,Enhancing Multi-factor Friend Recommendation in Location-based Social Networks.,Bassem Samir|Neamat El-Tazi
conf/icdm/ZhangCZF24,2024,ICDM (Workshops),inproceedings,Enhanced Multimodal Hate Video Detection via Channel-wise and Modality-wise Fusion.,Yinghui Zhang|Tailin Chen|Yuchen Zhang|Zeyu Fu
conf/icdm/IslamMAPR18,2018,ICDM,inproceedings,DeepDiffuse: Predicting the 'Who' and 'When' in Cascades.,Mohammad Raihanul Islam|Sathappan Muthiah|Bijaya Adhikari|B. Aditya Prakash|Naren Ramakrishnan
conf/icdm/ZhangTW19,2019,ICDM Workshops,inproceedings,On Fairness-Aware Learning for Non-discriminative Decision-Making.,Wenbin Zhang 0002|Xuejiao Tang|Jianwu Wang 0001
conf/icdm/LuLR19,2019,ICDM Workshops,inproceedings,An Efficient Bayesian Method for Advancing the Application of Deep Learning in Earth Science.,Dan Lu 0001|Siyan Liu|Daniel M. Ricciuto
conf/icdm/WangL18,2018,ICDM,inproceedings,DeepAD: A Deep Learning Based Approach to Stroke-Level Abnormality Detection in Handwritten Chinese Character Recognition.,Tie-Qiang Wang|Cheng-Lin Liu
conf/icdm/ChuFGWH18,2018,ICDM Workshops,inproceedings,Event2vec: Heterogeneous Hypergraph Embedding for Event Data.,Yunfei Chu|Chunyan Feng|Caili Guo|Yaqing Wang 0004|Jenq-Neng Hwang
conf/icdm/LiSYWQX23,2023,ICDM,inproceedings,DiffNAS: Bootstrapping Diffusion Models by Prompting for Better Architectures.,Wenhao Li|Xiu Su|Shan You|Fei Wang 0032|Chen Qian 0006|Chang Xu 0002
conf/icdm/ZhongSM20,2020,ICDM,inproceedings,FilCorr: Filtered and Lagged Correlation on Streaming Time Series.,Sheng Zhong 0005|Vin|Abdullah Mueen
conf/icdm/ZhangD21,2021,ICDM,inproceedings,Robustifying DARTS by Eliminating Information Bypass Leakage via Explicit Sparse Regularization.,Jiuling Zhang|Zhiming Ding
conf/icdm/HuangLGYS19,2019,ICDM,inproceedings,Online Budgeted Least Squares with Unlabeled Data.,Chen Huang|Peiyan Li 0002|Chongming Gao|Qinli Yang|Junming Shao
conf/icdm/Wang0T23,2023,ICDM,inproceedings,Distribution-Based Trajectory Clustering.,Zijing Wang|Ye Zhu 0002|Kai Ming Ting
conf/icdm/PeticolasKT19,2019,ICDM Workshops,inproceedings,M,Devon Peticolas|Russell Kirmayer|Deepak Turaga
conf/icdm/Mizera-Pietraszko24,2024,ICDM (Workshops),inproceedings,Heisenberg Algebra Implementation to AAG Algorithm for Secure Data Transfer in IoT Networks.,Jolanta Mizera-Pietraszko|Jolanta Tancula
conf/icdm/AkujuobiHZ019,2019,ICDM,inproceedings,Collaborative Graph Walk for Semi-Supervised Multi-label Node Classification.,Uchenna Akujuobi|Yufei Han 0001|Qiannan Zhang|Xiangliang Zhang 0001
conf/icdm/WangZFZZX22,2022,ICDM,inproceedings,FineFormer: Fine-Grained Adaptive Object Transformer for Image Captioning.,Bo Wang 0072|Zhao Zhang 0001|Jicong Fan 0001|Mingbo Zhao|Choujun Zhan|Mingliang Xu 0001
conf/icdm/GautamT18,2018,ICDM Workshops,inproceedings,Localized Multiple Kernel Support Vector Data Description.,Chandan Gautam|Aruna Tiwari
conf/icdm/AbbasiMQ18,2018,ICDM Workshops,inproceedings,A Decentralized Approach for Negative Link Prediction in Large Graphs.,Faima Abbasi|Muhammad Muzammal|Qiang Qu 0001
conf/icdm/Xu0X023,2023,ICDM,inproceedings,Backdoor Attack on 3D Grey Image Segmentation.,Honghui Xu 0001|Zhipeng Cai 0001|Zuobin Xiong|Wei Li 0059
conf/icdm/SafaviBFMMK19,2019,ICDM,inproceedings,Personalized Knowledge Graph Summarization: From the Cloud to Your Pocket.,Tara Safavi|Caleb Belth|Lukas Faber|Davide Mottin|Emmanuel M|Danai Koutra
conf/icdm/XuZZY23,2023,ICDM,inproceedings,Graph Neural Ordinary Differential Equations-based method for Collaborative Filtering.,Ke Xu 0018|Yuanjie Zhu|Weizhi Zhang 0001|Philip S. Yu
conf/icdm/ZhangLZL19,2019,ICDM,inproceedings,Unveiling Taxi Drivers' Strategies via cGAIL: Conditional Generative Adversarial Imitation Learning.,Xin Zhang 0098|Yanhua Li|Xun Zhou 0001|Jun Luo 0007
conf/icdm/YuCAZC019,2019,ICDM,inproceedings,Self-Attentive Attributed Network Embedding Through Adversarial Learning.,Wenchao Yu|Wei Cheng 0002|Charu C. Aggarwal|Bo Zong|Haifeng Chen|Wei Wang 0010
conf/icdm/Shao0WR20,2020,ICDM,inproceedings,ErGAN: Generative Adversarial Networks for Entity Resolution.,Jingyu Shao|Qing Wang 0002|Asiri Wijesinghe|Erhard Rahm
conf/icdm/WuSCP22,2022,ICDM,inproceedings,TENALIGN: Joint Tensor Alignment and Coupled Factorization.,Yunshu Wu|Uday Singh Saini|Jia Chen 0002|Evangelos E. Papalexakis
conf/icdm/TangX21,2021,ICDM,inproceedings,A Robust Algorithm to Unifying Offline Causal Inference and Online Multi-armed Bandit Learning.,Qiao Tang|Hong Xie 0004
conf/icdm/KoKJS24,2024,ICDM,inproceedings,ELiCiT: Effective and Lightweight Lossy Compression of Tensors.,Jihoon Ko|Taehyung Kwon|Jinhong Jung|Kijung Shin
conf/icdm/MirabiNB23,2023,ICDM (Workshops),inproceedings,SafeML: A Privacy-Preserving Byzantine-Robust Framework for Distributed Machine Learning Training.,Meghdad Mirabi|Ren|Carsten Binnig
conf/icdm/LiZ023,2023,ICDM (Workshops),inproceedings,An Adaptive PID-Incorporated Non-Negative Latent Factor Analysis Model.,Jinli Li|ChengXuan Zhou|Ye Yuan 0014
conf/icdm/SharmaKGH22,2022,ICDM (Workshops),inproceedings,Using Image Processing Techniques to Identify and Quantify Spatiotemporal Carbon Cycle Extremes.,Bharat Sharma|Jitendra Kumar 0001|Auroop R. Ganguly|Forrest M. Hoffman
conf/icdm/AbitbolKF18,2018,ICDM Workshops,inproceedings,"Location, Occupation, and Semantics Based Socioeconomic Status Inference on Twitter.",Jacob Levy Abitbol|M|Eric Fleury
conf/icdm/LoginsK19,2019,ICDM Workshops,inproceedings,Content-Based Network Influence Probabilities: Extraction and Application.,Alvis Logins|Panagiotis Karras
conf/icdm/BrandBES021,2021,ICDM,inproceedings,A Linear Primal-Dual Multi-Instance SVM for Big Data Classifications.,Lodewijk Brand|Lauren Zoe Baker|Carla Ellefsen|Jackson Sargent|Hua Wang 0007
conf/icdm/LiS20,2020,ICDM,inproceedings,Hybrid Context-Aware Word Sense Disambiguation in Topic Modeling based Document Representation.,Wenbo Li 0011|Einoshin Suzuki
conf/icdm/ParedesRSHSG24,2024,ICDM (Workshops),inproceedings,Trust in Machine Learning Models: Global and Individual Assessment.,Sim|Teresa Rocha|S|Jorge Henriques|Jos|Lino Gon
conf/icdm/HuoLLYL23,2023,ICDM (Workshops),inproceedings,A Roadmap towards Intelligent Operations for Reliable Cloud Computing Systems.,Yintong Huo|Cheryl Lee|Jinyang Liu 0002|Tianyi Yang|Michael R. Lyu
conf/icdm/TeotiaZ0C24,2024,ICDM (Workshops),inproceedings,Evaluating Vision Language Models in Detecting Learning Engagement.,Jayant Teotia|Xulang Zhang|Rui Mao 0010|Erik Cambria
conf/icdm/WuYWCZW19,2019,ICDM,inproceedings,Collaborative Label Correction via Entropy Thresholding.,Hao Wu 0075|Jiangchao Yao|Jiajie Wang|Yinru Chen|Ya Zhang 0002|Yanfeng Wang 0001
conf/icdm/YuanZMLHH19,2019,ICDM,inproceedings,Learning Review Representations from user and Product Level Information for Spam Detection.,Chunyuan Yuan|Wei Zhou 0019|Qianwen Ma|Shangwen Lv|Jizhong Han|Songlin Hu 0001
conf/icdm/LeeBOY20,2020,ICDM (Workshops),inproceedings,SIPA: A Simple Framework for Efficient Networks.,Gihun Lee|Sangmin Bae|Jaehoon Oh|Se-Young Yun
conf/icdm/YadavSW24,2024,ICDM (Workshops),inproceedings,Resource Efficient Delaunay Triangulation for Higher Dimensional Topological Studies.,Anuarag Yadav|Rohit P. Singh|Philip A. Wilsey
conf/icdm/0002L23,2023,ICDM,inproceedings,On Regularized Sparse Logistic Regression.,Mengyuan Zhang 0002|Kai Liu 0028
conf/icdm/PereiraLSA20,2020,ICDM (Workshops),inproceedings,TEDD: Robust Detection of Unstable Temporal Features.,Ricardo Pereira|Bruno Casal Lara|N|Miguel Ara
conf/icdm/ZifferBVB20,2020,ICDM (Workshops),inproceedings,Fast Incremental Na,Giacomo Ziffer|Alessio Bernardo|Emanuele Della Valle|Albert Bifet
conf/icdm/LiZBIH20,2020,ICDM,inproceedings,COPOD: Copula-Based Outlier Detection.,Zheng Li|Yue Zhao 0016|Nicola Botta|Cezar Ionescu|Xiyang Hu
conf/icdm/MercerAASMK21,2021,ICDM,inproceedings,Matrix Profile XXIII: Contrast Profile: A Novel Time Series Primitive that Allows Real World Classification.,Ryan Mercer|Sara Alaee|Alireza Abdoli|Shailendra Singh 0004|Amy C. Murillo|Eamonn J. Keogh
conf/icdm/FukushimaY20,2020,ICDM,inproceedings,Detecting Hierarchical Changes in Latent Variable Models.,Shintaro Fukushima|Kenji Yamanishi
conf/icdm/HuangWZH23,2023,ICDM (Workshops),inproceedings,Analyzing Hierarchical Organizational Structure Change: Strategic Planning Model from Personnel Perspective.,Shan Huang|Tao Wang 0172|Zhongshan Zhang|Lei He
conf/icdm/RajputCD18,2018,ICDM Workshops,inproceedings,Deep Neural Models for Chronic Disease Status Detection in Free Text Clinical Records.,Kunal Rajput|Girija Chetty|Rachel Davey
conf/icdm/LiW0YLL18,2018,ICDM,inproceedings,SSDMV: Semi-Supervised Deep Social Spammer Detection by Multi-view Data Fusion.,Chaozhuo Li|Senzhang Wang|Lifang He 0001|Philip S. Yu|Yanbo Liang|Zhoujun Li 0001
conf/icdm/MasrourSTE22,2022,ICDM,inproceedings,Fairness-Aware Graph Sampling for Network Analysis.,Farzan Masrour|Francisco Santos|Pang-Ning Tan|Abdol-Hossein Esfahanian
conf/icdm/DengR022,2022,ICDM,inproceedings,Causality Enhanced Societal Event Forecasting With Heterogeneous Graph Learning.,Songgaojun Deng|Huzefa Rangwala|Yue Ning 0001
conf/icdm/RytherS18,2018,ICDM Workshops,inproceedings,Within-Network Classification in Temporal Graphs.,Christopher Ryther|Jakob Grue Simonsen
conf/icdm/GomesRB19,2019,ICDM,inproceedings,Streaming Random Patches for Evolving Data Stream Classification.,Heitor Murilo Gomes|Jesse Read|Albert Bifet
conf/icdm/VenkataramaniRS19,2019,ICDM Workshops,inproceedings,A Dynamically Adaptive Movie Occupancy Forecasting System with Feature Optimization.,Sundararaman Venkataramani|Ateendra Ramesh|Sharan Sundar S|Aashish Kumar Jain|Gautham Krishna Gudur|Vineeth Vijayaraghavan
conf/icdm/ZhaoKK0020,2020,ICDM,inproceedings,HexCNN: A Framework for Native Hexagonal Convolutional Neural Networks.,Yunxiang Zhao|Qiuhong Ke|Flip Korn|Jianzhong Qi 0001|Rui Zhang 0003
conf/icdm/KangGZWL19,2019,ICDM Workshops,inproceedings,Cross-Domain Deep Collaborative Filtering for Recommendation.,Yachen Kang|Sibo Gai|Feng Zhao 0014|Donglin Wang|Yi Luo
conf/icdm/YangSXX20,2020,ICDM (Workshops),inproceedings,Interactive Knowledge Graph Attention Network for Recommender Systems.,Li Yang|E. Shijia|Shiyao Xu|Yang Xiang 0006
conf/icdm/VercruyssenMVMB18,2018,ICDM,inproceedings,Semi-Supervised Anomaly Detection with an Application to Water Analytics.,Vincent Vercruyssen|Wannes Meert|Gust Verbruggen|Koen Maes|Ruben Baumer|Jesse Davis
conf/icdm/YingW0SF23,2023,ICDM,inproceedings,Self-optimizing Feature Generation via Categorical Hashing Representation and Hierarchical Reinforcement Crossing.,Wangyang Ying|Dongjie Wang|Kunpeng Liu 0001|Leilei Sun|Yanjie Fu
conf/icdm/LiZL22,2022,ICDM (Workshops),inproceedings,Solving Non-linear Optimization Problem in Engineering by Model-Informed Generative Adversarial Network (MI-GAN).,Yuxuan Li|Chaoyue Zhao|Chenang Liu
conf/icdm/ZhaoFSS0Q18,2018,ICDM Workshops,inproceedings,Why You Should Listen to This Song: Reason Generation for Explainable Recommendation.,Guoshuai Zhao|Hao Fu 0015|Ruihua Song|Tetsuya Sakai|Xing Xie 0001|Xueming Qian
conf/icdm/YuanGL18,2018,ICDM,inproceedings,Superlinear Convergence of Randomized Block Lanczos Algorithm.,Qiaochu Yuan|Ming Gu|Bo Li
conf/icdm/MaCRRL20,2020,ICDM,inproceedings,Multi-Attention 3D Residual Neural Network for Origin-Destination Crowd Flow Prediction.,Jiaman Ma|Jeffrey Chan|Sutharshan Rajasegarar|Goce Ristanoski|Christopher Leckie
conf/icdm/ChatignyCPW18,2018,ICDM,inproceedings,A Variable-Order Regime Switching Model to Identify Significant Patterns in Financial Markets.,Philippe Chatigny|Rongbo Chen|Jean-Marc Patenaude|Shengrui Wang
conf/icdm/FuTXF23,2023,ICDM (Workshops),inproceedings,Expert Recommendation Method for Fault Maintenance Based On Industrial Manufacturing Knowledge.,Jiacheng Fu|Jin Tian|Jiacheng Xu|Zhijun Fang 0001
conf/icdm/ZhouSC19,2019,ICDM,inproceedings,A Model-Agnostic Approach for Explaining the Predictions on Clustered Data.,Zihan Zhou 0003|Mingxuan Sun 0001|Jianhua Chen 0003
conf/icdm/ParczykPB24,2024,ICDM (Workshops),inproceedings,On the classification of weather based on the production of photovoltaic installations.,Pawel Parczyk|Tobiasz Puslecki|Robert Burduk
conf/icdm/DuWZZ23,2023,ICDM (Workshops),inproceedings,Exploring the Confounding Factors of Academic Career Success: An Empirical Study with Deep Predictive Modeling.,Chenguang Du|Deqing Wang 0001|Fuzhen Zhuang|Hengshu Zhu
conf/icdm/XiSGY23,2023,ICDM,inproceedings,Robust Semi-Supervised Learning for Self-learning Open-World Classes.,Wenjuan Xi|Xin Song|Weili Guo|Yang Yang 0074
conf/icdm/ZhaoGLPH24,2024,ICDM (Workshops),inproceedings,Reliability assessment of models for risk stratification: A knowledge-based approach.,Zhan Zhao|Paulo Gil|Jo|Lorena Petrella|Jorge Henriques
conf/icdm/HanOZLS23,2023,ICDM,inproceedings,FM-IGNN: Interaction Graph Neural Network with Fine-grained Matching for Session-based Recommendation.,Zongzhi Han|Zhonghong Ou|Yifan Zhu 0001|Xiaodong Li|Meina Song
conf/icdm/MaL22,2022,ICDM,inproceedings,Learning from the Multi-Level Abstraction of the Control Flow Graph via Alternating Propagation for Bug Localization.,Yi-Fan Ma|Ming Li 0005
conf/icdm/SafderH18,2018,ICDM Workshops,inproceedings,DS4A: Deep Search System for Algorithms from Full-Text Scholarly Big Data.,Iqra Safder|Saeed-Ul Hassan
conf/icdm/ZhangLBYLG18,2018,ICDM Workshops,inproceedings,Large Scale Classification in Deep Neural Network with Label Mapping.,Qizhi Zhang|Kuang-Chih Lee|Hongying Bao|Yuan You|Wenjie Li|Dongbai Guo
conf/icdm/DuellSFF24,2024,ICDM,inproceedings,QUCE: The Minimisation and Quantification of Path-Based Uncertainty for Generative Counterfactual Explanations.,Jamie Andrew Duell|Monika Seisenberger|Hsuan Fu|Xiuyi Fan
conf/icdm/DongZL0B022,2022,ICDM,inproceedings,Hypernode: Entity Fusion for Data Traceability and Link Prediction.,Bingbing Dong|Zan Zhang 0002|Jiao Li|Yi Zhu 0006|Chenyang Bu|Xindong Wu 0001
conf/icdm/HosseiniH18,2018,ICDM,inproceedings,Confident Kernel Sparse Coding and Dictionary Learning.,Babak Hosseini|Barbara Hammer
conf/icdm/YangZP23,2023,ICDM,inproceedings,Homogeneous Entity Context Enhanced Representation Network for Temporal Knowledge Graph Reasoning.,Yujia Yang|Conghui Zheng|Li Pan 0002
conf/icdm/KangM18,2018,ICDM,inproceedings,Self-Attentive Sequential Recommendation.,Wang-Cheng Kang|Julian J. McAuley
conf/icdm/0001JCXZS18,2018,ICDM Workshops,inproceedings,PP-DBLP: Modeling and Generating Attributed Public-Private Networks with DBLP.,Xin Huang 0001|Jiaxin Jiang|Byron Choi|Jianliang Xu|Zhiwei Zhang 0002|Yunya Song
conf/icdm/LiZYLHY23,2023,ICDM,inproceedings,Data Quality Aware Hierarchical Federated Reinforcement Learning Framework for Dynamic Treatment Regimes.,Mingyi Li|Xiao Zhang 0015|Haochao Ying|Yang Li|Xu Han 0016|Dongxiao Yu
conf/icdm/ChenL18a,2018,ICDM Workshops,inproceedings,Weighted Quantization and Hamming Search for Fast Image Super-Resolution.,Weimin Chen 0002|Xianglong Liu 0001
conf/icdm/LiO023,2023,ICDM,inproceedings,Discovering Protein Interactions and Repurposing Drugs in SARS-CoV-2 (COVID-19) via Learning on Robust Multipartite Graphs.,Xiangyu Li|Armand Ovanessians|Hua Wang 0007
conf/icdm/BuZYW022,2022,ICDM,inproceedings,Which Companies are Likely to Invest: Knowledge-graph-based Recommendation for Investment Promotion.,Chenyang Bu|Jiawei Zhang|Xingchen Yu|Le Wu|Xindong Wu 0001
conf/icdm/Wang0QW18,2018,ICDM,inproceedings,ASTM: An Attentional Segmentation Based Topic Model for Short Texts.,Jiamiao Wang|Ling Chen 0006|Lu Qin 0001|Xindong Wu 0001
conf/icdm/ChakrabortyVSD20,2020,ICDM (Workshops),inproceedings,FairMixRep: Self-supervised Robust Representation Learning for Heterogeneous Data with Fairness constraints.,Souradip Chakraborty|Ekansh Verma|Saswata Sahoo|Jyotishka Datta
conf/icdm/JiangHPH024,2024,ICDM (Workshops),inproceedings,Converting Vocal Performances into Sheet Music Leveraging Large Language Models.,Jinjing Jiang|Nicole Anne Teo Huiying|Haibo Pen|Seng-Beng Ho|Zhaoxia Wang 0001
conf/icdm/ZhuL21,2021,ICDM,inproceedings,Self-supervised Universal Domain Adaptation with Adaptive Memory Separation.,Ronghang Zhu|Sheng Li 0001
conf/icdm/BodapatiRN18,2018,ICDM Workshops,inproceedings,A Machine Learning Approach to Detecting Start Reading Location of eBooks.,Sravan Babu Bodapati|Sriraghavendra Ramaswamy|Gururaj Narayanan
conf/icdm/MalekiPD23,2023,ICDM (Workshops),inproceedings,Leveraging Implicit Knowledge in Recommender Systems for Maternal Health.,Negar Maleki|Balaji Padmanabhan|Kaushik Dutta
conf/icdm/SatoKN19,2019,ICDM Workshops,inproceedings,Action-Triggering Recommenders: Uplift Optimization and Persuasive Explanation.,Masahiro Sato|Shin Kawai|Hajime Nobuhara
conf/icdm/ShanJJLLH20,2020,ICDM,inproceedings,NF-VGA: Incorporating Normalizing Flows into Graph Variational Autoencoder for Embedding Attribute Networks.,Hongyu Shan|Di Jin 0001|Pengfei Jiao|Ziyang Liu 0004|Bingyi Li|Yuxiao Huang
conf/icdm/Li0WAWT20,2020,ICDM,inproceedings,Graph Pooling with Representativeness.,Juan-Hui Li|Yao Ma 0001|Yiqi Wang 0001|Charu C. Aggarwal|Chang-Dong Wang 0001|Jiliang Tang
conf/icdm/ZhuHWY023,2023,ICDM,inproceedings,STSD: Modeling Spatial Temporal Staticity and Dynamicity in Traffic Forecasting.,Guanghui Zhu|Haojun Hou|Peiliang Wang|Chunfeng Yuan|Yihua Huang 0001
conf/icdm/ZhangCJYWL19,2019,ICDM,inproceedings,Learning Attentional Temporal Cues of Brainwaves with Spatial Embedding for Motion Intent Detection.,Dalin Zhang 0001|Kaixuan Chen 0001|Debao Jian|Lina Yao 0001|Sen Wang 0001|Po Li
conf/icdm/AjalloeianMVF23,2023,ICDM,inproceedings,Sparse Attacks for Manipulating Explanations in Deep Neural Network Models.,Ahmad Ajalloeian|Seyed-Mohsen Moosavi-Dezfooli|Michalis Vlachos|Pascal Frossard
conf/icdm/VeeramaniTSMN24,2024,ICDM (Workshops),inproceedings,UMML: Layout-aware Text-Image Fusion for Unified Multilingual Multimodal Learning.,Hariram Veeramani|Surendrabikram Thapa|Mohammad Salman|Mohammad Ali Moni|Usman Naseem
conf/icdm/Xu0WW21,2021,ICDM,inproceedings,Overfitting Avoidance in Tensor Train Factorization and Completion: Prior Analysis and Inference.,Le Xu|Lei Cheng 0003|Ngai Wong 0001|Yik-Chung Wu
conf/icdm/AgarwalSTN0D22,2022,ICDM,inproceedings,THINK: Temporal Hypergraph Hyperbolic Network.,Shivam Agarwal|Ramit Sawhney|Megh Thakkar|Preslav Nakov|Jiawei Han 0001|Tyler Derr
conf/icdm/JenaKS18,2018,ICDM Workshops,inproceedings,SparkFSM: A Highly Scalable Frequent Subgraph Mining Approach using Apache Spark.,Bismita Jena|Cynthia Khan|Rajshekhar Sunderraman
conf/icdm/AlhusainiLFHC22,2022,ICDM (Workshops),inproceedings,Mining High Utility Itemset with Multiple Minimum Utility Thresholds Based on Utility Deviation.,Naji Alhusaini|Jing Li 0047|Philippe Fournier-Viger|Ammar Hawbani|Guilin Chen
conf/icdm/KhavkinL18,2018,ICDM Workshops,inproceedings,Preserving Differential Privacy and Utility of Non-stationary Data Streams.,Michael Khavkin|Mark Last
conf/icdm/LiLXLWL19,2019,ICDM Workshops,inproceedings,Dynamic Spatio-Temporal Feature Learning via Graph Convolution in 3D Convolutional Networks.,Jun Li 0072|Xianglong Liu 0001|Jun Xiao|Hainan Li|Shuo Wang 0008|Liang Liu
conf/icdm/XiaT0WWS23,2023,ICDM (Workshops),inproceedings,Advanced Volleyball Stats for All Levels: Automatic Setting Tactic Detection and Classification with a Single Camera.,Haotian Xia|Rhys Tracy|Yun Zhao 0001|Yuqing Wang 0004|Yuan-Fang Wang|Weining Shen
conf/icdm/WangYT19,2019,ICDM Workshops,inproceedings,A Community-Enhanced Retrieval Model for Text-Rich Heterogeneous Information Networks.,Lidan Wang|Xiao Yu 0007|Fangbo Tao
conf/icdm/ZhuDHXZ19,2019,ICDM Workshops,inproceedings,Topic Judgment Helps Question Similarity Prediction in Medical FAQ Dialogue Systems.,Lin Zhu|Xinnan Dai|Qihao Huang|Hai Xiang|Jie Zheng 0002
conf/icdm/LiWLTLL19,2019,ICDM Workshops,inproceedings,An Augmented Transformer Architecture for Natural Language Generation Tasks.,Hailiang Li|Adele Y. C. Wang|Yang Liu|Du Tang|Zhibin Lei|Wenye Li 0001
conf/icdm/SchellingP18,2018,ICDM,inproceedings,DipTransformation: Enhancing the Structure of a Dataset and Thereby Improving Clustering.,Benjamin Schelling|Claudia Plant
conf/icdm/NakamuraIMK20,2020,ICDM,inproceedings,MERLIN: Parameter-Free Discovery of Arbitrary Length Anomalies in Massive Time Series Archives.,Takaaki Nakamura|Makoto Imamura|Ryan Mercer|Eamonn J. Keogh
conf/icdm/LeiberSS024,2024,ICDM (Workshops),inproceedings,Dying Clusters Is All You Need - Deep Clustering With an Unknown Number of Clusters.,Collin Leiber|Niklas Strau|Matthias Schubert|Thomas Seidl 0001
conf/icdm/LosingWH18,2018,ICDM,inproceedings,Enhancing Very Fast Decision Trees with Local Split-Time Predictions.,Viktor Losing|Heiko Wersing|Barbara Hammer
conf/icdm/DuL19,2019,ICDM Workshops,inproceedings,Consensus Graph Weighting via Trace Ratio Criterion for Multi-view Unsupervised Feature Selection.,Liang Du 0003|Xiaolin Lv
conf/icdm/Jian0WDI22,2022,ICDM,inproceedings,Pruning Adversarially Robust Neural Networks without Adversarial Examples.,Tong Jian|Zifeng Wang 0002|Yanzhi Wang 0001|Jennifer G. Dy|Stratis Ioannidis
conf/icdm/ZhaoLwMC18,2018,ICDM,inproceedings,Zero-Shot Learning: An Energy Based Approach.,Tianxiang Zhao 0006|Guiquan Liu|Le Wu|Chao Ma 0022|Enhong Chen
conf/icdm/Mao022,2022,ICDM,inproceedings,Improving Graph Representation Learning with Distribution Preserving.,Chengsheng Mao|Yuan Luo 0001
conf/icdm/RohdeMDS18,2018,ICDM Workshops,inproceedings,The Propagation of Counteracting Information in Online Social Networks: A Case Study.,Logan Rohde|Somya D. Mohanty|Jing Deng 0001|Fereidoon Sadri
conf/icdm/YokobayashiM18,2018,ICDM Workshops,inproceedings,Multidimensional Data Mining Based on Tensor.,Ryohei Yokobayashi|Takao Miura
conf/icdm/ZhangJRWS24,2024,ICDM,inproceedings,Reducing Unfairness in Distributed Community Detection.,Hao Zhang|Malith Jayaweera|Bin Ren 0002|Yanzhi Wang 0001|Sucheta Soundarajan
conf/icdm/Li022,2022,ICDM,inproceedings,Contrastive Individual Treatment Effects Estimation.,Xinshu Li 0001|Lina Yao 0001
conf/icdm/TakayanagiTS18,2018,ICDM,inproceedings,Entire Regularization Path for Sparse Nonnegative Interaction Model.,Mirai Takayanagi|Yasuo Tabei|Hiroto Saigo
conf/icdm/0002JCWDI20,2020,ICDM,inproceedings,Learn-Prune-Share for Lifelong Learning.,Zifeng Wang 0002|Tong Jian|Kaushik R. Chowdhury|Yanzhi Wang 0001|Jennifer G. Dy|Stratis Ioannidis
conf/icdm/LiuCLLC22,2022,ICDM,inproceedings,"One Person, One Model - Learning Compound Router for Sequential Recommendation.",Zhiding Liu|Mingyue Cheng 0004|Zhi Li 0057|Qi Liu 0003|Enhong Chen
conf/icdm/Ciaperoni0G22,2022,ICDM,inproceedings,Concise and interpretable multi-label rule sets.,Martino Ciaperoni|Han Xiao 0009|Aristides Gionis
conf/icdm/ZhangZJZ21,2021,ICDM,inproceedings,LIFE: Learning Individual Features for Multivariate Time Series Prediction with Missing Values.,Zhao-Yu Zhang|Shao-Qun Zhang|Yuan Jiang 0001|Zhi-Hua Zhou
conf/icdm/ForghaniCKH22,2022,ICDM (Workshops),inproceedings,VISUAL ANALYTICS OF MOBILITY NETWORK CHANGES OBSERVED USING MOBILE PHONE DATA DURING COVID-19 PANDEMIC.,Mohammad Forghani|Christophe Claramunt|Farid Karimipour|Georg Heiler
conf/icdm/GuptaNMVS21,2021,ICDM,inproceedings,Continual Learning for Multivariate Time Series Tasks with Variable Input Dimensions.,Vibhor Gupta|Jyoti Narwariya|Pankaj Malhotra|Lovekesh Vig|Gautam Shroff
conf/icdm/LiuMPV23,2023,ICDM (Workshops),inproceedings,Context Retrieval via Normalized Contextual Latent Interaction for Conversational Agent.,Junfeng Liu|Zhuocheng Mei|Kewen Peng|Ranga Raju Vatsavai
conf/icdm/RamkissoonRG22,2022,ICDM (Workshops),inproceedings,Scene and Texture Based Feature Set for DeepFake Video Detection.,Amit Neil Ramkissoon|Vijayanandh Rajamanickam|Wayne Goodridge
conf/icdm/JinJ22,2022,ICDM (Workshops),inproceedings,Improving Graph Neural Network with Learnable Permutation Pooling.,Yu Jin 0008|Joseph F. J
conf/icdm/XiaoSZL23,2023,ICDM,inproceedings,Graph Collaborative Optimization for Sequential Recommendation.,Chunjing Xiao|Yan Shen|Yuxiang Zhang|Shijie Li
conf/icdm/StewartE019,2019,ICDM,inproceedings,ICDM 2019 Knowledge Graph Contest: Team UWA.,Michael Stewart 0006|Majigsuren Enkhsaikhan|Wei Liu 0006
conf/icdm/WangMSP23,2023,ICDM,inproceedings,Counterfactual Explanations for Time Series Forecasting.,Zhendong Wang 0004|Ioanna Miliou|Isak Samsten|Panagiotis Papapetrou
conf/icdm/MadalaJC18,2018,ICDM Workshops,inproceedings,Certificate Transparency Using Blockchain.,D. S. V. Madala|Mahabir Prasad Jhanwar|Anupam Chattopadhyay
conf/icdm/YaoXXYC22,2022,ICDM,inproceedings,Privacy-Preserving Split Learning via Patch Shuffling over Transformers.,Dixi Yao|Liyao Xiang|Hengyuan Xu|Hangyu Ye|Yingqi Chen
conf/icdm/IchikawaT19,2019,ICDM,inproceedings,Unsupervised Qualitative Scoring for Binary Item Features.,Koji Ichikawa|Hiroshi Tamano
conf/icdm/YanWWHCL23,2023,ICDM (Workshops),inproceedings,Attribute-Based Searchable Encryption Scheme in Smart Healthcare Blockchain.,Chen Yan|Luping Wang|Hongjie Wu|Fuyuan Hu|Jing Chen 0036|Weizhong Lu
conf/icdm/TayalRJ0L24,2024,ICDM,inproceedings,ExoTST: Exogenous-Aware Temporal Sequence Transformer for Time Series Prediction.,Kshitij Tayal|Arvind Renganathan|Xiaowei Jia|Vipin Kumar 0001|Dan Lu
conf/icdm/ZhouZYZ22,2022,ICDM (Workshops),inproceedings,Unknown Type Streaming Feature Selection via Maximal Information Coefficient.,Peng Zhou 0008|Yunyun Zhang|Yuanting Yan|Shu Zhao 0005
conf/icdm/FuPHDY23,2023,ICDM,inproceedings,Towards Unsupervised Graph Completion Learning on Graphs with Features and Structure Missing.,Sichao Fu|Qinmu Peng|Yang He|Baokun Du|Xinge You
conf/icdm/WiktorskiL19,2019,ICDM Workshops,inproceedings,Approximate Approach to Finding Generic Utility of Sequential Patterns.,Tomasz Wiktorski|Jerry Chun-Wei Lin
conf/icdm/YangHWLLW22,2022,ICDM,inproceedings,A Bi-directional Recommender System for Online Recruitment.,Zhe-Rui Yang|Zhenyu He 0009|Chang-Dong Wang 0001|Pei-Yuan Lai|De-Zhang Liao|Zhong-Zheng Wang
conf/icdm/BourgerieZ23,2023,ICDM (Workshops),inproceedings,Fault Detection in Telecom Networks Using Bi-Level Federated Graph Neural Networks.,R|Tahar Zanouda
conf/icdm/TanHLY24,2024,ICDM,inproceedings,Futures Quantitative Investment With Heterogeneous Continual Graph Neural Network.,Zhizhong Tan|Min Hu|Bin Liu 0022|Guosheng Yin
conf/icdm/GongWHLLY18,2018,ICDM Workshops,inproceedings,Finding Multi-granularity Community Structures in Social Networks Based on Significance of Community Partition.,Chenxu Gong|Guoyin Wang 0001|Jun Hu 0002|Ming Liu|Li Liu 0030|Zihe Yang
conf/icdm/ZhangWZWC19,2019,ICDM,inproceedings,Machine Comprehension-Incorporated Relevance Matching.,Chen Zhang|Hao Wang|Liang Zhou|Yijun Wang|Can Chen
conf/icdm/ChiaroPIGCP22,2022,ICDM (Workshops),inproceedings,Cut the peaches: image segmentation for utility pattern mining in food processing.,Diletta Chiaro|Edoardo Prezioso|Stefano Izzo|Fabio Giampaolo|Salvatore Cuomo|Francesco Piccialli
conf/icdm/WuXLW23,2023,ICDM (Workshops),inproceedings,Clustering with Entropy-based Recombination for Training GCNs on Large Graphs.,Shangwei Wu 0001|Yingtong Xiong|Hui Liang|Chuliang Weng
conf/icdm/0006PKXJ23,2023,ICDM,inproceedings,Early Spatiotemporal Event Prediction via Adaptive Controller and Spatiotemporal Embedding.,Wei Shao 0006|Ziyan Peng|Yufan Kang|Xiao Xiao 0007|Zhiling Jin
conf/icdm/RemilBCMPK23,2023,ICDM (Workshops),inproceedings,Mining Java Memory Errors using Subjective Interesting Subgroups with Hierarchical Targets.,Youcef Remil|Anes Bendimerad|Mathieu Chambard|Romain Mathonat|Marc Plantevit|Mehdi Kaytoue
conf/icdm/YangW0Y21,2021,ICDM,inproceedings,Towards Stochastic Neural Network via Feature Distribution Calibration.,Hao Yang 0042|Min Wang 0034|Yun Zhou 0001|Yongxin Yang
conf/icdm/ZhangSC22,2022,ICDM,inproceedings,Feature-Oriented Sampling for Fast and Scalable GNN Training.,Xin Zhang 0101|Yanyan Shen|Lei Chen 0002
conf/icdm/ZhaoK20,2020,ICDM (Workshops),inproceedings,Wavelet Denoised-ResNet CNN and LightGBM Method to Predict Forex Rate of Change.,Yiqi Zhao|Matloob Khushi
conf/icdm/KabirRA18,2018,ICDM,inproceedings,Mixed Bagging: A Novel Ensemble Learning Framework for Supervised Classification Based on Instance Hardness.,Ahmedul Kabir|Carolina Ruiz|Sergio A. Alvarez
conf/icdm/AkcoraKG18,2018,ICDM,inproceedings,Blockchain Data Analytics.,Cuneyt Gurcan Akcora|Murat Kantarcioglu|Yulia R. Gel
conf/icdm/ZhaoCL18,2018,ICDM Workshops,inproceedings,Online Vehicle Dispatch: from Assignment to Scheduling.,Kangjia Zhao|Wenqing Chen|Kong-wei Lye
conf/icdm/CharlierFSH18,2018,ICDM Workshops,inproceedings,User-Device Authentication in Mobile Banking Using APHEN for Paratuck2 Tensor Decomposition.,J|Eric Falk|Radu State|Jean Hilger
conf/icdm/Yao0LH0Z19,2019,ICDM,inproceedings,ACE: Adaptively Similarity-Preserved Representation Learning for Individual Treatment Effect Estimation.,Liuyi Yao|Sheng Li 0001|Yaliang Li|Mengdi Huai|Jing Gao 0004|Aidong Zhang 0001
conf/icdm/BarkanAEEK23,2023,ICDM,inproceedings,Learning to Explain: A Model-Agnostic Framework for Explaining Black Box Models.,Oren Barkan|Yuval Asher|Amit Eshel|Yehonatan Elisha|Noam Koenigstein
conf/icdm/DaiWHYD21,2021,ICDM,inproceedings,Temporal Multi-view Graph Convolutional Networks for Citywide Traffic Volume Inference.,Shaojie Dai|Jinshuai Wang|Chao Huang 0001|Yanwei Yu|Junyu Dong
conf/icdm/BudhathokiV18,2018,ICDM,inproceedings,Accurate Causal Inference on Discrete Data.,Kailash Budhathoki|Jilles Vreeken
conf/icdm/0004AP019,2019,ICDM Workshops,inproceedings,Exploring Network Embedding for Efficient Message Routing in Opportunistic Mobile Social Networks.,Bo Yuan 0004|Ashiq Anjum|John Panneerselvam|Lu Liu 0001
conf/icdm/ZhangTKWGO18,2018,ICDM,inproceedings,Similarity-Based Active Learning for Image Classification Under Class Imbalance.,Chuanhai Zhang|Wallapak Tavanapong|Gavin Kijkul|Johnny Wong 0001|Piet C. de Groen|Jung-Hwan Oh 0001
conf/icdm/LingYZ21,2021,ICDM,inproceedings,Deep Generation of Heterogeneous Networks.,Chen Ling 0003|Carl Yang 0001|Liang Zhao 0002
conf/icdm/VuNT22,2022,ICDM,inproceedings,NeuCEPT: Learn Neural Networks' Mechanism via Critical Neurons with Precision Guarantee.,Minh N. Vu|Truc D. T. Nguyen|My T. Thai
conf/icdm/ShuWL0018,2018,ICDM,inproceedings,Deep Headline Generation for Clickbait Detection.,Kai Shu|Suhang Wang|Thai Le|Dongwon Lee 0001|Huan Liu 0001
conf/icdm/HuRH0X23,2023,ICDM (Workshops),inproceedings,An Element-Wise Weights Aggregation Method for Federated Learning.,Yi Hu|Hanchi Ren|Chen Hu|Jingjing Deng 0001|Xianghua Xie
conf/icdm/Ren0KW23,2023,ICDM (Workshops),inproceedings,Infinite forecast combinations based on Dirichlet process.,Yinuo Ren|Feng Li 0028|Yanfei Kang|Jue Wang
conf/icdm/LiZ021,2021,ICDM,inproceedings,Preference-aware Group Task Assignment in Spatial Crowdsourcing: A Mutual Information-based Approach.,Yunchuan Li|Yan Zhao 0008|Kai Zheng 0001
conf/icdm/0002Y0P021,2021,ICDM,inproceedings,Global Convolutional Neural Processes.,Xuesong Wang 0002|Lina Yao 0001|Xianzhi Wang 0001|Hye-Young Paik|Sen Wang 0001
conf/icdm/YanY23,2023,ICDM,inproceedings,Non-Negative Matrix Factorization for Link Prediction Preserving Row and Column Spaces.,Liping Yan|Weiren Yu
conf/icdm/LuoZWWZ18,2018,ICDM,inproceedings,ResumeNet: A Learning-Based Framework for Automatic Resume Quality Assessment.,Yong Luo 0002|Huaizheng Zhang|Yongjie Wang|Yonggang Wen 0001|Xinwen Zhang
conf/icdm/Wang0PL022,2022,ICDM,inproceedings,GraphFL: A Federated Learning Framework for Semi-Supervised Node Classification on Graphs.,Binghui Wang|Ang Li 0005|Meng Pang|Hai Li 0001|Yiran Chen 0001
conf/icdm/WegierM024,2024,ICDM (Workshops),inproceedings,Changing Lineup Classifier Ensemble for Drifting Imbalanced Data Streams.,Weronika Wegier|Maciej Maczynski|Michal Wozniak 0001
conf/icdm/XiangZDBD023,2023,ICDM,inproceedings,Deep Optimal Isolation Forest with Genetic Algorithm for Anomaly Detection.,Haolong Xiang|Xuyun Zhang|Mark Dras|Amin Beheshti|Wanchun Dou|Xiaolong Xu 0001
conf/icdm/BakshiPS18,2018,ICDM,inproceedings,Semi-Supervised Community Detection Using Structure and Size.,Arjun Bakshi|Srinivasan Parthasarathy 0001|Kannan Srinivasan 0001
conf/icdm/JiangLLWN22,2022,ICDM (Workshops),inproceedings,A Multi-Source Information Learning Framework for Airbnb Price Prediction.,Lu Jiang 0007|Yuanhan Li|Na Luo|Jianan Wang|Qiao Ning
conf/icdm/RenHMQCL23,2023,ICDM,inproceedings,Deep Multi-kernel Clustering Network.,Lina Ren|Ruizhang Huang|Shengwei Ma|Yongbin Qin|Yanping Chen 0010|Chuan Lin
conf/icdm/ChenTLW20,2020,ICDM (Workshops),inproceedings,A Hierarchical Knowledge and Interest Propagation Network for Recommender Systems.,Qinghong Chen|Huobin Tan|Guangyan Lin|Ze Wang
conf/icdm/TuYD0XG18,2018,ICDM,inproceedings,Multi-label Answer Aggregation Based on Joint Matrix Factorization.,Jinzheng Tu 0002|Guoxian Yu|Carlotta Domeniconi|Jun Wang 0035|Guoqiang Xiao 0001|Maozu Guo 0001
conf/icdm/PominovaASKBB18,2018,ICDM Workshops,inproceedings,Voxelwise 3D Convolutional and Recurrent Neural Networks for Epilepsy and Depression Diagnostics from Structural and Functional MRI Data.,Marina Pominova|Alexey Artemov|Maksim Sharaev|Ekaterina Kondrateva|Alexander Bernstein|Evgeny Burnaev
conf/icdm/ShahS19,2019,ICDM Workshops,inproceedings,Using Monolingual Speech Recognition for Spoken Term Detection in Code-switched Hindi-English Speech.,Sanket Shah|Sunayana Sitaram
conf/icdm/MelgarGarciaGRT22,2022,ICDM (Workshops),inproceedings,Nearest neighbors with incremental learning for real-time forecasting of electricity demand.,Laura Melgar-Garc|David Guti|Cristina Rubio-Escudero|Alicia Troncoso
conf/icdm/ParkKOLK22,2022,ICDM,inproceedings,A Large-Scale Ensemble Learning Framework for Demand Forecasting.,Young-Jin Park|Donghyun Kim|Fr|Juho Lee|Kyung-Min Kim
conf/icdm/WuX23,2023,ICDM (Workshops),inproceedings,Differentially Private Causal Inference Under Hierarchical Design.,Fan Wu|Bowei Xi
conf/icdm/ChenS20,2020,ICDM,inproceedings,Anomaly Detection on Dynamic Bipartite Graph with Burstiness.,Zhe Chen 0023|Aixin Sun
conf/icdm/WuLL22,2022,ICDM (Workshops),inproceedings,Large-Scale Sequential Utility Pattern Mining in Uncertain Environments.,Jimmy Ming-Tai Wu|Shuo Liu|Jerry Chun-Wei Lin
conf/icdm/GuoLZW18,2018,ICDM,inproceedings,Learning Sequential Behavior Representations for Fraud Detection.,Jia Guo|Guannan Liu 0004|Yuan Zuo|Junjie Wu 0002
conf/icdm/DykcikCSP18,2018,ICDM Workshops,inproceedings,"BlockPKI: An Automated, Resilient, and Transparent Public-Key Infrastructure.",Lukasz Dykcik|Laurent Chuat|Pawel Szalachowski|Adrian Perrig
conf/icdm/LuR19,2019,ICDM Workshops,inproceedings,Learning-Based Inversion-Free Model-Data Integration to Advance Ecosystem Model Prediction.,Dan Lu 0001|Daniel M. Ricciuto
conf/icdm/TongT20,2020,ICDM (Workshops),inproceedings,Temporally-Reweighted Dirichlet Process Mixture Anomaly Detector.,JunYong Tong|Nick Torenvliet
conf/icdm/Yi0ZZX18,2018,ICDM,inproceedings,An Integrated Model for Crime Prediction Using Temporal and Spatial Factors.,Fei Yi|Zhiwen Yu 0001|Fuzhen Zhuang|Xiao Zhang 0015|Hui Xiong 0001
conf/icdm/LiYIS20,2020,ICDM,inproceedings,Ensemble Learning for Spectral Clustering.,Hongmin Li|Xiucai Ye|Akira Imakura|Tetsuya Sakurai
conf/icdm/PanLZP23,2023,ICDM,inproceedings,PREM: A Simple Yet Effective Approach for Node-Level Graph Anomaly Detection.,Junjun Pan|Yixin Liu 0001|Yizhen Zheng|Shirui Pan
conf/icdm/MaYYC19,2019,ICDM Workshops,inproceedings,Few-Shot Learning Based on Attention Relation Compare Network.,Xian-Qin Ma|Chongchong Yu|Xin Yang|Xiuxin Chen
conf/icdm/MbouopdaN20,2020,ICDM (Workshops),inproceedings,Uncertain Time Series Classification with Shapelet Transform.,Michael Franklin Mbouopda|Engelbert Mephu Nguifo
conf/icdm/WangMQ019,2019,ICDM,inproceedings,Fast Classification Algorithms via Distributed Accelerated Alternating Direction Method of Multipliers.,Huihui Wang 0001|Shunmei Meng|Yiming Qiao|Jing Zhang 0015
conf/icdm/BeckerVBSWB23,2023,ICDM (Workshops),inproceedings,RIXA - Explaining Artificial Intelligence in Natural Language.,Maximilian Becker|Vishwesh Vishwesh|Pascal Birnstill|Finn Schwall|Sihan Wu|J
conf/icdm/WangGBB18,2018,ICDM Workshops,inproceedings,Designing and Analyzing A/B Tests in an Online Marketplace.,Jason Wang|David Goldberg 0001|Pauline Burke|Dave Bhoite
conf/icdm/0002ST22,2022,ICDM,inproceedings,Sparsified Subgraph Memory for Continual Graph Representation Learning.,Xikun Zhang 0002|Dongjin Song|Dacheng Tao
conf/icdm/DereventsovB22,2022,ICDM (Workshops),inproceedings,Simulated Contextual Bandits for Personalization Tasks from Recommendation Datasets.,Anton Dereventsov|Anton Bibin
conf/icdm/PretiRGV19,2019,ICDM Workshops,inproceedings,ExCoDE: a Tool for Discovering and Visualizing Regions of Correlation in Dynamic Networks.,Giulia Preti|Polina Rozenshtein|Aristides Gionis|Yannis Velegrakis
conf/icdm/HeDHWW21,2021,ICDM,inproceedings,Online Learning in Variable Feature Spaces with Mixed Data.,Yi He 0007|Jiaxian Dong|Bo-Jian Hou|Yu Wang 0017|Fei Wang 0001
conf/icdm/DerrT18,2018,ICDM Workshops,inproceedings,Congressional Vote Analysis Using Signed Networks.,Tyler Derr|Jiliang Tang
conf/icdm/JinPZ19,2019,ICDM,inproceedings,Network Identification and Authentication.,Shengmin Jin|Vir V. Phoha|Reza Zafarani
conf/icdm/TononV21,2021,ICDM,inproceedings,CASPITA: Mining Statistically Significant Paths in Time Series Data from an Unknown Network.,Andrea Tonon|Fabio Vandin
conf/icdm/HuLWL19,2019,ICDM,inproceedings,A Distributed Fair Machine Learning Framework with Private Demographic Data Protection.,Hui Hu|Yijun Liu|Zhen Wang 0037|Chao Lan
conf/icdm/DoddaiahPRH22,2022,ICDM,inproceedings,Class-Specific Explainability for Deep Time Series Classifiers.,Ramesh Doddaiah|Prathyush S. Parvatharaju|Elke A. Rundensteiner|Thomas Hartvigsen
conf/icdm/LuR20,2020,ICDM (Workshops),inproceedings,Efficient Distance-based Global Sensitivity Analysis for Terrestrial Ecosystem Modeling.,Dan Lu 0001|Daniel M. Ricciuto
conf/icdm/LinFWGDZ18,2018,ICDM Workshops,inproceedings,PPSF: An Open-Source Privacy-Preserving and Security Mining Framework.,Jerry Chun-Wei Lin|Philippe Fournier-Viger|Lintai Wu|Wensheng Gan|Youcef Djenouri|Ji Zhang 0001
conf/icdm/SilvadA18,2018,ICDM Workshops,inproceedings,Interpreting Traffic Congestion Using Fundamental Diagrams and Probabilistic Graphical Modeling.,Carla Silva 0002|Pedro M. d'Orey|Ana Aguiar
conf/icdm/MaoLDYJM20,2020,ICDM,inproceedings,Context-aware Deep Representation Learning for Geo-spatiotemporal Analysis.,Hanzi Mao|Xi Liu 0011|Nick Duffield|Hao Yuan 0001|Shuiwang Ji|Binayak P. Mohanty
conf/icdm/0001LWM20,2020,ICDM,inproceedings,Extremely Sparse Johnson-Lindenstrauss Transform: From Theory to Algorithm.,Rong Yin 0001|Yong Liu 0018|Weiping Wang 0005|Dan Meng 0002
conf/icdm/HomayouniARS24,2024,ICDM (Workshops),inproceedings,Anomaly Detection and Interpretation from Tabular Data Using Transformer Architecture.,Hajar Homayouni|Hamed Aghayarzadeh|Indrakshi Ray|Hossein Shirazi
conf/icdm/WeiCI0L23,2023,ICDM,inproceedings,Model Cloaking against Gradient Leakage.,Wenqi Wei 0001|Ka-Ho Chow|Fatih Ilhan|Yanzhao Wu 0001|Ling Liu 0001
conf/icdm/YangGWJXW18,2018,ICDM,inproceedings,A Knowledge-Enhanced Deep Recommendation Framework Incorporating GAN-Based Models.,Deqing Yang|Zikai Guo|Ziyi Wang|Juyang Jiang|Yanghua Xiao|Wei Wang 0009
conf/icdm/JhaWXZ18,2018,ICDM,inproceedings,Interpretable Word Embeddings for Medical Domain.,Kishlay Jha|Yaqing Wang 0001|Guangxu Xun|Aidong Zhang 0001
conf/icdm/BauerGWP19,2019,ICDM Workshops,inproceedings,Planting Synchronisation Trees for Discovering Interaction Patterns Among Brain Regions.,Lena Greta Marie Bauer|Philipp Grohs|Afra M. Wohlschl|Claudia Plant
conf/icdm/WangZM23,2023,ICDM (Workshops),inproceedings,An Approach for Data Publishing with Sensitive Attribute Synthesis.,Zhihui Wang 0009|Yun Zhu|Xinyuan Mi
conf/icdm/SunCKX18,2018,ICDM,inproceedings,Clustered Lifelong Learning Via Representative Task Selection.,Gan Sun|Yang Cong|Yu Kong 0001|Xiaowei Xu 0001
conf/icdm/LuoZ0ZZH24,2024,ICDM,inproceedings,High-Fidelity Diffusion Editor for Zero-Shot Text-Guided Video Editing.,Yan Luo 0004|Zhichao Zuo|Zhao Zhang 0001|Zhongqiu Zhao|Haijun Zhang 0002|Richang Hong
conf/icdm/QuerciaMSA23,2023,ICDM,inproceedings,SGD Biased towards Early Important Samples for Efficient Training.,Alessio Quercia|Abigail Morrison|Hanno Scharr|Ira Assent
conf/icdm/DawoudSELB23,2023,ICDM (Workshops),inproceedings,Human-Centered Evaluation of XAI Methods.,Karam Dawoud|Wojciech Samek|Peter Eisert|Sebastian Lapuschkin|Sebastian Bosse
conf/icdm/ChurchillS21,2021,ICDM,inproceedings,Topic-Noise Models: Modeling Topic and Noise Distributions in Social Media Post Collections.,Rob Churchill|Lisa Singh
conf/icdm/LiJWC22,2022,ICDM,inproceedings,CC-GNN: A Community and Contraction-based Graph Neural Network.,Zhiyuan Li|Xun Jian 0001|Yue Wang 0012|Lei Chen 0002
conf/icdm/HuangLYYLS20,2020,ICDM (Workshops),inproceedings,Partially Shared Semi-supervised Deep Matrix Factorization with Multi-view Data.,Haonan Huang|Naiyao Liang|Wei Yan 0009|Zuyuan Yang|Zhenni Li|Weijun Sun
conf/icdm/PratapBR19,2019,ICDM,inproceedings,Efficient Sketching Algorithm for Sparse Binary Data.,Rameshwar Pratap|Debajyoti Bera|Karthik Revanuru
conf/icdm/LiLHSS24,2024,ICDM,inproceedings,GADIN: Generative Adversarial Denoise Imputation Network for Incomplete Data.,Dong Li 0023|Zhicong Liu|Mingfeng Hu|Baoyan Song|Xiaohuan Shan
conf/icdm/LowRGWYO22,2022,ICDM (Workshops),inproceedings,FastFlow: AI for Fast Urban Wind Velocity Prediction.,Shi Jer Low|Venugopalan S. G. Raghavan|Harish Gopalan|Jian Cheng Wong|Justin K. W. Yeoh|Chin Chun Ooi
conf/icdm/FrisoliN18,2018,ICDM Workshops,inproceedings,Exploring the Effect of Household Structure in Historical Record Linkage of Early 1900s Ireland Census Records.,Kayla Frisoli|Rebecca Nugent
conf/icdm/MuetundaPSDPC23,2023,ICDM (Workshops),inproceedings,Improving Mental Disorder Predictions using Feature-Based Machine Learning Techninques.,Faustino Muetunda|Sebasti|Soumaya Sabry|Ga|Nuno Pombo|Jo
conf/icdm/LiFWT20,2020,ICDM (Workshops),inproceedings,Kennard-Stone Balance Algorithm for Time-series Big Data Stream Mining.,Tengyue Li|Simon Fong 0001|Yaoyang Wu|Antonio J. Tall
conf/icdm/HuW0C23,2023,ICDM (Workshops),inproceedings,Hard Anomaly Detection: An Adversarial Data Augmentation Solution.,Teng Hu|Cheng Wang 0001|Qing Yang 0016|Xue Chen
conf/icdm/PengXPWX23,2023,ICDM,inproceedings,Robust Network Alignment with the Combination of Structure and Attribute Embeddings.,Jingkai Peng|Fei Xiong|Shirui Pan|Liang Wang 0017|Xi Xiong
conf/icdm/MainsantMGR22,2022,ICDM (Workshops),inproceedings,A study of the Dream Net model robustness across continual learning scenarios.,Marion Mainsant|Martial Mermillod|Christelle Godin|Marina Reyboz
conf/icdm/InoueM18,2018,ICDM Workshops,inproceedings,Tracking Aspects in News Documents.,Maoto Inoue|Takao Miura
conf/icdm/PeiLQ022,2022,ICDM,inproceedings,Contrastive Code-Comment Pre-training.,Xiaohuan Pei|Daochang Liu|Luo Qian|Chang Xu 0002
conf/icdm/YangNSYLX23,2023,ICDM,inproceedings,Continual Semantic Segmentation via Scalable Contrastive Clustering and Background Diversity.,Qi Yang 0015|Xing Nie|Linsu Shi|Jiazhong Yu|Fei Li|Shiming Xiang
conf/icdm/ZhangCW18,2018,ICDM,inproceedings,Integrative Analysis of Patient Health Records and Neuroimages via Memory-Based Graph Convolutional Network.,Xi Zhang|Jingyuan Chou|Fei Wang 0001
conf/icdm/LiuYJWYL23,2023,ICDM (Workshops),inproceedings,Tokenomic Model of Friend.Tech Social Platform: A Data-driven Analysis.,Kai Liu|Minghao Yu|Yang Jin|Yue Wang|Jiaqi Yan|Xiao Fan Liu
conf/icdm/Luo0ZZW20,2020,ICDM,inproceedings,Deep Semantic Network Representation.,Xuexiong Luo|Jia Wu 0001|Chuan Zhou 0001|Xiankun Zhang|Yuan Wang
conf/icdm/LiS23,2023,ICDM,inproceedings,Multi-Hop Correlation Preserving Hashing for Efficient Hamming Space Retrieval.,Liang Li 0040|Weiwei Sun 0008
conf/icdm/WuYJZZL19,2019,ICDM Workshops,inproceedings,Learning Effective Representations from Sparse Mutlimodal Data on Content Curation Social Networks.,Lifang Wu|Bowen Yang|Meng Jian|Xiuzhen Zhang 0001|Heng Zhang|Xu Liu 0008
conf/icdm/KumarasingheNZGE22,2022,ICDM (Workshops),inproceedings,HeteroGuard: Defending Heterogeneous Graph Neural Networks against Adversarial Attacks.,Udesh Kumarasinghe|Mohamed Nabeel|Kasun De Zoysa|Kasun Gunawardana|Charitha Elvitigala
conf/icdm/ColinTD18,2018,ICDM Workshops,inproceedings,Parallel Contextual Bandits in Wireless Handover Optimization.,Igor Colin|Albert Thomas 0001|Moez Draief
conf/icdm/DelasallesLD19,2019,ICDM,inproceedings,Learning Dynamic Author Representations with Temporal Language Models.,Edouard Delasalles|Sylvain Lamprier|Ludovic Denoyer
conf/icdm/BunseWKM20,2020,ICDM,inproceedings,Optimal Probabilistic Classification in Active Class Selection.,Mirko Bunse|Dorina Weichert|Alexander Kister|Katharina Morik
conf/icdm/KaramiMS023,2023,ICDM (Workshops),inproceedings,Silence Speaks Volumes: Re-weighting Techniques for Under-Represented Users in Fake News Detection.,Mansooreh Karami|David Mosallanezhad|Paras Sheth|Huan Liu 0001
conf/icdm/LanTWT22,2022,ICDM (Workshops),inproceedings,Cascaded Multi-Class Network Intrusion Detection With Decision Tree and Self-attentive Model.,Yuchen Lan|Tram Truong Huu|Jiyan Wu|Sin G. Teo
conf/icdm/ZhuMZW19,2019,ICDM Workshops,inproceedings,Improved Multi-view Multi-label Learning with Incomplete Views and Labels.,Changming Zhu|Duoqian Miao 0001|Rigui Zhou|Lai Wei 0001
conf/icdm/AnSX20,2020,ICDM,inproceedings,Fast Automatic Feature Selection for Multi-Period Sliding Window Aggregate in Time Series.,Rui An|Xingtian Shi|Baohan Xu
conf/icdm/DuJG19,2019,ICDM Workshops,inproceedings,Who is Who: Name Disambiguation in Large-Scale Scientific Literature.,Hongliang Du|Zhiyi Jiang|Jianliang Gao
conf/icdm/ZhangLL019,2019,ICDM Workshops,inproceedings,PATHFINDER: Graph-Based Itemset Embedding for Learning Course Recommendation and Beyond.,Jiasheng Zhang|Thai Le|Yiming Liao|Dongwon Lee 0001
conf/icdm/FeyisetanDD19,2019,ICDM,inproceedings,Leveraging Hierarchical Representations for Preserving Privacy and Utility in Text.,Oluwaseyi Feyisetan|Tom Diethe|Thomas Drake
conf/icdm/KohHPD18,2018,ICDM,inproceedings,Volatility Drift Prediction for Transactional Data Streams.,Yun Sing Koh|David Tse Jung Huang|Chris Pearce|Gillian Dobbie
conf/icdm/ZhouMV19,2019,ICDM,inproceedings,Adversarial Robustness of Similarity-Based Link Prediction.,Kai Zhou 0001|Tomasz P. Michalak|Yevgeniy Vorobeychik
conf/icdm/Jin024,2024,ICDM,inproceedings,Graph Rhythm Network: Beyond Energy Modeling for Deep Graph Neural Networks.,Yufei Jin|Xingquan Zhu 0001
conf/icdm/YuWCH19,2019,ICDM,inproceedings,Transfer Learning with Dynamic Adversarial Adaptation Network.,Chaohui Yu|Jindong Wang 0001|Yiqiang Chen 0001|Meiyu Huang
conf/icdm/GalRS18,2018,ICDM,inproceedings,Heterogeneous Data Integration by Learning to Rerank Schema Matches.,Avigdor Gal|Haggai Roitman|Roee Shraga
conf/icdm/HuangYZQH22,2022,ICDM (Workshops),inproceedings,Discovering Unknown Labels for Multi-Label Image Classification.,Jun Huang 0003|Yu Yan|Xiao Zheng|Xiwen Qu|Xudong Hong 0001
conf/icdm/BeganovicS18,2018,ICDM Workshops,inproceedings,Ensemble Cross-Conformal Prediction.,Dorian Beganovic|Evgueni N. Smirnov
conf/icdm/Li0LL19,2019,ICDM,inproceedings,To Be or Not to Be: Analyzing & Modeling Social Recommendation in Online Social Networks.,Ye Li|Hong Xie 0004|Yishi Lin|John C. S. Lui
conf/icdm/BaoZZZW23,2023,ICDM,inproceedings,Hierarchical Context Modeling Network for Landmark Recognition.,Xing Bao|Huan Zheng|Zhao Zhang 0001|Zhengjun Zha|Meng Wang 0001
conf/icdm/LaiHW21,2021,ICDM,inproceedings,Anomaly Detection with Prototype-Guided Discriminative Latent Embeddings.,Yuandu Lai|Yahong Han|Yaowei Wang 0001
conf/icdm/YuasaMTOK24,2024,ICDM (Workshops),inproceedings,Discrimination Of Brown Spot Leaf Disease From RGB Data Of Image.,Nao Yuasa|Daisuke Minamisawa|Ayana Takai|Masaya Oirase|Eisuke Kita
conf/icdm/YonedaSN19,2019,ICDM Workshops,inproceedings,Behavioral Facilitation Tweets with Basis Extraction.,Yoshiki Yoneda|Yu Suzuki 0001|Akiyo Nadamoto
conf/icdm/ZhuZL18,2018,ICDM,inproceedings,Fast Rectangle Counting on Massive Networks.,Rong Zhu|Zhaonian Zou|Jianzhong Li 0001
conf/icdm/XueKYWH18,2018,ICDM Workshops,inproceedings,"Isa: Intuit Smart Agent, A Neural-Based Agent-Assist Chatbot.",Zijun Xue|Ting-Yu Ko|Neo Yuchen|Ming-Kuang Daniel Wu|Chu-Cheng Hsieh
conf/icdm/JaiswalARPW022,2022,ICDM,inproceedings,RoS-KD: A Robust Stochastic Knowledge Distillation Approach for Noisy Medical Imaging.,Ajay Jaiswal|Kumar Ashutosh|Justin F. Rousseau|Yifan Peng 0002|Zhangyang Wang|Ying Ding 0001
conf/icdm/FassinaRZ23,2023,ICDM,inproceedings,Robustness Certification of k-Nearest Neighbors.,Nicol|Francesco Ranzato|Marco Zanella
conf/icdm/KeZY22,2022,ICDM (Workshops),inproceedings,MORI-RAN: Multi-view Robust Representation Learning via Hybrid Contrastive Fusion.,Guanzhou Ke|Yongqi Zhu|Yang Yu 0058
conf/icdm/SanoH19,2019,ICDM Workshops,inproceedings,Utility Evaluation Measures for Categorical Data by Classification Performance.,Natsuki Sano|Yuta Hattori
conf/icdm/TianSLZT19,2019,ICDM Workshops,inproceedings,Age Label Distribution Estimation Algorithm Based on Kernel Extreme Learning Machine.,Wenquan Tian|Qixiang Song|Shanshan Li|Zhiwei Zhang 0018|Jiakang Tang
conf/icdm/KleinV20,2020,ICDM (Workshops),inproceedings,An unsupervised methodology for online drift detection in multivariate industrial datasets.,Sarah Klein|Mathias Verbeke
conf/icdm/DuZLZ18,2018,ICDM,inproceedings,Probabilistic Streaming Tensor Decomposition.,Yishuai Du|Yimin Zheng|Kuang-chih Lee|Shandian Zhe
conf/icdm/0012ZLPM24,2024,ICDM,inproceedings,Scalable Order-Preserving Pattern Mining.,Ling Li 0012|Wiktor Zuba|Grigorios Loukides|Solon P. Pissis|Maria Matsangidou
conf/icdm/ZhangS20,2020,ICDM,inproceedings,Robust Multi-Target Regression for Correlated Data Corruption.,Xuchao Zhang|Yingwen Shao
conf/icdm/CasillasW18,2018,ICDM Workshops,inproceedings,Concept Drift Detection in Histogram-Based Straightforward Data Stream Prediction.,Jorge Casillas|Shuo Wang
conf/icdm/HuELLC22,2022,ICDM (Workshops),inproceedings,Multi-view Representation Learning from Malware to Defend Against Adversarial Variants.,James Lee Hu|Mohammadreza Ebrahimi 0001|Weifeng Li 0002|Xin Li 0108|Hsinchun Chen
conf/icdm/YinZQL019,2019,ICDM,inproceedings,Domain Knowledge Guided Deep Learning with Electronic Health Records.,Changchang Yin|Rongjian Zhao|Buyue Qian|Xin Lv|Ping Zhang 0016
conf/icdm/0001PQQ024,2024,ICDM,inproceedings,DynoGraph: Dynamic Graph Construction for Nonlinear Dimensionality Reduction.,Li Qian 0001|Claudia Plant|Yalan Qin|Jing Qian|Christian B
conf/icdm/PengLSW0B19,2019,ICDM,inproceedings,Temporal Self-Attention Network for Medical Concept Embedding.,Xueping Peng|Guodong Long|Tao Shen 0001|Sen Wang 0001|Jing Jiang 0002|Michael Blumenstein
conf/icdm/YaoLW23,2023,ICDM,inproceedings,Spatio-Temporal Hypergraph Neural ODE Network for Traffic Forecasting.,Chengzhi Yao|Zhi Li|Junbo Wang
conf/icdm/KimY20,2020,ICDM (Workshops),inproceedings,Precipitation Nowcasting Using Grid-based Data in South Korea Region.,ChangHwan Kim|Se-Young Yun
conf/icdm/NaK24,2024,ICDM (Workshops),inproceedings,MRDiff: Time Series Anomaly Detection Using Multi-level Reconstruction Diffusion.,Dagyeong Na|Junseok Kwon
conf/icdm/LinP023,2023,ICDM,inproceedings,Privacy-Preserving Cross-Domain Sequential Recommendation.,Zhaohao Lin|Weike Pan|Zhong Ming 0001
conf/icdm/BaoZ23,2023,ICDM (Workshops),inproceedings,Speaker Identification based on MFSC voice feature extraction using Transformer.,Liao Bao|Yi Zuo 0001
conf/icdm/LiHWY21,2021,ICDM,inproceedings,StarGAT: Star-Shaped Hierarchical Graph Attentional Network for Heterogeneous Network Representation Learning.,Wen-Zhi Li|Ling Huang 0002|Chang-Dong Wang 0001|Yuxin Ye
conf/icdm/BushC19,2019,ICDM Workshops,inproceedings,Forecasting Ethereum STORJ Token Prices: Comparative Analyses of Applied Bitcoin Models.,Rhonda Bush|Soohyun Choi
conf/icdm/0002MXL23,2023,ICDM,inproceedings,Beyond Lexical Consistency: Preserving Semantic Consistency for Program Translation.,Yali Du 0002|Yi-Fan Ma|Zheng Xie 0001|Ming Li 0005
conf/icdm/HeFL18,2018,ICDM,inproceedings,Estimating Latent Relative Labeling Importances for Multi-label Learning.,Shuo He 0001|Lei Feng 0006|Li Li 0006
conf/icdm/ShuiK20,2020,ICDM,inproceedings,Heterogeneous Molecular Graph Neural Networks for Predicting Molecule Properties.,Zeren Shui|George Karypis
conf/icdm/Noriega-AtalaHT18,2018,ICDM Workshops,inproceedings,Inter-Sentence Relation Extraction for Associating Biological Context with Events in Biomedical Texts.,Enrique Noriega-Atala|Paul Douglas Hein|Shraddha Satish Thumsi|Zechy Wong|Xia Wang|Clayton Thomas Morrison
conf/icdm/JinBZ19,2019,ICDM,inproceedings,Forest Distance Closeness Centrality in Disconnected Graphs.,Yujia Jin|Qi Bao|Zhongzhi Zhang
conf/icdm/QiaoWFD0Z20,2020,ICDM,inproceedings,Tree Structure-Aware Graph Representation Learning via Integrated Hierarchical Aggregation and Relational Metric Learning.,Ziyue Qiao|Pengyang Wang|Yanjie Fu|Yi Du 0010|Pengfei Wang 0008|Yuanchun Zhou
conf/icdm/MengoliYWC23,2023,ICDM (Workshops),inproceedings,Develop End-to-End Anomaly Detection System.,Emanuele Mengoli|Zhiyuan Yao|Wutao Wei|Thomas H. Clausen
conf/icdm/DevagiriBA22,2022,ICDM (Workshops),inproceedings,Domain Adaptation Through Cluster Integration and Correlation.,Vishnu Manasa Devagiri|Veselka Boeva|Shahrooz Abghari
conf/icdm/LeeWSP23,2023,ICDM,inproceedings,Computing Marginal and Conditional Divergences between Decomposable Models with Applications.,Loong Kuan Lee|Geoffrey I. Webb|Daniel F. Schmidt|Nico Piatkowski
conf/icdm/DuanA0S19,2019,ICDM,inproceedings,Improving Spectral Clustering with Deep Embedding and Cluster Estimation.,Liang Duan|Charu C. Aggarwal|Shuai Ma 0001|Saket Sathe 0001
conf/icdm/VervaetCC21,2021,ICDM,inproceedings,USTEP: Unfixed Search Tree for Efficient Log Parsing.,Arthur Vervaet|Raja Chiky|Mar Callau-Zori
conf/icdm/JiaZDP21,2021,ICDM,inproceedings,Hypergraph Convolutional Network for Group Recommendation.,Renqi Jia|Xiaofei Zhou 0002|Linhua Dong|Shirui Pan
conf/icdm/RenWZ020,2020,ICDM,inproceedings,Adversarial Active Learning based Heterogeneous Graph Neural Network for Fake News Detection.,Yuxiang Ren|Bo Wang 0069|Jiawei Zhang 0001|Yi Chang 0001
conf/icdm/LiY23,2023,ICDM,inproceedings,GAFNO: Gated Adaptive Fourier Neural Operator for Task-Agnostic Time Series Modeling.,Xin-Yi Li|Yu-Bin Yang
conf/icdm/MoreauCSO23,2023,ICDM (Workshops),inproceedings,A Regression Mixture Model to understand the effect of the Covid-19 pandemic on Public Transport Ridership.,Hugues Moreau|Etienne C|Allou Sam|Latifa Oukhellou
conf/icdm/WuZZ22,2022,ICDM,inproceedings,Towards High-Order Complementary Recommendation via Logical Reasoning Network.,Longfeng Wu|Yao Zhou|Dawei Zhou 0003
conf/icdm/Song0ZGT22,2022,ICDM,inproceedings,AutoAssign: Automatic Shared Embedding Assignment in Streaming Recommendation.,Fengyi Song|Bo Chen 0023|Xiangyu Zhao 0001|Huifeng Guo|Ruiming Tang
conf/icdm/UurtioBR18,2018,ICDM,inproceedings,Sparse Non-linear CCA through Hilbert-Schmidt Independence Criterion.,Viivi Uurtio|Sahely Bhadra|Juho Rousu
conf/icdm/ZhangXLSC024,2024,ICDM (Workshops),inproceedings,Multi-Agent Based Casual Triple Extraction For Factuality Evaluation Using Large Language Models.,Jian Zhang|Zemin Xu|Lifang Liu|Zhanfeng Shen|Yue Cui|Yongdong Zhang 0001
conf/icdm/ZhangGJSSW18,2018,ICDM Workshops,inproceedings,Supervised Image Classification with Self-Paced Regularization.,Tao Zhang 0010|Chen Gong 0002|Wenjing Jia|Xiaoning Song|Jun Sun 0008|Xiaojun Wu 0001
conf/icdm/WozniakK23,2023,ICDM (Workshops),inproceedings,From Big to Small Without Losing It All: Text Augmentation with ChatGPT for Efficient Sentiment Analysis.,Stanislaw Wozniak|Jan Kocon
conf/icdm/YangZ019,2019,ICDM,inproceedings,Neural Embedding Propagation on Heterogeneous Networks.,Carl Yang 0001|Jieyu Zhang 0001|Jiawei Han 0001
conf/icdm/NajjarM23,2023,ICDM (Workshops),inproceedings,Where You Are Is What You Do: On Inferring Offline Activities From Location Data.,Alameen Najjar|Kyle Mede
conf/icdm/CasadoP22,2022,ICDM,inproceedings,Dirichlet process mixture models for non-stationary data streams.,Ioar Casado|Aritz P
conf/icdm/ZhaoTK22,2022,ICDM (Workshops),inproceedings,Weight-Training Ensemble Model for Stock Price Forecast.,Jianing Zhao|Ayana Takai|Eisuke Kita
conf/icdm/LiYHW023,2023,ICDM,inproceedings,Hierarchical Label Inference Incorporating Attribute Semantics in Attributed Networks.,Junliang Li|Yajun Yang|Qinghua Hu|Xin Wang 0030|Hong Gao 0001
conf/icdm/ZhaoZRZZW24,2024,ICDM,inproceedings,Dual Cross-Stage Partial Learning for Detecting Objects in Dehazed Images.,Jinbiao Zhao 0001|Zhao Zhang 0001|Jiahuan Ren|Haijun Zhang 0002|Zhongqiu Zhao|Meng Wang 0001
conf/icdm/YuWLZJC22,2022,ICDM (Workshops),inproceedings,STT: Soft Template Tuning for Few-Shot Adaptation.,Ping Yu|Wei Wang 0196|Chunyuan Li|Ruiyi Zhang|Zhanpeng Jin|Changyou Chen
conf/icdm/Trakunphutthirak18,2018,ICDM Workshops,inproceedings,Detecting Student at Risk of Failure: A Case Study of Conceptualizing Mining from Internet Access Log Files.,Ruangsak Trakunphutthirak|Yen Cheung|Vincent Cheng-Siong Lee
conf/icdm/DingZY22,2022,ICDM,inproceedings,Conflict-Aware Pseudo Labeling via Optimal Transport for Entity Alignment.,Qijie Ding|Daokun Zhang|Jie Yin 0001
conf/icdm/GursoyK22,2022,ICDM (Workshops),inproceedings,Equal Confusion Fairness: Measuring Group-Based Disparities in Automated Decision Systems.,Furkan Gursoy|Ioannis A. Kakadiaris
conf/icdm/GommermanM24,2024,ICDM (Workshops),inproceedings,A Comparative Analysis of User-Generated Content Across Gaming Platforms Using Deep Learning-Based Topic Modeling.,Robert B. Gommerman|Eiji Motohashi
conf/icdm/YinKL18,2018,ICDM,inproceedings,Coherent Graphical Lasso for Brain Network Discovery.,Hang Yin|Xiangnan Kong|Xinyue Liu 0003
conf/icdm/ZhuZ23,2023,ICDM (Workshops),inproceedings,Exploiting Time-Aware Spectral Neural Networks for Employee Turnover Analysis: An Organizational Change Perspective.,Chen Zhu 0003|Hengshu Zhu
conf/icdm/BaoGH19,2019,ICDM,inproceedings,Efficient Approximate Solution Path Algorithm for Order Weight L_1-Norm with Accuracy Guarantee.,Runxue Bao|Bin Gu 0001|Heng Huang 0001
conf/icdm/FuGWWD19,2019,ICDM Workshops,inproceedings,Spatiotemporal Attention Networks for Wind Power Forecasting.,Xingbo Fu|Feng Gao 0015|Jiang Wu 0008|Xinyu Wei|Fangwei Duan
conf/icdm/DaiY0C022,2022,ICDM,inproceedings,Decomposing Complementary and Substitutable Relations for Intercorporate Investment Recommendation.,Le Dai|Yu Yin 0002|Chuan Qin 0002|Enhong Chen|Hui Xiong 0001
conf/icdm/PiresGPCM18,2018,ICDM Workshops,inproceedings,Predicting Non-invasive Ventilation in ALS Patients Using Stratified Disease Progression Groups.,Sofia Pires|Marta Gromicho|Susana Pinto|Mamede de Carvalho|Sara C. Madeira
conf/icdm/MengLYZH23,2023,ICDM (Workshops),inproceedings,Industry credit spread forecasting based on time series data and industry relationships.,Fan Meng|Yuyong Li|Hanqing Yu|Xiaofei Zhou|Win-Bin Huang
conf/icdm/Chen0CW22,2022,ICDM,inproceedings,Empowerment-driven Policy Gradient Learning with Counterfactual Augmentation in Recommender Systems.,Xiaocong Chen|Lina Yao 0001|Xiaojun Chang|Siyu Wang 0001
conf/icdm/JiangZ0Y18,2018,ICDM,inproceedings,FI-GRL: Fast Inductive Graph Representation Learning via Projection-Cost Preservation.,Fei Jiang|Lei Zheng 0001|Jin Xu 0002|Philip S. Yu
conf/icdm/ZhouYWTG024,2024,ICDM,inproceedings,Traffic Pattern Sharing for Federated Traffic Flow Prediction with Personalization.,Hang Zhou|Wentao Yu|Sheng Wan|Yongxin Tong|Tianlong Gu|Chen Gong 0002
conf/icdm/ShangSC18,2018,ICDM,inproceedings,Demographic Inference Via Knowledge Transfer in Cross-Domain Recommender Systems.,Jin Shang 0001|Mingxuan Sun 0001|Kevyn Collins-Thompson
conf/icdm/ZhouSH20,2020,ICDM,inproceedings,FreqST: Exploiting Frequency Information in Spatiotemporal Modeling for Traffic Prediction.,Xian Zhou 0003|Yanyan Shen|Linpeng Huang
conf/icdm/KluttermannRNRR23,2023,ICDM (Workshops),inproceedings,On Graph Representation based Re-Identification - A Proof of Concept.,Simon Kl|J|Anh Nguyen|Christopher Reining|Moritz Roidl|Emmanuel M
conf/icdm/LuWLL23,2023,ICDM,inproceedings,PKAT: Pre-training in Collaborative Knowledge Graph Attention Network for Recommendation.,Yi-Hong Lu|Chang-Dong Wang 0001|Pei-Yuan Lai|Jian-Huang Lai
conf/icdm/LeeLY18,2018,ICDM,inproceedings,Fast Tucker Factorization for Large-Scale Tensor Completion.,Dongha Lee 0003|Jaehyung Lee 0002|Hwanjo Yu
conf/icdm/ImamuraN21,2021,ICDM,inproceedings,Spikelet: An Adaptive Symbolic Approximation for Finding Higher-Level Structure in Time Series.,Makoto Imamura|Takaaki Nakamura
conf/icdm/YanLY19,2019,ICDM,inproceedings,From Joint Feature Selection and Self-Representation Learning to Robust Multi-view Subspace Clustering.,Hui Yan|Siyu Liu|Philip S. Yu
conf/icdm/RauschRG0F23,2023,ICDM,inproceedings,DSG: An End-to-End Document Structure Generator.,Johannes Rausch|Gentiana Rashiti|Maxim Gusev|Ce Zhang 0001|Stefan Feuerriegel
conf/icdm/ChenLJ21,2021,ICDM,inproceedings,Improving Deep Forest by Exploiting High-order Interactions.,Yi-He Chen|Shen-Huan Lyu|Yuan Jiang 0001
conf/icdm/ShekharTK18,2018,ICDM Workshops,inproceedings,High Dimensional Clustering: A Strongly Connected Component Clustering Solution (SCCC).,Mihir Shekhar|Lini T. Thomas|Kamalakar Karlapalem
conf/icdm/ShiZGZQ18,2018,ICDM Workshops,inproceedings,Intrinsic or Extrinsic Evaluation: An Overview of Word Embedding Evaluation.,Yong Shi 0001|Yuanchun Zheng|Kun Guo 0001|Luyao Zhu|Yi Qu
conf/icdm/DsouzaNKC24,2024,ICDM (Workshops),inproceedings,Leveraging Large Language Models for Predicting Stock Option Valuation and Financial Risk Mitigation.,Lester David Dsouza|Jamal Abdul Nasir|Muhammad Mohsin Kamal|Lena Connolly
conf/icdm/KeLSDYZ21,2021,ICDM,inproceedings,Addressing Exposure Bias in Uplift Modeling for Large-scale Online Advertising.,Wenwei Ke|Chuanren Liu|Xiangfu Shi|Yiqiao Dai|Philip S. Yu|Xiaoqiang Zhu
conf/icdm/HeD0SL19,2019,ICDM,inproceedings,Discriminatively Relabel for Partial Multi-label Learning.,Shuo He 0001|Ke Deng|Li Li 0006|Senlin Shu|Li Liu 0001
conf/icdm/ZhangCLWZ18,2018,ICDM,inproceedings,Billion-Scale Network Embedding with Iterative Random Projection.,Ziwei Zhang 0001|Peng Cui 0001|Haoyang Li 0001|Xiao Wang 0017|Wenwu Zhu 0001
conf/icdm/LiuL22,2022,ICDM,inproceedings,Robustness May be at Odds with Stability in Adversarial Training based Feature Selection?,Yue Liu|Yun Li 0009
conf/icdm/WuLL22a,2022,ICDM (Workshops),inproceedings,Skyline Pattern Mining by Quantity-Utility Constraints in Large-Scale Databases.,Jimmy Ming-Tai Wu|Ranran Li|Jerry Chun-Wei Lin
conf/icdm/Feng0C023,2023,ICDM,inproceedings,Continual Trajectory Prediction with Uncertainty-Aware Generative Memory Replay.,Xiushi Feng|Shuncheng Liu 0001|Haitian Chen|Kai Zheng 0001
conf/icdm/Fouche0GZB020,2020,ICDM,inproceedings,Mining Text Outliers in Document Directories.,Edouard Fouch|Yu Meng 0001|Fang Guo|Honglei Zhuang|Klemens B|Jiawei Han 0001
conf/icdm/ZhangCNY024,2024,ICDM,inproceedings,CAKD: A Correlation-Aware Knowledge Distillation Framework Based on Decoupling Kullback-Leibler Divergence.,Zao Zhang|Huaming Chen|Pei Ning|Nan Yang|Dong Yuan 0001
conf/icdm/HozhabrierdiHM18,2018,ICDM Workshops,inproceedings,Python Source Code De-anonymization Using Nested Bigrams.,Pegah Hozhabrierdi|Dunai Fuentes Hitos|Chilukuri K. Mohan
conf/icdm/DingLZ18,2018,ICDM,inproceedings,Imbalanced Augmented Class Learning with Unlabeled Data by Label Confidence Propagation.,Si-Yu Ding|Xu-Ying Liu|Min-Ling Zhang
conf/icdm/PramanikNS18,2018,ICDM Workshops,inproceedings,AirCalypse: Revealing Fine-Grained Air Quality from Social Media.,Prithviraj Pramanik|Subrata Nandi|Mousumi Saha
conf/icdm/YaoL23,2023,ICDM,inproceedings,Context Sketching for Memory-efficient Graph Representation Learning.,Kai-Lang Yao|Wu-Jun Li
conf/icdm/Liu0SL19,2019,ICDM,inproceedings,Spatio-Temporal GRU for Trajectory Classification.,Hongbin Liu 0007|Hao Wu 0011|Weiwei Sun 0008|Ickjai Lee
conf/icdm/LiuPLZCL22,2022,ICDM,inproceedings,Inconsistency Distillation For Consistency: Enhancing Multi-View Clustering via Mutual Contrastive Teacher-Student Leaning.,Dunqiang Liu|Shu-Juan Peng|Xin Liu 0011|Lei Zhu 0002|Zhen Cui 0001|Taihao Li
conf/icdm/ZhengGZL23,2023,ICDM,inproceedings,Prediction in Long-term Evolution: Exploiting the Interaction Between Urban Crowd Flow Variation and POI Transition Patterns.,Zhe Zheng|Jingjing Gu|Qiang Zhou 0007|Xinjiang Lu
conf/icdm/ZhengZZ0LP22,2022,ICDM,inproceedings,Unifying Graph Contrastive Learning with Flexible Contextual Scopes.,Yizhen Zheng|Yu Zheng 0013|Xiaofei Zhou|Chen Gong 0002|Vincent C. S. Lee|Shirui Pan
conf/icdm/XuCW22,2022,ICDM (Workshops),inproceedings,Data-driven Kernel Subspace Clustering with Local Manifold Preservation.,Kunpeng Xu 0002|Lifei Chen|Shengrui Wang
conf/icdm/ParkHLL24,2024,ICDM,inproceedings,Multi-Hyperbolic Space-Based Heterogeneous Graph Attention Network.,Jongmin Park|Seunghoon Han|Jong-Ryul Lee|Sungsu Lim
conf/icdm/ZhangC019,2019,ICDM,inproceedings,Dynamic News Recommendation with Hierarchical Attention Network.,Hui Zhang|Xu Chen 0017|Shuai Ma 0001
conf/icdm/WangLC21,2021,ICDM,inproceedings,Combining Ranking and Point-wise Losses for Training Deep Survival Analysis Models.,Lu Wang 0004|Yan Li|Mark H. Chignell
conf/icdm/IpZWCU24,2024,ICDM,inproceedings,HFGNN: Efficient Graph Neural Networks Using Hub-Fringe Structures.,Pak Lon Ip|Shenghui Zhang|Xuekai Wei|Tsz Nam Chan|Leong Hou U
conf/icdm/LinKR21,2021,ICDM,inproceedings,SSDNet: State Space Decomposition Neural Network for Time Series Forecasting.,Yang Lin|Irena Koprinska|Mashud Rana
conf/icdm/KonarS19,2019,ICDM,inproceedings,Iterative Graph Alignment via Supermodular Approximation.,Aritra Konar|Nicholas D. Sidiropoulos
conf/icdm/YadavCS24,2024,ICDM (Workshops),inproceedings,Enhancing IoT Intrusion Detection through Vertical Federated Learning and Latent Space Mapping.,Krishna Yadav|Harshit Chaubey|Rajesh Sah
conf/icdm/AmgalanMS20,2020,ICDM,inproceedings,Fast Spatial Autocorrelation.,Anar Amgalan|Lilianne R. Mujica-Parodi|Steven S. Skiena
conf/icdm/LeeP022,2022,ICDM,inproceedings,DREAM: Domain Invariant and Contrastive Representation for Sleep Dynamics.,Seungyeon Lee 0002|Thai-Hoang Pham|Ping Zhang 0016
conf/icdm/KulkarniDMMG24,2024,ICDM (Workshops),inproceedings,From Connections to Conversions: Enhanced Product Knowledge Graph Embeddings for E-commerce Recommendations.,Abhishek Kulkarni|Sumit Kumar Dutta|Sivaram Prasad Mudunuri|Kamiya Motwani|Rahul Ghosh
conf/icdm/CaiJ19,2019,ICDM,inproceedings,An Efficient Policy Gradient Method for Conditional Dialogue Generation.,Lei Cai|Shuiwang Ji
conf/icdm/HarikumarRGNKV18,2018,ICDM,inproceedings,Differentially Private Prescriptive Analytics.,Haripriya Harikumar|Santu Rana|Sunil Gupta 0001|Thin Nguyen|Ramachandra Kaimal|Svetha Venkatesh
conf/icdm/TeixeiraC0M18,2018,ICDM,inproceedings,Graph Pattern Mining and Learning through User-Defined Relations.,Carlos H. C. Teixeira|Leornado Cotta|Bruno Ribeiro 0001|Wagner Meira Jr.
conf/icdm/HeidariJU20,2020,ICDM (Workshops),inproceedings,Deep Contextualized Word Embedding for Text-based Online User Profiling to Detect Social Bots on Twitter.,Maryam Heidari|James H. Jones
conf/icdm/ZhengH0Z24,2024,ICDM (Workshops),inproceedings,UMVUE-DR: Uniformly Minimum Variance Unbiased Doubly Robust Learning with Reduced Bias and Variance for Debiased Recommendation.,Chunyuan Zheng 0001|Taojun Hu|Chuan Zhou 0013|Xiao-Hua Zhou
conf/icdm/HayawiS24,2024,ICDM (Workshops),inproceedings,Care-by-Design: Enhancing Customer Experience through Empathetic AI Chatbots.,Kadhim Hayawi|Sakib Shahriar
conf/icdm/HeimannSK19,2019,ICDM,inproceedings,Distribution of Node Embeddings as Multiresolution Features for Graphs.,Mark Heimann|Tara Safavi|Danai Koutra
conf/icdm/GhoshLT0J22,2022,ICDM,inproceedings,Meta-Transfer Learning: An application to Streamflow modeling in River-streams.,Rahul Ghosh|Bangyan Li|Kshitij Tayal|Vipin Kumar 0001|Xiaowei Jia
conf/icdm/GadirajuVKWK18,2018,ICDM Workshops,inproceedings,Machine Learning Approaches for Slum Detection Using Very High Resolution Satellite Images.,Krishna Karthik Gadiraju|Ranga Raju Vatsavai|Nikhil Kaza|Eric Wibbels|Anirudh Krishna
conf/icdm/Choudhari0BB18,2018,ICDM,inproceedings,Discovering Topical Interactions in Text-Based Cascades Using Hidden Markov Hawkes Processes.,Jayesh Choudhari|Anirban Dasgupta 0001|Indrajit Bhattacharya|Srikanta Bedathur
conf/icdm/YeXD18,2018,ICDM,inproceedings,A Unified Theory of the Mobile Sequential Recommendation Problem.,Zeyang Ye|Keli Xiao|Yuefan Deng
conf/icdm/LuK19,2019,ICDM Workshops,inproceedings,Convolutional Neural Networks for Hydrometeor Classification using Dual Polarization Doppler Radars.,Yuping Lu|Jitendra Kumar 0001
conf/icdm/JanuszGS18,2018,ICDM Workshops,inproceedings,Utilizing Hybrid Information Sources to Learn Representations of Cards in Collectible Card Video Games.,Andrzej Janusz|Lukasz Grad|Dominik Slezak
conf/icdm/AlsadhanS20,2020,ICDM (Workshops),inproceedings,Sentiment is an Attitude not a Feeling.,Nasser Alsadhan|David B. Skillicorn
conf/icdm/YuanWLWHX18,2018,ICDM,inproceedings,Neural Sentence-Level Sentiment Classification with Heterogeneous Supervision.,Zhigang Yuan|Fangzhao Wu|Junxin Liu|Chuhan Wu|Yongfeng Huang 0001|Xing Xie 0001
conf/icdm/WangMLG19,2019,ICDM Workshops,inproceedings,User and Topic Hybrid Context Embedding for Finance-Related Text Data Mining.,Chenyu Wang|Zhongchen Miao|Yuefeng Lin|Jian Gao
conf/icdm/ZhangYZZ18,2018,ICDM,inproceedings,SINE: Scalable Incomplete Network Embedding.,Daokun Zhang|Jie Yin 0001|Xingquan Zhu 0001|Chengqi Zhang
conf/icdm/RanbadugeC18,2018,ICDM,inproceedings,Privacy-Preserving Temporal Record Linkage.,Thilina Ranbaduge|Peter Christen
conf/icdm/ZhangCC22,2022,ICDM (Workshops),inproceedings,Join-Chain Network: A Logical Reasoning View of the Multi-head Attention in Transformer.,Jianyi Zhang|Yiran Chen 0001|Jianshu Chen
conf/icdm/MaiPAKNV22,2022,ICDM,inproceedings,Dengue Fever: From Extreme Climates to Outbreak Prediction.,Son T. Mai|Ha T. Phi|Abdullahi Abubakar|Peter Kilpatrick|Hung Q. V. Nguyen|Hans Vandierendonck
conf/icdm/SunXCZ20,2020,ICDM,inproceedings,Robust Collaborative Learning with Noisy Labels.,Mengying Sun|Jing Xing|Bin Chen|Jiayu Zhou
conf/icdm/ChenCWLG23,2023,ICDM,inproceedings,Graph Self-Contrast Representation Learning.,Minjie Chen|Yao Cheng 0009|Ye Wang|Xiang Li 0067|Ming Gao 0001
conf/icdm/DhontTG22,2022,ICDM (Workshops),inproceedings,Mining of Spatiotemporal Trajectory Profiles Derived from Mobility Data.,Michiel Dhont|Elena Tsiporkova|Nicol
conf/icdm/KodaliMS19,2019,ICDM Workshops,inproceedings,Bilingual Speech Recognition based on Deep Neural Networks and Directed Acyclic Word Graphs.,Rohith Gowtham Kodali|Durga Prasad Manukonda|Rajaraman Sundararajan
conf/icdm/CuiP18,2018,ICDM Workshops,inproceedings,Online and Semi-Online Vector Scheduling on A Single Machine with Rejection.,Qianna Cui|Haiwei Pan
conf/icdm/HyunCPY20,2020,ICDM,inproceedings,Interest Sustainability-Aware Recommender System.,Dongmin Hyun|Junsu Cho|Chanyoung Park 0001|Hwanjo Yu
conf/icdm/BielaniewiczK23,2023,ICDM (Workshops),inproceedings,From Generalized Laughter to Personalized Chuckles: Unleashing the Power of Data Fusion in Subjective Humor Detection.,Julita Bielaniewicz|Przemyslaw Kazienko
conf/icdm/LiWHGN023,2023,ICDM,inproceedings,Contextual Target-Specific Stance Detection on Twitter: Dataset and Method.,Yupeng Li 0001|Dacheng Wen|Haorui He|Jianxiong Guo|Xuan Ning|Francis C. M. Lau 0001
conf/icdm/WangXNYZY21,2021,ICDM,inproceedings,BioHanBERT: A Hanzi-aware Pre-trained Language Model for Chinese Biomedical Text Mining.,Xiaosu Wang|Yun Xiong|Hao Niu|Jingwen Yue|Yangyong Zhu|Philip S. Yu
conf/icdm/HongCHL19,2019,ICDM Workshops,inproceedings,Fuzzy Utility Mining Under Minimum Weight Constraint of Multiple Item Weights.,Tzung-Pei Hong|Ping-Hung Chiang|Wei-Ming Huang|Jerry Chun-Wei Lin
conf/icdm/NanettiPC23,2023,ICDM (Workshops),inproceedings,Sentiment Analysis of Primary Historical Sources.,Andrea Nanetti|John Pavlopoulos|Erik Cambria
conf/icdm/HiranoIKT19,2019,ICDM Workshops,inproceedings,Clinical Pathway Generation from Order Histories and Discharge Summaries.,Shoji Hirano|Haruko Iwata|Tomohiro Kimura|Shusaku Tsumoto
conf/icdm/WangWZBCY19,2019,ICDM,inproceedings,Competitive Multi-agent Deep Reinforcement Learning with Counterfactual Thinking.,Yue Wang 0014|Yao Wan 0001|Chenwei Zhang|Lu Bai 0001|Lixin Cui|Philip S. Yu
conf/icdm/LiQWLLZ19,2019,ICDM,inproceedings,Classify EEG and Reveal Latent Graph Structure with Spatio-Temporal Graph Convolutional Neural Network.,Xiaoyu Li 0007|Buyue Qian|Jishang Wei|An Li|Xuan Liu|Qinghua Zheng
conf/icdm/FerrariGM22,2022,ICDM,inproceedings,Multi-Objective Symbolic Regression for Data-Driven Scoring System Management.,Davide Ferrari 0004|Veronica Guidetti|Federica Mandreoli
conf/icdm/WuPZZP19,2019,ICDM,inproceedings,Domain-Adversarial Graph Neural Networks for Text Classification.,Man Wu|Shirui Pan|Xingquan Zhu 0001|Chuan Zhou 0001|Lei Pan 0002
conf/icdm/WangHMLV23,2023,ICDM (Workshops),inproceedings,Hyperbolic Node Structural Role Embedding.,Lili Wang|Chenghan Huang|Weicheng Ma|Zhongyang Li|Soroush Vosoughi
conf/icdm/ChenKM18,2018,ICDM Workshops,inproceedings,Multivariate Arrival Times with Recurrent Neural Networks for Personalized Demand Forecasting.,Tianle Chen|Brian Keng|Javier Moreno
conf/icdm/KozalZK023,2023,ICDM (Workshops),inproceedings,Defending Network IDS against Adversarial Examples with Continual Learning.,Jedrzej Kozal|Justyna Zwolinska|Marek Klonowski|Michal Wozniak 0001
conf/icdm/CuiWWCN23,2023,ICDM,inproceedings,Equipping Federated Graph Neural Networks with Structure-aware Group Fairness.,Nan Cui|Xiuling Wang|Wendy Hui Wang|Violet Xinying Chen|Yue Ning 0001
conf/icdm/SunZYYD22,2022,ICDM,inproceedings,Few-shot Partial Multi-label Learning with Data Augmentation.,Yifan Sun|Yunfeng Zhao|Guoxian Yu|Zhongmin Yan|Carlotta Domeniconi
conf/icdm/HuangCYWL18,2018,ICDM,inproceedings,dpMood: Exploiting Local and Periodic Typing Dynamics for Personalized Mood Prediction.,He Huang 0008|Bokai Cao|Philip S. Yu|Chang-Dong Wang 0001|Alex D. Leow
conf/icdm/MinnF23,2023,ICDM (Workshops),inproceedings,Fast & Efficient Learning of Bayesian Networks from Data: Knowledge Discovery and Causality.,Sein Minn|Shunkai Fu
conf/icdm/SyuW22,2022,ICDM (Workshops),inproceedings,Using Genetic Programming to Identify Probability Distribution behind Data: A Preliminary Trial.,Yang Syu|Chien-Min Wang
conf/icdm/MehtaFKSCE20,2020,ICDM,inproceedings,Bottom-Up and Top-Down: Predicting Personality with Psycholinguistic and Language Model Features.,Yash Mehta|Samin Fatehi|Amirmohammad Kazameini|Clemens Stachl|Erik Cambria|Sauleh Eetemadi
conf/icdm/WuC20,2020,ICDM,inproceedings,Graph Sparsification with Generative Adversarial Network.,Hang-Yang Wu|Yi-Ling Chen 0002
conf/icdm/Yang019,2019,ICDM Workshops,inproceedings,cube2net: Efficient Query-Specific Network Construction with Data Cube Organization.,Carl Yang 0001|Jiawei Han 0001
conf/icdm/MuHLL22,2022,ICDM (Workshops),inproceedings,Graph Convolutional Neural Network based on the Combination of Multiple Heterogeneous Graphs.,Caihong Mu|Heyuan Huang|Yi Liu 0051|Jiashen Luo
conf/icdm/LiYW19,2019,ICDM,inproceedings,Dense Semantic Matching Network for Multi-turn Conversation.,Yongrui Li|Jun Yu 0001|Zengfu Wang
conf/icdm/AggarwalT18,2018,ICDM Workshops,inproceedings,Spatio-Temporal Frequent Itemset Mining on Web Data.,Apeksha Aggarwal|Durga Toshniwal
conf/icdm/ZhangGL020,2020,ICDM (Workshops),inproceedings,CrowdDepict: Know What and How to Generate Personalized and Logical Product Description using Crowd intelligence.,Qiuyun Zhang|Bin Guo 0001|Sicong Liu 0005|Zhiwen Yu 0001
conf/icdm/BampaP19,2019,ICDM Workshops,inproceedings,Mining Adverse Drug Events Using Multiple Feature Hierarchies and Patient History Windows.,Maria Bampa|Panagiotis Papapetrou
conf/icdm/00010RTLV19,2019,ICDM,inproceedings,Efficient Bayesian Optimization for Uncertainty Reduction Over Perceived Optima Locations.,Vu Nguyen 0001|Sunil Gupta 0001|Santu Rana|My T. Thai|Cheng Li 0003|Svetha Venkatesh
conf/icdm/LiuLRW22,2022,ICDM (Workshops),inproceedings,Improving net ecosystem CO2 flux prediction using memory-based interpretable machine learning.,Siyan Liu|Dan Lu 0001|Daniel M. Ricciuto|Anthony P. Walker
conf/icdm/NathRSGP20,2020,ICDM (Workshops),inproceedings,Textual Lyrics Based Emotion Analysis of Bengali Songs.,Devjyoti Nath|Anirban Roy|Sumitra Kumari Shaw|Amlan Ghorai|Shanta Phani
conf/icdm/GotoKRO19,2019,ICDM Workshops,inproceedings,Multi-scale Sequential Pattern Discovery and Alignment for Long-Duration Waveform Similarity Quantification and Interpretation.,Masaharu Goto|Naoki Kobayashi|Gang Ren 0004|Mitsunori Ogihara
conf/icdm/WuT19,2019,ICDM Workshops,inproceedings,Estimation of Economic Indicators using Residual Neural Network ResNet50.,Peng Wu|Yumin Tan
conf/icdm/ChoudharyC22,2022,ICDM (Workshops),inproceedings,Making Sense of Sentiments for Aesthetic Plastic Surgery.,Anand Choudhary|Erik Cambria
conf/icdm/Yan0FCJ22,2022,ICDM,inproceedings,Neuro-symbolic Models for Interpretable Time Series Classification using Temporal Logic Description.,Ruixuan Yan|Tengfei Ma 0001|Achille Fokoue|Maria Chang 0001|Agung Julius
conf/icdm/ZhangQHZH19,2019,ICDM Workshops,inproceedings,SimpleGAN Stabilizing Generative Adversarial Networks with Simple Distributions.,Shufei Zhang|Zhuang Qian|Kaizhu Huang|Rui Zhang 0012|Amir Hussain 0001
conf/icdm/Shahriar024,2024,ICDM (Workshops),inproceedings,PriSM: Privacy-Preserving Social Media Text Processing and Analytics Framework.,Sakib Shahriar|Rozita Dara 0001
conf/icdm/WuZ0ZWZ22,2022,ICDM,inproceedings,GraphBERT: Bridging Graph and Text for Malicious Behavior Detection on Social Media.,Jiele Wu|Chunhui Zhang|Zheyuan Liu 0010|Erchi Zhang|Steven Wilson|Chuxu Zhang
conf/icdm/CongA23,2023,ICDM (Workshops),inproceedings,Clustering High-dimensional Toxicogenomics Data with Rare Signals.,Guojing Cong|Scott Auerbach
conf/icdm/YuanW21,2021,ICDM,inproceedings,Physics Interpretable Shallow-Deep Neural Networks for Physical System Identification with Unobservability.,Jingyi Yuan|Yang Weng
conf/icdm/SuXXW23,2023,ICDM,inproceedings,MCRec: Multi-channel Gated Gifts Recommendation.,Ting-Ting Su|Wu-Dong Xi|Xing-Xing Xing|Chang-Dong Wang 0001
conf/icdm/LiuGZZ19,2019,ICDM,inproceedings,Exploring Semantic Relationships for Image Captioning without Parallel Data.,Fenglin Liu|Meng Gao|Tianhao Zhang|Yuexian Zou
conf/icdm/HuangWZZXM19,2019,ICDM Workshops,inproceedings,Network2Vec: Learning Node Representation Based on Space Mapping in Networks.,Zhenhua Huang 0002|Zhenyu Wang 0001|Rui Zhang 0046|Yangyang Zhao|Xiaohui Xie|Sharad Mehrotra
conf/icdm/GanLMZQ23,2023,ICDM (Workshops),inproceedings,SATTree: A SHAP-Augmented Threshold Tree for Clustering Explanation.,Lige Gan|Bo Liu 0024|Andrew Meng|Feng Zhang 0012|Guangzhi Qu
conf/icdm/ShenWXGX22,2022,ICDM,inproceedings,Towards Scalable and Fast Distributionally Robust Optimization for Data-Driven Deep Learning.,Xuli Shen|Xiaomei Wang|Qing Xu 0017|Weifeng Ge|Xiangyang Xue 0001
conf/icdm/HuangZZZ21,2021,ICDM,inproceedings,MC-RGCN: A Multi-Channel Recurrent Graph Convolutional Network to Learn High-Order Social Relations for Diffusion Prediction.,Ningbo Huang|Gang Zhou|Mengli Zhang|Meng Zhang 0044
conf/icdm/ZhuSL0ZL24,2024,ICDM,inproceedings,Exploitation or Exploration Next? User Behavior Decoupling and Emerging Intent Modeling for Next-Item Recommendation.,Nengjun Zhu|Lingdan Sun|Xiangfeng Luo|Jian Cao 0001|Qi Zhang 0020|Xinjiang Lu
conf/icdm/ZhaoYLYDC21,2021,ICDM,inproceedings,Few-Shot Partial Multi-Label Learning.,Yunfeng Zhao|Guoxian Yu|Lei Liu 0003|Zhongmin Yan|Carlotta Domeniconi|Lizhen Cui
conf/icdm/WuGWX20,2020,ICDM,inproceedings,TADO: Time-varying Attention with Dual-Optimizer Model.,Yuexin Wu|Tianyu Gao|Sihao Wang|Zhongmin Xiong
conf/icdm/ImamuraN23,2023,ICDM,inproceedings,A Symbolic Representation of Two-Dimensional Time Series for Arbitrary Length DTW Motif.,Makoto Imamura|Takaaki Nakamura
conf/icdm/FattaSC20,2020,ICDM (Workshops),inproceedings,The IEEE ICDM 2020 Workshops.,Giuseppe Di Fatta|Victor S. Sheng|Alfredo Cuzzocrea
conf/icdm/WangYHLW22,2022,ICDM (Workshops),inproceedings,Joint Low-rank and Orthogonal Deep Multi-view Subspace Clustering based on Local Fusion.,Guixiang Wang|Hongwei Yin|Wenjun Hu|Yong Liu|Ruiqin Wang
conf/icdm/ZhuLLLW21,2021,ICDM,inproceedings,Operation-level Progressive Differentiable Architecture Search.,Xunyu Zhu|Jian Li 0040|Yong Liu 0018|Jun Liao|Weiping Wang 0005
conf/icdm/TjandraW24,2024,ICDM,inproceedings,Survival Analysis with Multiple Noisy Labels.,Donna Tjandra|Jenna Wiens
conf/icdm/WanS21,2021,ICDM,inproceedings,A Lookahead Algorithm for Robust Subspace Recovery.,Guihong Wan|Haim Schweitzer
conf/icdm/ZhangLZ020,2020,ICDM,inproceedings,cST-ML: Continuous Spatial-Temporal Meta-Learning for Traffic Dynamics Prediction.,Yingxue Zhang 0002|Yanhua Li|Xun Zhou 0001|Jun Luo 0007
conf/icdm/TanYZXZL23,2023,ICDM (Workshops),inproceedings,FCToken: A Flexible Framework for Blockchain-Based Compliance Tokenization.,Hao Tan|Shuangzhou Yan|Xin Zou|Guanghuan Xie|Hongxin Zhang 0001|Zhuo Li 0014
conf/icdm/PalmaDL19,2019,ICDM,inproceedings,"A Factorized Version Space Algorithm for ""Human-In-the-Loop"" Data Exploration.",Luciano Di Palma|Yanlei Diao|Anna Liu
conf/icdm/BarataTHV19,2019,ICDM Workshops,inproceedings,Imputation Methods Outperform Missing-Indicator for Data Missing Completely at Random.,Ant|Frank W. Takes|H. Jaap van den Herik|Cor J. Veenman
conf/icdm/AntonAFS18,2018,ICDM Workshops,inproceedings,Time is of the Essence: Machine Learning-Based Intrusion Detection in Industrial Time Series Data.,Simon Duque Ant|Lia Ahrens|Daniel Fraunholz|Hans Dieter Schotten
conf/icdm/WuHH22,2022,ICDM,inproceedings,Fast Stochastic Recursive Momentum Methods for Imbalanced Data Mining.,Xidong Wu|Feihu Huang 0001|Heng Huang 0001
conf/icdm/PasaNES22,2022,ICDM,inproceedings,Backpropagation-free Graph Neural Networks.,Luca Pasa|Nicol|Wolfgang Erb|Alessandro Sperduti
conf/icdm/KijiHSPA22,2022,ICDM,inproceedings,Near-Optimal Spectral Disease Mitigation in Healthcare Facilities.,Masahiro Kiji|D. M. Hasibul Hasan|Alberto M. Segre|Sriram V. Pemmaraju|Bijaya Adhikari
conf/icdm/ZhangZWX22,2022,ICDM,inproceedings,Predicting Protein-Ligand Binding Affinity via Joint Global-Local Interaction Modeling.,Yang Zhang 0094|Gengmo Zhou|Zhewei Wei|Hongteng Xu
conf/icdm/ZhangBPH22,2022,ICDM,inproceedings,Toward Unified Data and Algorithm Fairness via Adversarial Data Augmentation and Adaptive Model Fine-tuning.,Yanfu Zhang|Runxue Bao|Jian Pei 0001|Heng Huang 0001
conf/icdm/ZhangLZBLZ23,2023,ICDM,inproceedings,Distributional Cloning for Stabilized Imitation Learning via ADMM.,Xin Zhang 0098|Yanhua Li|Ziming Zhang|Christopher G. Brinton|Zhenming Liu|Zhi-Li Zhang
conf/icdm/Ding0W23,2023,ICDM,inproceedings,Themis: Detecting Anomalies from Disguised Normal Financial Activities.,Rui Ding 0003|Xiaochun Yang 0001|Bin Wang 0015
conf/icdm/Wang0LM21,2021,ICDM,inproceedings,Summarizing User-Item Matrix By Group Utility Maximization.,Yongjie Wang|Ke Wang 0001|Cheng Long 0001|Chunyan Miao
conf/icdm/SkrljP21,2021,ICDM,inproceedings,Compressibility of Distributed Document Representations.,Blaz Skrlj|Matej Petkovic
conf/icdm/WuJ020,2020,ICDM,inproceedings,PMLF: Prediction-Sampling-based Multilayer-Structured Latent Factor Analysis.,Di Wu 0056|Long Jin 0001|Xin Luo 0001
conf/icdm/Choong0M18,2018,ICDM,inproceedings,Learning Community Structure with Variational Autoencoder.,Jun Jin Choong|Xin Liu 0020|Tsuyoshi Murata
conf/icdm/LeeLS023,2023,ICDM,inproceedings,Heterogeneous Treatment Effect Estimation with Subpopulation Identification for Personalized Medicine in Opioid Use Disorder.,Seungyeon Lee 0002|Ruoqi Liu|Wenyu Song|Ping Zhang 0016
conf/icdm/MitraVSG0R22,2022,ICDM,inproceedings,Revisiting Link Prediction on Heterogeneous Graphs with a Multi-view Perspective.,Anasua Mitra|Priyesh Vijayan|Sanasam Ranbir Singh|Diganta Goswami|Srinivasan Parthasarathy 0001|Balaraman Ravindran
conf/icdm/QiCYGL19,2019,ICDM,inproceedings,Exploiting Multi-domain Visual Information for Fake News Detection.,Peng Qi 0005|Juan Cao 0001|Tianyun Yang|Junbo Guo|Jintao Li 0001
conf/icdm/MalekiPD22,2022,ICDM (Workshops),inproceedings,Representing Social Networks as Dynamic Heterogeneous Graphs.,Negar Maleki|Balaji Padmanabhan|Kaushik Dutta
conf/icdm/LeitterC23,2023,ICDM (Workshops),inproceedings,Non-Fungible Tokens: What Makes Them Valuable?,Zheng Leitter|Erik Cambria
conf/icdm/KocayusufogluHS18,2018,ICDM,inproceedings,Summarizing Network Processes with Network-Constrained Boolean Matrix Factorization.,Furkan Kocayusufoglu|Minh X. Hoang|Ambuj K. Singh
conf/icdm/DuanTLLSZ20,2020,ICDM,inproceedings,AANE: Anomaly Aware Network Embedding For Anomalous Link Detection.,Dongsheng Duan|Lingling Tong|Yangxi Li|Jie Lu 0009|Lei Shi|Cheng Zhang
conf/icdm/ZyblewskiM24,2024,ICDM (Workshops),inproceedings,Cross-Modality Clustering-based Self-Labeling for Multimodal Data Classification.,Pawel Zyblewski|Leandro L. Minku
conf/icdm/YencakS23,2023,ICDM (Workshops),inproceedings,SGD with Partial Hessian for Deep Recommendation System Optimization.,Gorkem Yencak|Emre Sefer
conf/icdm/ZhangYX019,2019,ICDM,inproceedings,A Parallel Simulated Annealing Enhancement of the Optimal-Matching Heuristic for Ridesharing.,Lihao Zhang|Zeyang Ye|Keli Xiao|Bo Jin 0001
conf/icdm/SachwehBL22,2022,ICDM (Workshops),inproceedings,Distributed LSTM-Learning from Differentially Private Label Proportions.,Timon Sachweh|Daniel Boiar|Thomas Liebig
conf/icdm/YangCCYY20,2020,ICDM,inproceedings,Confidence Calibration on Multiclass Classification in Medical Imaging.,Wenjing Yang 0003|Zhantao Cao|Qin Chen|Yuhong Yang 0002|Guowu Yang
conf/icdm/ChenP20,2020,ICDM (Workshops),inproceedings,Ensemble Node Embeddings using Tensor Decomposition: A Case-Study on DeepWalk.,Jia Chen 0002|Evangelos E. Papalexakis
conf/icdm/BethgeCGED19,2019,ICDM Workshops,inproceedings,Prognostication of Neurological Recovery by Analyzing Structural Breaks in EEG Data.,David Bethge|Jieshi Chen|Oliver Grothe|Jonathan Elmer|Artur Dubrawski
conf/icdm/TsumotoHKI18,2018,ICDM Workshops,inproceedings,Construction of Clinical Pathway Generation from Nursing Records and Discharge Summaries.,Shusaku Tsumoto|Shoji Hirano|Tomohiro Kimura|Haruko Iwata
conf/icdm/YuBL023,2023,ICDM,inproceedings,Contrastive Learning-based Multi-behavior Recommendation with Semantic Knowledge Enhancement.,Wenxuan Yu|Chenzhong Bin|Wenqiang Liu|Liang Chang 0003
conf/icdm/Zhang023,2023,ICDM (Workshops),inproceedings,FP-WDDQN: An improved deep reinforcement learning algorithm for adaptive traffic signal control.,Xiao Zhang|Xiaolong Xu 0002
conf/icdm/GuoXZ023,2023,ICDM,inproceedings,Preference-Constrained Career Path Optimization: An Exploration Space-Aware Stochastic Model.,Pengzhan Guo|Keli Xiao|Hengshu Zhu|Qingxin Meng 0002
conf/icdm/GallegoMejiaBG22,2022,ICDM (Workshops),inproceedings,InQMAD: Incremental Quantum Measurement Anomaly Detection.,Joseph Gallego-Mejia|Oscar Bustos-Brinez|Fabio A. Gonz
conf/icdm/PengSC21,2021,ICDM,inproceedings,GraphANGEL: Adaptive aNd Structure-Aware Sampling on Graph NEuraL Networks.,Jingshu Peng|Yanyan Shen|Lei Chen 0002
conf/icdm/0002LZKL22,2022,ICDM,inproceedings,STrans-GAN: Spatially-Transferable Generative Adversarial Networks for Urban Traffic Estimation.,Yingxue Zhang 0002|Yanhua Li|Xun Zhou 0001|Xiangnan Kong|Jun Luo 0007
conf/icdm/LevyPPR22,2022,ICDM (Workshops),inproceedings,Active Keyword Selection to Track Evolving Topics on Twitter.,Sacha L|Farimah Poursafaei|Kellin Pelrine|Reihaneh Rabbany
conf/icdm/ZhaoCC18,2018,ICDM,inproceedings,Deep Learning Based Scalable Inference of Uncertain Opinions.,Xujiang Zhao|Feng Chen 0001|Jin-Hee Cho
conf/icdm/LinBCR18,2018,ICDM Workshops,inproceedings,Contextual Bandit with Adaptive Feature Extraction.,Baihan Lin|Djallel Bouneffouf 0001|Guillermo A. Cecchi|Irina Rish
conf/icdm/ShiXL23,2023,ICDM (Workshops),inproceedings,BLRGCN: A dynamic traffic flow prediction model based on spatiotemporal graph convolutional network.,Qiuhao Shi|Xiaolong Xu|Xuanyan Liu
conf/icdm/TrovaoHPTL24,2024,ICDM (Workshops),inproceedings,Pointwise Reliability Assessment: Density vs. Local Fit Methods.,Jo|Jorge Henriques|Lorena Petrella|Madalena Trindade
conf/icdm/DeshmukhNR18,2018,ICDM Workshops,inproceedings,A Scalable Clustering Algorithm for Serendipity in Recommender Systems.,Anup Anand Deshmukh|Pratheeksha Nair|Shrisha Rao 0001
conf/icdm/Poux-MedardVL21,2021,ICDM,inproceedings,Powered Hawkes-Dirichlet Process: Challenging Textual Clustering using a Flexible Temporal Prior.,Ga|Julien Velcin|Sabine Loudcher
conf/icdm/ZhongHWL19,2019,ICDM,inproceedings,Constrained Matrix Factorization for Course Score Prediction.,Shi-Ting Zhong|Ling Huang 0002|Chang-Dong Wang 0001|Jian-Huang Lai
conf/icdm/JiYS021,2021,ICDM,inproceedings,Heterogeneous Graph Neural Network with Distance Encoding.,Houye Ji|Cheng Yang 0002|Chuan Shi 0001|Pan Li 0005
conf/icdm/SengameduP23,2023,ICDM (Workshops),inproceedings,FairLabel: Correcting Bias in Labels.,Srinivasan H. Sengamedu|Hien Pham
conf/icdm/MilkowskiKWKKZ23,2023,ICDM (Workshops),inproceedings,Modeling Uncertainty in Personalized Emotion Prediction with Normalizing Flows.,Piotr Milkowski|Konrad Karanowski|Patryk Wielopolski|Jan Kocon|Przemyslaw Kazienko|Maciej Zieba
conf/icdm/YangGL19,2019,ICDM,inproceedings,On the Robust Splitting Criterion of Random Forest.,Bin-Bin Yang|Wei Gao 0008|Ming Li 0005
conf/icdm/KaminskyiLM22,2022,ICDM (Workshops),inproceedings,Reconstruction-based unsupervised drift detection over multivariate streaming data.,Daniil Kaminskyi|Bin Li 0089|Emmanuel M
conf/icdm/KalraWB023,2023,ICDM,inproceedings,Reserve Price optimization in First-Price Auctions via Multi-Task Learning.,Achir Kalra|Chong Wang 0014|Cristian Borcea|Yi Chen 0001
conf/icdm/DethiseC24,2024,ICDM,inproceedings,Continuous Exact Explanations of Neural Networks.,Alice Dethise|Marco Canini
conf/icdm/Zang021,2021,ICDM,inproceedings,SCEHR: Supervised Contrastive Learning for Clinical Risk Prediction using Electronic Health Records.,Chengxi Zang|Fei Wang 0001
conf/icdm/0008VC0018,2018,ICDM Workshops,inproceedings,Anomaly-Based Insider Threat Detection Using Deep Autoencoders.,Liu Liu 0008|Olivier Y. de Vel|Chao Chen 0015|Jun Zhang 0010|Yang Xiang 0001
conf/icdm/SunLS21,2021,ICDM,inproceedings,Learning Dynamic User Interactions for Online Forum Commenting Prediction.,Wu-Jiu Sun|Xiao Fan Liu|Fei Shen
conf/icdm/SaeedSK18,2018,ICDM Workshops,inproceedings,Overlapping Toxic Sentiment Classification Using Deep Neural Architectures.,Hafiz Hassaan Saeed|Khurram Shahzad|Faisal Kamiran
conf/icdm/ColombaG23,2023,ICDM (Workshops),inproceedings,ViGEO: an Assessment of Vision GNNs in Earth Observation.,Luca Colomba|Paolo Garza
conf/icdm/HouZLW22,2022,ICDM,inproceedings,Privacy-Preserved Neural Graph Similarity Learning.,Yupeng Hou|Wayne Xin Zhao|Yaliang Li|Ji-Rong Wen
conf/icdm/BatmaniMHJ24,2024,ICDM,inproceedings,An Explainable Recommender System by Integrating Graph Neural Networks and User Reviews.,Sahar Batmani|Parham Moradi|Narges Heidari|Mahdi Jalili
conf/icdm/MoultonJ18a,2018,ICDM Workshops,inproceedings,Maximally Consistent Sampling and the Jaccard Index of Probability Distributions.,Ryan Moulton|Yunjiang Jiang
conf/icdm/0002SGCID20,2020,ICDM,inproceedings,Open-World Class Discovery with Kernel Networks.,Zifeng Wang 0002|Batool Salehi|Andrey Gritsenko|Kaushik R. Chowdhury|Stratis Ioannidis|Jennifer G. Dy
conf/icdm/LiuYHJZY19,2019,ICDM Workshops,inproceedings,Distributed Mining of Frequent Patterns in Big Data by Hybrid Strategies.,Junqiang Liu|Xiangcai Yang|Yanjun Hu|Bo Jiang 0009|Yong Zhang|Zhousheng Ye
conf/icdm/MandrosBV18,2018,ICDM,inproceedings,Discovering Reliable Dependencies from Data: Hardness and Improved Algorithms.,Panagiotis Mandros|Mario Boley|Jilles Vreeken
conf/icdm/Ong0VSCM24,2024,ICDM (Workshops),inproceedings,Sentiment Analysis on Climate Change for Sustainable Investment.,Keane Ong|Rui Mao 0010|Deeksha Varshney|Ranjan Satapathy|Erik Cambria|Gianmarco Mengaldo
conf/icdm/WilsonTL18,2018,ICDM,inproceedings,A Low Rank Weighted Graph Convolutional Approach to Weather Prediction.,Tyler Wilson|Pang-Ning Tan|Lifeng Luo
conf/icdm/WuPZ20,2020,ICDM,inproceedings,OpenWGL: Open-World Graph Learning.,Man Wu|Shirui Pan|Xingquan Zhu 0001
conf/icdm/HaiderC022,2022,ICDM,inproceedings,Unfair AI: It Isn't Just Biased Data.,Chowdhury Mohammad Rakin Haider|Chris Clifton|Yan Zhou 0001
conf/icdm/ToyodaOM18,2018,ICDM Workshops,inproceedings,Time Series Analysis for Bitcoin Transactions: The Case of Pirate@40's HYIP Scheme.,Kentaroh Toyoda|Tomoaki Ohtsuki|P. Takis Mathiopoulos
conf/icdm/SadiqCMSPM19,2019,ICDM Workshops,inproceedings,Deep Learning Based Multimedia Data Mining for Autism Spectrum Disorder (ASD) Diagnosis.,Saad Sadiq|Micheal Castellanos|Jacquelyn Moffitt|Mei-Ling Shyu|Lynn Perry|Daniel S. Messinger
conf/icdm/JohnsonPBRO19,2019,ICDM Workshops,inproceedings,Survival of the Fastest: Using Sequential Pattern Analysis to Measure Efficiency of Complex Organizational Processes.,Joseph Johnson|Raju Parakkal|Sherry Bartz|Gang Ren 0004|Mitsunori Ogihara
conf/icdm/TripathiD19,2019,ICDM,inproceedings,Curve Fitting from Probabilistic Emissions and Applications to Dynamic Item Response Theory.,Ajay Shanker Tripathi|Benjamin W. Domingue
conf/icdm/EgoziV18,2018,ICDM Workshops,inproceedings,Phishing Email Detection Using Robust NLP Techniques.,Gal Egozi|Rakesh M. Verma
conf/icdm/LiuMWH0G20,2020,ICDM,inproceedings,LP-Explain: Local Pictorial Explanation for Outliers.,Haoyu Liu 0002|Fenglong Ma|Yaqing Wang 0001|Shibo He|Jiming Chen 0001|Jing Gao 0004
conf/icdm/LeeK22,2022,ICDM (Workshops),inproceedings,Hybrid Oversampling Technique Based on Star Topology and Rejection Methodology for Classifying Imbalanced Data.,Chaekyu Lee|Jaekwang Kim 0001
conf/icdm/HoernleKPG20,2020,ICDM,inproceedings,The Phantom Steering Effect in Q&A Websites.,Nicholas Hoernle|Gregory Kehne|Ariel D. Procaccia|Kobi Gal
conf/icdm/0002L22,2022,ICDM,inproceedings,Rethinking Symmetric Matrix Factorization: A More General and Better Clustering Perspective.,Mengyuan Zhang 0002|Kai Liu 0028
conf/icdm/JangPAP21,2021,ICDM,inproceedings,Risk-aware Temporal Cascade Reconstruction to Detect Asymptomatic Cases : For the CDC MInD Healthcare Network.,Hankyu Jang|Shreyas Pai|Bijaya Adhikari|Sriram V. Pemmaraju
conf/icdm/SaqaabiACS22,2022,ICDM (Workshops),inproceedings,A Paraphrase Identification Approach in Paragraph Length Texts.,Arwa Al Saqaabi|Eleni C. Akrida|Alexandra I. Cristea|Craig D. Stewart
conf/icdm/ConstantinBP23,2023,ICDM (Workshops),inproceedings,ICA model estimation using a mixed learning rule based on genetic algorithms and neural networks.,Doru Constantin|Costel Balcau|Doru Anastasiu Popescu
conf/icdm/Cai0NZ23,2023,ICDM,inproceedings,Resolving the Imbalance Issue in Hierarchical Disciplinary Topic Inference via LLM-based Data Augmentation.,Xunxin Cai|Meng Xiao 0001|Zhiyuan Ning 0001|Yuanchun Zhou
conf/icdm/LeeKL20,2020,ICDM (Workshops),inproceedings,DQN-based Join Order Optimization by Learning Experiences of Running Queries on Spark SQL.,Kyeong-Min Lee|InA Kim|Kyu-Chul Lee
conf/icdm/LiZWLWY20,2020,ICDM,inproceedings,Dynamic Graph Collaborative Filtering.,Xiaohan Li 0001|Mengqi Zhang 0002|Shu Wu|Zheng Liu 0017|Liang Wang 0001|Philip S. Yu
conf/icdm/LafabregueGWF22,2022,ICDM (Workshops),inproceedings,Incremental constrained clustering with application to remote sensing images time series.,Baptiste Lafabregue|Pierre Gan|Jonathan Weber|Germain Forestier
conf/icdm/YangLMH22,2022,ICDM (Workshops),inproceedings,Graph Convolutional Networks with Dependency Parser towards Multiview Representation Learning for Sentiment Analysis.,Minqiang Yang|Xinqi Liu|Chengsheng Mao|Bin Hu 0001
conf/icdm/HeZYWG19,2019,ICDM,inproceedings,Diversity-Aware Recommendation by User Interest Domain Coverage Maximization.,Yifan He|Haitao Zou|Hualong Yu|Qi Wang 0092|Shang Gao 0001
conf/icdm/MalottLW22,2022,ICDM,inproceedings,Homology-Separating Triangulated Euler Characteristic Curve.,Nicholas O. Malott|Robert R. Lewis|Philip A. Wilsey
conf/icdm/HondaMNAS19,2019,ICDM,inproceedings,Multi-aspect Mining of Complex Sensor Sequences.,Takato Honda|Yasuko Matsubara|Ryo Neyama|Mutsumi Abe|Yasushi Sakurai
conf/icdm/GrariRLD19,2019,ICDM,inproceedings,Fair Adversarial Gradient Tree Boosting.,Vincent Grari|Boris Ruf|Sylvain Lamprier|Marcin Detyniecki
conf/icdm/YuLX18,2018,ICDM Workshops,inproceedings,A Scalable and Extensible Blockchain Architecture.,Yue Yu|Ran Liang|Jiqiu Xu
conf/icdm/GiaquintoB18,2018,ICDM,inproceedings,DAPPER: Scaling Dynamic Author Persona Topic Model to Billion Word Corpora.,Robert A. Giaquinto|Arindam Banerjee 0001
conf/icdm/HossainAI22,2022,ICDM (Workshops),inproceedings,EnD: Enhanced Dedensification for Graph Compressing and Embedding.,Tanvir Hossain|Esra Akbas|Muhammad Ifte Khairul Islam
conf/icdm/LiYZ18,2018,ICDM,inproceedings,Query-Efficient Black-Box Attack by Active Learning.,Pengcheng Li|Jinfeng Yi|Lijun Zhang 0005
conf/icdm/Rivera-CastroPB19,2019,ICDM Workshops,inproceedings,Topological Data Analysis for Portfolio Management of Cryptocurrencies.,Rodrigo Rivera-Castro|Polina Pilyugina|Evgeny Burnaev
conf/icdm/SawhneyAWS20,2020,ICDM,inproceedings,Spatiotemporal Hypergraph Convolution Network for Stock Movement Forecasting.,Ramit Sawhney|Shivam Agarwal|Arnav Wadhwa|Rajiv Ratn Shah
conf/icdm/WrenchSFKN19,2019,ICDM Workshops,inproceedings,A Rule Induction Approach to Forecasting Critical Alarms in a Telecommunication Network.,Chris Wrench|Frederic T. Stahl|Giuseppe Di Fatta|Vidhyalakshmi Karthikeyan|Detlef D. Nauck
conf/icdm/ZhangW21,2021,ICDM,inproceedings,Graph Neighborhood Routing and Random Walk for Session-based Recommendation.,Zizhuo Zhang|Bang Wang 0001
conf/icdm/GodziszewskiMWR21,2021,ICDM,inproceedings,Attacking Similarity-Based Sign Prediction.,Michal Tomasz Godziszewski|Tomasz P. Michalak|Marcin Waniek|Talal Rahwan|Kai Zhou 0001|Yulin Zhu 0001
conf/icdm/YangL19,2019,ICDM Workshops,inproceedings,An Online Retrieval Question Answering System for Featured Snippets Triggering.,Zhibo Yang|Luyun Li
conf/icdm/LinY0ZW19,2019,ICDM,inproceedings,Guiding Cross-lingual Entity Alignment via Adversarial Knowledge Embedding.,Xixun Lin|Hong Yang 0003|Jia Wu 0001|Chuan Zhou 0001|Bin Wang 0004
conf/icdm/ChenNPTZB22,2022,ICDM,inproceedings,Origin-Destination Traffic Prediction based on Hybrid Spatio-Temporal Network.,Tingyang Chen|Lugang Nie|Jiwei Pan|Lai Tu|Bolong Zheng|Xiang Bai
conf/icdm/LiQW19,2019,ICDM Workshops,inproceedings,Prototype Propagation Clustering Based on Large Margin.,Feijiang Li|Yuhua Qian|Jieting Wang
conf/icdm/Guo0NRHD19,2019,ICDM,inproceedings,Deep Multi-attributed Graph Translation with Node-Edge Co-Evolution.,Xiaojie Guo 0002|Liang Zhao 0002|Cameron Nowzari|Setareh Rafatirad|Houman Homayoun|Sai Manoj Pudukotai Dinakarrao
conf/icdm/KimC20,2020,ICDM (Workshops),inproceedings,Electric Energy Demand Forecasting with Explainable Time-series Modeling.,Jin-Young Kim|Sung-Bae Cho
conf/icdm/PengXSL22,2022,ICDM (Workshops),inproceedings,Physics-Informed Graph Learning.,Ciyuan Peng|Feng Xia 0001|Vidya Saikrishna|Huan Liu 0001
conf/icdm/BianHDZ20,2020,ICDM,inproceedings,Rethinking Local Community Detection: Query Nodes Replacement.,Yuchen Bian|Jun Huan|Dejing Dou|Xiang Zhang 0001
conf/icdm/AttanasioCGB19,2019,ICDM Workshops,inproceedings,Combining News Sentiment and Technical Analysis to Predict Stock Trend Reversal.,Giuseppe Attanasio|Luca Cagliero|Paolo Garza|Elena Baralis
conf/icdm/YounisA24,2024,ICDM,inproceedings,HyperTime: A Dynamic Hypergraph Approach for Time Series Classification.,Raneen Younis|Zahra Ahmadi
conf/icdm/YangS20,2020,ICDM (Workshops),inproceedings,Data Management System based on Blockchain Technology for Agricultural Supply Chain.,Chenxue Yang|Zhiguo Sun
conf/icdm/Thirunavukarasu18,2018,ICDM Workshops,inproceedings,Understanding Urban Spatio-Temporal Usage Patterns Using Matrix Tensor Factorization.,Balasubramaniam Thirunavukarasu|Richi Nayak|Chau Yuen
conf/icdm/Chen0ZP18,2018,ICDM,inproceedings,Prerequisite-Driven Deep Knowledge Tracing.,Penghe Chen|Yu Lu 0003|Vincent W. Zheng|Yang Pian
conf/icdm/MaZZWS18,2018,ICDM,inproceedings,Leveraging Hypergraph Random Walk Tag Expansion and User Social Relation for Microblog Recommendation.,Huifang Ma|Di Zhang|Weizhong Zhao|Yanru Wang|Zhongzhi Shi
conf/icdm/XueYLR19,2019,ICDM Workshops,inproceedings,Sensing the Chinese Diaspora: How Mobile Apps Can Provide Insights Into Global Migration Flows.,Minhui Xue 0001|Xin Yuan 0004|Heather Lee|Keith W. Ross
conf/icdm/JeonK22,2022,ICDM (Workshops),inproceedings,Next POI Recommender System: Multi-view Representation Learning for Outstanding Performance in Various Context.,Yeonghwan Jeon|Junhyung Kim
conf/icdm/HeeverSCG24,2024,ICDM (Workshops),inproceedings,Neurosymbolic AI for Mining Key Aspects of Socially Responsible Investing.,Wihan van der Heever|Ranjan Satapathy|Erik Cambria|Rick Siow Mong Goh
conf/icdm/GritsenkoGSMDI21,2021,ICDM,inproceedings,Graph Transfer Learning.,Andrey Gritsenko|Yuan Guo|Kimia Shayestehfard|Armin Moharrer|Jennifer G. Dy|Stratis Ioannidis
conf/icdm/LeeC20,2020,ICDM (Workshops),inproceedings,Data analysis and processing for spatio-temporal forecasting.,Hyoungwoo Lee|Jaegul Choo
conf/icdm/ZhuCWZL22,2022,ICDM,inproceedings,A Knowledge-Enhanced Framework for Imitative Transportation Trajectory Generation.,Qingyan Zhu|Yize Chen|Hao Wang 0026|Zhenyu Zeng|Hao Liu
conf/icdm/00010LPS19,2019,ICDM,inproceedings,VASE: A Twitter-Based Vulnerability Analysis and Score Engine.,Haipeng Chen 0001|Jing Liu 0024|Rui Liu 0014|Noseong Park|V. S. Subrahmanian
conf/icdm/MaZ00BH21,2021,ICDM,inproceedings,Communication Efficient Tensor Factorization for Decentralized Healthcare Networks.,Jing Ma 0005|Qiuchen Zhang|Jian Lou 0001|Li Xiong 0001|Sivasubramanium Bhavani|Joyce C. Ho
conf/icdm/AliVLK21,2021,ICDM,inproceedings,TEST-GCN: Topologically Enhanced Spatial-Temporal Graph Convolutional Networks for Traffic Forecasting.,Muhammad Afif Ali|Suriya Venkatesan|Victor C. Liang|Hannes Kruppa
conf/icdm/RenLS24,2024,ICDM,inproceedings,Rank Supervised Contrastive Learning for Time Series Classification.,Qianying Ren|Dongsheng Luo|Dongjin Song
conf/icdm/ZhuBDJH023,2023,ICDM,inproceedings,IKGN: Intention-aware Knowledge Graph Network for POI Recommendation.,Xiaoyu Zhu|Chenyang Bu|Bingbing Dong|Shengwei Ji|Yi He 0007|Xindong Wu 0001
conf/icdm/DastidarJSHG20,2020,ICDM,inproceedings,NAG: Neural feature aggregation framework for credit card fraud detection.,Kanishka Ghosh Dastidar|Johannes Jurgovsky|Wissam Siblini|Liyun He-Guelton|Michael Granitzer
conf/icdm/WestphalGL18,2018,ICDM Workshops,inproceedings,User Feedback and Uncertainty in User Guided Binarization.,Florian Westphal|H|Niklas Lavesson
conf/icdm/WangZXG023,2023,ICDM,inproceedings,Federated Knowledge Graph Completion via Latent Embedding Sharing and Tensor Factorization.,Maolin Wang 0001|Dun Zeng|Zenglin Xu|Ruocheng Guo|Xiangyu Zhao 0001
conf/icdm/0002LZ022,2022,ICDM,inproceedings,Mest-GAN: Cross-City Urban Traffic Estimation with Me ta S patial-T emporal G enerative A dversarial N etworks.,Yingxue Zhang 0002|Yanhua Li|Xun Zhou 0001|Jun Luo 0007
conf/icdm/LiPYZ19,2019,ICDM Workshops,inproceedings,Prediction Approach for Ising Model Estimation.,Jinyu Li|Yu Pan 0007|Hongfeng Yu 0001|Qi Zhang
conf/icdm/GyawaliGW20,2020,ICDM,inproceedings,Enhancing Mixup-based Semi-Supervised Learning with Explicit Lipschitz Regularization.,Prashnna Kumar Gyawali|Sandesh Ghimire|Linwei Wang
conf/icdm/NozawaKK18,2018,ICDM Workshops,inproceedings,Analyzing Centralities of Embedded Nodes.,Kento Nozawa|Masanari Kimura|Atsunori Kanemura
conf/icdm/ZhangLZZ020,2020,ICDM,inproceedings,TrajGAIL: Trajectory Generative Adversarial Imitation Learning for Long-term Decision Analysis.,Xin Zhang 0098|Yanhua Li|Xun Zhou 0001|Ziming Zhang|Jun Luo 0007
conf/icdm/GuerreiroCN19,2019,ICDM Workshops,inproceedings,Understanding the Role of Social Media in Backpacker Tourism.,Claudia Guerreiro|Erik Cambria|Hien T. Nguyen
conf/icdm/HuangLDP023,2023,ICDM,inproceedings,Cascaded Cross Attention for Review-based Sequential Recommendation.,Bingsen Huang|Jinwei Luo|Weihao Du|Weike Pan|Zhong Ming 0001
conf/icdm/VanCW23,2023,ICDM,inproceedings,HINT: Healthy Influential-Noise based Training to Defend against Data Poisoning Attacks.,Minh-Hao Van|Alycia N. Carey|Xintao Wu
conf/icdm/JingLWZN18,2018,ICDM,inproceedings,Cross-Domain Labeled LDA for Cross-Domain Text Classification.,Baoyu Jing|Chenwei Lu|Deqing Wang 0001|Fuzhen Zhuang|Cheng Niu
conf/icdm/0001LSS22,2022,ICDM,inproceedings,Uncertainty Propagation in Node Classification.,Zhao Xu 0001|Carolin Lawrence|Ammar Shaker|Raman Siarheyeu
conf/icdm/Dutta0019,2019,ICDM,inproceedings,Modeling Engagement Dynamics of Online Discussions using Relativistic Gravitational Theory.,Subhabrata Dutta|Dipankar Das 0001|Tanmoy Chakraborty 0002
conf/icdm/LiZDL20,2020,ICDM,inproceedings,Predicting Parkinson's Disease with Multimodal Irregularly Collected Longitudinal Smartphone Data.,Weijian Li 0001|Wei Zhu 0015|Earl Ray Dorsey|Jiebo Luo 0001
conf/icdm/LiWLYS20,2020,ICDM,inproceedings,Community Detection with Local Metric Learning.,Peiyan Li 0002|Honglian Wang|Jianyun Lu|Qinli Yang|Junming Shao
conf/icdm/ArdittiTVLD22,2022,ICDM (Workshops),inproceedings,User Value in Modern Payment Platforms: A Graph Approach.,Laura Arditti|Martino Trevisan|Luca Vassio|Alberto De Lazzari|Alberto Danese
conf/icdm/TomkinsFAGM18,2018,ICDM,inproceedings,The Impact of Environmental Stressors on Human Trafficking.,Sabina Tomkins|Golnoosh Farnadi|Brian Amanatullah|Lise Getoor|Steven Minton
conf/icdm/0001T22,2022,ICDM,inproceedings,Boolean Matrix Factorization for Data with Symmetric Variables.,Jan Konecny 0001|Martin Trnecka
conf/icdm/KimPH024,2024,ICDM (Workshops),inproceedings,Foundation Models for Course Equivalency Evaluation.,Mark Kim|Arno Puder|Craig Hayward|Hui Yang 0002
conf/icdm/Abushaqra0RS21,2021,ICDM,inproceedings,PIETS: Parallelised Irregularity Encoders for Forecasting with Heterogeneous Time-Series.,Futoon M. Abushaqra|Hao Xue 0001|Yongli Ren|Flora D. Salim
conf/icdm/ZhongTFC19,2019,ICDM,inproceedings,Inquiry Spam Detection via Jointly Exploiting Temporal-Categorical Behavior and Linguistics.,Qiwei Zhong|Jiayu Tang|Jinghua Feng|Jianfeng Chi
conf/icdm/PoursafaeiR23,2023,ICDM (Workshops),inproceedings,Exhaustive Evaluation of Dynamic Link Prediction.,Farimah Poursafaei|Reihaneh Rabbany
conf/icdm/0001WFLZJ19,2019,ICDM,inproceedings,Automatic Knowledge Graph Construction: A Report on the 2019 ICDM/ICBK Contest.,Xindong Wu 0001|Jia Wu 0001|Xiaoyi Fu|Jiachen Li|Peng Zhou 0008|Xu Jiang
conf/icdm/WangSL021,2021,ICDM,inproceedings,Deep Reinforced Attention Regression for Partial Sketch Based Image Retrieval.,Dingrong Wang|Hitesh Sapkota|Xumin Liu|Qi Yu 0001
conf/icdm/PanovT18,2018,ICDM Workshops,inproceedings,Constructing Graph Node Embeddings via Discrimination of Similarity Distributions.,Maxim Panov|Stanislav Tsepa
conf/icdm/YuanYCZP24,2024,ICDM,inproceedings,Generalized Sparse Additive Model with Unknown Link Function.,Peipei Yuan|Xinge You|Hong Chen 0004|Xuelin Zhang|Qinmu Peng
conf/icdm/KemikOALC23,2023,ICDM (Workshops),inproceedings,BLM-17m: A Large-Scale Dataset for Black Lives Matter Topic Detection on Twitter.,Hasan Kemik|Nusret|Meysam Asgari-Chenaghlu|Yang Li 0055|Erik Cambria
conf/icdm/WickmanZL22,2022,ICDM,inproceedings,A Generic Graph Sparsification Framework using Deep Reinforcement Learning.,Ryan Wickman|Xiaofei Zhang 0002|Weizi Li
conf/icdm/BiHL22,2022,ICDM,inproceedings,A Two-Stream Light Graph Convolution Network-based Latent Factor Model for Accurate Cloud Service QoS Estimation.,Fanghui Bi|Tiantian He 0001|Xin Luo 0001
conf/icdm/Asante-MensahC18,2018,ICDM Workshops,inproceedings,Medical Image De-noising Using Deep Networks.,Maame G. Asante-Mensah|Andrzej Cichocki
conf/icdm/KazempourYK020,2020,ICDM (Workshops),inproceedings,You see a set of wagons - I see one train: Towards a unified view of local and global arbitrarily oriented subspace clusters.,Daniyal Kazempour|Long Mathias Yan|Peer Kr|Thomas Seidl 0001
conf/icdm/ShaoWL19,2019,ICDM,inproceedings,Learning to Sample: An Active Learning Framework.,Jingyu Shao|Qing Wang 0002|Fangbing Liu
conf/icdm/MaiWLS20,2020,ICDM (Workshops),inproceedings,Attentive Autoencoders for Multifaceted Preference Learning in One-class Collaborative Filtering.,Zheda Mai|Ga Wu|Kai Luo|Scott Sanner
conf/icdm/MahajanSFD24,2024,ICDM (Workshops),inproceedings,Landslide-as-a-Service: Standards-driven Landslide Mapping Framework using Machine Learning and GeoDataCube.,Chetan Mahajan|Rajat C. Shinde|G|Surya S. Durbha
conf/icdm/Ghasemi-GolPS19,2019,ICDM,inproceedings,Tabular Cell Classification Using Pre-Trained Cell Embeddings.,Majid Ghasemi-Gol|Jay Pujara|Pedro A. Szekely
conf/icdm/MiaP0024,2024,ICDM (Workshops),inproceedings,Visually Analyze SHAP Plots to Diagnose Misclassifications in ML-based Intrusion Detection.,Maraz Mia|Mir Mehedi A. Pritom|Tariqul Islam 0001|Kamrul Hasan 0008
conf/icdm/KazempourBK020,2020,ICDM (Workshops),inproceedings,I fold you so! An internal evaluation measure for arbitrary oriented subspace clustering.,Daniyal Kazempour|Anna Beer 0001|Peer Kr|Thomas Seidl 0001
conf/icdm/Xiong0L023,2023,ICDM,inproceedings,Exact-Fun: An Exact and Efficient Federated Unlearning Approach.,Zuobin Xiong|Wei Li 0059|Yingshu Li 0001|Zhipeng Cai 0001
conf/icdm/ChongWC23,2023,ICDM (Workshops),inproceedings,Multimodal Deep Learning with Boosted Trees for Edge Inference.,Penny Chong|Laura Wynter|Bharathi Chaudhury
conf/icdm/DengSZCC19,2019,ICDM Workshops,inproceedings,Computational Analysis of French Reborrowing Process for English Loanwords.,Zhubo Deng|Weijia Shi|Pei Zhou|Muhao Chen 0001|Kai-Wei Chang 0001
conf/icdm/SachdevaLDSZ22,2022,ICDM (Workshops),inproceedings,Identifying Patterns of Vulnerability Incidence in Foundational Machine Learning Repositories on GitHub: An Unsupervised Graph Embedding Approach.,Agrim Sachdeva|Ben Lazarine|Ruchik Dama|Sagar Samtani|Hongyi Zhu 0001
conf/icdm/QuinteroPMF19,2019,ICDM Workshops,inproceedings,Implementation of Mobile-Based Real-Time Heart Rate Variability Detection for Personalized Healthcare.,Luis Quintero|Panagiotis Papapetrou|John Edison Mu|Uno Fors
conf/icdm/Lin0XZ019,2019,ICDM,inproceedings,One-Stage Deep Instrumental Variable Method for Causal Inference from Observational Data.,Adi Lin|Jie Lu 0001|Junyu Xuan|Fujin Zhu|Guangquan Zhang 0001
conf/icdm/KarlinskaMCKK24,2024,ICDM (Workshops),inproceedings,Comprehensive Sentiment Analysis of Polish Book Reviews Using Large and Small Language Models.,Agnieszka Karlinska|Piotr Milkowski|Paulina Czwordon-Lis|Bartlomiej Koptyra|Jan Kocon
conf/icdm/MerelloRMOC18,2018,ICDM Workshops,inproceedings,Investigating Timing and Impact of News on the Stock Market.,Simone Merello|Andrea Picasso Ratto|Yukun Ma|Luca Oneto|Erik Cambria
conf/icdm/EaswaramoorthyS24,2024,ICDM (Workshops),inproceedings,Smart Contract-Driven Pandemic Management Using Blockchain Technology and Artificial Intelligence.,Sathishkumar Veerappampalayam Easwaramoorthy|Neelakandan Subramani|Angela Siew-Hoong Lee
conf/icdm/LiuZX0022,2022,ICDM,inproceedings,Temporal Knowledge Graph Reasoning via Time-Distributed Representation Learning.,Kangzheng Liu|Feng Zhao 0003|Guandong Xu|Xianzhi Wang 0001|Hai Jin 0001
conf/icdm/MeiLLZS023,2023,ICDM,inproceedings,Uncertainty-aware Traffic Prediction under Missing Data.,Hao Mei|Junxian Li 0001|Zhiming Liang|Guanjie Zheng|Bin Shi|Hua Wei 0001
conf/icdm/ZhangLZCM23,2023,ICDM (Workshops),inproceedings,Information extraction of Chinese medical electronic records via evolutionary neural architecture search.,Tian Zhang 0007|Nan Li|Yuee Zhou|Wei Cai|Lianbo Ma
conf/icdm/DasXDER20,2020,ICDM (Workshops),inproceedings,Interpreting Deep Neural Networks through Prototype Factorization.,Subhajit Das 0002|Panpan Xu|Zeng Dai|Alex Endert|Liu Ren
conf/icdm/0002ZVSG024,2024,ICDM,inproceedings,LISA: Learning-Integrated Space Partitioning Framework for Traffic Accident Forecasting on Heterogeneous Spatiotemporal Data.,Bang An 0002|Xun Zhou 0001|Amin Vahedian|W. Nick Street|Jinping Guan|Jun Luo 0007
conf/icdm/ZhanYJ18,2018,ICDM Workshops,inproceedings,Small-Scale Demographic Sequences Projection Based on Time Series Clustering and LSTM-RNN.,Donglin Zhan|Shiyu Yi|Denglin Jiang
conf/icdm/PawlickaPJKC24,2024,ICDM (Workshops),inproceedings,Enhancing Clinical Trust: The Role of AI Explainability in Transforming Healthcare.,Aleksandra Pawlicka|Marek Pawlicki|Dagmara Jaroszewska-Choras|Rafal Kozik|Michal Choras
conf/icdm/FanYJ21,2021,ICDM,inproceedings,GCN-SE: Attention as Explainability for Node Classification in Dynamic Graphs.,Yucai Fan|Yuhang Yao 0003|Carlee Joe-Wong
conf/icdm/NikiSIM19,2019,ICDM Workshops,inproceedings,Causality Existence Classification from Multilingual Texts Using End-to-End LSTM Models.,Yuta Niki|Hiroki Sakaji|Kiyoshi Izumi|Hiroyasu Matsushima
conf/icdm/WuWWPW18,2018,ICDM,inproceedings,Finding Maximal Significant Linear Representation between Long Time Series.,Jiaye Wu|Yang Wang 0041|Peng Wang 0027|Jian Pei 0001|Wei Wang 0009
conf/icdm/TengLTCL18,2018,ICDM,inproceedings,Interactive Unknowns Recommendation in E-Learning Systems.,Shan-Yun Teng|Jundong Li|Lo Pang-Yun Ting|Kun-Ta Chuang|Huan Liu 0001
conf/icdm/WangPL024,2024,ICDM (Workshops),inproceedings,Adaptable and Reliable Text Classification using Large Language Models.,Zhiqiang Wang|Yiran Pang|Yanbin Lin|Xingquan Zhu 0001
conf/icdm/BazarovaR024,2024,ICDM,inproceedings,Normalizing Self-Supervised Learning for Provably Reliable Change Point Detection.,Alexandra Bazarova|Evgenia Romanenkova|Alexey Zaytsev 0002
conf/icdm/WuXZ23,2023,ICDM (Workshops),inproceedings,E-swish Regularized Nonnegative Latent Factorization of Tensors for Dynamic Network Link Prediction.,Hao Wu|Yan Xia|ChengXuan Zhou
conf/icdm/YangHC0021,2021,ICDM,inproceedings,Zero-shot Key Information Extraction from Mixed-Style Tables: Pre-training on Wikipedia.,Qingping Yang|Yingpeng Hu|Rongyu Cao|Hongwei Li 0002|Ping Luo 0001
conf/icdm/LiuQH23,2023,ICDM,inproceedings,CaT: Balanced Continual Graph Learning with Graph Condensation.,Yilun Liu 0005|Ruihong Qiu|Zi Huang
conf/icdm/HePCWJP18,2018,ICDM,inproceedings,Characteristic Subspace Learning for Time Series Classification.,Yuanduo He|Jialiang Pei|Xu Chu|Yasha Wang|Zhu Jin|Guangju Peng
conf/icdm/LiCL0024,2024,ICDM,inproceedings,Enhancing Entity Alignment on Probabilistic Knowledge Graphs.,Yunfei Li|Lu Chen 0008|Chengfei Liu|Rui Zhou 0001|Jianxin Li 0001
conf/icdm/KoyamaKI19,2019,ICDM Workshops,inproceedings,Discovering Sparse and Ununiform Lag Structure Using VAR Models with Latent Group LASSO.,Kazuki Koyama|Keisuke Kiritoshi|Tomonori Izumitani
conf/icdm/ZongFWQZ24,2024,ICDM,inproceedings,Efficiently Manipulating Structural Graph Clustering Under Jaccard Similarity.,Chuanyu Zong|Rui Fang|Mengxiang Wang|Tao Qiu|Anzhen Zhang
conf/icdm/PangTZZ18,2018,ICDM,inproceedings,Improving Deep Forest by Confidence Screening.,Ming Pang|Kai-Ming Ting|Peng Zhao 0006|Zhi-Hua Zhou
conf/icdm/BibinbeMMN22,2022,ICDM (Workshops),inproceedings,DragStream: An Anomaly And Concept Drift Detector In Univariate Data Streams.,Anne Marthe Sophie Ngo Bibinbe|Abdoul Jalil Djiberou Mahamadou|Michael Franklin Mbouopda|Engelbert Mephu Nguifo
conf/icdm/ZhengGLZ21,2021,ICDM,inproceedings,AdaBoosting Clusters on Graph Neural Networks.,Li Zheng|Jun Gao 0003|Zhao Li 0007|Ji Zhang 0001
conf/icdm/ShiY18,2018,ICDM,inproceedings,An Efficient Many-Class Active Learning Framework for Knowledge-Rich Domains.,Weishi Shi|Qi Yu 0001
conf/icdm/TangCQZC21,2021,ICDM,inproceedings,Pest-YOLO: Deep Image Mining and Multi-Feature Fusion for Real-Time Agriculture Pest Detection.,Zhe Tang|Zhengyun Chen|Fang Qi|Lingyan Zhang|Shuhong Chen
conf/icdm/WankerlDGH23,2023,ICDM,inproceedings,Can Neural Networks Distinguish High-school Level Mathematical Concepts?,Sebastian Wankerl|Andrzej Dulny|Gerhard G|Andreas Hotho
conf/icdm/YangLKTY20,2020,ICDM (Workshops),inproceedings,StreamDL: Deep Learning Serving Platform for AMI Stream Forecasting.,Eunju Yang|Changha Lee|Ji-Hwan Kim|Tuan Manh Tao|Chan-Hyun Youn
conf/icdm/GuWWZBS18,2018,ICDM Workshops,inproceedings,Cross-Platform Modeling of Users' Behavior on Social Media.,Haiqian Gu|Jie Wang 0021|Ziwen Wang 0001|Bojin Zhuang|Wenhao Bian|Fei Su
conf/icdm/YinZ18,2018,ICDM Workshops,inproceedings,BOFE: Anomaly Detection in Linear Time Based on Feature Estimation.,Ao Yin|Chunkai Zhang
conf/icdm/BockTGGRB19,2019,ICDM,inproceedings,A Wasserstein Subsequence Kernel for Time Series.,Christian Bock|Matteo Togninalli|M. Elisabetta Ghisu|Thomas Gumbsch|Bastian Rieck|Karsten M. Borgwardt
conf/icdm/GuoWXXDS20,2020,ICDM,inproceedings,Towards Inspecting and Eliminating Trojan Backdoors in Deep Neural Networks.,Wenbo Guo 0002|Lun Wang 0001|Yan Xu|Xinyu Xing 0001|Min Du 0003|Dawn Song
conf/icdm/TakemuraI19,2019,ICDM,inproceedings,An Arm-Wise Randomization Approach to Combinatorial Linear Semi-Bandits.,Kei Takemura|Shinji Ito
conf/icdm/LiuCLZX21,2021,ICDM,inproceedings,Multi-objective Explanations of GNN Predictions.,Yifei Liu|Chao Chen|Yazheng Liu|Xi Zhang 0008|Sihong Xie
conf/icdm/PengGYLS21,2021,ICDM,inproceedings,A general framework for mining concept-drifting data streams with evolvable features.,Jiaqi Peng|Jinxia Guo|Qinli Yang|Jianyun Lu|Junming Shao
conf/icdm/LiZ23,2023,ICDM (Workshops),inproceedings,An Exploration of Large Language Models for Verification of News Headlines.,Yifan Li|ChengXiang Zhai
conf/icdm/RajputCD19,2019,ICDM Workshops,inproceedings,Risk Factors Identification for Heart Disease in Unstructured Dataset using Deep Learning Approach.,Kunal Rajput|Girija Chetty|Rachel Davey
conf/icdm/MuHFL23,2023,ICDM,inproceedings,A Graph Convolutional Neural Network for Recommendation Based on Community Detection and Combination of Multiple Heterogeneous Graphs.,Caihong Mu|Heyuan Huang|Yunfei Fang 0002|Yi Liu 0051
conf/icdm/YanHSYK22,2022,ICDM,inproceedings,Two Sides of the Same Coin: Heterophily and Oversmoothing in Graph Convolutional Neural Networks.,Yujun Yan|Milad Hashemi|Kevin Swersky|Yaoqing Yang 0002|Danai Koutra
conf/icdm/GomezWF23,2023,ICDM,inproceedings,Metric-agnostic Learning-to-Rank via Boosting and Rank Approximation.,Camilo Gomez|Pengyang Wang|Yanjie Fu
conf/icdm/JakobsS23,2023,ICDM,inproceedings,Explainable Adaptive Tree-based Model Selection for Time-Series Forecasting.,Matthias Jakobs|Amal Saadallah
conf/icdm/YangFL19,2019,ICDM Workshops,inproceedings,Attribute Reduction Based on Multi-objective Decomposition-Ensemble Optimizer with Rough Set and Entropy.,Jie Yang 0057|Simon Fong 0001|Tengyue Li
conf/icdm/HuR20,2020,ICDM,inproceedings,Metric-Free Individual Fairness with Cooperative Contextual Bandits.,Qian Hu|Huzefa Rangwala
conf/icdm/LiSZ18,2018,ICDM,inproceedings,Next Point-of-Interest Recommendation with Temporal and Multi-level Context Attention.,Ranzhen Li|Yanyan Shen|Yanmin Zhu 0006
conf/icdm/WangDP20,2020,ICDM (Workshops),inproceedings,LbR: A New Regression Architecture for Automated Feature Engineering.,Meng Wang|Zhijun Ding|Meiqin Pan
conf/icdm/ErgashevLSDM24,2024,ICDM,inproceedings,Resource2Box: Learning To Rank Resources in Distributed Search Using Box Embedding.,Ulugbek Ergashev|Geon Lee|Kijung Shin|Eduard C. Dragut|Weiyi Meng
conf/icdm/WangCYWFP21,2021,ICDM,inproceedings,Exploring the Long Short-Term Dependencies to Infer Shot Influence in Badminton Matches.,Wei-Yao Wang|Teng-Fong Chan|Hui-Kuo Yang|Chih-Chuan Wang|Yao-Chung Fan|Wen-Chih Peng
conf/icdm/ChenNV19,2019,ICDM Workshops,inproceedings,RSM: An Explainable Predictive Sales Route Selector.,Bei Chen|Rahul Nair 0004|Inge Vejsbjerg
conf/icdm/LeeJPLL23,2023,ICDM (Workshops),inproceedings,Alternative Speech: Complementary Method to Counter-Narrative for Better Discourse.,Seungyoon Lee|Dahyun Jung|Chanjun Park|Seolhwa Lee|Heuiseok Lim
conf/icdm/AlipourE24,2024,ICDM (Workshops),inproceedings,A New Index for Computer Science Conferences and Its Applications: The S-Index.,Sharareh Alipour|Sobhan Ebrahimi
conf/icdm/YangLL21,2021,ICDM,inproceedings,Graph-based Adversarial Online Kernel Learning with Adaptive Embedding.,Peng Yang 0013|Xiaoyun Li|Ping Li 0001
conf/icdm/ZhangCSWW23,2023,ICDM,inproceedings,Take CARE: Improving Inherent Robustness of Spiking Neural Networks with Channel-wise Activation Recalibration Module.,Yan Zhang 0100|Cheng Chen|Dian Shen|Meng Wang 0009|Beilun Wang
conf/icdm/RamkissoonRG23,2023,ICDM (Workshops),inproceedings,A Feature Set for Neural Texture Video Detection Based on Scenes and Textures.,Amit Neil Ramkissoon|Vijayanandh Rajamanickam|Wayne Goodridge
conf/icdm/RahmanMW20,2020,ICDM (Workshops),inproceedings,A Literature Review on Mining Cyberthreat Intelligence from Unstructured Texts.,Md. Rayhanur Rahman|Rezvan Mahdavi-Hezaveh|Laurie A. Williams
conf/icdm/FangLLZZZ19,2019,ICDM,inproceedings,Large-Scale Personalized Delivery for Guaranteed Display Advertising with Real-Time Pacing.,Zhen Fang|Yang Li 0198|Chuanren Liu|Wenxiang Zhu|Yu Zheng|Wenjun Zhou 0001
conf/icdm/OvermanKU24,2024,ICDM,inproceedings,IIFE: Interaction Information Based Automated Feature Engineering.,Tom Overman|Diego Klabjan|Jean Utke
conf/icdm/LiXY23,2023,ICDM,inproceedings,GMMDA: Gaussian Mixture Modeling of Graph in Latent Space for Graph Data Augmentation.,Yanjin Li|Linchuan Xu|Kenji Yamanishi
conf/icdm/TokotokoFGHCS18,2018,ICDM Workshops,inproceedings,Supervised Classification of Satellite Images with Spatially Inaccurate Training Field Data.,Janna|Fr|Claire Goiran|Laetitia H|Antoine Collin|Nazha Selmaoui-Folcher
conf/icdm/SteneK19,2019,ICDM Workshops,inproceedings,SeAlM: A Query Cache Optimization Technique for Next Generation Sequence Alignment.,Evan Stene|Farnoush Banaei Kashani
conf/icdm/FengC22,2022,ICDM,inproceedings,IGNiteR: News Recommendation in Microblogging Applications.,Yuting Feng|Bogdan Cautis
conf/icdm/GranadosGG24,2024,ICDM (Workshops),inproceedings,GAN+ABM to Simulate Suspicious Money Laundering Trajectories.,Oscar M. Granados|Olmer Garcia-Bedoya|Edwin Gonz
conf/icdm/Ma00M024,2024,ICDM,inproceedings,A Learned Approach to Index Algorithm Selection.,Chaohong Ma|Xiaohui Yu 0001|Yifan Li 0006|Aishan Maoliniyazi|Xiaofeng Meng 0001
conf/icdm/SaniHR23,2023,ICDM (Workshops),inproceedings,Epsilon non-Greedy: A Bandit Approach for Unbiased Recommendation via Uniform Data.,S. M. F. Sani|Seyed Abbas Hosseini|Hamid R. Rabiee 0001
conf/icdm/JangLCC20,2020,ICDM,inproceedings,CITIES: Contextual Inference of Tail-item Embeddings for Sequential Recommendation.,Seongwon Jang|Hoyeop Lee|Hyunsouk Cho|Sehee Chung
conf/icdm/XiaoQFDWZ21,2021,ICDM,inproceedings,Expert Knowledge-Guided Length-Variant Hierarchical Label Generation for Proposal Classification.,Meng Xiao 0001|Ziyue Qiao|Yanjie Fu|Yi Du 0010|Pengyang Wang|Yuanchun Zhou
conf/icdm/AslayMGG18,2018,ICDM,inproceedings,Maximizing the Diversity of Exposure in a Social Network.,Antonis Matakos|Esther Galbrun|Aristides Gionis
conf/icdm/LuSNIK23,2023,ICDM,inproceedings,Matrix Profile XXX: MADRID: A Hyper-Anytime and Parameter-Free Algorithm to Find Time Series Anomalies of all Lengths.,Yue Lu 0003|Thirumalai Vinjamoor Akhil Srinivas|Takaaki Nakamura|Makoto Imamura|Eamonn J. Keogh
conf/icdm/UedaIY22,2022,ICDM,inproceedings,Change Detection with Probabilistic Models on Persistence Diagrams.,Kohei Ueda|Yuichi Ike|Kenji Yamanishi
conf/icdm/LumbantoruanZR019,2019,ICDM,inproceedings,I-CARS: An Interactive Context-Aware Recommender System.,Rosni Lumbantoruan|Xiangmin Zhou|Yongli Ren|Lei Chen 0002
conf/icdm/QianZCCZZ18,2018,ICDM Workshops,inproceedings,A Novel Approach for Influence Maximization Based on Clonal Selection Theory in Social Networks.,Fulan Qian|Cunliang Zhu|Xi Chen|Jie Chen 0025|Shu Zhao 0005|Yanping Zhang 0001
conf/icdm/WanYYZZ24,2024,ICDM,inproceedings,TAN: A Tripartite Alignment Network Enhancing Composed Image Retrieval with Momentum Distillation.,Yongquan Wan|Erhe Yang|Cairong Yan|Guobing Zou|Bofeng Zhang
conf/icdm/LinWW19,2019,ICDM,inproceedings,First Index-Free Manifold Ranking-Based Image Retrieval with Output Bound.,Dandan Lin|Victor Junqiu Wei|Raymond Chi-Wing Wong
conf/icdm/KatsumataM24,2024,ICDM (Workshops),inproceedings,Prediction and Interpretation of Vacancy Duration in Rental Properties Using Geographic Data.,Genki Katsumata|Eiji Motohashi
conf/icdm/Poux-MedardVL22,2022,ICDM,inproceedings,Serialized Interacting Mixed Membership Stochastic Block Model.,Ga|Julien Velcin|Sabine Loudcher
conf/icdm/ShangGJ23,2023,ICDM (Workshops),inproceedings,Evolutionary Multi-model Federated Learning on Malicious and Heterogeneous Data.,Chikai Shang|Fangqing Gu|Jiaqi Jiang
conf/icdm/ShangS18,2018,ICDM,inproceedings,Local Low-Rank Hawkes Processes for Temporal User-Item Interactions.,Jin Shang 0001|Mingxuan Sun 0001
conf/icdm/ZhangZ22,2022,ICDM,inproceedings,Unsupervised Deep Subgraph Anomaly Detection.,Zheng Zhang 0047|Liang Zhao 0002
conf/icdm/FlexerDSG18,2018,ICDM Workshops,inproceedings,Hubness as a Case of Technical Algorithmic Bias in Music Recommendation.,Arthur Flexer|Monika D|Jan Schl|Thomas Grill
conf/icdm/Wang0PJ0L20,2020,ICDM,inproceedings,Cross-Graph: Robust and Unsupervised Embedding for Attributed Graphs with Corrupted Structure.,Chun Wang|Bo Han 0003|Shirui Pan|Jing Jiang 0002|Gang Niu 0001|Guodong Long
conf/icdm/GuoYX19,2019,ICDM,inproceedings,A Weighted Aggregating SGD for Scalable Parallelization in Deep Learning.,Pengzhan Guo|Zeyang Ye|Keli Xiao
conf/icdm/BirashkHK24,2024,ICDM,inproceedings,Handling Non-IID Data in Federated Learning using Metaheuristic Optimization Techniques.,Amin Birashk|Sadaf Md. Halim|Latifur Khan
conf/icdm/SzolomickaK22,2022,ICDM (Workshops),inproceedings,MultiAspectEmo: Multilingual and Language-Agnostic Aspect-Based Sentiment Analysis.,Joanna Szolomicka|Jan Kocon
conf/icdm/YukiIY22,2022,ICDM,inproceedings,Dimensionality Selection of Hyperbolic Graph Embeddings using Decomposed Normalized Maximum Likelihood Code-Length.,Ryo Yuki|Yuichi Ike|Kenji Yamanishi
conf/icdm/ChenSC23,2023,ICDM (Workshops),inproceedings,An Account Selection Model for Identifying Valuable zkSync Users.,Tao Chen|Feiyang Shi|Jidong Chen
conf/icdm/PandeyLKS20,2020,ICDM (Workshops),inproceedings,Learning Student Interest Trajectory for MOOC Thread Recommendation.,Shalini Pandey|Andrew S. Lan|George Karypis|Jaideep Srivastava
conf/icdm/ChakrabortyR19,2019,ICDM Workshops,inproceedings,Time Series Methodology in STORJ Token Prediction.,Dipnil Chakraborty|Akash Roy
conf/icdm/XiaZRGZ23,2023,ICDM,inproceedings,Causal Discovery by Continuous Optimization with Conditional Independence Constraint: Methodology and Performance.,Yewei Xia|Hao Zhang 0079|Yixin Ren|Jihong Guan|Shuigeng Zhou
conf/icdm/GogateHH19,2019,ICDM Workshops,inproceedings,Random Features and Random Neurons for Brain-Inspired Big Data Analytics.,Mandar Gogate|Amir Hussain 0001|Kaizhu Huang
conf/icdm/RossiAK18,2018,ICDM Workshops,inproceedings,Interactive Higher-Order Network Analysis.,Ryan A. Rossi|Nesreen K. Ahmed|Eunyee Koh
conf/icdm/DuLWZ18,2018,ICDM,inproceedings,Hierarchical Hybrid Feature Model for Top-N Context-Aware Recommendation.,Yingpeng Du|Hongzhi Liu 0001|Zhonghai Wu|Xing Zhang 0002
conf/icdm/Zhuang024,2024,ICDM,inproceedings,Multi-Modal Sarcasm Detection via Dual Synergetic Perception Graph Convolutional Networks.,Xingjie Zhuang|Zhixin Li 0001
conf/icdm/WuLML18,2018,ICDM Workshops,inproceedings,A New Forecasting Framework for Bitcoin Price with LSTM.,Chih-Hung Wu|Chih-Chiang Lu|Yu-Feng Ma|Ruei-Shan Lu
conf/icdm/NguyenMRPGT19,2019,ICDM Workshops,inproceedings,A Pattern-Based Mining System for Exploring Displacement Field Time Series.,Tuan Nguyen 0001|Nicolas M|Christophe Rigotti|Catherine Pothier|Noel Gourmelen|Emmanuel Trouv
conf/icdm/SongDRSB18,2018,ICDM Workshops,inproceedings,EXAD: A System for Explainable Anomaly Detection on Big Data Traces.,Fei Song|Yanlei Diao|Jesse Read|Arnaud Stiegler|Albert Bifet
conf/icdm/ChakravortiLGR18,2018,ICDM Workshops,inproceedings,Detecting and Characterizing Trends in Online Mental Health Discussions.,Dante Chakravorti|Kathleen Law|Jonathan Gemmell|Daniela Raicu
conf/icdm/0014YZKK18,2018,ICDM,inproceedings,Matrix Profile XI: SCRIMP++: Time Series Motif Discovery at Interactive Speeds.,Yan Zhu 0014|Chin-Chia Michael Yeh|Zachary Zimmerman|Kaveh Kamgar|Eamonn J. Keogh
conf/icdm/ZhaoKI022,2022,ICDM,inproceedings,How Out-of-Distribution Data Hurts Semi-Supervised Learning.,Xujiang Zhao|KrishnaTeja Killamsetty|Rishabh K. Iyer|Feng Chen 0001
conf/icdm/ChenL23,2023,ICDM (Workshops),inproceedings,A hybrid-Lp-Norms-Oriented Robot Kinematic Calibration Model Optimized by a Novel Newton Interpolated Differential Evolution Algorithm.,Tinghui Chen|Shuai Li 0002
conf/icdm/LiuXLG19,2019,ICDM,inproceedings,Performing Co-membership Attacks Against Deep Generative Models.,Kin Sum Liu|Chaowei Xiao|Bo Li 0026|Jie Gao 0001
conf/icdm/OnukiT18,2018,ICDM Workshops,inproceedings,SVD for Very Large Matrices: An Approach with Polar Decomposition and Polynomial Approximation.,Masaki Onuki|Yuichi Tanaka 0001
conf/icdm/MasrourTE20,2020,ICDM,inproceedings,Fairness Perception from a Network-Centric Perspective.,Farzan Masrour|Pang-Ning Tan|Abdol-Hossein Esfahanian
conf/icdm/YinGC19,2019,ICDM Workshops,inproceedings,Heterogenous Information Network Embedding Based Cross-Domain Recommendation System.,Jiangyi Yin|Yuchun Guo|Yishuai Chen
conf/icdm/QiuHY22,2022,ICDM,inproceedings,Beyond Double Ascent via Recurrent Neural Tangent Kernel in Sequential Recommendation.,Ruihong Qiu|Zi Huang|Hongzhi Yin
conf/icdm/ParkKXY18,2018,ICDM,inproceedings,Collaborative Translational Metric Learning.,Chanyoung Park 0001|Donghyun Kim 0007|Xing Xie 0001|Hwanjo Yu
conf/icdm/ChenDFLPS21,2021,ICDM,inproceedings,Differentially Private String Sanitization for Frequency-Based Mining Tasks.,Huiping Chen 0001|Changyu Dong|Liyue Fan|Grigorios Loukides|Solon P. Pissis|Leen Stougie
conf/icdm/ZhangY0Z0L19,2019,ICDM,inproceedings,Know Your Mind: Adaptive Cognitive Activity Recognition with Reinforced CNN.,Xiang Zhang 0012|Lina Yao 0001|Xianzhi Wang 0001|Wenjie Zhang 0001|Shuai Zhang 0007|Yunhao Liu 0001
conf/icdm/PawlickiPCKC24,2024,ICDM (Workshops),inproceedings,Semi-Supervised Learning Trumps Active Learning in Cold-Starting Netflow-Based AI Network Intrusion Detection Systems on Scarce and Difficult Data.,Marek Pawlicki|Aleksandra Pawlicka|Ryszard S. Choras|Rafal Kozik|Michal Choras
conf/icdm/LiLYZ0Y19,2019,ICDM,inproceedings,HierCon: Hierarchical Organization of Technical Documents Based on Concepts.,Keqian Li|Shiyang Li|Semih Yavuz|Hanwen Zha|Yu Su 0001|Xifeng Yan
conf/icdm/RochacZDXT22,2022,ICDM (Workshops),inproceedings,A Hybrid ConvLSTM Deep Neural Network for Noise Reduction and Data Augmentation for Prediction of Non-linear Dynamics of Streamflow.,Juan F. Ramirez Rochac|Nian Zhang|Tolessa Deksissa|Jiajun Xu|Lara A. Thompson
conf/icdm/Sadrolhefazi0AM24,2024,ICDM (Workshops),inproceedings,Unsupervised Graph-Based Anomaly Detection Using Variational Autoencoder.,Zeinab Sadat Sadrolhefazi|Hadi Zare 0001|Seyyed Amir Asghari|Parham Moradi|Mahdi Jalili
conf/icdm/ChenEZSC20,2020,ICDM (Workshops),inproceedings,Multi-Task Time Series Forecasting With Shared Attention.,Zekai Chen|Jiaze E|Xiao Zhang 0015|Hao Sheng 0001|Xiuzheng Cheng 0001
conf/icdm/CongBFGNS22,2022,ICDM (Workshops),inproceedings,Extensive Attention Mechanisms in Graph Neural Networks for Materials Discovery.,Guojing Cong|Talia Ben-Naim|Victor Fung|Anshul Gupta|Rodrigo Neumann|Mathias Steiner
conf/icdm/PicadoFSA22,2022,ICDM (Workshops),inproceedings,Students Temporal Profiling and e-Learning Resources Recommendation Based on NLP's Terms Extraction.,Andr|Anna Carolina Finamore|Ana Moura Santos|Cl
conf/icdm/ZhouLWZ20,2020,ICDM (Workshops),inproceedings,A Two-Stream Network For Driving Hand Gesture Recognition.,Yefan Zhou|Zhao Lv|Chaoqun Wang|Shengli Zhang
conf/icdm/ZhangBYEB24,2024,ICDM (Workshops),inproceedings,Uncovering Attacks and Defenses in Secure Aggregation for Federated Deep Learning.,Yiwei Zhang 0008|Rouzbeh Behnia|Attila A. Yavuz|Reza Ebrahimi 0001|Elisa Bertino
conf/icdm/ManchandaK18,2018,ICDM,inproceedings,Text Segmentation on Multilabel Documents: A Distant-Supervised Approach.,Saurav Manchanda|George Karypis
conf/icdm/RenLL22,2022,ICDM,inproceedings,Causal Effect Prediction with Flow-based Inference.,Shaogang Ren|Dingcheng Li|Ping Li 0001
conf/icdm/JotyCNM18,2018,ICDM,inproceedings,Discourse Processing and Its Applications in Text Mining.,Shafiq R. Joty|Giuseppe Carenini|Raymond T. Ng|Gabriel Murray
conf/icdm/JinZ18a,2018,ICDM Workshops,inproceedings,Sentiment Prediction in Social Networks.,Shengmin Jin|Reza Zafarani
conf/icdm/SiinoCT20,2020,ICDM (Workshops),inproceedings,WhoSNext: Recommending Twitter Users to Follow Using a Spreading Activation Network Based Approach.,Marco Siino|Marco La Cascia|Ilenia Tinnirello
conf/icdm/FukushimaY24,2024,ICDM,inproceedings,Graph Community Augmentation with GMM-Based Modeling in Latent Space.,Shintaro Fukushima|Kenji Yamanishi
conf/icdm/KumagaiIF19,2019,ICDM,inproceedings,Transfer Metric Learning for Unseen Domains.,Atsutoshi Kumagai|Tomoharu Iwata|Yasuhiro Fujiwara
conf/icdm/LiGGSC19,2019,ICDM,inproceedings,SENTI2POP: Sentiment-Aware Topic Popularity Prediction on Social Media.,Jinning Li 0001|Yirui Gao|Xiaofeng Gao 0001|Yan Shi 0009|Guihai Chen
conf/icdm/KumarMC22,2022,ICDM (Workshops),inproceedings,DeepDive: Deep Latent Factor Model for Enhancing Diversity in Recommender Systems.,Kriti Kumar|Angshul Majumdar|M. Girish Chandra
conf/icdm/Yang0X19,2019,ICDM Workshops,inproceedings,Mean-Removed Product Quantization for Approximate Nearest Neighbor Search.,Jiacheng Yang|Bin Chen 0011|Shu-Tao Xia
conf/icdm/GaoX0LCC19,2019,ICDM,inproceedings,DRCGR: Deep Reinforcement Learning Framework Incorporating CNN and GAN-Based for Interactive Recommendation.,Rong Gao 0001|Haifeng Xia|Jing Li 0055|Donghua Liu|Shuai Chen|Gang Chun
conf/icdm/ChenYL0DC23,2023,ICDM,inproceedings,A Practical Clean-Label Backdoor Attack with Limited Information in Vertical Federated Learning.,Peng Chen 0030|Jirui Yang|Junxiong Lin|Zhihui Lu 0002|Qiang Duan 0002|Hongfeng Chai
conf/icdm/FengZK19,2019,ICDM Workshops,inproceedings,Genetic Algorithm Based Optimization of Deep Neural Network Ensemble for Personal Identification in Pedestrians Behaviors.,Xuanang Feng|Jianing Zhao|Eisuke Kita
conf/icdm/ShahzadC20,2020,ICDM (Workshops),inproceedings,Efficient Distributed MST Based Clustering for Recommender Systems.,Ahmad Shahzad|Frans Coenen
conf/icdm/QianBZZZ23,2023,ICDM,inproceedings,Handling New Class in Online Label Shift.,Yu-Yang Qian 0001|Yong Bai|Zhen-Yu Zhang|Peng Zhao 0006|Zhi-Hua Zhou
conf/icdm/LuL20,2020,ICDM,inproceedings,AGSTN: Learning Attention-adjusted Graph Spatio-Temporal Networks for Short-term Urban Sensor Value Forecasting.,Yi-Ju Lu|Cheng-Te Li
conf/icdm/ChenWNZL20,2020,ICDM (Workshops),inproceedings,Scenario-aware and Mutual-based approach for Multi-scenario Recommendation in E-Commerce.,Yuting Chen|Yanshi Wang|Yabo Ni|Anxiang Zeng|Lanfen Lin
conf/icdm/Najafi0Y21,2021,ICDM,inproceedings,Outlier-Robust Multi-View Subspace Clustering with Prior Constraints.,Mehrnaz Najafi|Lifang He 0001|Philip S. Yu
conf/icdm/KanclerzBGKWK23,2023,ICDM (Workshops),inproceedings,Towards Model-Based Data Acquisition for Subjective Multi-Task NLP Problems.,Kamil Kanclerz|Julita Bielaniewicz|Marcin Gruza|Jan Kocon|Stanislaw Wozniak|Przemyslaw Kazienko
conf/icdm/WuSJ22,2022,ICDM,inproceedings,Link Partitioning on Simplicial Complexes Using Higher-Order Laplacians.,Xinyi Wu 0003|Arnab Sarker|Ali Jadbabaie
conf/icdm/TanLZN23,2023,ICDM (Workshops),inproceedings,Fault Detection and Diagnosis of Air Handling Units Based On Adversarial Multi-task Learning.,Jingwen Tan|Dan Li 0016|Zibin Zheng|See-Kiong Ng
conf/icdm/Chen0ESFC18,2018,ICDM,inproceedings,Social Recommendation with Missing Not at Random Data.,Jiawei Chen 0007|Can Wang 0001|Martin Ester|Qihao Shi|Yan Feng|Chun Chen 0001
conf/icdm/MadjidKGD22,2022,ICDM,inproceedings,HyperKGQA: Question Answering over Knowledge Graphs using Hyperbolic Representation Learning.,Nadya Abdel Madjid|Ola El Khatib|Shuang Gao|Djellel Eddine Difallah
conf/icdm/GaoZ0ZY021,2021,ICDM,inproceedings,Dictionary Pair-based Data-Free Fast Deep Neural Network Compression.,Yangcheng Gao|Zhao Zhang 0001|Haijun Zhang 0002|Mingbo Zhao|Yi Yang 0001|Meng Wang 0001
conf/icdm/DenhamPN20,2020,ICDM,inproceedings,Null-Labelling: A Generic Approach for Learning in the Presence of Class Noise.,Benjamin Denham|Russel Pears|Muhammad Asif Naeem
conf/icdm/AbedijaberiL18,2018,ICDM Workshops,inproceedings,Motif-Level Robustness Analysis of Power Grids.,Armita Abedijaberi|Jennifer L. Leopold
conf/icdm/AnaissiBA24,2024,ICDM (Workshops),inproceedings,Fine-Tuning LLMs for Reliable Medical Question-Answering Services.,Ali Anaissi|Ali Braytee|Junaid Akram
conf/icdm/KoLHS22,2022,ICDM (Workshops),inproceedings,Deep-Learning-Based Precipitation Nowcasting with Ground Weather Station Data and Radar Data.,Jihoon Ko|Kyuhan Lee|Hyunjin Hwang|Kijung Shin
conf/icdm/YadaIOWT20,2020,ICDM (Workshops),inproceedings,How Shoppers Walk and Shop in a Supermarket.,Katsutoshi Yada|Ken Ishibashi|Taku Ohashi|Danhua Wang|Shusaku Tsumoto
conf/icdm/MicNZ18,2018,ICDM Workshops,inproceedings,Modifying Hamming Spaces for Efficient Search.,Vladimir Mic|David Novak|Pavel Zezula
conf/icdm/HeKNT23,2023,ICDM,inproceedings,Fed-mSSA: A Federated Approach for Spatio-Temporal Data Modeling Using Multivariate Singular Spectrum Analysis.,Jiayu He|Matloob Khushi|Tung-Anh Nguyen|Nguyen Hoang Tran
conf/icdm/XinELN018,2018,ICDM,inproceedings,Active Learning on Heterogeneous Information Networks: A Multi-armed Bandit Approach.,Doris Xin|Ahmed El-Kishky|De Liao|Brandon Norick|Jiawei Han 0001
conf/icdm/WanMZS20,2020,ICDM,inproceedings,Fast Distance Metrics in Low-dimensional Space for Neighbor Search Problems.,Guihong Wan|Crystal Maung|Chenxu Zhang|Haim Schweitzer
conf/icdm/DommarajuBMOD19,2019,ICDM Workshops,inproceedings,Identifying Topological Prototypes using Deep Point Cloud Autoencoder Networks.,Nivesh Dommaraju|Mariusz Bujny|Stefan Menzel|Markus Olhofer|Fabian Duddeck
conf/icdm/WangNYZ23,2023,ICDM,inproceedings,Mitigating Multisource Biases in Graph Neural Networks via Real Counterfactual Samples.,Zichong Wang|Giri Narasimhan|Xin Yao|Wenbin Zhang 0002
conf/icdm/0010DMZC23,2023,ICDM,inproceedings,Discovering the Cognition behind Language: Financial Metaphor Analysis with MetaPro.,Rui Mao 0010|Kelvin Du|Yu Ma|Luyao Zhu|Erik Cambria
conf/icdm/Wang0JSDF21,2021,ICDM,inproceedings,Deep Human-guided Conditional Variational Generative Modeling for Automated Urban Planning.,Dongjie Wang|Kunpeng Liu 0001|Pauline Johnson|Leilei Sun|Bowen Du 0001|Yanjie Fu
conf/icdm/ZhouYS20,2020,ICDM,inproceedings,Online AUC Optimization for Sparse High-Dimensional Datasets.,Baojian Zhou|Yiming Ying|Steven Skiena
conf/icdm/Zhang0SG021,2021,ICDM,inproceedings,Adaptive Spatio-Temporal Convolutional Network for Traffic Prediction.,Mingyang Zhang 0004|Yong Li 0008|Funing Sun|Diansheng Guo|Pan Hui 0001
conf/icdm/HajewskiOS18,2018,ICDM Workshops,inproceedings,Smoothed Hinge Loss and ℓ1 Support Vector Machines.,Jeffrey Hajewski|Suely Oliveira|David E. Stewart
conf/icdm/FrerisVA20,2020,ICDM,inproceedings,An Interpretable Data Embedding under Uncertain Distance Information.,Nikolaos M. Freris|Michalis Vlachos|Ahmad Ajalloeian
conf/icdm/ShawiS22a,2022,ICDM (Workshops),inproceedings,TPE-AutoClust: A Tree-based Pipline Ensemble Framework for Automated Clustering.,Radwa El Shawi|Sherif Sakr
conf/icdm/DaiNSHAS19,2019,ICDM,inproceedings,Generative Oversampling with a Contrastive Variational Autoencoder.,Wangzhi Dai|Kenney Ng|Kristen A. Severson|Wei Huang|Fred Anderson|Collin M. Stultz
conf/icdm/BehniaEPP22,2022,ICDM (Workshops),inproceedings,EW-Tune: A Framework for Privately Fine-Tuning Large Language Models with Differential Privacy.,Rouzbeh Behnia|Mohammadreza Ebrahimi 0001|Jason Pacheco|Balaji Padmanabhan
conf/icdm/GuoCQGLT19,2019,ICDM Workshops,inproceedings,Citation Recommendation with a Content-Sensitive DeepWalk Based Approach.,Lantian Guo|Xiaoyan Cai|Haohua Qin|Yangming Guo|Fei Li|Gang Tian
conf/icdm/YangJ024,2024,ICDM,inproceedings,Probabilistic Matrix Factorization-based Three-stage Label Completion for Crowdsourcing.,Boyi Yang|Liangxiao Jiang|Wenjun Zhang 0012
conf/icdm/KimKYC22,2022,ICDM (Workshops),inproceedings,Unsupervised Deep One-Class Classification with Adaptive Threshold based on Training Dynamics.,Minkyung Kim 0001|Junsik Kim 0001|Jongmin Yu|Jun Kyun Choi
conf/icdm/ChenW19,2019,ICDM,inproceedings,Session-Based Recommendation with Local Invariance.,Tianwen Chen|Raymond Chi-Wing Wong
conf/icdm/Wu021,2021,ICDM,inproceedings,Boosting Deep Ensemble Performance with Hierarchical Pruning.,Yanzhao Wu 0001|Ling Liu 0001
conf/icdm/HartebrodtNBR21,2021,ICDM,inproceedings,Federated Principal Component Analysis for Genome-Wide Association Studies.,Anne Hartebrodt|Reza Nasirigerdeh|David B. Blumenthal|Richard R
conf/icdm/ZhengLZS018,2018,ICDM Workshops,inproceedings,A Novel Differential Privacy Recommendation Method Based on a Distributed Framework.,Xiaoyao Zheng|Yonglong Luo|Ji Zhang 0001|Liping Sun|Fulong Chen 0002
conf/icdm/LiGF0L23,2023,ICDM (Workshops),inproceedings,Automatic Detection and Analysis towards Malicious Behavior in IoT Malware.,Sen Li|Mengmeng Ge 0003|Ruitao Feng|Xiaohong Li 0001|Kwok-Yan Lam
conf/icdm/QianQSG024,2024,ICDM,inproceedings,ADOD: Adaptive Density Outlier Detection.,Li Qian 0001|Jing Qian|Xin Sun 0003|Wengang Guo|Christian B
conf/icdm/KandaT20,2020,ICDM,inproceedings,Dynamic Similarity Search on Integer Sketches.,Shunsuke Kanda|Yasuo Tabei
conf/icdm/ZhangJYLXJ24,2024,ICDM,inproceedings,Goal-Guided Generative Prompt Injection Attack on Large Language Models.,Chong Zhang 0006|Mingyu Jin|Qinkai Yu|Chengzhi Liu|Haochen Xue|Xiaobo Jin
conf/icdm/OetomoPBR24,2024,ICDM,inproceedings,Warm-Starting Contextual Bandits Under Latent Reward Scaling.,Bastian Oetomo|R. Malinga Perera|Renata Borovica-Gajic|Benjamin I. P. Rubinstein
conf/icdm/DengHQ20,2020,ICDM (Workshops),inproceedings,HybridGNN-SR: Combining Unsupervised and Supervised Graph Learning for Session-based Recommendation.,Kai Deng|Jiajin Huang|Jin Qin
conf/icdm/YuanLL22,2022,ICDM,inproceedings,Higher-Order Masked Graph Neural Networks for Traffic Flow Prediction.,Kaixin Yuan|Jing Liu 0006|Jian Lou 0001
conf/icdm/YuZL0Z22,2022,ICDM,inproceedings,Robust Unsupervised Domain Adaptation from A Corrupted Source.,Shuyang Yu|Zhuangdi Zhu|Boyang Liu|Anil K. Jain 0001|Jiayu Zhou
conf/icdm/VafaieVM20,2020,ICDM (Workshops),inproceedings,Multi-class imbalanced semi-supervised learning from streams through online ensembles.,Parsa Vafaie|Herna L. Viktor|Wojtek Michalowski
conf/icdm/ZhangWY23,2023,ICDM,inproceedings,Answering Subjective Induction Questions on Products by Summarizing Multi-sources Multi-viewpoints Knowledge.,Yufeng Zhang|Mengxiang Wang|Jianxing Yu
conf/icdm/GuoBA18,2018,ICDM,inproceedings,Bitcoin Volatility Forecasting with a Glimpse into Buy and Sell Orders.,Tian Guo 0002|Albert Bifet|Nino Antulov-Fantulin
conf/icdm/FanabFJ0ZH23,2023,ICDM,inproceedings,A TSICN-based Inferential Synthesis Method for Class Imbalance in Credit Scoring.,Dongxu Fan|Xuanzhi Feng|Jinghe Jiang|Yuming Jiang 0004|Le Zhang 0004|Dasha Hu
conf/icdm/KookKS20,2020,ICDM,inproceedings,Evolution of Real-world Hypergraphs: Patterns and Models without Oracles.,Yunbum Kook|Jihoon Ko|Kijung Shin
conf/icdm/LiJXC23,2023,ICDM,inproceedings,Federated Learning for Privacy-Preserving Prediction of Occupational Group Mobility Using Multi-Source Mobile Data.,Hao Li 0080|Hao Jiang 0010|Haoran Xian|Qimei Chen
conf/icdm/ComrieK21,2021,ICDM,inproceedings,Hypergraph Ego-networks and Their Temporal Evolution.,Cazamere Comrie|Jon M. Kleinberg
conf/icdm/BelthBK20,2020,ICDM,inproceedings,A Hidden Challenge of Link Prediction: Which Pairs to Check?,Caleb Belth|Alican B|Danai Koutra
conf/icdm/MoitraMW20,2020,ICDM (Workshops),inproceedings,Persistent Homology on Streaming Data.,Anindya Moitra|Nicholas O. Malott|Philip A. Wilsey
conf/icdm/YinLLYJ20,2020,ICDM (Workshops),inproceedings,An Accuracy-and-Diversity-based Ensemble Method for Concept Drift and Its application in Fraud Detection.,Shujie Yin|Guanjun Liu|Zhenchuan Li|Chungang Yan|Changjun Jiang 0002
conf/icdm/Liu0XS19,2019,ICDM Workshops,inproceedings,Oasis: Online Analytic System for Incivility Detection and Sentiment Classification.,Leyu Liu|Xin Huang 0001|Jianliang Xu|Yunya Song
conf/icdm/KimCYS22,2022,ICDM,inproceedings,"Reciprocity in Directed Hypergraphs: Measures, Findings, and Generators.",Sunwoo Kim 0006|Minyoung Choe|Jaemin Yoo|Kijung Shin
conf/icdm/SunZYY19,2019,ICDM Workshops,inproceedings,Image Generation Framework for Unbalanced License Plate Data Set.,Ming Sun|Fang Zhou|Chun Yang|Xu-Cheng Yin
conf/icdm/KimL020,2020,ICDM (Workshops),inproceedings,User Authentication Method using FIDO based Password Management for Smart Energy Environment.,Hyunjin Kim|Dongseop Lee|Jaecheol Ryou 0001
conf/icdm/MaN18,2018,ICDM Workshops,inproceedings,"Compact Deep Neural Networks with ℓ1, 1 and ℓ1, 2 Regularization.",Rongrong Ma|Lingfeng Niu
conf/icdm/PratiherCAB18,2018,ICDM Workshops,inproceedings,Grading Tumor Malignancy via Deep Bidirectional LSTM on Graph Manifold Encoded Histopathological Image.,Sawon Pratiher|Subhankar Chattoraj|Sumit Agarwal|Shubhobrata Bhattacharya
conf/icdm/PrakashJO23,2023,ICDM,inproceedings,Enhancing Social Recommendation with Multi-View BERT Network.,Tushar Prakash|Raksha Jalan|Naoyuki Onoe
conf/icdm/RamkissoonM20,2020,ICDM (Workshops),inproceedings,An Experimental Evaluation of Data Classification Models for Credibility Based Fake News Detection.,Amit Neil Ramkissoon|Shareeda Mohammed
conf/icdm/MoonC23,2023,ICDM (Workshops),inproceedings,Exploiting Local Information with Subgraph Embedding for Graph Neural Networks.,Hyung-Jun Moon|Sung-Bae Cho
conf/icdm/LinLLCYF22,2022,ICDM,inproceedings,Kernel-based Hybrid Interpretable Transformer for High-frequency Stock Movement Prediction.,Fan Lin|Pengfei Li|Yuanguo Lin|Zhennan Chen|Huanyu You|Shibo Feng
conf/icdm/YuBLZ22,2022,ICDM,inproceedings,Deep Spatial Domain Generalization.,Dazhou Yu|Guangji Bai|Yun Li 0005|Liang Zhao 0002
conf/icdm/DyrmishiSS19,2019,ICDM Workshops,inproceedings,A Decision Support Framework for AutoML Systems: A Meta-Learning Approach.,Salijona Dyrmishi|Radwa El Shawi|Sherif Sakr
conf/icdm/RenZJZDW19,2019,ICDM,inproceedings,Dual Adversarial Learning Based Network Alignment.,Jiaxiang Ren 0001|Yang Zhou 0001|Ruoming Jin|Zijie Zhang 0001|Dejing Dou|Pengwei Wang 0004
conf/icdm/XiongLH0H19,2019,ICDM Workshops,inproceedings,Primitives Generation Policy Learning without Catastrophic Forgetting for Robotic Manipulation.,Fangzhou Xiong|Zhiyong Liu 0001|Kaizhu Huang|Xu Yang 0004|Amir Hussain 0001
conf/icdm/LiuHLLMC22,2022,ICDM,inproceedings,A Cognitive Solver with Autonomously Knowledge Learning for Reasoning Mathematical Answers.,Jiayu Liu 0001|Zhenya Huang|Xin Lin 0005|Qi Liu 0003|Jianhui Ma 0001|Enhong Chen
conf/icdm/LiuZCLF23,2023,ICDM (Workshops),inproceedings,Learning and Adapting Diverse Representations for Cross-domain Few-shot Learning.,Ge Liu|Zhongqiang Zhang|Fuhan Cai|Duo Liu|Xiangzhong Fang
conf/icdm/BarkanEWAEK23,2023,ICDM,inproceedings,Stochastic Integrated Explanations for Vision Models.,Oren Barkan|Yehonatan Elisha|Jonathan Weill|Yuval Asher|Amit Eshel|Noam Koenigstein
conf/icdm/SharmaBR21,2021,ICDM,inproceedings,T,Mandar Sharma|John S. Brownstein|Naren Ramakrishnan
conf/icdm/SaxenaPSK20,2020,ICDM (Workshops),inproceedings,Mining Heterogeneous Data for Formulation Design.,Krati Saxena|Ashwini Patil|Sagar Sunkle|Vinay Kulkarni 0001
conf/icdm/MiaoZRZZH23,2023,ICDM,inproceedings,Adaptive Student Inference Network for Efficient Single Image Super-Resolution.,Kang Miao|Zhao Zhang 0001|Jiahuan Ren|Mingbo Zhao|Haijun Zhang 0002|Richang Hong
conf/icdm/KazempourZKLK24,2024,ICDM (Workshops),inproceedings,Do good scores imply good embeddings? On the necessity of inspecting manifold learning evaluation results by multiple criteria.,Daniyal Kazempour|Claudius Zelenka|Atakan Kara 0002|Andreas Lohrer|Peer Kr
conf/incdm/PrinzbachLK21,2021,ICDM (Workshops),inproceedings,Accelerating Density-Based Subspace Clustering in High-Dimensional Data.,J|Tobias Lauer|Nicolas Kiefer
conf/incdm/CilarPS20,2020,ICDM,inproceedings,Interpreting influence of feature ranking in derivation of prediction models for screening questionnaires optimization.,Leona Cilar|Majda Pajnkihar|Gregor Stiglic
conf/incdm/RenXLL21,2021,ICDM (Workshops),inproceedings,Deep Video Anomaly Detection: Opportunities and Challenges.,Jing Ren 0001|Feng Xia 0001|Yemeng Liu|Ivan Lee 0001
conf/incdm/ZdravevskiASS19,2019,ICDM,inproceedings,Scalable Cloud-based ETL for Self-serving Analytics.,Eftim Zdravevski|Cas Apanowicz|Krzysztof Stencel|Dominik Slezak
conf/incdm/HouRFSX21,2021,ICDM (Workshops),inproceedings,Cross Network Representation Matching with Outliers.,Mingliang Hou|Jing Ren 0001|Falih Febrinanto|Ahsan Shehzad|Feng Xia 0001
conf/incdm/KovantsevCB21,2021,ICDM (Workshops),inproceedings,Evaluating Time Series Predictability via Transition Graph Analysis.,Anton Kovantsev|Petr Chunaev|Klavdiya Bochenina
conf/incdm/WangKML21,2021,ICDM (Workshops),inproceedings,Multi-Label kNN classifier with Online Dual Memory on data stream.,Xihui Wang|Pascale Kuntz|Frank Meyer|Vincent Lemaire 0001
conf/incdm/YangFSW21,2021,ICDM (Workshops),inproceedings,Causal structure learning of nonlinear additive noise model based on streaming feature.,Jing Yang 0008|Gaojin Fan|Anbo Shen|Aiguo Wang 0002
conf/incdm/TangD18,2018,ICDM,inproceedings,A Partial Demand Fulfilling Capacity Constrained Clustering Algorithm to Static Bike Rebalancing Problem.,Yi Tang|Bi-Ru Dai
conf/incdm/AlobaidiLA19,2019,ICDM,inproceedings,The Use of Frequent Subgraph Mining to Develop a Recommender System for Playing Real-Time Strategy Games.,Isam A. Alobaidi|Jennifer L. Leopold|Ali A. Allami
conf/incdm/Rezaei019,2019,ICDM,inproceedings,How to Achieve High Classification Accuracy with Just a Few Labels: A Semisupervised Approach Using Sampled Packets.,Shahbaz Rezaei|Xin Liu 0002
conf/incdm/GelbardK18,2018,ICDM,inproceedings,Dynamic Classifier and Sensor Using Small Memory Buffers.,Roy Gelbard|Anna Khalemsky
conf/incdm/AmanA18,2018,ICDM,inproceedings,Mining Cross-Level Closed Sequential Patterns.,Rutba Aman|Chowdhury Farhan Ahmed
conf/incdm/RizveeSALDM19,2019,ICDM,inproceedings,Sliding window based weighted periodic pattern mining over time series data.,Redwan Ahmed Rizvee|Md Shahadat Hossain Shahin|Chowdhury Farhan Ahmed|Carson K. Leung|Deyu Deng|Jiaxing Jason Mai
conf/incdm/OhK21,2021,ICDM (Workshops),inproceedings,Multi-channel Convolution Neural Network for Gas Mixture Classification.,YongKyung Oh|Sungil Kim
conf/incdm/IshitaNA18,2018,ICDM,inproceedings,An Efficient Approach for Mining Weighted Sequential Patterns in Dynamic Databases.,Sabrina Zaman Ishita|Faria Noor|Chowdhury Farhan Ahmed
conf/incdm/ProvalovSC21,2021,ICDM (Workshops),inproceedings,SynEvaRec: A Framework for Evaluating Recommender Systems on Synthetic Data Classes.,Vladimir Provalov|Elizaveta Stavinova|Petr Chunaev
conf/incdm/SkylakiOBHK21,2021,ICDM (Workshops),inproceedings,Legal Entity Extraction using a Pointer Generator Network.,Stavroula Skylaki|Ali Oskooei|Omar Bari|Nadja Herger|Zac Kriegman
conf/incdm/SongFG21,2021,ICDM (Workshops),inproceedings,TopUMS: Top-k Utility Mining in Stream Data.,Wei Song 0004|Caiyu Fang|Wensheng Gan
conf/incdm/DialloNO21,2021,ICDM (Workshops),inproceedings,Sparse Subspace K-means.,Abdoul Wahab Diallo|Nd|Mory Ouattara
conf/incdm/NaskosG19,2019,ICDM,inproceedings,Efficiency assessment of event-based predictive maintenance in Industry 4.0.,Athanasios Naskos|Anastasios Gounaris
conf/incdm/KolyshkinaS19,2019,ICDM (Posters),inproceedings,Comprehensibility for Decision Intelligence Engineering.,Inna Kolyshkina|Simeon Simoff
conf/incdm/WuZH21,2021,ICDM (Workshops),inproceedings,Optimal Segmented Linear Regression for Financial Time Series Segmentation.,Chi-Jen Wu|Wei-Sheng Zeng|Jan-Ming Ho
conf/incdm/EfremovaEVM18,2018,ICDM,inproceedings,A Geo-Tagging Framework for Address Extraction from Web Pages.,Julia Efremova|Ian Endres|Isaac Vidas|Ofer Melnik
conf/incdm/KoconRKWZZ21,2021,ICDM (Workshops),inproceedings,AspectEmo: Multi-Domain Corpus of Consumer Reviews for Aspect-Based Sentiment Analysis.,Jan Kocon|Jarema Radom|Ewa Kaczmarz-Wawryk|Kamil Wabnic|Ada Zajaczkowska|Monika Zasko-Zielinska
conf/incdm/LeopoldAE19,2019,ICDM,inproceedings,Predictive Analysis of Real-Time Strategy Games Using Discriminative Subgraph Mining.,Jennifer L. Leopold|Isam A. Alobaidi|Nathan W. Eloe
conf/incdm/DasGCPL21,2021,ICDM (Workshops),inproceedings,Automated Pipeline for Sentiment Analysis of Political Tweets.,Atrik Das|Kushal Sai Gunturi|Aditya Chandrasekhar|Abhinandan Padhi|Qian Liu 0012
conf/incdm/LohrerDHK21,2021,ICDM (Workshops),inproceedings,OAB - An Open Anomaly Benchmark Framework for Unsupervised and Semisupervised Anomaly Detection on Image and Tabular Data Sets.,Andreas Lohrer|Jan Deller|Maximilian H|Peer Kr
conf/incdm/CoupetteSS21,2021,ICDM (Workshops),inproceedings,Simplify Your Law: Using Information Theory to Deduplicate Legal Documents.,Corinna Coupette|Jyotsna Singh|Holger Spamann
conf/incdm/AlaminosFGF18,2018,ICDM,inproceedings,Data Mining for Municipal Financial Distress Prediction.,David Alaminos|Sergio M. Fern|Francisca Garc|Manuel A. Fern
conf/incdm/ChoudharyUT19,2019,ICDM,inproceedings,Ensemble of Customized DenseNet with SVM for Refining Iris Contact Lens Features.,Meenakshi Choudhary|Venkanna U. 0001|Vivek Tiwari
conf/incdm/GawronPRSK21,2021,ICDM (Workshops),inproceedings,Deep Neural Language-agnostic Multi-task Text Classifier.,Karol Gawron|Michal Pogoda|Norbert Ropiak|Michal Swedrowski|Jan Kocon
conf/incdm/KazemeiniRMC21,2021,ICDM (Workshops),inproceedings,Interpretable Representation Learning for Personality Detection.,Amirmohammad Kazemeini|Sudipta Singha Roy|Robert E. Mercer|Erik Cambria
conf/incdm/HernandezUL19,2019,ICDM (Posters),inproceedings,Recognition of the Experimental Design of Laboratory Scale Wine Fermentations Using ANN.,Gonzalo Hern|Alejandra Urtubia|Roberto Le
conf/incdm/ScharpfHD21,2021,ICDM (Workshops),inproceedings,Accelerating Active Learning Image Labeling Through Bulk Shift Recommendations.,Philipp Scharpf|Chi Lap Hong|Oliver Duerr
conf/incdm/RodriguesCR18,2018,ICDM,inproceedings,Automating the Extraction of Essential Genes from Literature.,R|Hugo Costa|Miguel Rocha 0001
conf/incdm/ArefinIA18,2018,ICDM,inproceedings,Mining Sequential Correlation with a New Measure.,Mohammad Fahim Arefin|Maliha Tashfia Islam|Chowdhury Farhan Ahmed
conf/incdm/HaCohen-KernerY19,2019,ICDM (Posters),inproceedings,The Impact of Preprocessing on the Classification of Mental Disorders.,Yaakov HaCohen-Kerner|Yair Yigal|Daniel Miller
conf/incdm/LangguthTA21,2021,ICDM (Workshops),inproceedings,Incremental Clustering Algorithms for Massive Dynamic Graphs.,Johannes Langguth|Aigars Tumanis|Ariful Azad
conf/incdm/MasteliniMGBPC21,2021,ICDM (Workshops),inproceedings,Fast and lightweight binary and multi-branch Hoeffding Tree Regressors.,Saulo Martiello Mastelini|Jacob Montiel|Heitor Murilo Gomes|Albert Bifet|Bernhard Pfahringer|Andr
conf/incdm/JiangC21,2021,ICDM (Workshops),inproceedings,Mixture Gaussian Prototypes for Few-Shot Learning.,Ruijin Jiang|Zhaohui Cheng
conf/incdm/DemirNXZ21,2021,ICDM (Workshops),inproceedings,Multi-objective Feature Selection with a Sparsity-based Objective Function and Gradient Local Search for Multi-label Classification.,Kaan Demir|Bach Hoai Nguyen|Bing Xue 0001|Mengjie Zhang 0001
conf/incdm/LinDSW21,2021,ICDM (Workshops),inproceedings,Large-Scale Closed High-Utility Itemset Mining.,Jerry Chun-Wei Lin|Youcef Djenouri|Gautam Srivastava 0001|Jimmy Ming-Tai Wu
conf/incdm/DewanALRDS19,2019,ICDM,inproceedings,An efficient approach for mining weighted frequent patterns with dynamic weights.,Umama Dewan|Chowdhury Farhan Ahmed|Carson K. Leung|Redwan Ahmed Rizvee|Deyu Deng|Joglas Souza
conf/incdm/WangTCJ21,2021,ICDM (Workshops),inproceedings,A Knowledge-aware and Time-sensitive Financial News Recommendation System Based on Firm Relation Derivation.,Jun Wang 0089|Jinghua Tan|Jiujiu Chen|Hanlei Jin
conf/incdm/CongL21,2021,ICDM (Workshops),inproceedings,Versatile feature learning with graph convolutions and graph structures.,Guojing Cong|Seung-Hwan Lim
conf/incdm/PhadkeTCU19,2019,ICDM (Posters),inproceedings,CLUES: Detection of User Intent through Interactive Comparison.,Chitra Phadke|Paishun Ting|Jin Cao|H
conf/incdm/SadasivuniZ21,2021,ICDM (Workshops),inproceedings,Analyzing the Bad-Words in tweets of Twitter users to discover the Mental Health Happiness Index and Feel-Good-Factors.,Sudha Tushara Sadasivuni|Yanqing Zhang 0001
conf/incdm/Kim019,2019,ICDM (Posters),inproceedings,Suggestion of Density-based Geometric One-Class Classifier using Genetic Algorithm.,Do Gyun Kim|Jin Young Choi 0003
conf/incdm/HammadehZK21,2021,ICDM (Workshops),inproceedings,Time Series Ordinal Regression for Supporting the Storage of Temperature Sensitive Medication in Domestic Refrigerators.,Ali Hammadeh|Amin Zayani|Andreas W. Kempa-Liehr
conf/incdm/LiIYSNK21,2021,ICDM (Workshops),inproceedings,A Sentiment-aware Delightful Walking Route Recommendation System Considering the Scenery and Season.,Da Li 0008|Shiho Ishitsubo|Katsuyuki Yamauchi|Panote Siriaraya|Shinsuke Nakajima|Yukiko Kawai
conf/incdm/GuoLY21,2021,ICDM (Workshops),inproceedings,Deep Embedded K-Means Clustering.,Wengang Guo|Kaiyan Lin|Wei Ye 0001
conf/incdm/GwalaniNMAB19,2019,ICDM,inproceedings,Compositional Analysis for Metallic Systems: Sampling Methods.,Harsha Gwalani|Martin O Neill II|Armin R. Mikler|Talukder Alam|Rajarshi Banerjee
conf/incdm/ThummanusarnK21,2021,ICDM (Workshops),inproceedings,Random Projection Through the Lens of Data Complexity Indicators.,Yamonporn Thummanusarn|Ata Kab
conf/incdm/YangHXN0S18,2018,ICDM,inproceedings,An Intelligent and Hybrid Weighted Fuzzy Time Series Model Based on Empirical Mode Decomposition for Financial Markets Forecasting.,Ruixin Yang|Junyi He|Mingyang Xu|Haoqi Ni|Paul Jones 0001|Nagiza F. Samatova
conf/incdm/BatainehSS19,2019,ICDM (Posters),inproceedings,Feature Impact for Prediction Explanation.,Mohammad Bataineh|David Steenhard|Harpreet Singh
conf/incdm/IsobeO18,2018,ICDM,inproceedings,Medical AI System to Assist Rehabilitation Therapy.,Takashi Isobe|Yoshihiro Okada
conf/incdm/MakinoK21,2021,ICDM (Workshops),inproceedings,Stochastic Schemata Exploiter-Based AutoML.,Hiroya Makino|Eisuke Kita
conf/incdm/Shankaranarayana21,2021,ICDM (Workshops),inproceedings,Attention Augmented Convolutional Transformer for Tabular Time-series.,Sharath M. Shankaranarayana|Davor Runje
conf/incdm/BernardoZV21,2021,ICDM (Workshops),inproceedings,IEBench: Benchmarking Streaming Learners on Imbalanced Evolving Data Streams.,Alessio Bernardo|Giacomo Ziffer|Emanuele Della Valle
conf/incdm/ShaheeA18,2018,ICDM,inproceedings,An Adaptive Oversampling Technique for Imbalanced Datasets.,Shaukat Ali Shahee|Usha Ananthakumar
conf/incdm/ZhaoZZJ21,2021,ICDM (Workshops),inproceedings,Application of LSTM Models to Predict In-store Trajectory of Customers.,Weizheng Zhao|Yi Zuo 0001|Licheng Zhao|Junhao Jiang
conf/incdm/RiaziN19,2019,ICDM (Posters),inproceedings,Large-Scale Vertex-Centric Network Embedding via Apache Spark.,Sara Riazi|Boyana Norris
conf/incdm/KoopmannKHH21,2021,ICDM (Workshops),inproceedings,CoBERT: Scientific Collaboration Prediction via Sequential Recommendation.,Tobias Koopmann|Konstantin Kobs|Konstantin Herud|Andreas Hotho
conf/incdm/SakhraniPR21,2021,ICDM (Workshops),inproceedings,Contextualized Embedding based Approaches for Social Media-specific Sentiment Analysis.,Harsh Sakhrani|Saloni Parekh|Pratik Ratadiya
conf/incdm/HeseCAT21,2021,ICDM (Workshops),inproceedings,Functional Foot Segmentation Based on Plantar Pressure Measurements for Profiling Subjects Performing a Running Exercise.,Peter Van Hese|Henrique Cabral|Wouter Aerts|Elena Tsiporkova
conf/incdm/ChenJTCB19,2019,ICDM,inproceedings,"Weather Impacts on Wine, A BiMax examination of Napa Cabernet in 2011 and 2012 Vintage.",Bernard Chen 0001|David Jones|Mustafa Tunc|Kristen Chipolla|Jorge Beltr
conf/incdm/GuzyWK21,2021,ICDM (Workshops),inproceedings,Evaluating and Explaining Generative Adversarial Networks for Continual Learning under Concept Drift.,Filip Guzy|Michal Wozniak 0001|Bartosz Krawczyk
conf/incdm/RamkissoonG21,2021,ICDM (Workshops),inproceedings,Legitimacy: An Ensemble Learning Model for Credibility Based Fake News Detection.,Amit Neil Ramkissoon|Wayne Goodridge
conf/incdm/AgrawalPSBVN21,2021,ICDM (Workshops),inproceedings,Prediction Diagnostics - Addressing data veracity in predicting batch processes.,Parag Agrawal|Priyadarshi|Vikrant Shimpi|Neha Behl|Deepa Vaidyanathan|Maitreya Natu
conf/incdm/TagliabueLGPP19,2019,ICDM,inproceedings,Predicting e-commerce customer conversion from minimal temporal patterns on symbolized clickstream trajectories.,Jacopo Tagliabue|Lucas Lacasa|Ciro Greco|Mattia Pavoni|Andrea Polonioli
conf/incdm/DagnelyTT20,2020,ICDM,inproceedings,Root causes labelling of industrial assets via relevancy estimation of event logs.,Pierre Dagnely|Tom Tourw|Elena Tsiporkova
conf/incdm/PhamNCTN20,2020,ICDM,inproceedings,Predicting inactivity users in telecom.,Cong Dan Pham|Phi Hung Nguyen|Xuan Vinh Chu|Van Hung Trinh|Duc Hai Nguyen 0003
conf/incdm/YiKC21,2021,ICDM (Workshops),inproceedings,Embedding Normalization: Significance Preserving Feature Normalization for Click-Through Rate Prediction.,Joonyoung Yi|Beomsu Kim|Buru Chang
conf/incdm/ZhongYXX18,2018,ICDM,inproceedings,Categorization of Patient Diseases for Chinese Electronic Health Record Analysis: A Case Study.,Junmei Zhong|Xiu Yi|De Xuan|Ying Xie
conf/incdm/ZhengZ21,2021,ICDM (Workshops),inproceedings,Few-Shot Class-Incremental Learning with Meta-Learned Class Structures.,Guangtao Zheng|Aidong Zhang 0001
conf/incdm/NellasTP21,2021,ICDM (Workshops),inproceedings,Convolutional Variational Autoencoders for Image Clustering.,Ioannis A. Nellas|Sotiris K. Tasoulis|Vassilis P. Plagianakos
conf/incdm/NinomiyaTZM21,2021,ICDM (Workshops),inproceedings,Analysis of User Behavior in a C2C Platform during COVID-19 Pandemic.,Taisei Ninomiya|Fujio Toriumi|Hiroka Zaitsu|Yusuke Miyake
conf/incdm/FujitaYSMK21,2021,ICDM (Workshops),inproceedings,Application of Machine Learning for Growth Environment Prediction in Agriculture.,Momoko Fujita|Akari Yamada|Mao Susuki|Hiroya Makino|Eisuke Kita
conf/incdm/GoldfarbE20,2020,ICDM,inproceedings,Causal Inference via Conditional Kolmogorov Complexity.,Daniel Goldfarb|Scott Evans
conf/incdm/LiuC21,2021,ICDM (Workshops),inproceedings,Comparison of Variant Principal Component Analysis Using New RNN-based Framework for Stock Prediction.,Shuyan Liu|Yue Chen
conf/incdm/MatsuiNYN21,2021,ICDM (Workshops),inproceedings,Confident Collaborative Metric Learning.,Ryo Matsui|Taketo Naito|Suguru Yaginuma|Kazuhide Nakata
conf/incdm/DhontTG21,2021,ICDM (Workshops),inproceedings,Deriving Spatio-temporal Trajectory Fingerprints from Mobility Data using Non-Negative Matrix Factorisation.,Michiel Dhont|Elena Tsiporkova|Nicol
conf/incdm/ZhangHZ19,2019,ICDM,inproceedings,FAT-DeepFFM: Field Attentive Deep Field-aware Factorization Machine.,Junlin Zhang|Tongwen Huang|Zhiqi Zhang
conf/incdm/WuL19,2019,ICDM,inproceedings,A Hybrid Model on Learning Cross Features for Transaction Fraud Detection.,Han Wu|Guanjun Liu
conf/incdm/VodelR18,2018,ICDM,inproceedings,"Data Mining with Digital Fingerprinting - Challenges, Chances, and Novel Application Domains.",Matthias Vodel|Marc Ritter
conf/incdm/PatelZL21,2021,ICDM (Workshops),inproceedings,Enhancing Negation Scope Detection using Multitask Learning.,Harsh Patel|Xulang Zhang|Qian Liu 0012
conf/incdm/BorchaniPHE19,2019,ICDM (Posters),inproceedings,Data-driven American Option Pricing using Artificial Neural Networks.,Hanen Borchani|Wojciech Michal Pawlak|Steffen Holmslykke|Allan Peter Engsig-Karup
conf/incdm/SunL19a,2019,ICDM,inproceedings,Context Aware Image Annotation in Multiple-Instance Active Learning.,Yingcheng Sun|Kenneth A. Loparo
conf/incdm/AkanniJ20,2020,ICDM,inproceedings,Application of Machine Learning to Predictive Maintenance.,Feranmi Akanni|Martti Juhola
conf/incdm/KulbachT21,2021,ICDM (Workshops),inproceedings,Personalized Neural Architecture Search.,Cedric Kulbach|Steffen Thoma
conf/incdm/SunL19,2019,ICDM (Posters),inproceedings,Knowledge-guided Text Structuring in Clinical Trials.,Yingcheng Sun|Kenneth A. Loparo
conf/incdm/ShiXQXZ21,2021,ICDM (Workshops),inproceedings,Machine Learning and Deep Learning Methods used in Safety Management of Nuclear Power Plants: A Survey.,Yong Shi 0001|Xiaodong Xue|Yi Qu|Jiayu Xue|Linzi Zhang
conf/incdm/TermritthikunXL21,2021,ICDM (Workshops),inproceedings,Neural Architecture Search and Multi-Objective Evolutionary Algorithms for Anomaly Detection.,Chakkrit Termritthikun|Lin Xu 0004|Yemeng Liu|Ivan Lee 0001
conf/incdm/KoharaE18,2018,ICDM,inproceedings,Clustering Professional Baseball Players with SOM and Deciding Team Reinforcement Strategy with AHP.,Kazuhiro Kohara|Shota Enomoto
conf/incdm/SultanaAA18,2018,ICDM,inproceedings,A New Approach for Mining Representative Patterns.,Abeda Sultana|Hosneara Ahmed|Chowdhury Farhan Ahmed
conf/incdm/DereventsovVW21,2021,ICDM (Workshops),inproceedings,On the Unreasonable Efficiency of State Space Clustering in Personalization Tasks.,Anton Dereventsov|Ranga Raju Vatsavai|Clayton G. Webster
conf/incdm/AndersenCJTZ21,2021,ICDM (Workshops),inproceedings,Detecting Wandering Behavior of People with Dementia.,Nicklas Sindlev Andersen|Marco Chiarandini|Stefan J|Panagiotis Tampakis|Arthur Zimek
conf/incdm/MazaevJGLH19,2019,ICDM,inproceedings,Interpretable detection of unstable smart TV usage from power state logs.,Tamir Mazaev|Olivier Janssens|Dirk Van Gheel|Lieve Lanoye|Sofie Van Hoecke
conf/incdm/LiuX21,2021,ICDM (Workshops),inproceedings,Anomaly Detection with Dual Adversarial Training.,Shuo Liu|Liwen Xu
conf/incdm/GrecoC21,2021,ICDM (Workshops),inproceedings,Drift Lens: Real-time unsupervised Concept Drift detection by evaluating per-label embedding distributions.,Salvatore Greco|Tania Cerquitelli
conf/incdm/VeenaNLKWZ21,2021,ICDM (Workshops),inproceedings,A Unified Framework to Discover Partial Periodic-Frequent Patterns in Row and Columnar Temporal Databases.,Pamalla Veena|So Nakamura|Palla Likhitha|R. Uday Kiran|Yutaka Watanobe|Koji Zettsu
conf/incdm/NalepaBZ18,2018,ICDM,inproceedings,Speeding Up Continuous kNN Join by Binary Sketches.,Filip Nalepa|Michal Batko|Pavel Zezula
conf/incdm/YangLK19,2019,ICDM (Posters),inproceedings,Use of Big Data for Disaster Management.,Gijoo Yang|Kangwoo Lee|Dongho Kim
conf/incdm/HassanBMM19,2019,ICDM,inproceedings,Cluster-Based Relative Outlier Under-Sampling Technique.,Atif Hassan|Rohini Banerjee|Pabitra Mitra|Pralay Mitra
conf/incdm/DaubenerS0KB19,2019,ICDM,inproceedings,Anomaly Detection in Univariate Time Series: An Empirical Comparison of Machine Learning Algorithms.,Sina D|Sebastian Schmitt|Hao Wang 0025|Peter Krause 0001|Thomas B
conf/incdm/QazanfariY19,2019,ICDM,inproceedings,Improving document classification performance by combining resources and integrating word embedding techniques.,Kazem Qazanfari|Abdou Youssef
conf/incdm/AlamRAIL21,2021,ICDM (Workshops),inproceedings,Mining High Utility Subgraphs.,Md. Tanvir Alam|Amit Roy|Chowdhury Farhan Ahmed|Md. Ashraful Islam 0001|Carson K. Leung
conf/incdm/ChenFNW21,2021,ICDM (Workshops),inproceedings,Sequence Prediction using Partially-Ordered Episode Rules.,Yangming Chen|Philippe Fournier-Viger|Farid Nouioua|Youxi Wu
conf/incdm/BeerSS21,2021,ICDM (Workshops),inproceedings,LUCKe - Connecting Clustering and Correlation Clustering.,Anna Beer 0001|Lisa Stephan|Thomas Seidl 0001
conf/incdm/ChenG21,2021,ICDM (Workshops),inproceedings,A fast sorting-based aggregation method for symbolic time series representation.,Xinye Chen|Stefan G
conf/incdm/TabassianVTT21,2021,ICDM (Workshops),inproceedings,Data-Driven Divide-and-Conquer for Estimating Build Times of 3D Objects.,Mahdi Tabassian|Robbert Verbeke|Tom Tourw|Elena Tsiporkova
conf/incdm/WuXWW21,2021,ICDM (Workshops),inproceedings,Surrogate Supervision-based Deep Weakly-supervised Anomaly Detection.,Zhiyue Wu|Hongzuo Xu|Yijie Wang 0001|Yongjun Wang
conf/incdm/ZhangLNL21,2021,ICDM (Workshops),inproceedings,ContentHE: Content-enhanced Network Embedding for Hashtag Representation.,Shaoliang Zhang|Xuefeng Liu 0001|Jianwei Niu 0002|Huiyong Li 0005
conf/incdm/KimJPCSO21,2021,ICDM (Workshops),inproceedings,DynaPosGNN: Dynamic-Positional GNN for Next POI Recommendation.,Junbeom Kim|Sihyun Jeong|Goeon Park|Kihoon Cha|Ilhyun Suh|Byungkook Oh
conf/incdm/FoumaniTS21,2021,ICDM (Workshops),inproceedings,Disjoint-CNN for Multivariate Time Series Classification.,Seyed Navid Mohammadi Foumani|Chang Wei Tan|Mahsa Salehi
conf/incdm/RiverainFN21,2021,ICDM (Workshops),inproceedings,Model-based Poisson co-clustering for Attributed Networks.,Paul Riverain|Simon Fossier|Mohamed Nadif
conf/incdm/SaleemC19,2019,ICDM (Posters),inproceedings,Data Mining for the Internet of Things.,Tausifa Jan Saleem|Mohammad Ahsan Chishti
conf/incdm/JiangLZYZC21,2021,ICDM (Workshops),inproceedings,Dynamic Sequential Recommendation: Decoupling User Intent from Temporal Context.,Wei Jiang 0027|Fangquan Lin|Jihai Zhang 0001|Cheng Yang 0008|Hanwei Zhang 0002|Ziqiang Cui
conf/incdm/ElRafeyW19,2019,ICDM,inproceedings,Rapidly Determining the Starting Sample Size in Progressive Sampling: Mean Convergence is Sufficient.,Amr ElRafey|Janusz Wojtusiak
conf/incdm/CastilloOG21,2021,ICDM (Workshops),inproceedings,Instance selection for multi-label learning based on a scalable evolutionary algorithm.,Juan Antonio Romero del Castillo|Domingo Ortiz-Boyer|Nicol
conf/incdm/CaiBHLYC21,2021,ICDM (Workshops),inproceedings,SSPF: a Simple and Scalable Parameter Free Clustering Method.,Xingyu Cai|Yuchen Bian|Jiaji Huang|Boxiang Liu|Jiahong Yuan|Kenneth Church 0001
conf/incdm/HaritzPLK21,2021,ICDM (Workshops),inproceedings,Self-Supervised Source Code Annotation from Related Research Papers.,Pierre Haritz|Lukas Pfahler|Thomas Liebig|Helena Kotthaus
conf/incdm/OwusuBW21,2021,ICDM (Workshops),inproceedings,Towards Dynamic Structure Changes Detection in Financial Series via Causal Analysis.,Patrick Owusu|Armelle Brun|Shengrui Wang
conf/incdm/DallmannKZH21,2021,ICDM (Workshops),inproceedings,Sequential Item Recommendation in the MOBA Game Dota 2.,Alexander Dallmann|Johannes Kohlmann|Daniel Zoller|Andreas Hotho
conf/incdm/SirajzadeS19,2019,ICDM (Posters),inproceedings,The LuNa Open Toolbox for the Luxembourgish Language.,Joshgun Sirajzade|Christoph Schommer
conf/incdm/YangWDW18,2018,ICDM,inproceedings,Evolutionary DBN for the Customers' Sentiment Classification with Incremental Rules.,Ping Yang|Dan Wang 0019|Xiaolin Du|Meng Wang
conf/incdm/KongQLZ21,2021,ICDM (Workshops),inproceedings,NimbleLearn: A Scalable and Fast Batch-mode Active Learning Approach.,Ruoyan Kong|Zhanlong Qiu|Yang Liu|Qi Zhao
conf/incdm/ZhaoQ18,2018,ICDM,inproceedings,Detection of IP Gangs: Strategically Organized Bots.,Tianyue Zhao|Xiaofeng Qiu
conf/incdm/HaCohen-KernerP19,2019,ICDM (Posters),inproceedings,Text Classification Using Combinations of Different Versions of Input Files.,Yaakov HaCohen-Kerner|Adir Prager|Adiel Cohen
conf/incdm/MuSYLW21,2021,ICDM (Workshops),inproceedings,Crowd behavior detection in videos using statistical physics.,Huiyu Mu|Ruizhi Sun|Gang Yuan|Jiayao Li|Miao Wang
conf/incdm/BaroK21,2021,ICDM (Workshops),inproceedings,Passenger flow forecasting on transportation network: sensitivity analysis of the spatiotemporal features.,Johanna Baro|Mostepha Khouadjia
conf/incdm/SimmonsJDK21,2021,ICDM (Workshops),inproceedings,Data Mining on Extremely Long Time-Series.,Scott Simmons|Louis Jarvis|David Dempsey|Andreas W. Kempa-Liehr
conf/incdm/BelyakovS21,2021,ICDM (Workshops),inproceedings,Deep Reinforcement Learning Task for Portfolio Construction.,Boris Belyakov|Dmitry Sizykh
conf/incdm/IslamSSPR21,2021,ICDM (Workshops),inproceedings,Sentiment Analysis Framework Using Data Driven Approach.,Jahedul Islam|Shubiour Shuvo|Tonmoy Sarker|Mohammad Zavid Parvez|Md Anisur Rahman
conf/incdm/GuVP21,2021,ICDM (Workshops),inproceedings,Feature Selection for Multivariate Time Series via Network Pruning.,Kang Gu|Soroush Vosoughi|Temiloluwa Prioleau
conf/incdm/PhanL18,2018,ICDM,inproceedings,A Novel Parallel Algorithm for Frequent Itemsets Mining in Large Transactional Databases.,Huan Phan|Bac Le
conf/incdm/GiulianiGH21,2021,ICDM (Workshops),inproceedings,A data-driven approach to predict hourly bill rates for US contingent workers.,Giuliano Giuliani|Fabrizio Giuliani|Summer M. Husband
conf/incdm/XiaoYZ21,2021,ICDM (Workshops),inproceedings,Optimal Option Hedging with Policy Gradient.,Bo Xiao|Wuguannan Yao|Xiang Zhou 0001
conf/incdm/WangLMS21,2021,ICDM (Workshops),inproceedings,Online Changepoint Detection on a Budget.,Zhaohui Wang|Xiao Lin|Abhinav Mishra|Ram Sriharsha
conf/incdm/TanLSMJL21,2021,ICDM (Workshops),inproceedings,A Fully Unsupervised and Efficient Anomaly Detection Approach with Drift Detection Capability.,Chang How Tan|Vincent C. S. Lee|Mahsa Salehi|Slaven Marusic|Srimal Jayawardena|Dion Lucke
conf/incdm/ConnellW21,2021,ICDM (Workshops),inproceedings,TensorMode Algorithm for Network Embedding in Dynamic Environments.,Chris Connell|Yang Wang
conf/incdm/YanJCFMU21,2021,ICDM (Workshops),inproceedings,STONE: Signal Temporal Logic Neural Network for Time Series Classification.,Ruixuan Yan|Agung Julius|Maria Chang 0001|Achille Fokoue|Tengfei Ma 0001|Rosario Uceda-Sosa
conf/incdm/PhamAPKK19,2019,ICDM,inproceedings,A Proportional Process Mining System.,Dinh-Lam Pham|Hyun Ahn|Minjae Park 0005|Kyoungsook Kim 0002|Kwanghoon Pio Kim
conf/incdm/GulyaniF19,2019,ICDM,inproceedings,Series of Optimized Predictive Models for Forecast of Global Wastewater Treatment Plant Performance.,Bharat B. Gulyani|Arshia Fathima
conf/incdm/CaoLYC21,2021,ICDM (Workshops),inproceedings,Fake Reviewer Group Detection in Online Review Systems.,Chen Cao|Shihao Li|Shuo Yu 0001|Zhikui Chen
conf/incdm/LoboSO21,2021,ICDM (Workshops),inproceedings,Lightweight Alternatives for Hyper-parameter Tuning in Drifting Data Streams.,Jesus L. Lobo|Javier Del Ser|Eneko Osaba
conf/incdm/SunLL19,2019,ICDM (Posters),inproceedings,A Common Gene Expression Signature Analysis Method for Multiple Types of Cancer.,Yingcheng Sun|Xiangru Liang|Kenneth A. Loparo
conf/incdm/ZhangZL21,2021,ICDM (Workshops),inproceedings,Modelling Context with Graph Convolutional Networks for Aspect-based Sentiment Analysis.,Maoyuan Zhang|Jieqiong Zhang|Lisha Liu
conf/incdm/TamXL21,2021,ICDM (Workshops),inproceedings,Graph Representation Learning with Adaptive Mixtures.,Da Sun Handason Tam|Siyue Xie|Wing Cheong Lau
conf/incdm/ProuxR19,2019,ICDM (Posters),inproceedings,Does Ambient Intelligence for Mobile User Assistance dissolve in Privacy Oriented Policies?.,Denys Proux|Fr
conf/incdm/MaiHBAK21,2021,ICDM (Workshops),inproceedings,Customs Fraud Detection in the Presence of Concept Drift.,Tung-Duong Mai|Kien Hoang|Aitolkyn Baigutanova|Gaukhartas Alina|Sundong Kim
conf/incdm/BichindaritzLB20,2020,ICDM,inproceedings,Survival Analysis of Breast Cancer Utilizing Integrated Features with Ordinal Cox Model and Auxiliary Loss.,Isabelle Bichindaritz|Guanghui Liu 0004|Christopher L. Bartlett
conf/incdm/ZhangH21,2021,ICDM (Workshops),inproceedings,Challenging the Long Tail Recommendation on Heterogeneous Information Network.,Chuanyan Zhang|Xiaoguang Hong
conf/incdm/JuYW21,2021,ICDM (Workshops),inproceedings,Overview of Optimization Algorithms for Large-scale Support Vector Machines.,Xuchan Ju|Zhenghao Yan|Tianhe Wang
conf/incdm/ChenZ21,2021,ICDM (Workshops),inproceedings,Incorporating Adjacent User Modeling into Session-based Recommendation with Graph Neural Networks.,Minghao Chen|Jiale Zheng
conf/incdm/ChenY21,2021,ICDM (Workshops),inproceedings,Sentiment Analysis Using Part-of-Speech-Based Feature Extraction and Game-Theoretic Rough Sets.,Yixing Chen 0002|JingTao Yao 0001
conf/incdm/WangTJQ21,2021,ICDM (Workshops),inproceedings,Unsupervised graph-clustering learning framework for financial news summarization.,Jun Wang 0089|Jinghua Tan|Hanlei Jin|Shuo Qi
conf/incdm/WangNN21,2021,ICDM (Workshops),inproceedings,The Vehicle Routing Problem with Time Windows and Time Costs.,Zhao Wang 0009|Yuusuke Nakano|Ken Nishimatsu
conf/incdm/MeghdouriVZ21,2021,ICDM (Workshops),inproceedings,Shedding Light in the Tunnel: Counting Flows in Encrypted Network Traffic.,Fares Meghdouri|F|Tanja Zseby
conf/incdm/NguyenXZ21,2021,ICDM (Workshops),inproceedings,Automated and Efficient Sparsity-based Feature Selection via a Dual-component Vector.,Bach Hoai Nguyen|Bing Xue 0001|Mengjie Zhang 0001
conf/incdm/NaitoTNK21,2021,ICDM (Workshops),inproceedings,Anomaly Detection for Multivariate Time Series on Large-scale Fluid Handling Plant Using Two-stage Autoencoder.,Susumu Naito|Yasunori Taguchi|Kouta Nakata|Yuichi Kato
conf/incdm/HaqG020,2020,ICDM,inproceedings,Unified Expression Ripple Down Rules based Fraud Detection Technique for Scalable Data.,Ikram Ul Haq|Iqbal Gondal|Peter Vamplew 0001
conf/incdm/TingJOT21,2021,ICDM (Workshops),inproceedings,Faster classification using compression analytics.,Christina L. Ting|Nicholas Johnson|Uzoma Onunkwo|J. Derek Tucker
conf/incdm/LinLGP21,2021,ICDM (Workshops),inproceedings,Early Prediction of Hate Speech Propagation.,Ken-Yu Lin|Roy Ka-Wei Lee|Wei Gao 0001|Wen-Chih Peng
conf/incdm/Coma-PuigC21,2021,ICDM (Workshops),inproceedings,A Human-in-the-Loop Approach based on Explainability to Improve NTL Detection.,Bernat Coma-Puig|Josep Carmona 0001
conf/incdm/ZellnerSRLS21,2021,ICDM (Workshops),inproceedings,SCORER-Gap: Sequentially Correlated Rules for Event Recommendation Considering Gap Size.,Ludwig Zellner|Janina Sontheim|Florian Richter 0001|Gabriel Lindner|Thomas Seidl 0001
conf/incdm/KelenB21,2021,ICDM (Workshops),inproceedings,A probabilistic perspective on nearest neighbor for implicit recommendation.,Domokos M. Kelen|Andr
conf/incdm/DuDXCMY21,2021,ICDM (Workshops),inproceedings,Cross-lingual COVID-19 Fake News Detection.,Jiangshu Du|Yingtong Dou|Congying Xia|Limeng Cui|Jing Ma 0004|Philip S. Yu
conf/incdm/AlamAZKI18,2018,ICDM,inproceedings,An Effective Ensemble Method for Multi-class Classification and Regression for Imbalanced Data.,Tahira Alam|Chowdhury Farhan Ahmed|Sabit Anwar Zahin|Muhammad Asif Hossain Khan|Maliha Tashfia Islam
conf/incdm/MahapatraB19,2019,ICDM (Posters),inproceedings,Leveraging Multiple Online Sources for Accurate Income Verification.,Chirag Mahapatra|Kedar Bellare
conf/incdm/SinghGTE18,2018,ICDM,inproceedings,Prefix and Suffix Sequential Pattern Mining.,Rina Singh|Jeffrey A. Graves|Douglas A. Talbert|William Eberle
conf/incdm/YenidoganPGHK21,2021,ICDM (Workshops),inproceedings,Multimodal Machine Learning for 30-Days Post-Operative Mortality Prediction of Elderly Hip Fracture Patients.,Berk Yenidogan|Shreyasi Pathak|Jeroen Geerdink|Johannes H. Hegeman|Maurice van Keulen
conf/incdm/LamCZD21,2021,ICDM (Workshops),inproceedings,Detection of Similar Legal Cases on Personal Injury.,Jason T. Lam|Yuhao Chen|Farhana H. Zulkernine|Samuel Dahan
conf/incdm/KondylakisKK21,2021,ICDM (Workshops),inproceedings,Patient Preferences: An Unexplored Area in the Post-Pandemic Era.,Haridimos Kondylakis|Angelina Kouroubali|Dimitrios G. Katehakis
conf/incdm/SakhraniPR21a,2021,ICDM (Workshops),inproceedings,Transformer-based Hierarchical Encoder for Document Classification.,Harsh Sakhrani|Saloni Parekh|Pratik Ratadiya
conf/incdm/JCT21,2021,ICDM (Workshops),inproceedings,DUSE: A New Benchmark Dataset for Drug User Sentiment Extraction.,Ashok Kumar J|Erik Cambria|Tina Esther Trueman
conf/incdm/ChenCOLMW21,2021,ICDM (Workshops),inproceedings,Identifying Darknet Vendor Wallets by Matching Feedback Reviews with Bitcoin Transactions.,Xucan Chen|Wei Cheng 0002|Marie Ouellet|Yuan Li 0008|David Maimon|Yubao Wu
conf/incdm/SuzukiSSTLN21,2021,ICDM (Workshops),inproceedings,"HappyRec: Evaluation of a ""Happy Spot"" Recommendation System Aimed at Improving Mental Well-Being.",Kenta Suzuki|Panote Siriaraya|Wan-Jou She|Ryotaro Tanaka|Da Li 0008|Shinsuke Nakajima
conf/incdm/SunZZK21,2021,ICDM (Workshops),inproceedings,Application of Fractal Analysis for Customer Classification Based on Path Data.,Fengmei Sun|Licheng Zhao|Yi Zuo 0001|Yuta Kaneko
conf/incdm/HendersonF21,2021,ICDM (Workshops),inproceedings,An Empirical Evaluation of Time-Series Feature Sets.,Trent Henderson|Ben D. Fulcher
conf/incdm/BuschHHKS21,2021,ICDM (Workshops),inproceedings,Implicit Hough Transform Neural Networks for Subspace Clustering.,Julian Busch|Maximilian H|Janis Held|Peer Kr|Thomas Seidl 0001
conf/incdm/NouiouaFQLGS21,2021,ICDM (Workshops),inproceedings,CHUQI-Miner: Mining Correlated Quantitative High Utility Itemsets.,Mourad Nouioua|Philippe Fournier-Viger|Jun-Feng Qu|Jerry Chun-Wei Lin|Wensheng Gan|Wei Song 0004
conf/incdm/MukherjeeWDO21,2021,ICDM (Workshops),inproceedings,Determining Standard Occupational Classification Codes from Job Descriptions in Immigration Petitions.,Sourav Mukherjee|David Widmark|Vince DiMascio|Tim Oates 0001
conf/incdm/RaghavMM21,2021,ICDM (Workshops),inproceedings,Static Analysis for Android Malware detection with Document Vectors.,Utkarsh Raghav|Elisa Mart|Wanli Ma 0003
conf/incdm/LiGMT21,2021,ICDM (Workshops),inproceedings,Early Detection of Atmospheric Turbulence for Civil Aircraft: A Data Driven Approach.,Tianyi Li|Philippe Goupil|Josiane Mothe|Olivier Teste
conf/incdm/RazaBLN21,2021,ICDM (Workshops),inproceedings,Balanced News Neural Network for a News Recommender System.,Shaina Raza|Syed Raza Bashir|Dora D. Liu|Usman Naseem
conf/incdm/KulkarniZRS21,2021,ICDM (Workshops),inproceedings,EnsembleNTLDetect: An Intelligent Framework for Electricity Theft Detection in Smart Grid.,Yogesh Kulkarni|Sayf Hussain Z|Krithi Ramamritham|Nivethitha Somu
